orig_idx,arg1,arg2,support [true value],support_label,strategy,pred_attack,pred_support,pred_neither,pred_relevance,relevance human labeled
3019, do you read books other than those produced by humanists just askingi am not a biblical scholar so i had to look for this but according to the catholic encyclopedia article on the canon of the new testament the idea of a complete and clearcut canon of the new testament existing from the beginning that is from apostolic times has no foundation in history,andrew holt heres my take on your question,0,Attack,C,0,0,1,,
2926,i know this sounds crazy but in a weird way im honored to get a response from you,the full drafts were all entered as evidential exhibits with the court and are on file there,0,Attack,C,0,0,1,,
1387,"Marketing UKIP as ""the people's army"" is a bitter irony.","It's early days, but there is talk here of UKIP coming second and the Conservatives slipping to third, our correspondent added.",2,No Relation,C,0,0,1,,
3098,my basic problem with science on these matters is that it is not true science,agreed  percent  this is my frustration with people who want to find every possible motive to discredit creationism they seem to want everyone to accept their viewpoints without question while they seemingly want to question and discredit anyone who does not see from their points of view,0,Attack,C,0,1,0,,
1573,"UKIPs main issue has always been the EU, immigration has just been the bit that highlights what a failure the project has been.",It comes as William Hague ruled out an electoral pact with UKIP.,2,No Relation,C,0,0,1,,
3526,i wonder if you would think differently if those two guys got away raped your wife killed your kids burned your house and you somehow knew that they could have been stopped back in texas,dreaming up imaginary what if situations does not prove anything,0,Attack,C,1,0,0,,
1448,"UKIP are a two trick pony, Europe and immigration that's it.","But it is also one which means people often dismiss it as a single issue party, unlikely to become a force in Westminster politics.",1,Support,C,0,1,0,,
3654,i think that there should be something that judges the percentage of people that are satisfied with your answer ,how would this be different to the rating of a particular replyanswer that it currently has,0,Attack,C,1,0,0,,
1327,"In UKIP, we have a new political force which looks likely to poll very well in a national election.","Due to what the party says was a clerical error, between December 2004 and January 2006 he was not on the electoral register - making him an impermissible donor under UK electoral law.",2,No Relation,C,0,0,1,,
16,"The People's Army is on the march and UKIP will get Britain back from the Liblabcon, Establishment and MSM political abusers of our country.",He said he had been impressed by David Cameron's leadership while UKIP was beset by internal fighting and was not a credible political force.,0,Attack,C,1,0,0,,
1438,"Ukip is the only party advocating withdrawal from the failing EU, a sensible idea for a lot of people!","He stressed his view that human rights were about some of the appalling things happening around the world - people being brutalised for their political views, people being put in jail.",2,No Relation,C,0,0,1,,
1983,"In fact, all UKIP seems to talk about now is withdrawl from the EU without any genuine policy around UK's domestic economy.","Among the 31% of respondents who said immigration is good for the economy, half wanted to see it reduced anyway.",2,No Relation,C,0,0,1,,
1252,"In fact, all UKIP seems to talk about now is withdrawl from the EU without any genuine policy around UK's domestic economy.",He said many people were beginning to prefer what UKIP was offering - which he called the politics of the common ground.,0,Attack,C,1,0,0,,
3704,nuclear energy is the most efficient once all potential hazards are eliminated,i tend to disagree the main problem with the nuclear power is that the plant cannot be switched off fast we are not able to control this process,0,Attack,C,1,0,0,,
2467,of course id has to move from its position of ignorance to a position which allows it to be fully reconcilable with science namely by arguing a position of front loading which moves the design event to coincide with the big bang,i dont agree with the very first statement that id limits its claims to what can be scientifically inferred from the empirical domain,1,Support,C,1,0,0,,
3320, i do not believe that we evolved from monkeys or any other animal i believe that god created us in his own image, it is very wrong we didnt evolve from apes,1,Support,C,0,1,0,,
2606,is actually quite simple,remember this is about islands claim and carters arguments,1,Support,C,0,0,1,,
2369,pvm those are merely my opinions,i cannot argue with your opinions as to what you want to believe,0,Attack,C,0,1,0,,
615,If there are enough Ukip votes it should frighten all the parties sufficiently to make them realise they can't just ignore the electorate.,"Unlike all the others I actually had a job in the real world, for 20 years, Mr Farage said.",2,No Relation,C,0,0,1,,
3257,the list practically goes on,evolution has more supporting details than the theory of intelligent design,1,Support,C,0,0,1,,
4056,after all the attention and awards etc and an imdb rating of  i was so shocked to finally see this film and have it be so bad,i too was not too crazy about it there was too much music and not enough dialogue and very few surprises and the blood spurting was a little over the top,1,Support,C,0,1,0,,
2680,religion requires some kind of theology,could it be that you are biased against   religion   because i hate to break it to you but   christians   believe that the world is round so does that mean you disagree your foundation should be on whether or not your point of view is provable and truthful,1,Support,C,0,0,1,,
1313,"There's an election next month, UKIP are campaigning on the streets right now, and candidate upon candidate keeps churning out ridiculous (often racist, sexist or homophobic) views.",But senior Pakistani police sources insisted that Bhutto was still wanted in Pakistan.,2,No Relation,C,0,0,1,,
3244,hey i feel the same way almost took the brain cells out of my head,intelligent design doesnt refute evolution,1,Support,C,0,0,1,,
3804,I prefer trade to aid,Free trade is dangerous,0,Attack,C,1,0,0,,
3461,so in conclusion as the alleged science of evolution is based solely on predetermined assumptions so is the myth of global warming,in short you have nothing but faith and seek to project it where it has no place,0,Attack,C,1,0,0,,
1985,"If UKIP want to retain these voters and attract more in a general election then they need to come up with policies other than ""leave the EU"" and ""its all the immigrants fault"".","The Conservatives, the Lib Dems and Labour have all been reconsidering their policies in light of this change and widespread criticism of the last government's failure to anticipate the large number of migrants from eastern Europe who came to the UK after EU enlargement in 2004.",2,No Relation,C,0,0,1,,
3119,if the   bible   is to be taken literally then wouldnt a literal interpretation include a literal interpretation of genesis,by supporting the idea that the bible stands or falls on a  day creation you have proven dr,1,Support,C,0,1,0,,
1509,UKIP are a joke outfit full of small-minded Neanderthals who think the 1950s are the future.,"If you come here, speak English, it's just polite, it stops racism, it stops ghettos being formed, it stops barriers in society.",2,No Relation,C,1,0,0,,
2567,not all this link was identified in my last reply    httpwww,actually the construction of the cell rather suggests chance,0,Attack,C,0,0,1,,
3305, yes yes yes the bible so contradicts that, you are under the mistaken impression that complexity and ability to buy washing machines equals more evolved,0,Attack,C,1,0,0,,
3522,if you are this closeminded impervious to logic and show this much delight in ignorance at your tender age can you imagine how much more insufferable you will be when you grow up,you throw personal insults more than i do so when will you grow up,0,Attack,C,1,0,0,,
739,"In UKIP, we have a new political force which looks likely to poll very well in a national election.","He was elected UKIP leader again in November, having stood down to campaign for a seat in the House of Commons.",2,No Relation,C,0,0,1,,
3799,I prefer trade to aid,Trade provides developing countries with an important basis for their own improvement,1,Support,C,0,1,0,,
4006,after sitting through this movie i could not fathom why it is rated so high after the clone plot is revealed the movie lacks the grip and mystery altogether,i agree with you eight points it is way too high the movie is ok i think it deserves no more than six points,1,Support,C,0,1,0,,
1364,"I and many others will be voting UKIP not because of a handful of people that have said stupid things, it will be because I identify and agree with their overarching principles.","Asked if this meant he was calling UKIP racist, he replied of course it is racist, of course, who doubts that?",0,Attack,C,1,0,0,,
3063,was the earth created in six days or six thousand years  all evidence points to a accretion of material over the course of millions of years several starting around  billion years ago,one day we all will know the truth,0,Attack,C,1,0,0,,
2129,Plenty of survey's have shown UKIP to be the most hated of the main parties.,"Explaining his decision to swap sides, Mr Campbell Bannerman - MEP for the East of England - said UKIP had become obsessed with single issue politics, internal fighting and shouting from the sidelines.",1,Support,C,0,1,0,,
403,"There's an election next month, UKIP are campaigning on the streets right now, and candidate upon candidate keeps churning out ridiculous (often racist, sexist or homophobic) views.","Other parties standing included the Trade Unionist and Socialist Coalition, which fought 120 seats, the BNP, with 99 candidates and the English Democrats, with 38 candidates.",2,No Relation,C,0,0,1,,
3070,all aig is showing is that the author of one part of the bible took the author of another part of the bible literally not that either one knew what they were talking about,of all of aigs silliness i think this one is the winner,1,Support,C,0,1,0,,
2866,i appreciate he way you have taken time to methodically object,but most of it seems to be in the responsesuch as  because the ncse thinks science should be a voting contestthats just plain silly its the dissent from darwinism which attempts to create a controversy where there is none,0,Attack,C,1,0,0,,
663,"On voting day, this week the vast majority of the British public will not vote for UKIP.",The Liberal Democrat - and former Conservative - MEP Edward McMillan-Scott said it was in Britain's interest for David Cameron to deal with his party's UKIP tendency.,2,No Relation,C,0,0,1,,
2386,jumpstart helps us understand the eliminative nature of idit is difficult even improbable to imagine how such a process could happen without being jump started,how did life begin ,0,Attack,C,0,1,0,,
1940,UKIP are blatantly disregarding the possibility of man made climate change.,"It is a simple, understandable message, which has led to the party gaining bigger shares of the votes in European elections.",2,No Relation,C,0,0,1,,
586,UKIP are neither sexist nor another incarnation of the BNP.,"The chairman of the Royal College of GPs, Claire Gerada, has accused UKIP's treasurer of sexism.",0,Attack,C,1,0,0,,
380,If the other parties do tackle the issues of EU and immigration I'll be more than happy to see UKIP disappear.,Mr Farage stepped down briefly before the last election to concentrate on winning a seat in Parliament and says he was not involved in drawing up its manifesto.,2,No Relation,C,0,0,1,,
719,"My observation is that UKIP often are reluctant to directly answer any questions of substance, which can be accounted for by the fact that they really have no policies.","Mr Farage has abjectly failed to develop coherent policies and is not leading the party on the course to victory, she said.",1,Support,C,0,1,0,,
1124,"I voted Tory for 30 years and started supporting UKIP because I want a sovereign, democratic , well governed Britain with Britain put first and its getting clearer by the day that the old Liblabcon parties will not do that.",He added that he was very fortunate to have been backed by UKIP at the 2010 general election.,1,Support,C,0,1,0,,
2704,natural pertaining to or part of the observable world,i dont really believe in the supernatural unless you wanted to say that the first cause behind the big bang is beyond the observable world and therefor supernatural,0,Attack,C,0,1,0,,
646,Big business will not support UKIP given the devastation that withdrawal from the EU would cause.,I want to campaign for Britain to break free from the EU and UKIP are the party to do it.,0,Attack,C,1,0,0,,
718,A vote for UKIP would be a vote for a Tory-UKIP alliance that would be more right-wing than a Tory government.,"The Conservative leadership was more committed to membership of the EU and more committed to denying us a referendum than ever before, Farage said.",0,Attack,C,1,0,0,,
1497,"UKIP do not bear scrutiny either as a coherent policy offer or a group of potential ministers , they are an insurgent party of protest with one message.","In contrast, the Liberal Democrat's Bill Newton Dunn quit the Tories in protest at its increasing hostility to Europe. And now?",2,No Relation,C,0,0,1,,
2584,the universe is under no obligation to conform to anyones definition of science,anybody that thinks there is currently a healthy scientific debate over intelligent design has missed the history of the last  years,1,Support,C,1,0,0,,
336,People are not voting for UKIP because of immigration propaganda but because of their direct experience of immigration.,"Diane James, who came second - 1,771 votes behind the Lib Dem winner - said there were no ongoing discussions in her party, and said it was the media that is pushing this.",2,No Relation,C,0,0,1,,
3283,ignorance of terminology,a theory as the word is used by scientists is a detailed description of some aspect of the universes workings that is based on longcontinued observation and where possible experiment that is the result of careful reasoning from those oservations and experiments and that has survived the critical studies of scientists generally,1,Support,C,0,1,0,,
3316, the one that suits its current environment surveys and grow up to breed, evolution is an embarrassment to science,0,Attack,C,1,0,0,,
2075,"The ratio of nutters in UKIP is far higher than in other parties, especially so since they seem determined to take all the Tories' fruitcakes off them.",They spoke after watching aSunday Politics filmon the fallout from the Wythenshawe and Sale East by-election.,2,No Relation,C,0,0,1,,
3551,that would be true if he did not keep on opening up thread after thread after thread of the same subject he makes  or  posts then runs away to open up another thread,yes i agree with you,1,Support,C,0,1,0,,
3410, yes if what you are saying is true then im for it, no it is not falling apart,0,Attack,C,1,0,0,,
3097,i think you hit the nail on the head here,my basic problem with science on these matters is that it is not true science,0,Attack,C,0,1,0,,
1502,If anyone seriously thinks that UKIP will offer some kind of answer to our current problems then I think that they are going to be sadly disappointed.,"He promised, in March, to strengthen the test which determines whether migrants get benefits by the end of the year.",2,No Relation,C,0,0,1,,
3083,aig decries scientists for making unproven assumptions while making many of their own,you are ignoring centuries of good scholarship including that in the last century specifically engaging the arguments of historical criticism and socalled higher reasoning,1,Support,C,1,0,0,,
262,The success Ukip had in the european elections will be sufficient to galvanise one or preferably all the other parties to rid us of the EU's political influence.,"But in a chat with younger UKIP members it was grammar schools and university that came up most, and not questions of EU membership.",0,Attack,C,1,0,0,,
1446,A strong UKIP vote suggests there's a lot of the British public who aren't on board with the current set-up.,"Mr Cameron also said he did not think it would be right for Britain - or in the national interest - to leave the EU entirely, pointing out that some 50% of nation's trade was with the EU.",2,No Relation,C,1,0,0,,
3565,sounds like you are talking about a human being,yes as i have been debating about for the last four pages,1,Support,C,0,1,0,,
652,"I voted Tory for 30 years and started supporting UKIP because I want a sovereign, democratic , well governed Britain with Britain put first and its getting clearer by the day that the old Liblabcon parties will not do that.","On the whole it's been a good year, Farage says.",1,Support,C,0,1,0,,
2586,theology it says in his profile,theology it says in his profile,0,Attack,C,0,1,0,,
2596,   httpwww,the wmap data does not indicate we are at the center of the universe nor does the goldilock enigma really predict such,1,Support,C,0,0,1,,
388,The success Ukip had in the european elections will be sufficient to galvanise one or preferably all the other parties to rid us of the EU's political influence.,"And with UKIP riding high in national opinion polls and coming second in the recent Eastleigh by-election, Mr Farage predicted his party would win seats in each of the 34 councils where elections are being held.",1,Support,C,0,1,0,,
1165,"UKIP are a two trick pony, Europe and immigration that's it.","UKIP's views are very different compared to the three main parties, and not just on immigration and the EU!",0,Attack,C,1,0,0,,
2356,the the myths and stories of the bible were never meant to be taken as history in our sense of the word and certainly not   science  ,  this will and is already descending into a debate about the philosophy of science,0,Attack,C,0,0,1,,
787,"If you want an insight into just how mad and bad UKIP are, go and read what their members, candidates and supporters write on the Telegraph.","After pursuing a career in the media, Mr Hamilton returned to the political spotlight earlier this year when he joined UKIP - which campaigns for the UK to leave the EU.",2,No Relation,C,0,0,1,,
2444,so what using   intelligent design    is the purpose of the appendixid simply predicted that the appendix would have a function,id simply predicted that the appendix would have a function,0,Attack,C,0,1,0,,
2858,id may assert but as a science their contributions remain largely with content,id may assert but as a science their contributions remain largely with content,0,Attack,C,0,1,0,,
1556,"I think Farage makes a much better leader than any of the other parties, he's full of enthusiasm and is not a PR man like the current leaders of the 3 main parties.",And they also seemed very thankful to have the colourful Nigel Farage back as party leader.,1,Support,C,0,1,0,,
39,The more the 'mainstream' parties smear and lie about UKIP the more their support rises.,"Mr Hancock's comments are totally, utterly meaningless rubbish, while we remain part of the EU's single market, he told the BBC News Channel.",2,No Relation,C,0,1,0,,
2105,UKIP are in no way a single issue party and if Labour or the Conservatives were to give us a referendum UKIP would still have a full manifesto that would attract many voters.,"In a wide-ranging interview, Mr Davis also warned about the electoral challenge posed by the UK Independence Party, which campaigns for the UK to leave the European Union.",2,No Relation,C,0,1,0,,
3818,European Parliament elections should involve only one voting district all of Europe and not separate country seats,Get out the vote,1,Support,C,0,0,1,,
993,I think a lot of UKIP supporters would be outraged if one of the consequences of leaving the EU was to price them out of buying virtually any of today's niceties.,"Mr Farage says he will give up as leader if UKIP doesn't win seats at Westminster at next year's general election, where he would represent all of the British people.",0,Attack,C,0,0,1,,
1968,UKIP is the only party that has understood the damage immigration does to the UK and its policies aim at repairing this.,He also said he would consider a electoral pact with another party if it meant moving closer to leaving the EU.,2,No Relation,C,0,0,1,,
883,I suspect when people do start to focus and the election is close UKIPs incoherent policies will be exposed.,"I don't write them off as a protest party, he argues, they have some real policies these days.",0,Attack,C,1,0,0,,
1739,"Despite you best efforts at pretending otherwise, UKIP are still widely disliked and untrusted by the majority of the population.",Amjad Bashir was responding to comments on Wednesday's Daily Politics from ex-deputy PM Lord Heseltine that UKIP was a racist party.,2,No Relation,C,0,1,0,,
3666,why not london has it all culture fun exhibitions parks what more do you want,better weather,0,Attack,C,1,0,0,,
607,If the other parties do tackle the issues of EU and immigration I'll be more than happy to see UKIP disappear.,"Prime Minister David Cameron, Labour leader Ed Miliband and UKIP leader Nigel Farage have all visited the constituency since the campaign began.",2,No Relation,C,0,0,1,,
503,"As far as immigration is concerned all Ukip want is a level playing field for non EU migrants and to control the numbers so, if anything, Ukip are too soft on immigration.","We've done well in some areas and not so well in others, the deputy PM said.",2,No Relation,C,0,0,1,,
2418,the response to my comment id contradicts itself is a series of peculiarly unclear assertions,the response to my comment id contradicts itself is a series of peculiarly unclear assertions,0,Attack,C,0,1,0,,
1269,"Arguably, UKIP & co. aspire to destroy the culture created in Europe after WWII, which has been based on openness, free travel, migration and cross-geographic access to goods and labour markets.",The Lib Dem leader suggested both he and his Labour counterpart Ed Miliband backed having three debates over consecutive weeks before polling day.,2,No Relation,C,0,0,1,,
302,A strong UKIP vote suggests there's a lot of the British public who aren't on board with the current set-up.,"This, Mr Cameron says, would follow a full renegotiation of relations with Brussels.",2,No Relation,C,0,0,1,,
2655,paulunfortunately a review of the entire corpus of actual scientific journal articles reveals an inconvenient truth the socalled empirical scientific truths of intelligent design creationism seem to be entirely missing,to sneer at aynrandinstitute and ayn rands philosophy is to fail to address the growing primary reason why people are deciding god is not an explanation of anything,1,Support,C,0,1,0,,
591,UKIP and the Greens are the only parties to date that haven't screwed us all over.,Ms Mensch stood down after two years as the MP for Corby to move to New York with her family.,2,No Relation,C,0,0,1,,
841,UKIP are not rabid racist and not another incarnation of the BNP.,"In 2005, Bhutto, of Leeds, admitted being the gang's boss and was jailed for seven years by a UK court.",2,No Relation,C,0,0,1,,
284,Many racists and especially xenophobes find the UKIP message appealing.,A UKIP candidate in Somerset was suspended from the party on Tuesday after a photo of him apparently making a Nazi-style salute appeared on his Facebook page.,1,Support,C,0,1,0,,
1309,I think a lot of UKIP supporters would be outraged if one of the consequences of leaving the EU was to price them out of buying virtually any of today's niceties.,"In 2007, a Magistrates Court decided UKIP need only forfeit a fraction of the total amount donated by Mr Bown.",2,No Relation,C,0,0,1,,
705,A strong UKIP vote suggests there's a lot of the British public who aren't on board with the current set-up.,Mr Farage will address party members in Birmingham later on Friday.,2,No Relation,C,0,0,1,,
3555,here in new hampshire not known as a bastion of liberalism civil unions passed the state legislature this year i am now covered under my partners state sponsored he is a state worker health insurance we are grateful,oh i hear you i am covered by my partners insurance here as well i would not have been able to get the insurance if we were not legally a union,1,Support,C,0,1,0,,
1341,"Despite their best efforts at pretending otherwise, UKIP are still widely disliked and untrusted by the majority of the population.","I'm odd in the sense that I'm a conviction politician, I'm not doing this for a career, or for rank opposition.",2,No Relation,C,0,0,1,,
3728,maybe you could have a cake sale,of course everything is better when there is cake,1,Support,C,0,1,0,,
566,Beyond leaving the EU and migration what ukip have no policies!,"And, alongside that central desire to get out of the European Union, the party is now pushing a broader range of ideas, from being anti-gay marriage to pro-grammar school.",0,Attack,C,1,0,0,,
304,The folk who are turning to UKIP are the ones fed up with being told what they can and can't say by the PC brigade.,"For rights reasons, David Cameron's Christmas card is not featured.",2,No Relation,C,0,0,1,,
873,UKIP are in with the City as much as the other three and I don't like the way they are whipping people up into a frenzy.,"In his letter the Clerk of Parliaments says his predecessor also wrote to Viscount Monckton twice, in July 2010, asking him to stop claiming to be a member of the House either directly or by implication.",2,No Relation,C,0,0,1,,
1657,"The only people who should be voting for UKIP are Conservatives who believe that the Conservative Party isn't defending the rich enough, or that the Conservative Party isn't denying global warming enough.","UKIP's local election manifesto, concentrates on its flagship policy of ending open door immigration and putting pressure on the government not to lift restrictions on workers from Bulgaria and Romania on 1 January, which proved a successful formula in Eastleigh.",2,No Relation,C,1,0,0,,
222,Should ukip get into government it would be fair to assume that we'll see a whole raft of right-wing policies as actual government policy.,"Mr Hancock's comments are totally, utterly meaningless rubbish, while we remain part of the EU's single market, he told the BBC News Channel.",2,No Relation,C,0,0,1,,
3476,however the bible does say i create you before i placed you in the womb this would imply that god created you before you are even conceived,so god also says he made you out of dirt and then supernaturally lifting the dirt from the ground into the womans uterus oh well i suppose it is all beliefs no matter how silly it sounds,0,Attack,C,1,0,0,,
3344, if we werent continually evolving most of us  wouldnt be offended by the way the rest are degenerating, no no no  we are evolving constantly we have evolve so much that now we have the power to create,1,Support,C,1,0,0,,
4047,i turned this movie off halfway through because i was bored out of my skull then i come here and its got a high rating granted its got a good storyline good acting nice cinematography but somehow still managed to bore me to tears,i will also agree that i was bored at times considering all of the reviews that this movie got,1,Support,C,0,1,0,,
2803,agreed that religious belief should not necessarily compel the rejection of wellestablished results from welldeveloped scientific fields,tjopen debate is all we are asking for,0,Attack,C,0,0,1,,
697,"As far as immigration is concerned all Ukip want is a level playing field for non EU migrants and to control the numbers so, if anything, Ukip are too soft on immigration.","There is also a democratic argument about who runs our country,  he added.",1,Support,C,0,0,1,,
960,A vote for UKIP is a vote to leave the EU and recover power over our national life.,"Nigel Farage was never really interested in toys, says his mother Barbara.",2,No Relation,C,0,0,1,,
2123,It's a protest vote because (most) people know that UKIP will never net in power.,"He said it was proof that UKIP is no longer just a protest party and is broadening its appeal across the country, not just the south of England.",0,Attack,C,1,0,0,,
1810,A forensic examination of UKIP's policies would nail once and for all the Establishment lie that they're a bunch of swivel-eyed racists.,There is only one party in this country that can guarantee the people in this country will get a referendum on the EU and that is the Conservative Party.,2,No Relation,C,0,0,1,,
724,People are not voting for UKIP because of immigration propaganda but because of their direct experience of immigration.,"It is doing the country serious damage because there are large numbers of potential investors in the UK who would bring employment here, who are being warned off because of the uncertainty all of this is creating.",0,Attack,C,0,0,1,,
1720,"If UKIP want to retain these voters and attract more in a general election then they need to come up with policies other than ""leave the EU"" and ""its all the immigrants fault"".",The group suggest that within five years UKIP will have more members than the Tories at the current rate of attrition.,2,No Relation,C,1,0,0,,
3503,it is up to you argue with me or argue with the person you want me to be,it is up to you stop bringing up red herrings or arguing by personal attack or do not expect me to treat your posts with any less contempt than i have for most of what has been posted to this board,0,Attack,C,1,0,0,,
3873,We should use torture to obtain information from suspected terrorists,In the event of an imminent attack it is only reasonable to use force to find information,1,Support,C,0,1,0,,
3101,once again we are attempting to split hairs over things that are beyond the frailty of the human brain,i am not disputing god and i hardly think the difference between a day and a billion years or so is splitting hairs,0,Attack,C,1,0,0,,
4019,the themes and the dark tragedy to life wrapped around a child is so realistic to how kids are raised now it is truly amazing and a feat to behold to see,i would never have thought pans labyrinth would be my sort of film but i was overwhelmed by it and i cant stop thinking about it it brought a tear to my eye on several occasions i agree one of my new favourite films of all time,1,Support,C,0,1,0,,
7,"The greens and ukip provide encouragement for labour and conservatives alike to address some issues people care about, albeit only lip service to retain votes mainly.","Mr Miliband has not ruled out a referendum, which may be counter as a UKIP success.",1,Support,C,0,1,0,,
2205,The hate campaign against Eastern Europeans that was and is run by UKIP legitimises anything said against them.,"Liberal Democrat leader Jason Zadrozny believes what sets his party apart from its rivals, is an alternative offer for the people of Nottinghamshire .",2,No Relation,C,0,0,1,,
3154,i wish i could express my support for your comment more fully,not only do i think the young earth creationists are wrong in their opinions i think their teachings should be regarded as blasphemous to god himself,1,Support,C,0,1,0,,
2891,you mean you accepted the attempt to reconcile the early drafts while ignoring the facts sadly you seem to have fallen victim of di propaganda,nothing in the early drafts state that the creator was specifically god or anything supernatural something the di is already emphasizing on this site,0,Attack,C,1,0,0,,
933,The current smear strategy against UKIP is not pulling people back but pushing them towards UKIP and if this carries on then things are going to be a lot tighter by the time the general election comes.,He said he was disappointed Ed Miliband had not mentioned Europe in his big speech on Tuesday.,2,No Relation,C,0,0,1,,
2585,anybody that thinks there is currently a healthy scientific debate over intelligent design has missed the history of the last  years,theology it says in his profile,1,Support,C,0,1,0,,
1029,A vote for UKIP is a vote to leave the EU and recover power over our national life.,Lord Prescott pledged to be the champion of the people on policing matters in the region and has said tackling anti-social behaviour will be one of his key priorities.,2,No Relation,C,0,0,1,,
285,"UKIP advocates for the UK leaving the European Union which would be a bad idea – but they are trying to leverage on the british people’s need to belong and pride to be british, which further sparks their anti-foreigner standpoint.","He heard from Conservative MEP Daniel Hannan and Lord Stevens, who defected this week to UKIP.",2,No Relation,C,0,0,1,,
1906,A strong UKIP vote suggests there's a lot of the British public who aren't on board with the current set-up.,The by-election was called after former Lib Dem cabinet minister Chris Huhne resigned as an MP following an admission he had perverted the course of justice over driving licence points.,2,No Relation,C,0,0,1,,
3449,like i said i can not take mens position on abortion seriously because their viewpoint must be affected somewhat by the fact that they will never actually have to make the decision themselves,so barren women can not have a valid point of view nor women in the stage of menopause because it does not affect them personally perhaps you should tell the moderator to institute women only forums men only forums gays only forums etc,0,Attack,C,1,0,0,,
2752,lets just cut to the chase id does not perform any empirical and statistical verifications at best they could perform statistical falsifications of a particular scientific hypothesis but even the simplest hypotheses are not easily captured in statistics and thus id has found that most examples of supposedly designed systems cannot really be tested using id methodology,pvmfirst of all the judge observed that the school board was strongly motivated by religious beliefs and the fact that they believed that id presented a scientific hypothesis and thus a valid secular purpose was their downfall ,0,Attack,C,0,1,0,,
42,"Labour should be running scared of UKIP, now the working class are starting to realise that Labour is for middle class socialists and the public sector.","It is understood he was also active in the campaign to maintain the current Westminster voting system in a referendum in 2011, posing in pictures with MPs Nigel Evans and Stuart Andrew.",2,No Relation,C,0,0,1,,
147,"If you think that the Tories are nasty, heaven help us if UKIP get in because they would be nastier, more cruel, and more bigoted.","I believe in being a big globalist, not a little European, he told the meeting.",2,No Relation,C,1,0,0,,
3185,science involves observations theory design testing and predictable outcomes,therefore evolution has not been scientifically proven,1,Support,C,0,1,0,,
1871,UKIP are in no way a single issue party and if Labour or the Conservatives were to give us a referendum UKIP would still have a full manifesto that would attract many voters.,"Al-Qaeda's beliefs were at odds with classical and contemporary mainstream Islam, she added.",2,No Relation,C,0,0,1,,
1589,"In fact, all UKIP seems to talk about now is withdrawl from the EU without any genuine policy around UK's domestic economy.",Surveys of grassroots members are rare because it is almost impossible to get hold of party membership lists.,2,No Relation,C,0,0,1,,
3542,that can be proven,no it can not scientific theories are not proven,0,Attack,C,1,0,0,,
348,"The momentum is with UKIP; Labour, Conservative and Liberal areas are all now vulnerable to them. ","Figures published earlier this month showed a further 57,000 fall in total unemployment but long-term joblessness continues to rise while nearly a million 18-24 year olds are still out of work.",2,No Relation,C,0,0,1,,
465,"The Green Party stands out as different, UKIP are just another bunch of neo-cons, although further out to the right.",He remains the public face of UKIP - still in demand from political discussion programmes and probably the only member of the party most members of the public would recognise - but he is no longer its leader.,2,No Relation,C,0,0,1,,
2409,forgot that atheism isnt a religion and if i say otherwise people will apologetically insist im wrong,atheism is merely the lack of theistic belief and it offers nothing beyond that,0,Attack,C,0,1,0,,
3301, you see a building and you have proof there is a builder, creationism is not out of the picture,1,Support,C,0,1,0,,
708,UKIP are asking the questions that haven't been asked by the opposition or the media.,"On matters of defence, Lord Hesketh's expertise and knowledge is second to none and he will be a valuable addition to our policy team.",2,No Relation,C,0,0,1,,
3376, well as being one of the denoted tie breakers of this debating conversation topic i would like to point out that evolution is both a fact and a theory, why is it that when you try to look at the theory of evolution that it comes down to a god thing       as far as i am aware evolution has been tested  proven and those conditions reproduced,1,Support,C,0,1,0,,
2663,the informational signaturesonly conscious beings produce signatures,first id is being applied only to objects that have high levels of csi,1,Support,C,0,1,0,,
4034,this film is easily one of the best movies ive ever seen yes it is pretty easy to guess the ending but it still wasnt ruined by that fact it is a work of art it is rewatchable,i wholeheartedly agree ive just seen it tonight and was blown away by it i will be thinking of this movie for a long time,1,Support,C,0,1,0,,
2065,"UKIP do not bear scrutiny either as a coherent policy offer or a group of potential ministers , they are an insurgent party of protest with one message.",He argued that his party was on a journey from a party of protest to a party of government.,0,Attack,C,1,0,0,,
1078,A forensic examination of UKIP's policies would nail once and for all the Establishment lie that they're a bunch of swivel-eyed racists.,"The question now, for Farage's nervous rivals in the big three parties, is what next?",2,No Relation,C,0,0,1,,
2667,i guess i must be old fashioned  but i do believe in real science,intelligent design has been misrepresented as some kackamamy religiously motivated scheme by those who are afraid to challenge what they believe in,1,Support,C,1,0,0,,
2176,For what its worth I think UKIP is a one trick pony and is unelectable in a general election.,But after a strong showing from UKIP in the county council elections - which gained 139 more councillors - the Greens have lost their fourth position in terms of councillor number.,2,No Relation,C,1,0,0,,
3844,The voting age should be lowered to sixteen years,Parents are guardians and should be trusted to vote in their childrens interests,0,Attack,C,1,0,0,,
3871,We should create a United Nations standing army,A United Nations standing army renders the United Nations a de facto state but without a territory or a population,0,Attack,C,1,0,0,,
273,The reason why UKIP has gained so many votes is because the main parties refuse to deal with immigration and the EU.,"Having crashed his plane in the election campaign, he turned up at the church, still injured, with a stick, to pay tribute to one of his colleagues who'd died at the London metal exchange.",2,No Relation,C,0,0,1,,
3155,not only do i think the young earth creationists are wrong in their opinions i think their teachings should be regarded as blasphemous to god himself,quite so well as christians themselves,1,Support,C,0,1,0,,
1925,Plenty of survey's have shown UKIP to be the most hated of the main parties.,"UKIP, which has called for withdrawal from the European Union and greater restrictions on immigration, has seen improved poll ratings this year.",0,Attack,C,1,0,0,,
691,"The sooner we are out of the EU, the sooner we can start making this country great again.","It is doing the country serious damage because there are large numbers of potential investors in the UK who would bring employment here, who are being warned off because of the uncertainty all of this is creating.",0,Attack,C,1,0,0,,
820,If anyone seriously thinks that UKIP will offer some kind of answer to our current problems then I think that they are going to be sadly disappointed.,"An estimate from a BBC sample of key wards suggests that average turnout was 31%, down 10 points from the last local elections in 2009.",2,No Relation,C,0,0,1,,
2146,"The whole UKIP-for-the-working-class narrative is utterly insane since, if we left the EU, the poor would still be competing with cheap foreign labor.","In contrast, the Liberal Democrat's Bill Newton Dunn quit the Tories in protest at its increasing hostility to Europe.",2,No Relation,C,0,0,1,,
613,UKIP and the Greens are the only parties to date that haven't screwed us all over.,"Some recent polls have placed UKIP, which wants the UK to leave the EU, in third place ahead of the Liberal Democrats.",1,Support,C,0,1,0,,
1579,A strong UKIP vote suggests there's a lot of the British public who aren't on board with the current set-up.,"Mr Miliband, 47, who has an an American wife, is leaving the UK to become chief executive of the International Rescue Committee in New York.",2,No Relation,C,0,0,1,,
686,"The momentum is definitely with UKIP at the moment, hopefully that will continue with the up and coming by-elections.","Talking of the EU, Godfrey Bloom said UKIP was the only game in town, the only party that is going to get us out.",1,Support,C,0,1,0,,
799,"I don't see UKIP as being far right, they're just further right than the rest who have congregated arund the middle ground.",He said he planned to appeal against his conviction for conspiracy to blackmail.,2,No Relation,C,0,0,1,,
554,"The People's Army is on the march and UKIP will get Britain back from the Liblabcon, Establishment and MSM political abusers of our country.",And the Greens clearly have some way to go.,2,No Relation,C,0,0,1,,
2898,   httpwww,i am not welcome at ucd a site which takes pride in ignorance over arguments,0,Attack,C,0,0,1,,
3088,include the transmission of the biblical text,using logic to apply consistent artistry to the mass of creation we may assert the existence of the artist almighty god  if we exercise faith toward god by believing that he exists in the very manner that he says that he does then we may logically apply his consistent character including his artistic signature in creation to all things that god the artist creates,0,Attack,C,0,0,1,,
1614,If there are enough Ukip votes it should frighten all the parties sufficiently to make them realise they can't just ignore the electorate.,Voters in Oldham East and Saddleworth go to the polls on Thursday.,2,No Relation,C,0,0,1,,
1125,UKIP are in with the City as much as the other three and I don't like the way they are whipping people up into a frenzy.,"Voters appear restive, often reluctant to support the larger parties.",2,No Relation,C,0,0,1,,
758,"It's true that UKIP dont have ideas to suit everyone, but at the moment they are heads above the pillocks at No 10 today.",UKIP's Nigel Farage said the PM was a problem for Tories and some Tory MPs said there were lessons for the party.,1,Support,C,0,1,0,,
769,"I agree with UKIP on the EU, but the rest of their policies are dangerous right wing bile.",Some have also suggested that UKIP may appeal to disaffected BNP voters.,1,Support,C,0,1,0,,
3849,All nations have a right to nuclear weapons,Nuclear weapons give states valuable agendasetting power on the international stage,1,Support,C,0,1,0,,
2171,"Marketing UKIP as ""the people's army"" is a bitter irony.","Deputy Prime Minister Nick Clegg, whose Liberal Democrats oppose a referendum, said leaving altogether would make us less safe because we co-operate in the European Union to go after criminal gangs that cross borders.",2,No Relation,C,0,1,0,,
3506,so in other words what you are saying is that the pope who just declared that all christian churches apart from the rcc to be false churches,is he anti gay yes so they are all in the same boat and cut from the same hate filled homophobic bigoted christian cloth,0,Attack,C,0,1,0,,
1431,UKIP are in no way a single issue party and if Labour or the Conservatives were to give us a referendum UKIP would still have a full manifesto that would attract many voters.,UKIP leader Nigel Farage said any members proven to have extreme right wing views would be expelled.,2,No Relation,C,0,0,1,,
187,The more the 'mainstream' parties smear and lie about UKIP the more their support rises.,He was ordered out of the chamber and will face disciplinary measures.,2,No Relation,C,0,0,1,,
2235,UKIP do have more than Nigel Farage able to deal with media interviews.,It is Nigel Farage's future that will interest UKIP watchers now.,0,Attack,C,0,0,1,,
1597,"On voting day, this week the vast majority of the British public will not vote for UKIP.","Giles Dilnot reports from Buckinghamshire with UKIP councillors looking at the results of the BBC/Comres survey, which included 81% who believed climate change was not happening or that human activity was not mainly responsible,",2,No Relation,C,0,0,1,,
3618,as it stands in the uk a father has no sat whatsoever in the welfare of the fetus if his partner wants to terminate he need never even be told,same in the us the father does not have the right to choose,1,Support,C,0,1,0,,
3878,We should use torture to obtain information from suspected terrorists,If legal principles are abandoned then there is little point in defending the liberties that democratic governments say they are so keen to defend,0,Attack,C,1,0,0,,
1632,If there are enough Ukip votes it should frighten all the parties sufficiently to make them realise they can't just ignore the electorate.,"Asked about his party's policy on regulating banks during a BBC interview, he said he had not come on the programme to deal with the minutiae.",2,No Relation,C,0,0,1,,
596,"I would say it's the anti-ukip brigade who have no substance to their argument (or facts), they simply shout ""racist"" with nothing to substantiate this slur, or become crude and insulting.",But he told BBC Radio 5live that his new party UKIP was more in tune with the concerns of Tory voters.,1,Support,C,0,1,0,,
1398,Ukip are doing well for the very simple reason folk have at last realized that they are being lied to by LibLabCon and now have somewhere else to go.,He held positions in the governments of Margaret Thatcher and John Major before becoming treasurer in 2003.,2,No Relation,C,0,0,1,,
2164,"UKIP advocates for the UK leaving the European Union which would be a bad idea – but they are trying to leverage on the british people’s need to belong and pride to be british, which further sparks their anti-foreigner standpoint.",He told the BBC that he has not proposed a pact with anybody and insisted the speculation was coming from members of the Conservative party who are saying 'we must do a deal with UKIP'.,2,No Relation,C,0,0,1,,
598,"I don't see UKIP as being far right, they're just further right than the rest who have congregated arund the middle ground.","Labour got 14,724 votes in the by-election, extending their majority slightly to 11,771, but the turnout fell to 36.5%, compared with 56.4% at the last general election.",2,No Relation,C,0,0,1,,
1950,People are not voting for UKIP because of immigration propaganda but because of their direct experience of immigration.,"UKIP's two biggest policy themes - withdrawal from the European Union and the impact of immigration - enjoy a prominence in mainstream political debate never seen before, our correspondent adds.",1,Support,C,0,1,0,,
3149,any sincere new testament bible studdent knows that there is only one one reliable and true book the bible,i really feel sorry for you,0,Attack,C,1,0,0,,
1900,UKIP will continue to grow as will the arrogance of the other parties.,The group suggest that within five years UKIP will have more members than the Tories at the current rate of attrition.,1,Support,C,0,1,0,,
2964,yes im fully aware what a solar eclipse is,yes im fully aware what a solar eclipse is,0,Attack,C,0,1,0,,
3057,kent hovind is where he belongs  both of his ministries creation science evangelism and his dinosaur theme park were forprofit organizations,as a prisoner,1,Support,C,0,1,0,,
3423, evolution is just an excuse for biology to occupy the adolescent young mind, go read on the origin of species,0,Attack,C,1,0,0,,
2560,behe assertsdesign is recognized in the purposeful arrangement of partswho decides if an arrangement of parts is purposeful  what does purposeful really mean in that statement  do the parts have purpose  does the arrangement have purpose  did the designer have purpose  if i take an old wristwatch and remove all the springs and gears and arrange them in a circle is the circle designed  if i throw them in a heap are all of the parts of the watch no longer designed  if i pick up some metal shavings off of the floor from under the lathe in the machine shop and arrange them into a complicated mathematical pattern that i generated using a computer program can you tell if this is a purposeful design or just a random designis a virus designed  a prion  a fragment of rna a benzene molecule  how can you tellwaving your hands and saying i know design when i see it and all life was obviously designed just wont cut it,who decides if an arrangement of parts is purposeful what does purposeful really mean in that statement do the parts have purposeif there is some form of synergy in the arrangement then yes that would be purposeful,0,Attack,C,1,0,0,,
2662,discovery institute writes ,the informational signaturesonly conscious beings produce signatures,0,Attack,C,0,1,0,,
3750,steel type x,the tool needs longevity this type of steel is very strong ,1,Support,C,0,1,0,,
1105,"UKIP are a two trick pony, Europe and immigration that's it.","The Liberal Democrats will select their candidate at the weekend, while the Tories will pick theirs on Thursday.",2,No Relation,C,0,0,1,,
2440,theories are not supported by finding confirming evidence only,ufcarazy although it is clear that id has led to some successful predictionsreally  what predictions has id made  and along those lines how exactly would id be falsifiable  without valid answers to these two questions it does not even begin to qualify as   science  ,0,Attack,C,0,1,0,,
1211,"If UKIP do hold the balance of power and get into government, their only condition will be an in/out EU referendum.",The meeting at the community hall in Watersfield near Pulborough was packed.,2,No Relation,C,0,0,1,,
1312,"I don't see UKIP as being far right, they're just further right than the rest who have congregated arund the middle ground.",The UKIP MEP reckoned a number of Conservatives who want a referendum on the EU in the current Parliament need to grow a backbone and do something about it.,2,No Relation,C,0,0,1,,
1432,UKIP's sole aim at the general election is to get a smallish number of MPs elected but enough to hold the balance of power and do a deal with the Tories.,A ComRes survey for BBC One's Sunday Politics found 22% of Tory local councillors supported a pact with the UKIP.,1,Support,C,0,1,0,,
456,The current smear strategy against UKIP is not pulling people back but pushing them towards UKIP and if this carries on then things are going to be a lot tighter by the time the general election comes.,UKIP plans to field candidates in the majority of November's contests across England and Wales and could take advantage of an expected low turnout to win in some areas.,2,No Relation,C,0,1,0,,
3802,I prefer trade to aid,Trade may not help those most in need,0,Attack,C,1,0,0,,
1629,"It feels like UKIP is anti most things and base their politics on this: Anti-aid, Anti-immigrant – at times even anti-politics; it is therefore difficult to understand what they actually stand for and want to work towards.","He also warned that if a proposed referendum led to the UK leaving the EU, there would be dire consequences for the country's global influence.",1,Support,C,0,0,1,,
3191,this isnt the debate about which makes more sense over a seven day creation or evolution it is one of belief in evolution,that is your opinion,1,Support,C,1,0,0,,
687,"I don't believe Farage is a racist and I don't believe the UKIP policies are racist, but I do think they will be the party that attracts most support from racists.","In a letter to the Daily Telegraph, which first highlighted his blog posts, he gives a further defence of his views.",2,No Relation,C,0,0,1,,
1042,"The country faces more than two big issues, which is where Ukip come apart at the seams in an incoherent bunch of right wing horse shit from whatever Think Tank came along at the time.","UKIP MEP candidate Diane James, who came close to winning the Eastleigh by-election in March, said Mr Wheeler's comments had been taken totally out of context and the party was being picked on.",2,No Relation,C,1,0,0,,
322,A vote for UKIP is a vote to leave the EU and recover power over our national life.,"We do need a reformed relationship with Europe, and that's exactly what we're proposing.",1,Support,C,1,0,0,,
812,"UKIP are an independent party and have shown that their appeal is broad, making big dents in staunchly Labour voting areas as well as the recent bi-election successes.","He said the party would consider other measures including the legal route if it did not get redress from the council, which he said was continually backtracking.",2,No Relation,C,0,0,1,,
2345,we dont know but we do know a designer wasnt involved,pvm the quotewe dont know but we do know a designer wasnt involved,0,Attack,C,0,1,0,,
2410,atheism is merely the lack of theistic belief and it offers nothing beyond that,first of all science does not make a claim that every feature of the universe can be explained without god,1,Support,C,0,0,1,,
3901,The International Criminal Court should be recognised,The ICC fails to prevent atrocities,0,Attack,C,1,0,0,,
2962,you are exactly right  evidence is all around you mountains of it in fact,consider the observation of a solar eclipse,0,Attack,C,0,1,0,,
3808,We should grant politicians immunity from prosecution,Politicians should be able to make difficult decisions without fear that selecting one option will lead to their incarceration,1,Support,C,0,1,0,,
3209,contra the evolutionary theory which is the selection of the fittestis the antievolutionary theory which is the antiselection of the unfittest,charles darwin wrote about the theory of biological evolution not antievolution just because the word anti is in front of something it does not make it correct mate,0,Attack,C,1,0,0,,
853,Labour won't have anything to do with UKIP as they are more right-wing than the Tories. ,I reported this morning that the Gracious Speech is written on vellum with ink that takes three days to dry so it cannot be amended at the last minute.,2,No Relation,C,0,0,1,,
135,"I don't see UKIP as being far right, they're just further right than the rest who have congregated arund the middle ground.","I remember we were in Ypres, it was about 3:00am in the morning, we must have drunk the restaurant completely dry - it was one hell of a session, and I called time.",2,No Relation,C,0,0,1,,
2719,tjlook what happened to richard stenburg when he had the courage to allow an id piece get published scientists and his peers jumped all over him,yes you are right,0,Attack,C,0,1,0,,
156,"The momentum is definitely with UKIP at the moment, hopefully that will continue with the up and coming by-elections.",Mr Farron said he was expecting it to be a tough fight but said UKIP was determined to win.,1,Support,C,0,1,0,,
2687,pandasthumb also explored these accusations    httpwww,the question who designed the designer is outside the scope of the scientific theory of id and is thus a philosophical or theological question that can only be addressed via philosophy or theology,1,Support,C,0,0,1,,
2283,it is not appropriate to teach creationism as a means for upholding the bible, allowing creationism in schools would violate the separation of church and state a separation of church and state necessitates that public schools not be a forum for upholding the validity or truth of certain faiths,1,Support,C,0,1,0,,
180,"The Green Party stands out as different, UKIP are just another bunch of neo-cons, although further out to the right.","If UKIP topped May's poll, he added, how can they possibly keep us out of the leaders' debates next year?",2,No Relation,C,0,0,1,,
835,A forensic examination of UKIP's policies would nail once and for all the Establishment lie that they're a bunch of swivel-eyed racists.,"Earlier, on the BBC's Question Time programme, Liberal Democrat Home Office Minister Jeremy Browne said he was optimistic the result would show that his party is alive and kicking, and an important part of the political landscape of this country.",2,No Relation,C,0,0,1,,
4048,i turned this movie off halfway through because i was bored out of my skull then i come here and its got a high rating granted its got a good storyline good acting nice cinematography but somehow still managed to bore me to tears,dude you didnt even finish the movie some films require more than one viewing to sink in its called art and if you arent patient enough to let something work its magic youll never progress beyond the most instantly gratifying motion pictures,0,Attack,C,1,0,0,,
1936,UKIP doesn't need to win power to force the changes people want.,He also said he would consider a electoral pact with another party if it meant moving closer to leaving the EU.,1,Support,C,0,1,0,,
1340,"If UKIP do hold the balance of power and get into government, their only condition will be an in/out EU referendum.","I think there is an argument that, in tight times, we could go down from four to three submarines, but I think we need to maintain the independent nuclear deterrent.",2,No Relation,C,0,0,1,,
3677,nothing is more important than to select the best candidates and to get them to come,everything in moderation though we all have a variety of pressures we must balance,0,Attack,C,1,0,0,,
2674,the random comes in when particles of rna that came out of the primordial ooze aligned by chance in such a way to produce a singlecelled organism,intelligent design is in fact religiously basedso  ,0,Attack,C,0,0,1,,
1424,UKIP is not at all taking into account the financial effects of leaving the EU: Europe is the main market for the UK. ,UKIP has evolved over the two decades since it was created from an anti-EU pressure group into a fully fledged party which has now proved that it can succeed beyond European elections.,0,Attack,C,0,0,1,,
5,The hate campaign against Eastern Europeans that was and is run by UKIP legitimises anything said against them.,The UKIP leader also shared his view that the Labour party will announce a pledge to hold a referendum on the UK's membership of the European Union in the run-up to the European elections.,2,No Relation,C,0,0,1,,
3639,any state of the art pc with a game pad,i think that the best consoles by far are either the xbox or the ps,0,Attack,C,1,0,0,,
928,"If UKIP do hold the balance of power and get into government, their only condition will be an in/out EU referendum.",Chancellor George Osborne has pledged to fight UKIP's unacceptable proposal on an EU referndum.,0,Attack,C,0,1,0,,
56,Beyond leaving the EU and migration what ukip have no policies!,Mr Cameron told the BBC in September he wanted the debates to take place again but said I think we could start them a bit earlier.,2,No Relation,C,0,0,1,,
2469,the di agrees that methodological naturalism simply requires that in trying to explain any particular observation or experimental result an investigator may not resort to miracles,when i grew up science was a useful tool for discovering things about the world around us,0,Attack,C,0,0,1,,
2812,the catch is getting people who think id is an attempt at   theocracy   to agree with us,the theory of   evolution   is flawed in that it is incapable of explaining how life on earth began,0,Attack,C,0,0,1,,
248,For what its worth I think UKIP is a one trick pony and is unelectable in a general election.,But No 10 said Mr Fabricant did not speak for the party on this issue the safest way to protect Britain's interest is to vote Conservative.,2,No Relation,C,0,0,1,,
632,The only reason we are even having a sensible debate about Europe are UKIP.,"The Conservatives and Labour were contesting most local election seats, with 2,263 and 2,168 candidates respectively.",2,No Relation,C,0,0,1,,
1251,"As far as immigration is concerned all Ukip want is a level playing field for non EU migrants and to control the numbers so, if anything, Ukip are too soft on immigration.",The claim is firmly denied by Mr Bloom and is being investigated.,2,No Relation,C,0,0,1,,
1979,"UKIP do not bear scrutiny either as a coherent policy offer or a group of potential ministers , they are an insurgent party of protest with one message.","And at by elections voters are not choosing a government - they can shout loudly and protest, safe in the knowledge that it won't change the person who lives in Downing Street.",2,No Relation,C,0,1,0,,
259,Only an idiot would think a UKIP win would result in withdrawal from the EU the day after.,He told the BBC's Andrew Marr he did not want them to overshadow the campaign as he says they did in 2010.,2,No Relation,C,0,0,1,,
3398, well maybe there are some mistakes in the theory but as a whole concept is quite right and logical no, of course theyre nonsense,1,Support,C,1,0,0,,
790,"Labour should be running scared of UKIP, now the working class are starting to realise that Labour is for middle class socialists and the public sector.",Photographs posted to Bhutto's deleted Facebook account show his active support of the Conservative Party before he joined UKIP.,2,No Relation,C,0,0,1,,
3100,god created the universe therefore god created   science  ,once again we are attempting to split hairs over things that are beyond the frailty of the human brain,0,Attack,C,1,0,0,,
3515,nobody refused to treat her the first hospital just flat out misdiagnosed her,they were not insured they could not get in for treatment without insurance both were preventable deaths,0,Attack,C,1,0,0,,
1997,People are not voting for UKIP because of immigration propaganda but because of their direct experience of immigration.,"UKIP appears to have struck a chord with many voters on the issue of immigration, campaigning against the relaxation of working restrictions on Bulgarians and Romanians due to come into force in January.",1,Support,C,0,1,0,,
64,"UKIP are a two trick pony, Europe and immigration that's it.","But under the terms of a 2007 agreement, he said the EU was legally obliged to provide support to more deprived areas, known as cohesion funding, including parts of the UK.",2,No Relation,C,0,0,1,,
3906,I believe that opinion polls harm the democratic process,Opinion polls are a forum for public expression and should be protected,0,Attack,C,1,0,0,,
3573,i accept that the theory of evolution explains the observations both gentically represented and those of the fossil record,and it explains observations about morphology and physiology about successions of flora and fauna,1,Support,C,0,1,0,,
3937,We should force think tanks to reveal all of their sources for resource funding,The status quo promotes nontransparency,1,Support,C,0,1,0,,
334,Intellectually I rate Farage much higher than Cameron; he has a very sharp and quick wit and is an excellent public speaker.,"Deputy Prime Minister Mr Clegg had earlier told the Sunday Times curbs on migrants' benefit rights were sensible and reasonable but the concept of a 75,000 cap would not work.",2,No Relation,C,0,0,1,,
69,Support for UKIP simply indicates that people have noticed that the major parties do not represent their interests.,"Mr Farage said it was important to get treatment so he could play a full part in next May's European and local elections, and the 2015 general election.",2,No Relation,C,0,0,1,,
576,"Much of UKIP's meteoric rise has to do with political correctness, and the fact that ordinary people are sick of it.",Mr Farage said it was very important that UKIP gets a voice in Westminster.,1,Support,C,0,0,1,,
331,The people and media that are criticising UKIP are highlighting the genuine concerns about UKIP and their policies towards immigrants.,"UKIP's Jane Collins came second with 4,648 votes and the British National Party's Marlene Guest came third.",2,No Relation,C,0,0,1,,
2221,UKIP getting a large chunk of the vote in the EU elections sends a message to Europe that they cannot take the UK membership for granted.,Mr Farage has a network of unofficial party offices embedded in every community in the country.,2,No Relation,C,0,1,0,,
2902,in the past the flagellum was supposedly an example of an irreducibly complex biological structure that could not evolve,oneinbillion observes that luskins claim id makes reliable inferences,1,Support,C,0,0,1,,
2931,there are two and they are fundamentally different,six days on gods terms not mans terms,0,Attack,C,0,0,1,,
1116,Cameron had it right and UKIP could tip the balance towards Labour in the crucial marginal seats in the GE where the battle will take place .,"In her interview with the Spectator she said the Conservatives were in a similar position to Sir John Major's government in 1997, when the party was heavily defeated by Tony Blair's Labour.",2,No Relation,C,0,1,0,,
2420,guided by a larger force,just look around,0,Attack,C,0,1,0,,
3858,We should promote democratisation,Democracies are more peaceful countries both domestically and internationally and so it is in our interests to promote it worldwide,1,Support,C,0,1,0,,
3009,are they any less a scientist because they use   science   and their   education   to prove that evolution is falsethey are not scientists because their evidence is false,god is not physical except as christ  a christian true believers,0,Attack,C,0,0,1,,
2256,UKIP want to get us out of the EU to make the British people much worse off then they already are.,"He also warned that if a proposed referendum led to the UK leaving the EU, there would be dire consequences for the country's global influence.",1,Support,C,0,1,0,,
323,"I agree with UKIP on the EU, but the rest of their policies are dangerous right wing bile.","No matter how uncomfortable it makes our metropolitan elite, we have to deal properly with fears over immigration.",0,Attack,C,1,0,0,,
3574,it really does not matter a private screening of a film is a private screening they can boot anyone out that they want,of course the makers of expelled were within their right to expel the very same people that they were attempting to demean in the film,1,Support,C,0,1,0,,
3499,the article as a whole never made that argument either,okay yankee fan keep pretending that it does not well if you never read the article you would not be pretending as that would be an argument from position of ignorance,0,Attack,C,1,0,0,,
2755,nothing wrong with quoting from a well argued submission by the aclu,bowman arguesthe board members werent even aware of the wedge document a dated ten years internal document of di and neither relevant to dover v kitzmiller nor to the id hypothesis,0,Attack,C,1,0,0,,
2942,actually i meant to say that if adam and eves children had to practice incest in order to go forth and multiply then it meant that god ordained it,werent covered under mosaic   law  ,1,Support,C,1,0,0,,
1054,Labour won't have anything to do with UKIP as they are more right-wing than the Tories. ,"It says there should still be a free trade agreement with other European countries, without the existing political links.",2,No Relation,C,0,0,1,,
3325, evolutionist say we were boiling outerspace for a billion years in soup then bang we have earth                               retarted                 if evolution is real how come we cant take monkeys with us on airplanes   supposedly we evolved out of animals, i believe in evolution evolution is the mechanism that some species of animals and plants use to adapt to certain circumstances do to the change,1,Support,C,1,0,0,,
774,"There's an election next month, UKIP are campaigning on the streets right now, and candidate upon candidate keeps churning out ridiculous (often racist, sexist or homophobic) views.","Labour candidate Sarah Champion won in Rotherham with 9,866 votes to UKIP candidate Jane Collins' 4,648.",2,No Relation,C,0,0,1,,
1914,"I think Farage makes a much better leader than any of the other parties, he's full of enthusiasm and is not a PR man like the current leaders of the 3 main parties.",These people hate us with frightening religious fervour and we are right to fear them.,2,No Relation,C,0,0,1,,
2880,after reading the points between the ncse and the discovery institute on that claim i am still skeptical of this as well,the smoking guns are well established,0,Attack,C,1,0,0,,
1719,"Arguably, UKIP & co. aspire to destroy the culture created in Europe after WWII, which has been based on openness, free travel, migration and cross-geographic access to goods and labour markets.","Britain would prosper outside the EU, he argued, and talk of its losing trade was not credible.",2,No Relation,C,1,0,0,,
1191,The reason why UKIP has gained so many votes is because the main parties refuse to deal with immigration and the EU.,"Bhutto's gang were behind a high-profile kidnapping in Karachi in 2004 and he then took a Â£56,000 ransom payment in Manchester.",2,No Relation,C,0,0,1,,
3678,nothing is more important than my research time and i just think this is a distraction,no my research time is more important than your research time,0,Attack,C,1,0,0,,
4015,in my opinion full metal jacket was way better full metal jacket was at least fair i spoke to a lot of guys that told me thats the way it was,no platoon was the better movie,0,Attack,C,1,0,0,,
3615,we take reality and describe it in our minds and thus form it into abstract concepts which we can operate with,this is my understanding as well interestingly concepts only approximate that which they intend to define confusion between concept and actuality is fertile ground for misunderstanding,1,Support,C,0,1,0,,
1172,"Despite their best efforts at pretending otherwise, UKIP are still widely disliked and untrusted by the majority of the population.",He said Brits should be allowed to vote on whether the UK should remain part of the European Union.,2,No Relation,C,0,0,1,,
3745,game of thrones is one of the best,i like it a lot,1,Support,C,0,1,0,,
2767,here is irons response to the so called rebuttalreply to rebuttalby peter ironsthe pages of a respected law review are rarely filled with such pejorative terms as smear and innuendo poisoning the well and personal attacks,you lost the case  get over it,0,Attack,C,1,0,0,,
85,"The Green Party stands out as different, UKIP are just another bunch of neo-cons, although further out to the right.",He rejected a suggestion from Conservative Defence Secretary Philip Hammond that the defence budget should be protected and more cuts made to welfare.,2,No Relation,C,1,0,0,,
597,A strong UKIP vote suggests there's a lot of the British public who aren't on board with the current set-up.,Nigel Farage and UKIP are the last best hope for Britain.,1,Support,C,0,1,0,,
360,"I voted Tory for 30 years and started supporting UKIP because I want a sovereign, democratic , well governed Britain with Britain put first and its getting clearer by the day that the old Liblabcon parties will not do that.",A shrinking economy in the final three months of 2012 meant that the Conservatives faced the prospect of a triple dip recession at the start of the year.,1,Support,C,0,1,0,,
3690,you can get any other tablet for much less that has the same features ,one may argue that there are enough apple only apps justify the apple price,0,Attack,C,1,0,0,,
3341, i am going to borrow from churchill, i believe evolution is correct and whats up with this lack of understanding that evolution is a sloooooooow process       with the making everything is  days and resting on the seventh  which conveniently happens to be a week,1,Support,C,0,0,1,,
1513,"UKIPs main issue has always been the EU, immigration has just been the bit that highlights what a failure the project has been.","UKIP, which has called for withdrawal from the European Union and greater restrictions on immigration, has seen improved poll ratings this year.",1,Support,C,0,1,0,,
59,"On voting day, this week the vast majority of the British public will not vote for UKIP.",It's not in itself the right word to use and it could seem disparaging to people who come from foreign countries and that's why I've asked him not to do it again.,2,No Relation,C,0,0,1,,
1081,"Any of the ""working class"" who believe UKIP will represent them have not read a UKIP manifesto!",For Number 10 to say that the vice-chairman of the Conservative Party doesn't speak for the Conservatives is ridiculous.,2,No Relation,C,0,0,1,,
3557,sounds great it is this aspect of our lives that the conservatives will not see but anyway more power to you and i hope that you and your partner have many long and happy years together,thank you i think we will,1,Support,C,0,1,0,,
3163,i can see how it would be interpreted as a contradiction,my point was not that genesis contradicted itself but that if you took it literally it contradicted itself,0,Attack,C,0,1,0,,
768,People are not voting for UKIP because of immigration propaganda but because of their direct experience of immigration.,"For rights reasons, David Cameron's Christmas card is not featured.",2,No Relation,C,0,0,1,,
2485,it also means that scientists who hold legitimate scientific views deserve to be heard even if their views differ from the consensus,i assert that they have been heard and their arguments have been refuted and thus they are legitimately ignored until they come up with some actual scientific evidence and arguments,0,Attack,C,1,0,0,,
3348, hahaha theres always one that slips through the net, i remember bumping into a jehovahs witness and he was blabbing on about some bullshit that the earth is in a stage called its last days,1,Support,C,0,1,0,,
3616,the most practical triumph of science over religion is not the acceptance of the fact of evolution by the pope or of the acknowledgement of a heliocentric solar system it was in the seventeenth century when churches began to put up lightning conductors,i was reminded of this also,1,Support,C,0,1,0,,
2257,"UKIP claim to be anti-establishment, and yet their two MPs are from the most establishment party in Britain, which supports the big businesses that UKIP voters claim to hate, namely the Conservative Party.",He told the BBC that he has not proposed a pact with anybody and insisted the speculation was coming from members of the Conservative party who are saying 'we must do a deal with UKIP'.,2,No Relation,C,0,0,1,,
1828,UKIP are the only party willing to have a sensible open debate on the key issues affecting the country. ,"I believe that what UKIP is doing is vital for this country, and of course the party's financial management is crucial.",1,Support,C,0,1,0,,
1228,"The UKIP mainstay vote is in normal working people because they never voted for 4 million immigrants, they never voted for Multiculturalism.",But Downing Street said a two-party candidacy was against Tory rules.,2,No Relation,C,0,0,1,,
267,A strong UKIP vote suggests there's a lot of the British public who aren't on board with the current set-up.,"Asked if the UK Independence Party should take part, he said usually it was just the three major parties, but it was up to the debates' organisers.",2,No Relation,C,0,0,1,,
189,Many racists and especially xenophobes find the UKIP message appealing.,"UKIP said Bhutto, 35, had recently resigned his party membership.",2,No Relation,C,0,0,1,,
2411,first of all science does not make a claim that every feature of the universe can be explained without god,youre right science is not atheism but not thats what most people make it out to be,0,Attack,C,0,1,0,,
3102,i am not disputing god and i hardly think the difference between a day and a billion years or so is splitting hairs,mike my apologies to you but i am surprised at the numbers of people here who appear to be somewhat hostile towards the existence of a supreme being namely god yahweh yahwah yhwh the i am that i am and so forth,0,Attack,C,0,1,0,,
18,Hopefully we will see our first UKIP MP before the general elections next year.,I frankly thought it was so funny that when a journalist friend rang me and I told them about it they said they would write the story.,2,No Relation,C,0,0,1,,
3143,but i can see she didnt teach you much,i didnt respond to a word of your post because you didnt give me a word to respond to that wasnt an attack itself,1,Support,C,1,0,0,,
133,A forensic examination of UKIP's policies would nail once and for all the Establishment lie that they're a bunch of swivel-eyed racists.,That is an entirely separate issue to membership of the House.,2,No Relation,C,0,0,1,,
1142,If anyone seriously thinks that UKIP will offer some kind of answer to our current problems then I think that they are going to be sadly disappointed.,Voters go to the polls on Thursday.,2,No Relation,C,0,0,1,,
3039,it has been translated for about six thousand years,you are an intellectual and people like you have the hardest time believing anything let alone trying to intellectualize the bible or god or anything like it,0,Attack,C,1,0,0,,
3450,the earth spins itself to keep the oceans from falling off towards the sun,the guy tries to discuss science when he is so utterly lacking in basic science that he thinks that the earth spins to keep the oceans from falling off towards the sun,0,Attack,C,1,0,0,,
2784,joe gnow you are just lying,einsteinit was of course a lie what you read about my religious convictions a lie which is being systematically repeated,1,Support,C,0,1,0,,
2216,"Ukip has British values, wants to get British industry kick started back to the fore front again, become more self-sufficient.","That said, Lord Davies told peers the bill was an excellent idea, because he was quite confident that any such inquiry would decide that the benefits of EU membership outweigh the costs.",0,Attack,C,1,0,0,,
1852,"In UKIP, we have a new political force which looks likely to poll very well in a national election on thursday.","In 2006, the lower-key Knapman retired, to be replaced by Nigel Farage, an eye-catching media performer who pledged to make UKIP a truly representative party, ending its image as a single-issue pressure group.",2,No Relation,C,0,1,0,,
2375,god stretched out the heavens,psyop asks rhetorically if the universe is expanding what happens when that expansion ceases first of all the expansion of our universe is an observed fact,1,Support,C,0,1,0,,
2736,tj again only valid if you trust judge jones and judge jones is really only the aclu in disguise because of how much he copied from them,tji dont believe the  similarity in the aclus submission and the judges analysis was a lucky or freak coincidence im illinformed because i think he copied it rightyou seem to be ill informed about both the extent as well as the relevance of this so called copying,0,Attack,C,1,0,0,,
76,The more the 'mainstream' parties smear and lie about UKIP the more their support rises.,"The Conservatives have said only they are offering the public a real choice on Europe, with the promise of a referendum on the UK's re-negotiated membership in 2017.",2,No Relation,C,0,0,1,,
2733,tjthe dover verdict was a farce,tjthe dover verdict was a farce,0,Attack,C,0,1,0,,
1873,"I don't necessarily think Nigel Farage is worthy of PM, I think they need a new leader.","They will each have plenty of opportunities to publicly debate the party's performance, and to make the case against the return of Nigel Farage.",1,Support,C,0,1,0,,
2241,UKIP are in no way a single issue party and if Labour or the Conservatives were to give us a referendum UKIP would still have a full manifesto that would attract many voters.,Mr Farage has successfully broadened UKIP's appeal away from Europe.,1,Support,C,0,1,0,,
2199,"Ukip is the only party advocating withdrawal from the failing EU, a sensible idea for a lot of people!",The Lib Dem leader also argued that being in the EU meant that we keep ourselves safer because we can go after cross-border crime and terrorism and that we can look after the environment in a way which we can't on our own.,0,Attack,C,1,0,0,,
34,A forensic examination of UKIP's policies would nail once and for all the Establishment lie that they're a bunch of swivel-eyed racists.,"In others, they have thrown up new evidence and perspectives on our relationship with the EU.",2,No Relation,C,0,0,1,,
1163,I think a lot of UKIP supporters would be outraged if one of the consequences of leaving the EU was to price them out of buying virtually any of today's niceties.,Past party leaders who have taken part in Mumsnet chats have been quizzed about their favourite biscuit.,2,No Relation,C,0,0,1,,
2007,UKIP are blatantly disregarding the possibility of man made climate change.,Mr Farage has successfully broadened UKIP's appeal away from Europe.,2,No Relation,C,0,0,1,,
3480,i do not know why you are having such a hard time making sense of my quotes,what quotes that is what i was asking you to repost because i can not find anything intelligent you have either posted or quoted at all,0,Attack,C,1,0,0,,
395,It is because of UKIP that we are finally discussing the European question and about immigration and thank goodness for that.,"That, he said, would present a real challenge to Labour leader Ed Miliband to make it known where he stood.",2,No Relation,C,0,0,1,,
3470,an example where both natural selection and mutations work together to enable a creature to survi have also results in a loss of genetic information consider that flightless bird in the galapagos islands,oh goody some more of your well informed opinion based on wishful thinking no research and even less actual thought,0,Attack,C,1,0,0,,
3303, i do believe in creationism, read my comments and you will truly see the mistake and stupidity in evolution,1,Support,C,0,1,0,,
3787,the best way to protect Scottish interests in the EU is to vote for independence,The UK is not going to leave the EU,0,Attack,C,1,0,0,,
1318,If there are enough Ukip votes it should frighten all the parties sufficiently to make them realise they can't just ignore the electorate.,"Of course it is a close contest, Mr Clegg said.",2,No Relation,C,0,0,1,,
1019,"If UKIP want to retain these voters and attract more in a general election then they need to come up with policies other than ""leave the EU"" and ""its all the immigrants fault"".","Mr Farage said there was much anger around the country at the failure of the other parties to hold one over the ratification of the Lisbon Treaty, which created an EU foreign policy chief and a permanent president of the European Council.",0,Attack,C,0,1,0,,
2390,this is the age old question,oasthadare we machines choosing between incorrect and correct responses or are we sentient being choosing between good and evil how could you not teach thisthats a good topic for sunday school,0,Attack,C,0,1,0,,
1777,If there are enough Ukip votes it should frighten all the parties sufficiently to make them realise they can't just ignore the electorate.,Matthew Hancock said companies should consider recruiting locally rather than immediately take what he called the easy option of hiring from abroad.,2,No Relation,C,0,0,1,,
3166,a lot of them are stupid and come up with outright stupid ignorant arguments against it,not stupid but ignorant and perhaps even foolish,1,Support,C,1,0,0,,
2479,this post by casey luskin graphically illustrates why intelligent design is not science,ian asksif a prominent id advocate cant even get the description of one basic paper right how are they going to handle more complicated papers on the evolution of the immune systemin other words its not just the ignorance of science but the ignorance of the id proponent which seems to trigger design inferences,1,Support,C,0,1,0,,
474,UKIP and the Greens are the only parties that haven't screwed us all over yet,"Both the UK Independence Party, which is fielding a record number of candidates, and the Green Party of England and Wales are hoping to make notable gains.",1,Support,C,0,0,1,,
4014,so im warning all of you guys whos expecting an epic tale beautiful cinematography and lots of action this was one of the most boring films ever made and nothing like other war movies,people who do not like a particular film but never refer to the actual themes expressed in it and instead just say that its boring basically says that they are idiots,0,Attack,C,1,0,0,,
282,"I don't think most people realise the benefits of free trade at all, and UKIP capitalise on peoples ignorance of the benefits of free trade as much as they can.","David Cameron, Ed Miliband and Nick Clegg said the fate of a Syrian generation hangs in the balance with four million children caught up in the civil conflict.",2,No Relation,C,0,0,1,,
2139,"In fact, all UKIP seems to talk about now is withdrawl from the EU without any genuine policy around UK's domestic economy.","Mr Farage will tell members at the conference in London that, by the 2015 general election, UKIP will overtake the Lib Dems in terms of its support base.",2,No Relation,C,0,0,1,,
3593,when evidence is interpreted it is interpreted by flawed and failed humans with biases just like everyone elses,right that certainly explains the many many versions of christianity,1,Support,C,0,1,0,,
2488,if theres something on    evolution   news its irrelevant to intelligent design andor distorted beyond all scientific recognition,if biology leads to new design if it is viewed in that contextand it never has and never will,0,Attack,C,1,0,0,,
3276,intelligent design is the conclusion of deductive reasoning,faith is believeing in something without evidence,0,Attack,C,1,0,0,,
1020,Should ukip get into government it would be fair to assume that we'll see a whole raft of right-wing policies as actual government policy.,"So they are putting up more than 900 candidates in 94% of the councils that are holding elections, more than before but certainly not a full slate.",2,No Relation,C,0,0,1,,
508,Ukip are doing well for the very simple reason folk have at last realized that they are being lied to by LibLabCon and now have somewhere else to go.,"The Conservative Party is bringing in people who want to work in the national interest to sort out Britain's problems, he said.",0,Attack,C,1,0,0,,
409,"Arguably, UKIP & co. aspire to destroy the culture created in Europe after WWII, which has been based on openness, free travel, migration and cross-geographic access to goods and labour markets.","Relations between the two have been strained for some time, with Ms Andreasen calling for Mr Farage to quit after the party's poor performance in council elections in 2011.",2,No Relation,C,0,0,1,,
3256,that if you look into all beliefs and theories you will find a flawthis is very true for almost all theories,the list practically goes on,1,Support,C,0,1,0,,
3781,it should be blue,blue is a good colour,1,Support,C,0,1,0,,
3500,although much younger than the dinosaur bones we had been collecting these fossils were still thousands of years old dating back to a time when the sahara was much wetter than today,really if this is another one of your fresh organic sample age of decades of time capsule because they were both on top of the ground you are officially delusional,0,Attack,C,1,0,0,,
328,"The greens and ukip provide encouragement for labour and conservatives alike to address some issues people care about, albeit only lip service to retain votes mainly.",It just seems ridiculous that on my doorstep is a very good school and I can't get her in and I can't get her in a school nearer.,2,No Relation,C,0,0,1,,
20,I think it's far too simplistic to argue all UKIP supporters are racist - there is a real groundswell against the political establishment which over the past 20 years or so has started to converge in terms of image and policies.,Mr Helmer had been due to quit on 31 December over disagreements with Conservative policies but later indicated he would not do so until the position over his successor had been clarified.,2,No Relation,C,0,0,1,,
1966,UKIP are a joke outfit full of small-minded Neanderthals who think the 1950s are the future.,"And there's quite a lot of them, he added.",2,No Relation,C,0,1,0,,
561,I think it's far too simplistic to argue all UKIP supporters are racist - there is a real groundswell against the political establishment which over the past 20 years or so has started to converge in terms of image and policies.,"On this, and many other matters, UKIP's views chime with mine and I am delighted to join the party which is fast becoming a real force in British politics.",1,Support,C,0,1,0,,
1295,"UKIP are an independent party and have shown that their appeal is broad, making big dents in staunchly Labour voting areas as well as the recent bi-election successes.","Addressing party members in Birmingham, he predicted UKIP would cause a political earthquake - particularly now that the EU leaders' desire for a fully federal Europe was out of the bag.",1,Support,C,0,1,0,,
3211,actually im not sure its been proven,prove it my good fellowdont proven itby the way,1,Support,C,0,1,0,,
3054,the author seems to thing there is no extrabiblical evidence of a young earth,all of those socalled evidences have been debunked by real scientists with real degrees and have true understanding of science,0,Attack,C,0,1,0,,
1784,"UKIP is not an isolated phenomenon: France has Le Pen, Germany has AfD, and all of these have in common that they are nationalist, anti-European, and more right than mainstream conservative parties.",He said UKIP was clearly taking a very right wing position which pandered to an obvious anti-Europeanism.,1,Support,C,0,1,0,,
2142,A strong UKIP vote suggests there's a lot of the British public who aren't on board with the current set-up.,"He said he had been advised to make the arrangement for inheritance purposes, on the basis that it could be used to pay for things such as schools fees for grandchildren.",2,No Relation,C,0,0,1,,
2957,to the  currently   voting   yes that raises six immediate questions i assume this means the sun was created first how many days did that take to even have a day how long did creating the rest of the universe take or if it took six whole days to create the earth would the creator have had time to create all the rest i mean some of these galaxies are awfully huge and with a lot of intricatekly moving interstellar dust and radiation that had to be started off precesly right to fool modern astronomers why did the creator go to all this trouble to conceal the evidence behind a massive coverup of radiological datings cosmic radiation and well essentially the entire findings of geology and astronomy as supported by chemistry and physics why create all the kinds of   animals   during these days and then conceal this astounding fact behind what to evolutionary biologists and paleontologists seem an amazingly consistent set of interlocking facts from genetics behaviour morphology biogeography extinctions speciations fossils records epidemiology and immunology that fits with life evolving according to rather well understood processes why were so much of this omitted from the bible i mean a few hints about geology to predict earthquakes or the germ theory of disease would have been rather handy to thwart the devils work and a description of relativity would have been impressive,as one commenter has already touched on,0,Attack,C,0,0,1,,
2212,UKIP are the only party willing to have a sensible open debate on the key issues affecting the country. ,"I'm feeling pretty sore, Mr Farage told the Today programme, having had bone grafts, and all the rest of it.",2,No Relation,C,0,0,1,,
1049,"If UKIP do hold the balance of power and get into government, their only condition will be an in/out EU referendum.","UKIP's call for an amicable divorce from the EU which had become mainstream, he said, and he urged Tory MPs frustrated with their policy to join his party.",1,Support,C,0,1,0,,
821,"The core of UKIP seem pretty much right wing, so you can expect those polices to be similar to the current conservative ones which will drive the left leaning voters away in droves. ","Mr Farage resumed leadership of the party last year, replacing Lord Pearson who stepped down after nine months in charge.",2,No Relation,C,0,0,1,,
2304,preventing creationism to be taught is not violating freedom of religion,laurie goodstein,0,Attack,C,0,0,1,,
2804,tjopen debate is all we are asking for,some places do seem more open to honest debate over evolution rather than just trying to brainwash kids,0,Attack,C,0,1,0,,
316,Beyond leaving the EU and migration what ukip have no policies!,"UKIP made no net gains despite Mr Farage suggesting beforehand that it could double its 19 councillors, and some have dismissed it as a single issue party.",1,Support,C,0,1,0,,
2134,It is because of UKIP that we are finally discussing the European question and about immigration and thank goodness for that.,Labour accused the PM of trying to ditch the TV debates simply because he is too scared to defend his record.,2,No Relation,C,0,0,1,,
2083,UKIP doesn't need to win power to force the changes people want.,I can categorically rule out any form of electoral pact with UKIP or anyone else.,0,Attack,C,0,0,1,,
776,"UKIP are just another bunch of freeloaders, using peoples fears and prejudice to gain votes so that they can get their snouts into the trough.","While it was easy to accuse the Commission of waste, he said nearly 95% of the Budget was spent directly in the member states.",2,No Relation,C,0,0,1,,
704,If the other parties do tackle the issues of EU and immigration I'll be more than happy to see UKIP disappear.,"This is a simple and effective way of ensuring healthcare is available to all who come to Britain as a tourist or migrant, without opening the system to abuse, Mr Aker added.",2,No Relation,C,0,0,1,,
3275,why couldnt god have created everything through evolution,intelligent design is the conclusion of deductive reasoning,1,Support,C,1,0,0,,
2045,"UKIP are indeed far from perfect, but they have grown as a party because the Establishment Parties have deceived the public for so long on informing and educating on WHAT IS THE EU SUPERSTATE project.","Explaining his decision to swap sides, Mr Campbell Bannerman - MEP for the East of England - said UKIP had become obsessed with single issue politics, internal fighting and shouting from the sidelines.",2,No Relation,C,1,0,0,,
1441,It is more likely that Tory voters would vote tactically for UKIP to keep Labour out and that means Labour are at a real disadvantage. ,"UK Independence party leader Nigel Farage has said he is expecting a big swing to his party in the seat, with most polls carried out in the seat putting the party third, ahead of Labour.",1,Support,C,0,1,0,,
286,UKIP are in with the City as much as the other three and I don't like the way they are whipping people up into a frenzy.,David Cameron has pledged to hold a referendum on Europe in 2017 if the Conservatives win the next election.,2,No Relation,C,0,0,1,,
255,"Even a UKIP European candidate, Janice Atkinson, another ex-Tory, admits leaving the EU would be problematic.","UKIP, which calls for withdrawal from the European Union and greater restrictions on immigration, has enjoyed much-improved opinion poll ratings in recent months and is expected to gain seats at next year's European Parliament elections.",0,Attack,C,0,0,1,,
1351,I suspect when people do start to focus and the election is close UKIPs incoherent policies will be exposed.,"Earlier this year, it emerged that the Conservatives' constituency membership had nearly halved since David Cameron became leader in 2005.",2,No Relation,C,0,0,1,,
1609,"UKIP's position is not reasonable, but racists and proto-fascist, considering they have nothing to say about the finance capital bombing of the economy, but to put all the blame for Europe's woes onto immigration.","The charge put by its deputy leader David Campbell Bannerman when he defected to the Conservatives in the wake of the May elections was that UKIP remained, at heart, a single issue pressure group.",1,Support,C,0,1,0,,
1924,"UKIP's position is not reasonable, but racists and proto-fascist, considering they have nothing to say about the finance capital bombing of the economy, but to put all the blame for Europe's woes onto immigration.","The charge put by its deputy leader David Campbell Bannerman when he defected to the Conservatives in the wake of the May elections was that UKIP remained, at heart, a single issue pressure group.",1,Support,C,0,1,0,,
2043,"I don't necessarily think Nigel Farage is worthy of PM, I think they need a new leader.",Labour urged the government to reconsider its position.,2,No Relation,C,0,0,1,,
857,UKIP are in no way a single issue party and if Labour or the Conservatives were to give us a referendum UKIP would still have a full manifesto that would attract many voters.,The move is an attempt to show David Cameron is serious about a referendum pledge he made earlier this year.,2,No Relation,C,0,0,1,,
2096,People are not voting for UKIP because of immigration propaganda but because of their direct experience of immigration.,"UKIP, which calls for withdrawal from the European Union and greater restrictions on immigration, has enjoyed much-improved opinion poll ratings in recent months and is expected to gain seats at next year's European Parliament elections.",1,Support,C,0,1,0,,
270,If UKIP is really the best our country can do for an alternative then we are all doomed.,"The Labour candidate Emma Lewell-Buck won the South Shields contest with 12,493 votes - the vote was triggered by the resignation of former Labour foreign secretary David Miliband as an MP.",2,No Relation,C,0,0,1,,
1166,"The momentum is with UKIP; Labour, Conservative and Liberal areas are all now vulnerable to them. ",Photographs posted to Bhutto's deleted Facebook account show his active support of the Conservative Party before he joined UKIP.,2,No Relation,C,0,1,0,,
502,Ukip are doing well for the very simple reason folk have at last realized that they are being lied to by LibLabCon and now have somewhere else to go.,"Lord Willoughby said the country's remedy in Greece was austerity macht frei - echoing the German phrase arbeit macht frei, which means work sets you free.",2,No Relation,C,0,0,1,,
3926,US intervention in Libya lacking congressional approval was illegal,Humanitarian reasons prompted swift intervention,0,Attack,C,1,0,0,,
2910,whats a darwinist can someone who says that the other side is mishandling terms really afford to label someone as darwinist i neither worship darwin nor accept his writings as absolute truth,luskin quotesmay not the principle of uniformity then be used in a broader frame of consideration to suggest that dna had an intelligent cause at the beginningthis would seem to be the usual trick of origins science  an attempt to claim that abiogenesis is impossible,1,Support,C,0,0,1,,
666,"Arguably, UKIP & co. aspire to destroy the culture created in Europe after WWII, which has been based on openness, free travel, migration and cross-geographic access to goods and labour markets.",Mr Bloom of UKIP - who sits on the European Parliament's women's rights and gender equality committee - provoked controversy last month when he talked about British foreign aid going to bongo-bongo land - a reference to third world countries.,1,Support,C,0,1,0,,
2100,"If you think that the Tories are nasty, heaven help us if UKIP get in because they would be nastier, more cruel, and more bigoted.","In 2006, the lower-key Knapman retired, to be replaced by Nigel Farage, an eye-catching media performer who pledged to make UKIP a truly representative party, ending its image as a single-issue pressure group.",2,No Relation,C,0,0,1,,
1707,A strong UKIP vote suggests there's a lot of the British public who aren't on board with the current set-up.,"He said the UK should quit the EU, with the referendum being moved forward.",1,Support,C,0,1,0,,
1864,"UKIP are a two trick pony, Europe and immigration that's it.","The charge put by its deputy leader David Campbell Bannerman when he defected to the Conservatives in the wake of the May elections was that UKIP remained, at heart, a single issue pressure group.",1,Support,C,0,1,0,,
2751, we focus only on the constitutional aspects to this issue,lets just cut to the chase id does not perform any empirical and statistical verifications at best they could perform statistical falsifications of a particular scientific hypothesis but even the simplest hypotheses are not easily captured in statistics and thus id has found that most examples of supposedly designed systems cannot really be tested using id methodology,0,Attack,C,1,0,0,,
794,Big business will not support UKIP given the devastation that withdrawal from the EU would cause.,"There is a big gap in UKIP's armoury and that is a foundation, Farage says.",2,No Relation,C,0,0,1,,
1526,"Ukip has British values, wants to get British industry kick started back to the fore front again, become more self-sufficient.",Former Europe Minister Denis MacShane said the EU was Britain's biggest trading partner.,0,Attack,C,1,0,0,,
1834,If anyone seriously thinks that UKIP will offer some kind of answer to our current problems then I think that they are going to be sadly disappointed.,He claimed the document was nothing more a collection of disparate policy papers.,2,No Relation,C,0,1,0,,
3293, none of the things that people put forward as evidence of a god are evidence for a specific religion, theres no rational reason to accept creationism its simply empty claims with no evidence it has no predictive powers it cannot explain what we see in nature and it introduces a level of complexity with no explanation requiring mindless faith,1,Support,C,0,1,0,,
1274,"UKIP advocates for the UK leaving the European Union which would be a bad idea – but they are trying to leverage on the british people’s need to belong and pride to be british, which further sparks their anti-foreigner standpoint.",People would have to remain on Help to Work until they found employment.,2,No Relation,C,0,0,1,,
3848,All nations have a right to nuclear weapons,All countries have a right to defend themselves with nuclear weapons even when they lack the capacity in conventional weapons,1,Support,C,0,1,0,,
3532,yes i believe in a young earth however at the end of the creation week it was fully mature i can easily see why men can say it looks old,but because your book of mythology tells you about a week of creation you prefer that because it requires less thought to examining reality,0,Attack,C,1,0,0,,
3309, look there is no proof that god or any thing in the bible existed where as there is proof to suggest that we are related to monkeys as we have the same arm structure and the same bioorganisms, its impossible to argue with you people,1,Support,C,1,0,0,,
2202,"The sooner we are out of the EU, the sooner we can start making this country great again.",Opponents say the new system risks politicising the police.,2,No Relation,C,0,0,1,,
2073,"If UKIP want to retain these voters and attract more in a general election then they need to come up with policies other than ""leave the EU"" and ""its all the immigrants fault"".","Conservative party vice chairman Michael Fabricant said the party had struggled to present a distinctive message during the Eastleigh election, saying UKIP had managed to connect with traditional blue-collar Tory voters on issues such as crime and immigration in a way the Conservatives had not.",2,No Relation,C,1,0,0,,
3439, youre right there isnt a shred of positive evidence for creationism and creationists dont even try, how com everyone here is bickering try the flood,0,Attack,C,1,0,0,,
2003,"I think Farage makes a much better leader than any of the other parties, he's full of enthusiasm and is not a PR man like the current leaders of the 3 main parties.","In their leaflets, UKIP says that 29 million Bulgarian and Romanians will have the right to live, work and draw benefits in the UK and while many will be fine, hard-working people, suggests the country may struggle to cope with another influx of people needing jobs, housing schools, hospitals and benefits.",2,No Relation,C,0,0,1,,
2472,should we just reject the bigbang as being unscientific since it would require a supernatural cause according to the nd premise you list is the best you can really come up with is who designed the designer,why would consideration of the designer necessarily introduce religious discussions about theological questions clearly it is because his concept of the designer is a supernatural onewhich was exactly what i was arguing,1,Support,C,1,0,0,,
1154,"The UKIP mainstay vote is in normal working people because they never voted for 4 million immigrants, they never voted for Multiculturalism.","Lynton Crosby, who ran Boris Johnson's successful mayoral re-election campaign, told the BBC the party should pre-empt Labour in pledging a poll.",2,No Relation,C,0,0,1,,
1127,UKIP are a joke outfit full of small-minded Neanderthals who think the 1950s are the future.,So - as Labour folk used to say - things can only get better.,2,No Relation,C,0,0,1,,
3460,the problem with this is that usually when someone exercises their right it many times infringes on someones elses rights,do not even think about contriving how gay marrige violates your rights assmonkey that is the most ludicrous insane statement i have yet heard from the religious right,0,Attack,C,1,0,0,,
1531,It is more likely that Tory voters would vote tactically for UKIP to keep Labour out and that means Labour are at a real disadvantage. ,"Former Tory local government minister Bob Neill told the BBC's Daily Politics that it would be very tough for the Conservatives to defend all the seats they won four years ago and, given Labour's lead in the national opinion polls, the opposition was expected to do very well.",2,No Relation,C,1,0,0,,
3040,you are an intellectual and people like you have the hardest time believing anything let alone trying to intellectualize the bible or god or anything like it,tell me have you ever read the origin of the species i have and i find it to be a pretty far stretch,0,Attack,C,0,0,1,,
3201,for macroevolution theory to be valid laws of nature that are generally accepted as true and standard must be repeatedly denied,st evolution does not require dramatic mutation,0,Attack,C,1,0,0,,
2314,i wrote a good philosophical question and i think you and i would agree that this adaptation could have been guided by some higher agency of course by using a fully natural mechanism such questions remain scientifically vacuous,i surely intend to do so but these issues go beyond questions of policy,1,Support,C,0,0,1,,
2543,icdesignwhat is a intelligent design and why is your example an intelligent design simple straight forward question,if something can arise spontaneously then a designer certainly isnt provenwhat is proven is that a designer is unnecessary,1,Support,C,0,1,0,,
779,Labour won't have anything to do with UKIP as they are more right-wing than the Tories. ,"Mr Nattrass said he had declined to switch to the party until this was completed, but Mr Tilbrook had put out the press release before gaining his authorisation.",2,No Relation,C,0,0,1,,
114,UKIP are asking the questions that haven't been asked by the opposition or the media.,"I think of the volunteers in my own constituency, they are not just my friends and my supporters, I feel I am one of them.",2,No Relation,C,0,0,1,,
726,UKIP are in with the City as much as the other three and I don't like the way they are whipping people up into a frenzy.,"He said the party would consider other measures including the legal route if it did not get redress from the council, which he said was continually backtracking.",2,No Relation,C,0,0,1,,
314,"There's an election next month, UKIP are campaigning on the streets right now, and candidate upon candidate keeps churning out ridiculous (often racist, sexist or homophobic) views.","We certainly need to improve women's place at senior level on those companies that are running the major organisations in this country, she added.",2,No Relation,C,0,0,1,,
2815,how are they standing in the way is research into id bannedpretty much especially if anyone who has publically known proid views prior to getting tenure is bound to not get it,pretty much especially if anyone who has publicly known proid views prior to getting tenure is bound to not get it,0,Attack,C,0,1,0,,
1766,"UKIP advocates for the UK leaving the European Union which would be a bad idea – but they are trying to leverage on the british people’s need to belong and pride to be british, which further sparks their anti-foreigner standpoint.",Their debate followed a Daily Politics flim looking at a possible pact between UKIP and the Tories.,2,No Relation,C,0,0,1,,
177,"The country faces more than two big issues, which is where Ukip come apart at the seams in an incoherent bunch of right wing horse shit from whatever Think Tank came along at the time.","It was the first time the Conservatives and the Lib Dems, as coalition partners, have gone head-to-head in a seat which was winnable for both.",2,No Relation,C,0,0,1,,
3151,i really feel sorry for you,the history of the bible including its compilation by the early church is quite well known,1,Support,C,0,0,1,,
3975,i remember being underwhelmed when this first came out but enough time had passed when i caught it on tv so perhaps i had just been in the wrong mood back then maybe this time ill enjoy it but no,brilliant film disliked by people with no imagination,0,Attack,C,1,0,0,,
977,"The UKIP mainstay vote is in normal working people because they never voted for 4 million immigrants, they never voted for Multiculturalism.",But Labour is expected to claw back ground among working class folks in the Midlands and north of England lost in 2009 when it had the worst night at the polls in its history.,0,Attack,C,0,0,1,,
1740,"ukip's policies on health, education, taxation and all the things that affect peoples lives are non-existent.","He said his party had fundamentally changed the national debate on Europe, immigration and education.",0,Attack,C,1,0,0,,
775,It is because of UKIP that we are finally discussing the European question and about immigration and thank goodness for that.,"Asked about UKIP's future, Mr Titford said he was convinced the party would build on existing support to become a significant force in the British political landscape.",1,Support,C,0,1,0,,
442,Cameron had it right and UKIP could tip the balance towards Labour in the crucial marginal seats in the GE where the battle will take place .,"In the end, I think it will strengthen our role in Europe and our continued membership and the opportunities it gives Britain as a country.",1,Support,C,0,0,1,,
1606,It is more likely that Tory voters would vote tactically for UKIP to keep Labour out and that means Labour are at a real disadvantage. ,"Labour leader Ed Miliband said the victory of the party's candidate Dan Jarvis, a 38-year-old former soldier who served in Afghanistan and Iraq, was fantastic and accused the Lib Dem leader of complacency.",0,Attack,C,0,0,1,,
1507,It's a protest vote because (most) people know that UKIP will never net in power.,"I have absolutely no sympathy for the rent-a-mob protesters, the Swampies and the Occupy Movement and the anti-capitalists and eco-freaks who have sought to hijack the Balcombe protest, he said to cheers from supporters.",2,No Relation,C,0,0,1,,
2428,from mr,i have yet to read a single sentence from any id proponent that provides testable predictions about the type of informational properties we expect to find in nature if an intelligent agent were at work in designing a natural object,1,Support,C,0,0,1,,
2435,specifically the theory predicts that we will find large amounts of specified complexity in natural objects,i am an experimental scientist,1,Support,C,0,0,1,,
3758,increase in wall thickness and gradual angle reduction in pin area,i agree on that,1,Support,C,0,1,0,,
2443, features that appear vestigial and functionless actually serve a function eg,so what using   intelligent design    is the purpose of the appendixid simply predicted that the appendix would have a function,0,Attack,C,0,1,0,,
1058,UKIP are a joke outfit full of small-minded Neanderthals who think the 1950s are the future.,"On Friday, Mr Farage accepted the Lib Dem leader's offer of a debate, saying he could hardly wait.",2,No Relation,C,0,0,1,,
2530,for example humans have acquired a number of helpful genetic changes in our battle with the malarial parasite over the past ten thousand years,for educating us about the immense scientific amount of information that seldomly gets disseminated when id proponents claim that x could not have evolved,1,Support,C,0,1,0,,
2809,after admitting that science is not atheistic he now accuses atheists scientists and christians alike of not liking ids implications when in fact anyone should realize that these objections are firstmost about the lack of scientific content of id and that the strong religious foundation of id is only secondary to this,the writer of this piece is working for a salary,0,Attack,C,0,0,1,,
341,"As far as immigration is concerned all Ukip want is a level playing field for non EU migrants and to control the numbers so, if anything, Ukip are too soft on immigration.",It hopes to have the case thrown out before a hearing on 29 December to award compensation.,2,No Relation,C,0,0,1,,
3893,I support the truth and reconciliation commission,The South African reconciliation commission has proven itself to be ineffective,0,Attack,C,1,0,0,,
1171,I'm no fan of UKIP but well done to them for initiating a much needed shake up of British politics.,He labelled it outrageous that under the prime minister's proposal somebody can come [to the UK] on January 1 from Romania and within 12 weeks be entitled to employment benefits.,2,No Relation,C,0,0,1,,
2394,i read the entire article,first and foremost  how does an animal without an immune system survive to acquire one,0,Attack,C,0,0,1,,
3896,The International Criminal Court should be recognised,The deterrent effect of the Court ensures widespread and equal adherence to international law,1,Support,C,0,1,0,,
1876,If there are enough Ukip votes it should frighten all the parties sufficiently to make them realise they can't just ignore the electorate.,"UKIP appears to have struck a chord with many voters on the issue of immigration, campaigning against the relaxation of working restrictions on Bulgarians and Romanians due to come into force in January.",2,No Relation,C,0,1,0,,
4051,the only good thing in this movie was dr schultz after that it was a yawn fest,it won  oscars and got great reviews so a lot of people disagree with you it was a really entertaining movie with a great cast definitely not one of the worst movies,0,Attack,C,1,0,0,,
1067,Big business will not support UKIP given the devastation that withdrawal from the EU would cause.,"We simply cannot go to the British people and say to them support the European Union, we are going to reform it in the future.",0,Attack,C,0,0,1,,
1144,A strong UKIP vote suggests there's a lot of the British public who aren't on board with the current set-up.,"Italy - like the UK - had offered no places at all, the organisation said.",2,No Relation,C,0,0,1,,
3978,was anyone else disappointed by the ending of the movie it feels to me like there couldve been a few scenes about what happens next im no writer but i do feel this wasnt appealing at all,i felt it fit the whole narrative style,0,Attack,C,1,0,0,,
396,A strong UKIP vote suggests there's a lot of the British public who aren't on board with the current set-up.,"This year's general election cost the party Â£229,000 in lost deposits.",2,No Relation,C,1,0,0,,
1960,"I would say it's the anti-ukip brigade who have no substance to their argument (or facts), they simply shout ""racist"" with nothing to substantiate this slur, or become crude and insulting.","All [the prime minister's] doing is trying to curry favour, he continued.",2,No Relation,C,0,0,1,,
3549,i am for gun control i believe you should have a steady hand firm grip calm breath and a smooth pull,very well put,1,Support,C,0,1,0,,
113,"If UKIP have a good general election and manage to take a few seats then that can only benefit Labour, because all of the seats that UKIP can possibly, conceivably win - well they are all Tory seats.","After a lengthy fight between the Commission and member states, including the UK and France, the 2011 budget increase was capped at 2.91%.",2,No Relation,C,0,0,1,,
2323,hghlanderthis is false and misleading,okay lets start with how id tries to infer design namely by using the design inference,1,Support,C,0,0,1,,
1551,It's a protest vote because (most) people know that UKIP will never net in power.,But as one UKIP member said to me - if this is a protest vote it's a bloody big protest.,0,Attack,C,0,1,0,,
2872,oibopen your mind and your brains will fall out,sologosi dont believe that there is a significant controversy about the concept of natural selection,0,Attack,C,0,0,1,,
2708,the cause of the big bang is currently unknown but it is also undergoing investigation,the ayn rand center and i agree for once about the fact that id is nothing more than bait and switch and that id at best is a religiously motivated attack on science as the di seems to admit in their own wedge document,1,Support,C,0,0,1,,
3408, i agree that it is slowly falling apart, you know a debate like this can be put up to get intelligent information exchange,1,Support,C,0,0,1,,
3810,We should grant politicians immunity from prosecution,Seeing a politician put on trial hurts the integrity of their office,1,Support,C,0,1,0,,
3473,science has managed to show that life and non life are not distinct and are indeed simply a continuium of molecular complexity and function,you have got to be kidding me this has got to be one of the absolute dumbest things i have heard you are truly one confused individual if you can not tell there is a distinct difference between a living thing and a non living thing that nonliving things are missing something that living things have,0,Attack,C,1,0,0,,
2675,the same reason we dont teach literature in a home economics class,the reason we dont teach literature in home economics is because those two subject have seemingly absolutely nothing to do with one another,0,Attack,C,0,1,0,,
1151,Ukip are doing well for the very simple reason folk have at last realized that they are being lied to by LibLabCon and now have somewhere else to go.,"We've seen the deficit coming down, we've seen economic recovery gathering pace and we're making a good deal of progress, and this is thanks to the government.",0,Attack,C,1,0,0,,
1862,"The sooner we are out of the EU, the sooner we can start making this country great again.",UKIP plans to field candidates in the majority of November's contests across England and Wales and could take advantage of an expected low turnout to win in some areas.,2,No Relation,C,0,0,1,,
3085,the scripture is silent as to which locale in the spacetime continuum the author of the account was measuring time from on the first day of creation,one thing for sure time was and continues to be passing differently in different parts of the universe,1,Support,C,0,1,0,,
1080,"The country faces more than two big issues, which is where Ukip come apart at the seams in an incoherent bunch of right wing horse shit from whatever Think Tank came along at the time.","The party said Mr Campbell Bannerman had agreed, when he was chosen as a candidate in 2008, to represent UKIP for the full five-year parliamentary term or stand down.",2,No Relation,C,0,0,1,,
3769,probably apple they keep making all the wrong marketing moves,it also seems to get harder and harder for them to innovate,1,Support,C,0,1,0,,
1055,"The UKIP mainstay vote is in normal working people because they never voted for 4 million immigrants, they never voted for Multiculturalism.","Every person who joins, and particularly when they join online, automatically receives a welcoming letter.",2,No Relation,C,0,0,1,,
185,Many racists and especially xenophobes find the UKIP message appealing.,UKIP said Mr Neville was at odds with the party on a number of policies and was not adhering to the requirements of being an official party spokesman.,2,No Relation,C,0,0,1,,
1716,UKIP doesn't need to win power to force the changes people want.,UKIP leader Nigel Farage has demanded a written in blood guarantee of a referendum on EU membership before entering any pact with another party.,1,Support,C,0,1,0,,
1460,UKIP is the only party that has understood the damage immigration does to the UK and its policies aim at repairing this.,"And there's quite a lot of them, he added.",2,No Relation,C,0,0,1,,
3918,We should negotiate with terrorists,Negotiation provides more resources to terrorists,0,Attack,C,1,0,0,,
2101,"ukip's policies on health, education, taxation and all the things that affect peoples lives are non-existent.",The two-day conference is also set to discuss the UKIP leadership's plans to ensure migrants have private health insurance and for social housing to be prioritised for people whose parents or grandparents were born locally.,0,Attack,C,1,0,0,,
261,For what its worth I think UKIP is a one trick pony and is unelectable in a general election.,"Natalie Bennett, the Australian-born leader of the Green Party of England and Wales, checked in here too with a defiantly and proudly left wing speech.",2,No Relation,C,0,0,1,,
694,"My observation is that UKIP often are reluctant to directly answer any questions of substance, which can be accounted for by the fact that they really have no policies.",The new party's initial successes were all in the proportional representation elections for the European Parliament - winning its first three seats in 1999 with 7% of the vote.,2,No Relation,C,0,0,1,,
307,"I don't believe Farage is a racist and I don't believe the UKIP policies are racist, but I do think they will be the party that attracts most support from racists.","UKIP is also hoping for a good result in Labour heartland South Shields, with Labour sources suggesting it could get as much as 30% of the vote.",2,No Relation,C,0,0,1,,
1085,The people and media that are criticising UKIP are highlighting the genuine concerns about UKIP and their policies towards immigrants.,"Mr Farage is understood to have fallen out with the main author of the manifesto, MEP David Campbell Bannerman, who has subsequently rejoined the Conservative Party.",2,No Relation,C,0,0,1,,
2373,i dont really care  ,currently   science   feels its accelerating,1,Support,C,0,0,1,,
1107,Many racists and especially xenophobes find the UKIP message appealing.,"In 2005, Bhutto, of Leeds, admitted being the gang's boss and was jailed for seven years by a UK court for conspiracy to blackmail.",2,No Relation,C,0,0,1,,
1659,"The People's Army is on the march and UKIP will get Britain back from the Liblabcon, Establishment and MSM political abusers of our country.",UKIP has won 42 seats so far and is averaging 26 per cent of the vote in the wards where it is standing.,1,Support,C,0,1,0,,
3469,the only stupid question is the unasked one,and many of the questions that creationists ask,0,Attack,C,1,0,0,,
917,I would hazard that it’s UKIP’s appeal to tradition and “British values” that appeals – it’s a cosy reimagining of a glorious past and taps into the Little England mentality of a large swathe of tory supporters.,"But he suggested he would not stand in the way of arrangements at a constituency level, either with Conservative or Labour candidates.",2,No Relation,C,0,0,1,,
1139,"If UKIP don't like being smeared, then they need to stop smearing, stigmatising, and fear mongering about others.","They spoke about pay levels, maternity leave and gardening leave in the financial world in a Daily Politics debate with Andrew Neil and Jo Coburn.",2,No Relation,C,0,0,1,,
350,"The sooner we are out of the EU, the sooner we can start making this country great again.","Speaking on BBC Two's Daily Politics, Mr Bashir, who is of Pakistani origin, asked if this was a racist party, would they select him?",2,No Relation,C,0,0,1,,
3167,not stupid but ignorant and perhaps even foolish,i agree with your definition of ignorance but i feel that ignorance crosses into stupidity when those who are ignorant but have the means to inform themselves fail to do so,0,Attack,C,1,0,0,,
1643,UKIP getting a large chunk of the vote in the EU elections sends a message to Europe that they cannot take the UK membership for granted.,"In his keynote speech at the UKIP conference on Friday, Mr Farage predicted UKIP would cause a political earthquake at next year's European elections.",1,Support,C,0,1,0,,
3969,id also like to add that i really disliked the music in this film maybe to the point that it dropped it below the town all by itself,to each his own but i actually loved the music in animal kingdom i thought it really set the mood and i am trying to track down the soundtrack,0,Attack,C,1,0,0,,
1255,"Any of the ""working class"" who believe UKIP will represent them have not read a UKIP manifesto!","Former Labour minister Graham Stringer also argued the case for a referendum, on the grounds EU powers had greatly expanded since the 1975 referendum.",2,No Relation,C,0,0,1,,
1566,"Everybody's got their own take on Ukip but I still say that what's fuelled their rise is disgruntlement about wages and working conditions, which ultimately have little to do with immigration - it's much more a case of good old exploitation by the capitalist classes.","The by-election is the first to be held since the last election, making it the first significant test of the coalition government's popularity.",2,No Relation,C,0,0,1,,
2677,well since they do not it is a true statement,while it is true that   science   and   religion   have little to do with one another that has never stopped teachers from pointing out that science refutes religion,0,Attack,C,0,1,0,,
132,"On voting day, this week the vast majority of the British public will not vote for UKIP.",But Mr Farage admitted that on some policies his party may have got things wrong and this may hurt them at the polls.,1,Support,C,0,1,0,,
2460,the problem with your argument is that it simply depends on a certain kind of fossil not being found and you have been repeatedly proven wrong over the last  or  decades when such a fossil is found,the problem with your argument is that it simply depends on a certain kind of fossil not being foundthats part of the equation it also relies on changes or progressions between fossils happening to quickly or too sudden in order for it to be accounted for by chance and necessity,0,Attack,C,1,0,0,,
1413,"If UKIP do hold the balance of power and get into government, their only condition will be an in/out EU referendum.","The last time the seats up for grabs on 5 May were contested, in 2007, UKIP returned five councillors, a net loss of one.",2,No Relation,C,0,0,1,,
3797,We should ban religious symbols in public buildings,It is their culture and religion,0,Attack,C,1,0,0,,
3370, as a general common sense rule you really shouldnt get into a debate against evolution unless you have some basic understanding of the process of evolution, i find it relevant to point out that the answers in the against evolution is wrong column are nearly twice as long as those in the for evolution is wrong,1,Support,C,0,0,1,,
1061,"In fact, all UKIP seems to talk about now is withdrawl from the EU without any genuine policy around UK's domestic economy.","A default judgement was made in her favour by Exeter Employment Tribunal after UKIP, which denies the allegations, failed to lodge a defence.",2,No Relation,C,0,0,1,,
1135,"It's true that UKIP dont have ideas to suit everyone, but at the moment they are heads above the pillocks at No 10 today.","Emergency treatment would still be free at the point of delivery to all, while migrants would be eligible for free NHS care once they had worked for five years and paid tax and national insurance on their income.",2,No Relation,C,0,1,0,,
3792,We should ban religious symbols in public buildings,A ban would be simple to enforce,1,Support,C,0,1,0,,
3492,you want to talk pain i wish the proinfanticide zealots could experience being dismembered and having their skulls collapsed and their brains sucked out so theyll know what an innocent baby feels when its being aborted,you mean like how you suck any rationale thought or discourse from a debate topic,0,Attack,C,1,0,0,,
2147,"UKIP is certainly NOT racist or xenophobic - if you, as I'm you have done, read our policies on the website there is no suggestion of this at all, it is more a rumour and conspiracy of the lefties. ","My point is that there are some things that men are better than women at, some things that women are better than men at, and you don't necessarily want to impose a minimum of either sex at the top of any profession or at the top of any board.",2,No Relation,C,0,0,1,,
2415,my other comment focused more on my atheist background but i wanted to respond to your scientific misconceptions,the name intelligent design is itself a hoax,1,Support,C,0,1,0,,
454,"Marketing UKIP as ""the people's army"" is a bitter irony.",A UKIP candidate in Somerset was suspended from the party on Tuesday after a photo of him apparently making a Nazi-style salute appeared on his Facebook page.,1,Support,C,0,1,0,,
3387, and what proof do you have for intelligent design      microevolution is indisputable, evolution is correct,1,Support,C,0,1,0,,
662,"If UKIP have a good general election and manage to take a few seats then that can only benefit Labour, because all of the seats that UKIP can possibly, conceivably win - well they are all Tory seats.","But as politicians and the public become more used to devolved government, Giles Dilnot looks at the rise of other parties and UKIP looking to enter NI politics.",1,Support,C,0,0,1,,
2568,actually the construction of the cell rather suggests chance,jaythat means that anyone who dares speak of purpose or design within science or when discussing scientific evidence ceases to be a scientist,1,Support,C,1,0,0,,
751,A forensic examination of UKIP's policies would nail once and for all the Establishment lie that they're a bunch of swivel-eyed racists.,UKIP have just selected someone to run for Orpington as our potential MP and he's of Indonesian origin and Muslim.,1,Support,C,0,1,0,,
1040,Hopefully we will see our first UKIP MP before the general elections next year.,Since then we've had the Eurozone crisis which has been like a perverse soap opera on our TV screens almost every night.,2,No Relation,C,0,0,1,,
3786,the best way to protect Scottish interests in the EU is to vote for independence,Scottish independence might be a faster route out of the EU than a referendum,0,Attack,C,1,0,0,,
2878,i happened to drop by the discoverys institutes website which claims to be interested in improving the accuracy in reporting and read an interesting blurb titled ncse promotes shrill editorial suggesting students be forced to consider the possibility that there is no god,so i decided to check out the actual articles in question and much to my dismay i came to realize that this seemed to be a blatant quote out of context,0,Attack,C,0,1,0,,
193,"I and many others will be voting UKIP not because of a handful of people that have said stupid things, it will be because I identify and agree with their overarching principles.","I think that it's a misjudgement frankly to equate the leadership of a party which is part of government with a protest group, particularly a protest group which frankly is more about immigration than it is about Europe.",0,Attack,C,1,0,0,,
1948,"No doubt ordinary people are fed up with the behaviour of the Westminster bubble, but the other reason why UKIP is doing well is that they're articulating the concerns of working people, which Tories never do and Labour hasn't done since if fell under the spell of Tony Blair.",UKIP leader Nigel Farage said the UK had no real control over either the number or the type of migrants that were settling from elsewhere in the EU.,2,No Relation,C,0,1,0,,
3258,evolution has more supporting details than the theory of intelligent design,ok,1,Support,C,0,1,0,,
2532,remember nick matzke a few years ago he outlined based on an extensive study of the scientific literature and homology studies a plausible scenario for the evolution of the bacterial flagellum,science was able to intelligently design flagellar function,0,Attack,C,1,0,0,,
761,"If UKIP have a good general election and manage to take a few seats then that can only benefit Labour, because all of the seats that UKIP can possibly, conceivably win - well they are all Tory seats.","The Times newspaper reported that Conservative Party officials have already been dispatched to the seat to lay the groundwork for their campaign, with fear of UKIP snatching the seat taking hold.",1,Support,C,0,1,0,,
800,I'm no fan of UKIP but well done to them for initiating a much needed shake up of British politics.,"Mr Wheeler previously made a donation to UKIP - which wants the UK to leave the European Union - in the run-up to the 2009 European elections, saying that they are driving needed change.",1,Support,C,0,1,0,,
849,UKIP and the Greens are the only parties to date that haven't screwed us all over.,[But] has it actually trickled down to our constituents' pockets and I think the jury is still out on that one.,2,No Relation,C,0,0,1,,
3464,no its not that is a strawman i have never stated anything of the sort,strawman argument obviously you never said it your inferior intellect cannot articulate what you really mean it requires articulation by a superior being such as i ,0,Attack,C,1,0,0,,
1838,UKIP doesn't need to win power to force the changes people want.,Mr Fabricant said an electoral pact with UKIP - in which the Tories would promise a referendum on European Union membership after 2015 and in return UKIP would not stand against Tory candidates - could help the Conservatives win an extra 20-40 seats at the next election.,1,Support,C,0,1,0,,
2126,"If we leave the EU we will save billions of pounds which can then be invested in our ailing national infrastructure, notably the NHS.","In a separate interview with BBC Radio 5 live, he warned of the possible consequences of an in-out referendum on the UK's relationship with the EU.",0,Attack,C,1,0,0,,
3631,it is my understanding that the rules are if you are banned you can not simply create a new id and return under it this happened when terral was banned and returned using a new id,oh thanks for pointing that out i did not recall reading that rule but it certainly makes sense,1,Support,C,0,1,0,,
1469,"Ukip is the only party advocating withdrawal from the failing EU, a sensible idea for a lot of people!","UKIP's local election manifesto, concentrates on its flagship policy of ending open door immigration and putting pressure on the government not to lift restrictions on workers from Bulgaria and Romania on 1 January, which proved a successful formula in Eastleigh.",1,Support,C,0,1,0,,
2536,the physical reality to which behe so proudly points is a stylized cartoon of reality,design is recognized in the purposeful arrangement of parts storms  tornadoes hurricanes etc,1,Support,C,1,0,0,,
257,Plenty of survey's have shown UKIP to be the most hated of the main parties.,I think Mr Cable's always had a rather creative interpretation of what collective responsibility ought to look like.,2,No Relation,C,0,0,1,,
1207,"The greens and ukip provide encouragement for labour and conservatives alike to address some issues people care about, albeit only lip service to retain votes mainly.",But Conservative Party chairman Grant Shapps categorically ruled out a deal with UKIP.,0,Attack,C,0,0,1,,
3534,evolutionists cannot support their theory and expect you to find proof to support yours,i thought you said that you had been following the converstaion i guess you did not understand any of it,0,Attack,C,1,0,0,,
2310,richard dawkins,the proiders claim that id uses scientific method infers design by testing positive predictionsdiscovery institute on id uses scien,1,Support,C,0,0,1,,
1059,"If UKIP have a good general election and manage to take a few seats then that can only benefit Labour, because all of the seats that UKIP can possibly, conceivably win - well they are all Tory seats.","I think the reality for women in the City is that if they have children, it has a very detrimental effect on their future pay prospects.",2,No Relation,C,0,0,1,,
366,"If UKIP don't like being smeared, then they need to stop smearing, stigmatising, and fear mongering about others.","If UKIP has good cause to think that it should be in the TV debates and it's excluded, we will provide an alternative form of entertainment on the evening.",0,Attack,C,0,0,1,,
1970,"I think the view of many supporters (not, necessarily, voters) of UKIP is that they see the Establishment, Labour, Conservatives, a lot of the media, industrialists, globalists, and the culture of political correctness, apology and neo-liberalism all as sides of the same coin.",The BBC understands that the prime minister's new policy chief Jo Johnson has had early sight of the pamphlet and it has been passed on to some of his policy groups.,2,No Relation,C,0,0,1,,
541,"My observation is that UKIP often are reluctant to directly answer any questions of substance, which can be accounted for by the fact that they really have no policies.",A UKIP spokesman described the row with Mr Farage as an internal party matter that would be dealt with in an appropriate fashion.,2,No Relation,C,0,1,0,,
163,"UKIP are just a toned down version of the BNP, racist and unelectable!",It has been a key part of his strategy to distance UKIP from the far right - its constitution bans former BNP members from joining.,0,Attack,C,1,0,0,,
3921,US intervention in Libya lacking congressional approval was illegal,The United States engaged in hostilities under War Powers,1,Support,C,0,1,0,,
1506,UKIP are blatantly disregarding the possibility of man made climate change.,"And when married to the Europhobia innate to parts of the Conservative party, you have a diabolical cocktail that threatens the whole long-term structure of UK climate change and energy policy.",1,Support,C,0,1,0,,
836,"Any of the ""working class"" who believe UKIP will represent them have not read a UKIP manifesto!",The magazine quotes her as saying it would be a travesty if UKIP came in and took the seats off our councillors or indeed me when their policies and beliefs were very conservative.,1,Support,C,0,1,0,,
2027,"In fact, all UKIP seems to talk about now is withdrawl from the EU without any genuine policy around UK's domestic economy.",She also dismissed suggestions she had left because her political career was not advancing quickly enough.,2,No Relation,C,0,0,1,,
1505,Plenty of survey's have shown UKIP to be the most hated of the main parties.,"UKIP's local election manifesto, concentrates on its flagship policy of ending open door immigration and putting pressure on the government not to lift restrictions on workers from Bulgaria and Romania on 1 January, which proved a successful formula in Eastleigh.",2,No Relation,C,0,0,1,,
3253,this is why i have my doubts about id too but the main premise of it which is why i accept it as probable is still very rational,and i guess those differences bring us right back to the atheist vs,1,Support,C,0,0,1,,
298,"I think Farage makes a much better leader than any of the other parties, he's full of enthusiasm and is not a PR man like the current leaders of the 3 main parties.","Shortly after that, the national executive lost a no confidence vote and leader Michael Holmes resigned, although he remained an MEP.",2,No Relation,C,0,0,1,,
2951,look at it like this,from here we can see that the bible already is going to not have any sort of  exact meaning,0,Attack,C,0,0,1,,
3299, amusing is all i can really say to cancers response, im against it   ahh i love the arguments in everyone the against it section,0,Attack,C,0,1,0,,
1101,"I don't see UKIP as being far right, they're just further right than the rest who have congregated arund the middle ground.",Early results show many voters seem to be turning away from the three main political parties and flocking to UKIP and the Greens.,1,Support,C,0,0,1,,
3621,this one line stuck out because it mentioned evolution in a future context something i have not heard before,i have not heard of it before either any information that you or other members can gather on this subject would be of great interest i will also keep my eyes open,1,Support,C,0,1,0,,
250,"I don't believe Farage is a racist and I don't believe the UKIP policies are racist, but I do think they will be the party that attracts most support from racists.","On the current trajectory, I do believe MPs will cross the floor, he said.",2,No Relation,C,0,0,1,,
3405, creationism is mythology and intelligent design is a politically based movement to secure the support of a certain segment of the population, i dont attempt to defend either intelligent design or creationism,1,Support,C,0,1,0,,
3329, evolution is most certainly wrong, you cant make nothing out of nothing,1,Support,C,0,1,0,,
1093,A forensic examination of UKIP's policies would nail once and for all the Establishment lie that they're a bunch of swivel-eyed racists.,"According to the Daily Telegraph, Mr Farage suggested to Mr Murdoch at the meal that he would form an electoral pact with the Conservatives if David Cameron stood down as leader.",2,No Relation,C,0,0,1,,
2473,why would consideration of the designer necessarily introduce religious discussions about theological questions clearly it is because his concept of the designer is a supernatural onewhich was exactly what i was arguing,the ayn rand center says id claims that design can be inferred merely from observed complexity specified complexityi,1,Support,C,1,0,0,,
645,"If UKIP don't like being smeared, then they need to stop smearing, stigmatising, and fear mongering about others.","In Barnsley Central last month, UKIP came an impressive second to Labour - on the back of a locally focused campaign, which argued that money going to Europe should be spent on the town instead.",0,Attack,C,1,0,0,,
1715,"I voted Tory for 30 years and started supporting UKIP because I want a sovereign, democratic , well governed Britain with Britain put first and its getting clearer by the day that the old Liblabcon parties will not do that.","If, on the other hand, others would not accede to our requests for a rebalancing in the light of the response to the euro crisis, then we would recommend rejection and potential departure from the EU.",2,No Relation,C,0,1,0,,
3694,six feet under best drama series ever excellent cast superb acting,the acting is superb but i believe the writing falls off sharply around season ,0,Attack,C,1,0,0,,
797,"UKIP are a fairly right wing group as I'm sure will become clear when they actually produce some policies other than the ""its all the eu's"" fault.",A UKIP candidate in Somerset was suspended from the party on Tuesday after a photo of him apparently making a Nazi-style salute appeared on his Facebook page.,1,Support,C,0,1,0,,
119,"I agree with UKIP on the EU, but the rest of their policies are dangerous right wing bile.","Mr Farage said he would instead run for a seat in the Commons - specifically the seat of Commons Speaker John Bercow, which, by convention, other major parties do not fight.",2,No Relation,C,0,0,1,,
3219,it has not been proven and i dont think it can be,us evolving from chimpanzees yes it is chimps that we share the most dna with not apes and not monkeys is merely an idea just because their dna is so similar to ours,0,Attack,C,0,1,0,,
3954,Governments should be allowed to disrupt Internet service on grounds of national security,National security takes precedence,1,Support,C,0,1,0,,
685,"The country faces more than two big issues, which is where Ukip come apart at the seams in an incoherent bunch of right wing horse shit from whatever Think Tank came along at the time.","You later repeated, I am a Member of the House, Mr Beamish wrote.",2,No Relation,C,0,0,1,,
3269,evolution has been proven many times,evolution has not been proven,0,Attack,C,1,0,0,,
3826,European Parliament elections should involve only one voting district all of Europe and not separate country seats,Some countries may be left without representation,0,Attack,C,1,0,0,,
1350,I would hazard that it’s UKIP’s appeal to tradition and “British values” that appeals – it’s a cosy reimagining of a glorious past and taps into the Little England mentality of a large swathe of tory supporters.,"A by-election will also be held for the Westminster seat of South Shields, vacated by Labour's David Miliband.",2,No Relation,C,0,0,1,,
1452,Beyond leaving the EU and migration what policies do ukip have?,"I fear that on climate change and energy policy, UKIP have nothing to offer.",1,Support,C,0,1,0,,
4037,i cant believe that a great film like this can receive such a low rating while the likes of shawshank redemption and batman sit comfortably in the top  list of the entire website,those movies that you mentioned are actually entertaining unlike this pseudointellectual crapfest,0,Attack,C,1,0,0,,
2608,islandpvm sayslets see what we can track down via wikipedia which is always a good start for any researchnot where this subject is concerned,whats there left to do,1,Support,C,1,0,0,,
3698,no what makes economics tick is unfairness of trade you do not need to fix something that is still not broken,on the other hand prices in usa are much lower for example for electronic devices that could be a way to reduce prices in europe,0,Attack,C,1,0,0,,
964,"I don't think most people realise the benefits of free trade at all, and UKIP capitalise on peoples ignorance of the benefits of free trade as much as they can.","Speaking ahead of the party's annual conference, he said UKIP would become the third force in British politics and top the poll at the European elections in 2014.",0,Attack,C,0,0,1,,
2609,whats there left to do,you mean ones like wmap shows that we are at the center of the universe or the quote of carterwell i realize that one does remain the goldilocks enigma is a falsifiable observation that makes testable predictionsas i already explained though observations are seldomly falsified as they are based on observed data,1,Support,C,0,0,1,,
4050,the only good thing in this movie was dr schultz after that it was a yawn fest,this post is a yawn fest worst movie ever you should be tied up and forced to watch the baby geniuses movies or battlefield earth see what a real bad movie is like next,0,Attack,C,1,0,0,,
1582,UKIP are not a single issue party anymore; UK Sovereignty is the crux of their party political platform but they've certainly expanded from that singular issue in recent years.,Douglas Alexander accused the PM of a shambolic and ill-judged negotiation strategy.,2,No Relation,C,0,0,1,,
738,The only reason we are even having a sensible debate about Europe are UKIP.,He said he planned to appeal against his conviction for conspiracy to blackmail.,2,No Relation,C,0,0,1,,
3409, you know a debate like this can be put up to get intelligent information exchange, yes if what you are saying is true then im for it,1,Support,C,0,1,0,,
3073,if the sevenday week is relevant shouldnt the names of the days be relevant as well specifically the days named after pagan godsodins day thors day freyas day etc,human beings added names to the days of week they were originally and simply numbers,0,Attack,C,1,0,0,,
1384,"There's an election next month, UKIP are campaigning on the streets right now, and candidate upon candidate keeps churning out ridiculous (often racist, sexist or homophobic) views.","Responding to the success of UKIP, Prime Minister David Cameron said It's no good insulting a political party that people have chosen to vote for.",0,Attack,C,1,0,0,,
2184,"In UKIP, we have a new political force which looks likely to poll very well in a national election on thursday.","It is essential that parties should be defined in such a way that a party like UKIP, which obtained nearly a million votes in the last general election, and which came second, beating both Labour and the LibDems in the European election in 2009, should be included.",2,No Relation,C,0,1,0,,
91,"UKIP advocates for the UK leaving the European Union which would be a bad idea – but they are trying to leverage on the british people’s need to belong and pride to be british, which further sparks their anti-foreigner standpoint.",The word slut has different meanings to different generations.,2,No Relation,C,0,0,1,,
3204,evolution is basically common sense once you put down your bible and get out of the church,evolution really is true but as we all know the main reason of how we evolve is because of god our lord,1,Support,C,0,1,0,,
3371, i find it relevant to point out that the answers in the against evolution is wrong column are nearly twice as long as those in the for evolution is wrong, it cant  be wrong this is something natural,1,Support,C,0,1,0,,
516,"I don't think most people realise the benefits of free trade at all, and UKIP capitalise on peoples ignorance of the benefits of free trade as much as they can.","Some Tory strategists believe it was a mistake for Mr Cameron to agree to them, arguing that they allowed Lib Dem leader Nick Clegg to seize the initiative from the Tory leader.",2,No Relation,C,0,0,1,,
230,"In fact, all UKIP seems to talk about now is withdrawl from the EU without any genuine policy around UK's domestic economy.","UKIP has reached unprecedented heights in the opinion polls under Mr Farage, prospering in May's local elections.",0,Attack,C,0,0,1,,
2168,"Ukip, the Tea Party of the UK, just as daft, menacing and dishonest as their US counterpart.","He also warned that if a proposed referendum led to the UK leaving the EU, there would be dire consequences for the country's global influence.",2,No Relation,C,0,1,0,,
2196,"UKIP is a not a real party, with a clear global ideology and vision addressing all aspects of society: it is focusing on a handful of issues (all centered around membership in the EU and migrants), mostly ignoring global financial issues, health, education, security etc.","In their leaflets, UKIP says that 29 million Bulgarian and Romanians will have the right to live, work and draw benefits in the UK and while many will be fine, hard-working people, suggests the country may struggle to cope with another influx of people needing jobs, housing schools, hospitals and benefits.",2,No Relation,C,0,1,0,,
2349,the question is somewhat meaningless because you can believe that we were created by design and still conclude that intelligent design as proposed by the discovery institute and its fellows  is a scientifically vacuous concept,all too often the terms of this debate dont get defined,0,Attack,C,0,1,0,,
2119,"If UKIP want to retain these voters and attract more in a general election then they need to come up with policies other than ""leave the EU"" and ""its all the immigrants fault"".",UKIP says it is campaigning on a pro democracy message - aiming to rejuvenate local politics.,0,Attack,C,1,0,0,,
2775,of course the disco tute is the discovery of nonsense,of course the disco tute is the discovery of nonsense,0,Attack,C,0,1,0,,
3942,We should force think tanks to reveal all of their sources for resource funding,Being subject to scrutiny discourages investors from supporting good projects,0,Attack,C,1,0,0,,
2001,"UKIP are a fairly right wing group as I'm sure will become clear when they actually produce some policies other than the ""its all the eu's"" fault.",It is not clear how well the eurosceptics will get along - UKIP has said it will not work with the far right parties from France and the Netherlands,0,Attack,C,1,0,0,,
1062,I suspect when people do start to focus and the election is close UKIPs incoherent policies will be exposed.,The scale of the UKIP threat will be tested in May's European elections.,0,Attack,C,0,0,1,,
462,"On voting day, this week the vast majority of the British public will not vote for UKIP.",It's sad how anybody can be offended by a reference to a country that doesn't exist.,2,No Relation,C,0,0,1,,
785,"The UKIP mainstay vote is in normal working people because they never voted for 4 million immigrants, they never voted for Multiculturalism.",It is not something I would consider until after the next election.,2,No Relation,C,0,0,1,,
1226,"It's true that UKIP dont have ideas to suit everyone, but at the moment they are heads above the pillocks at No 10 today.",And there are signs UKIP is starting to pick up the sort of protest votes that traditionally go to the Liberal Democrats - as well as benefiting from a slump in support for the British National Party.,1,Support,C,0,1,0,,
1668,UKIP is leveraging on the frustration of a certain stratum of society (white working class and male) in order to gain power.,"It is not just about UKIP it's that the British people are as interested and concerned about Europe, as they are about the economy, as they are about immigration.",0,Attack,C,1,0,0,,
3675,hybrid electric vehicle,cost will reduce with scale,0,Attack,C,0,1,0,,
3407, b tr  tr valigntop , i agree that it is slowly falling apart,1,Support,C,0,0,1,,
1430,"If UKIP don't like being smeared, then they need to stop smearing, stigmatising, and fear mongering about others.","UKIP are certainly trying to professionalise, to move away from its more amateurish origins.",2,No Relation,C,1,0,0,,
3296, as an archaeologist i have to say that creationism is wrong, creationism is absurd and wrong and so its fellowtraveller intelligent design,1,Support,C,0,1,0,,
426,"On voting day, this week the vast majority of the British public will not vote for UKIP.","Historically people turned out in European elections to vote for UKIP and then in general elections went back to their normal parties but something has changed since then, he said.",0,Attack,C,1,0,0,,
2709,the ayn rand center and i agree for once about the fact that id is nothing more than bait and switch and that id at best is a religiously motivated attack on science as the di seems to admit in their own wedge document,if id is bait and switch then so is   evolution   considering that its proponents tend to sell it off starting with the least extreme definition and just move on up from there  httpintelligentdesign,0,Attack,C,1,0,0,,
3134,you said tentacles could become legs,because you cant imagine a reason why both chimps and humans have a chunk of dna that has the same viral code doesnt mean its   evolution  ,1,Support,C,0,0,1,,
2590,it is obvious isnt it i hope not to be too snarky but the pope finally got around to admitting that galileo was correct in teaching that the earth revolved around the sun get the gravity connection,richard dawkins and victor stenger argue that the existence of a creative superintelligence or god are scientific questions,1,Support,C,0,0,1,,
2393,on pandasthumb nick matzke whose contributions to dover v kitzmiller were instrumental in the stunning defeat of intelligent design and whose contributions to exposing the fallacies in behes arguments as well as the extent of ignorance of science amongst id proponents has caused much concern amongst id proponents so much that in general they have chosen to pretend in a typical creationist fashion that matzkes arguments do not exist,i read the entire article,0,Attack,C,0,0,1,,
467,"The country faces more than two big issues, which is where Ukip come apart at the seams in an incoherent bunch of right wing horse shit from whatever Think Tank came along at the time.","Before joining UKIP in 2004, Mr Campbell Bannerman was a Conservative activist and former special adviser to the Conservative Northern Ireland Secretary Sir Patrick Mayhew.",2,No Relation,C,0,1,0,,
1758,"The problem with popularism but no substance, like UKIP represent, is that it just results in things getting worse and worse.","UKIP, which has called for withdrawal from the European Union and greater restrictions on immigration, has seen improved poll ratings this year.",0,Attack,C,1,0,0,,
2791, i have been a christian most of my life and the ten years i lived outside the community was hell on earth,poblic schools are not to promote   religion  ,1,Support,C,0,0,1,,
3836,We should fear the power of government over the internet,Internet regulation is an attempt by big interest groups to regulate the internet in their favour,1,Support,C,0,1,0,,
3895,The International Criminal Court should be recognised,The ICC offers justice to victims of war crimes,1,Support,C,0,1,0,,
2844,jim,jimfinally i just want to say that it appears to me that statements made against id and their proponents  made by others not you  regarding id has been so emotionally charged it makes me feel their judgment is affected,1,Support,C,0,0,1,,
2518,id is ridiculously and obviously not   science   ,so are we asking if a telic force exists or are we trying to psychoanalyze the intentions behind itwhy are these two questions always independent  i would think that any theory of id that made no attempt to identify and analyze the designer was an incomplete theory,0,Attack,C,0,1,0,,
2115,"The ratio of nutters in UKIP is far higher than in other parties, especially so since they seem determined to take all the Tories' fruitcakes off them.","Mr Cameron once described UKIP as a party of fruitcakes, loonies and closet racists.",1,Support,C,0,1,0,,
1837,UKIP's sole aim at the general election is to get a smallish number of MPs elected but enough to hold the balance of power and do a deal with the Tories.,He also said he would consider a electoral pact with another party if it meant moving closer to leaving the EU.,1,Support,C,0,1,0,,
2207,"Ukip is the only party advocating withdrawal from the failing EU, a sensible idea for a lot of people!",The Lib Dem leader also argued that being in the EU meant that we keep ourselves safer because we can go after cross-border crime and terrorism and that we can look after the environment in a way which we can't on our own.,0,Attack,C,1,0,0,,
1953,"UKIP's position is not reasonable, but racists and proto-fascist, considering they have nothing to say about the finance capital bombing of the economy, but to put all the blame for Europe's woes onto immigration.","There needs to be a clearer narrative on immigration, stressing not only the need to restrict numbers, but also to determine which individuals, with what skills, enter our country, he said.",0,Attack,C,1,0,0,,
924,If the other parties do tackle the issues of EU and immigration I'll be more than happy to see UKIP disappear.,"Isolating Britain and damaging Britain's reputation is not the right history to write, he said.",0,Attack,C,0,0,1,,
1003,"There's an election next month, UKIP are campaigning on the streets right now, and candidate upon candidate keeps churning out ridiculous (often racist, sexist or homophobic) views.","We do sometimes refer to them as 'bottlefield tours', says fellow forager and UKIP MEP Godfrey Bloom.",2,No Relation,C,0,0,1,,
2678,while it is true that   science   and   religion   have little to do with one another that has never stopped teachers from pointing out that science refutes religion,how are science teachers pointing out that science refutes   religion    it is true that science does refute certain religious teachings but that is incidental to the science itself,0,Attack,C,1,0,0,,
1854,UKIP isn't committed exclusively to either right-wing or left-wing ideology and that’s a very good place to be.,Grant Shapps said the revised seats would be right and fair but denied he was in secret talks with the Liberal Democrats to get them through Parliament.,2,No Relation,C,0,0,1,,
1514,"The success of UKIP is based more or less on this single factor, or perhaps this and the fact there is no working class voice amongst mainstream parties.",And the chancellor also comes under renewed pressure to scrap higher rate tax relief for people paying into a pension.,2,No Relation,C,0,0,1,,
707,Should ukip get into government it would be fair to assume that we'll see a whole raft of right-wing policies as actual government policy.,"He claimed UKIP could top the polls in the 2014 European elections if it could could take 27% of the vote, and recalled it has risen from third to second in last euro elections.",2,No Relation,C,0,0,1,,
174,"If you think that the Tories are nasty, heaven help us if UKIP get in because they would be nastier, more cruel, and more bigoted.","Viscount Monckton, who served as an adviser to the Thatcher government between 1982 and 1986, is a former journalist and is well known as a climate change sceptic.",2,No Relation,C,0,0,1,,
51,The reason why UKIP has gained so many votes is because the main parties refuse to deal with immigration and the EU.,"It is doing the country serious damage because there are large numbers of potential investors in the UK who would bring employment here, who are being warned off because of the uncertainty all of this is creating.",0,Attack,C,0,0,1,,
784,"The sooner we are out of the EU, the sooner we can start making this country great again.",He said it was time for a proper debate about the difference between a refugee - who fears for his or her life - or somebody moving simply for economic benefit.,2,No Relation,C,0,0,1,,
3434, wrong  evolution is probably the most supported theory in biology  its withstood considerable scrutiny for the past  years and is as strong as ever, if your trying to find evidence in the bible your right,1,Support,C,0,0,1,,
1726,If anyone seriously thinks that UKIP will offer some kind of answer to our current problems then I think that they are going to be sadly disappointed.,Michael Fabricant has suggested offering an in/out referendum on UK membership of the EU if UKIP promises not to stand against Tory candidates in 2015.,2,No Relation,C,0,0,1,,
1535,"UKIP's position is not reasonable, but racists and proto-fascist, considering they have nothing to say about the finance capital bombing of the economy, but to put all the blame for Europe's woes onto immigration.",UKIP say their message is cutting through regularly.,0,Attack,C,0,0,1,,
3230,evolution has not ceased in any animal,again we hit walls of diction but its a great debate and im on your side evolutionists,1,Support,C,0,1,0,,
528,"I would say it's the anti-ukip brigade who have no substance to their argument (or facts), they simply shout ""racist"" with nothing to substantiate this slur, or become crude and insulting.","Former deputy leader David Campbell Bannerman defected to the Tories soon after, expressing concerns about UKIP's direction, drifting further to the right.",0,Attack,C,1,0,0,,
816,"If UKIP have a good general election and manage to take a few seats then that can only benefit Labour, because all of the seats that UKIP can possibly, conceivably win - well they are all Tory seats.","Mr Farage stood down before the last general election in a failed bid to win a Westminster seat, but regained the job in last year's leadership contest.",2,No Relation,C,0,0,1,,
3135,because you cant imagine a reason why both chimps and humans have a chunk of dna that has the same viral code doesnt mean its   evolution  ,this is not a proof of   evolution   from chimps,0,Attack,C,0,1,0,,
1558,I suspect when people do start to focus and the election is close UKIPs incoherent policies will be exposed.,He said he had been impressed by David Cameron's leadership while UKIP was beset by internal fighting and was not a credible political force.,2,No Relation,C,0,1,0,,
3168,i agree with your definition of ignorance but i feel that ignorance crosses into stupidity when those who are ignorant but have the means to inform themselves fail to do so,yeah thats kinda true,0,Attack,C,0,1,0,,
3898,The International Criminal Court should be recognised,It may be in the best interests of victims and their state for war criminals not to be brought to trial,0,Attack,C,1,0,0,,
536,"If you want an insight into just how mad and bad UKIP are, go and read what their members, candidates and supporters write on the Telegraph.",This means fewer Tories ready to get out and campaign and that matters.,2,No Relation,C,0,0,1,,
1434,UKIP are the only party willing to have a sensible open debate on the key issues affecting the country. ,The Lib Dem leader has said he expects it to be a close contest and Mr Cameron had urged all his MPs to head to the constituency to support their candidate.,2,No Relation,C,0,0,1,,
1368,"As far as immigration is concerned all Ukip want is a level playing field for non EU migrants and to control the numbers so, if anything, Ukip are too soft on immigration.","It is a simple, understandable message, which has led to the party gaining bigger shares of the votes in European elections.",1,Support,C,0,1,0,,
3595,they say that members within the same species are in competition with each other,they are those that survive better reproduce more members of a species can die if other members have better,1,Support,C,0,1,0,,
1082,I'm no fan of UKIP but well done to them for initiating a much needed shake up of British politics.,"Ms Champion, chief executive of the Bluebell Wood children's hospice, secured the seat with 9,866 votes.",2,No Relation,C,0,0,1,,
2918,teachers have no freedom to misinform and miseducate students,purelabor claims that there is no proof for either side,0,Attack,C,0,0,1,,
1601,"UKIP do not bear scrutiny either as a coherent policy offer or a group of potential ministers , they are an insurgent party of protest with one message.","I have absolutely no sympathy for the rent-a-mob protesters, the Swampies and the Occupy Movement and the anti-capitalists and eco-freaks who have sought to hijack the Balcombe protest, he said to cheers from supporters.",2,No Relation,C,0,0,1,,
3016,the bible is no more self authenticating then any other irrational fantasy,some foolish men declare that a creator made the world,0,Attack,C,0,1,0,,
12,The hate campaign against Eastern Europeans that was and is run by UKIP legitimises anything said against them.,The by-election was called following the resignation of the former MP Denis MacShane on 2 November.,2,No Relation,C,0,0,1,,
1580,"In UKIP, we have a new political force which looks likely to poll very well in a national election on thursday.","Executives from the BBC, Sky and ITV told peers that the first-ever debates in 2010 had worked well and increased engagement among younger voters.",2,No Relation,C,0,0,1,,
406,"The UKIP mainstay vote is in normal working people because they never voted for 4 million immigrants, they never voted for Multiculturalism.",He will do what he thinks is best for the country in its relations with the EU.,2,No Relation,C,0,0,1,,
3401, i interpret the creation story as a metaphor with science as how god made humans, then again i often wondered as a child why and how the whole universe was created in the first place,0,Attack,C,0,0,1,,
3223,although i firmly believe in evolution it is only a theory and even though theories have evidence and are backed up with facts they are not  true and can probably never really be proven like the big bang theory,why is it more reasonable to conclude common descent rather than common design from the similarity we see among species,1,Support,C,0,1,0,,
2342,joegbtw pvm the scientific answer to ucd is we dont know,and as with all scientific inferences further research can either confirm or refute that inference,1,Support,C,0,1,0,,
3416, people like you should be banned from this website, there is positive evidence against macroevolution,0,Attack,C,0,0,1,,
1297,"I don't necessarily think Nigel Farage is worthy of PM, I think they need a new leader.","It's not about turning left or turning right, it's turning off, warned shadow leader of the House of Commons, speaking of the blow the coalition government had taken during the week.",2,No Relation,C,0,0,1,,
386,Support for UKIP simply indicates that people have noticed that the major parties do not represent their interests.,"The Middlesbrough Lib Dem candidate, George Selmer, came third with 1,672 votes, or nearly 10% of the vote.",2,No Relation,C,0,0,1,,
756,People are not voting for UKIP because of immigration propaganda but because of their direct experience of immigration.,Mr Farage said the Commission was completely out of touch with the public after it called for a 4.9% increase in its spending next year.,2,No Relation,C,0,0,1,,
3691,you can get any other tablet for much less that has the same features ,build quality and response time to input are much better than on other tablets,0,Attack,C,1,0,0,,
2254,UKIP are a joke outfit full of small-minded Neanderthals who think the 1950s are the future.,But he did not mention teachers.,2,No Relation,C,0,0,1,,
3095,if you believe in god which one and god gave you the brains to think then use your brains and follow the evidence,evolutionary theories the big bang hypothesis for instancethe big bang theory is not an evolutionary theory,1,Support,C,0,0,1,,
3182,correction its an ancestor of both chimpanzees and humans,oh boy here we go again,1,Support,C,1,0,0,,
2117,"If we leave the EU we will save billions of pounds which can then be invested in our ailing national infrastructure, notably the NHS.",The committee said the EU had helped to transform Europe from a continent of war to a continent of peace.,0,Attack,C,1,0,0,,
1471,UKIP will continue to grow as will the arrogance of the other parties.,"As the party celebrates its 20th anniversary with its annual conference on Friday, City spokesman Steven Woolfe said it had grown tremendously.",1,Support,C,0,1,0,,
2956,carbon  is not the only method of dating used to determine the age of the universe,to the  currently   voting   yes that raises six immediate questions i assume this means the sun was created first how many days did that take to even have a day how long did creating the rest of the universe take or if it took six whole days to create the earth would the creator have had time to create all the rest i mean some of these galaxies are awfully huge and with a lot of intricatekly moving interstellar dust and radiation that had to be started off precesly right to fool modern astronomers why did the creator go to all this trouble to conceal the evidence behind a massive coverup of radiological datings cosmic radiation and well essentially the entire findings of geology and astronomy as supported by chemistry and physics why create all the kinds of   animals   during these days and then conceal this astounding fact behind what to evolutionary biologists and paleontologists seem an amazingly consistent set of interlocking facts from genetics behaviour morphology biogeography extinctions speciations fossils records epidemiology and immunology that fits with life evolving according to rather well understood processes why were so much of this omitted from the bible i mean a few hints about geology to predict earthquakes or the germ theory of disease would have been rather handy to thwart the devils work and a description of relativity would have been impressive,1,Support,C,0,1,0,,
3386, has anyone got a more rational explanation, and what proof do you have for intelligent design      microevolution is indisputable,1,Support,C,1,0,0,,
2389,what always gets me with the intelligent design crowd is that in their aim of inserting an external designer into the mix of biological science they seem to miss or deliberately avoid one glaring fact  once life exists with varying degrees of success life designs itself according to the rules established by its environment and its own specific nature,this is the age old question,0,Attack,C,0,0,1,,
523,"The core of UKIP seem pretty much right wing, so you can expect those polices to be similar to the current conservative ones which will drive the left leaning voters away in droves. ","He debated with journalist and historian Sir Max Hastings who said Britain can't stay in Europe on any terms, but said leaving could mean the UK could find a very tough time out there.",2,No Relation,C,0,0,1,,
1292,"As far as immigration is concerned all Ukip want is a level playing field for non EU migrants and to control the numbers so, if anything, Ukip are too soft on immigration.","The Lib Dem echoed earlier comments by his party leader, Nick Clegg, arguing there should not be further restrictions on freedom of movement.",0,Attack,C,0,0,1,,
337,"UKIP are just another bunch of freeloaders, using peoples fears and prejudice to gain votes so that they can get their snouts into the trough.","But discrimination against women in the City was a thing of the past, he added.",2,No Relation,C,0,0,1,,
448,Plenty of survey's have shown UKIP to be the most hated of the main parties.,"UKIP, which campaigns for the UK to leave the EU, is demanding a referendum on Britain's membership.",2,No Relation,C,0,0,1,,
1931,"Marketing UKIP as ""the people's army"" is a bitter irony.","Deputy Prime Minister Nick Clegg, whose Liberal Democrats oppose a referendum, said leaving altogether would make us less safe because we co-operate in the European Union to go after criminal gangs that cross borders.",2,No Relation,C,0,0,1,,
2060,"The ratio of nutters in UKIP is far higher than in other parties, especially so since they seem determined to take all the Tories' fruitcakes off them.",Mr Andor previously said the UK risked being seen as a nasty country.,2,No Relation,C,0,0,1,,
2124,"Ukip is the only party advocating withdrawal from the failing EU, a sensible idea for a lot of people!",UKIP said leaving the EU was the only way to fully take control of the UK's borders.,1,Support,C,0,1,0,,
1903,"Even a UKIP European candidate, Janice Atkinson, another ex-Tory, admits leaving the EU would be problematic.",Surveys of grassroots members are rare because it is almost impossible to get hold of party membership lists.,2,No Relation,C,0,0,1,,
661,"The UKIP mainstay vote is in normal working people because they never voted for 4 million immigrants, they never voted for Multiculturalism.","Lord Hanningfield, the former leader of the authority, was forced to resign from the council in July and was jailed for nine months for fiddling his parliamentary expenses.",2,No Relation,C,0,0,1,,
3002,you cant use the bible to prove the bible thus that is an invalid argument,the argument youre making would make sense if we could all just go up to god and ask hey is this true and god could give his answer directly to anyone who asked,1,Support,C,1,0,0,,
1406,A forensic examination of UKIP's policies would nail once and for all the Establishment lie that they're a bunch of swivel-eyed racists.,"She brings a wealth of experience - and a dedication to fight for what's best for the British people in Europe, he said.",2,No Relation,C,0,1,0,,
1678,"The sooner we are out of the EU, the sooner we can start making this country great again.",Former Europe Minister Denis MacShane said the EU was Britain's biggest trading partner.,0,Attack,C,1,0,0,,
1084,"Any of the ""working class"" who believe UKIP will represent them have not read a UKIP manifesto!",Prime Minister David Cameron has said there may be a case for a public vote on Europe at some point but he did not believe a simple in-out referendum on the UK's membership was what most people wanted to see.,2,No Relation,C,0,0,1,,
702,The hate campaign against Eastern Europeans that was and is run by UKIP legitimises anything said against them.,He said it had been binned and the party was working on new policies to be unveiled later this year.,2,No Relation,C,0,0,1,,
1,"If UKIP don't like being smeared, then they need to stop smearing, stigmatising, and fear mongering about others.",The by-election was called after former Lib Dem cabinet minister Chris Huhne resigned as an MP following an admission he had perverted the course of justice over driving licence points.,2,No Relation,C,0,0,1,,
2029,UKIP do have more than Nigel Farage able to deal with media interviews.,He held positions in the governments of Margaret Thatcher and John Major before becoming treasurer in 2003.,2,No Relation,C,0,1,0,,
1593,"Despite you best efforts at pretending otherwise, UKIP are still widely disliked and untrusted by the majority of the population.",Farage admitted the party had not had time to properly vet all of its new recruits and he was forced to suspend a handful of them following newspaper reports of alleged racist comments.,2,No Relation,C,0,1,0,,
24,Ukip are doing well for the very simple reason folk have at last realized that they are being lied to by LibLabCon and now have somewhere else to go.,She said she was absolutely ecstatic and the UKIP's performance showed that the coalition government was taking the country in the wrong direction.,1,Support,C,0,1,0,,
543,"The greens and ukip provide encouragement for labour and conservatives alike to address some issues people care about, albeit only lip service to retain votes mainly.",He said the party had never been more important for our freedom as a self-governing democracy and had to go on telling the truth about Europe.,2,No Relation,C,0,1,0,,
3708,i believe he overused the hero type of comic movies,i totally agree but do you not think that this is a characteristic that distinguishes all of tarantinos characters the exaggerated behavior,1,Support,C,0,1,0,,
3688,way too expensive for what you get the only advantage is maybe the long life battery but even this is now standard in other laptops too,apple is really overpriced and their keyboards are low quality also the macbook air is heated up quite easily and the macbook pro is too heavy,0,Attack,C,0,1,0,,
973,"In fact, all UKIP seems to talk about now is withdrawl from the EU without any genuine policy around UK's domestic economy.",But his jibe did not go down well British MEPs from other parties.,2,No Relation,C,0,0,1,,
1591,Labour won't have anything to do with UKIP as they are more right-wing than the Tories. ,UKIP leader Nigel Farage said any members proven to have extreme right wing views would be expelled.,0,Attack,C,1,0,0,,
918,"The momentum is definitely with UKIP at the moment, hopefully that will continue with the up and coming by-elections.",The Lib Dem candidate is expected to be selected on Saturday.,2,No Relation,C,0,0,1,,
2688,the question who designed the designer is outside the scope of the scientific theory of id and is thus a philosophical or theological question that can only be addressed via philosophy or theology,debater jay richards answers this question quite clearly in a short video  at     www,0,Attack,C,0,1,0,,
896,Ukip are doing well for the very simple reason folk have at last realized that they are being lied to by LibLabCon and now have somewhere else to go.,"He said he was in agreement with UKIP leader Nigel Farage on David Cameron's handling of talks on the future of the EU, and their effect on the City of London.",2,No Relation,C,0,1,0,,
3298, to me there is no proof of a greater hand other than from the word of believers whose faith is based in belief and not in any form of evidence at all, amusing is all i can really say to cancers response,1,Support,C,1,0,0,,
3248,the existence of the universe and life itself is considered mathematically impossibleim curious who other than yourself considers this to be the case,id doesnt undermine evolution,1,Support,C,0,0,1,,
3514,evolutionists say that certain animals in a population are genetically superior than others and these genetic superiors are more successful breeders,sometimes the state of the education system in the usa makes me cry,0,Attack,C,1,0,0,,
3055,all of those socalled evidences have been debunked by real scientists with real degrees and have true understanding of science,it is unfortuanate that creationists cannot be persuaded by facts,1,Support,C,1,0,0,,
37,UKIP are a joke outfit full of small-minded Neanderthals who think the 1950s are the future.,"After losing out to Speaker John Bercow - and surviving a light aircraft crash - he returned to his role at the head of UKIP, which campaigns for Britain'e exit from the EU.",2,No Relation,C,0,0,1,,
651,"I don't see UKIP as being far right, they're just further right than the rest who have congregated arund the middle ground.",The by-election was caused by the conviction of former Labour MP Eric Illsley for dishonestly claiming parliamentary expenses.,2,No Relation,C,0,0,1,,
359,Labour won't have anything to do with UKIP as they are more right-wing than the Tories. ,"Such people hate us with frightening religious fervour, he said during a parliamentary debate on Islam.",2,No Relation,C,0,1,0,,
414,The hate campaign against Eastern Europeans that was and is run by UKIP legitimises anything said against them.,Labour has held the South Yorkshire seat of Rotherham in a parliamentary by-election with Sarah Champion becoming the constituency's first female MP.,2,No Relation,C,0,0,1,,
1016,"There's an election next month, UKIP are campaigning on the streets right now, and candidate upon candidate keeps churning out ridiculous (often racist, sexist or homophobic) views.","He likes people to understand what Britain went through in two world wars and what our position is in Europe - he's passionately interested, Spencer says.",2,No Relation,C,0,0,1,,
2548,hi pvm they finally got things straightened out,icdesignas far as scientific findings go the numbers of evolution believing scientists is on a major decline,0,Attack,C,0,0,1,,
3496,can you please respond to fdr and his new deal that saved the country,fdr saved this country if i recall it was in  that because of a combination of weakened capital situations from reconstruction finance corporation loans which published lists of the loan takers and a nationwide banking holiday banks around the country went through a new wave of demise dropping the dc and dr ratios so sharply that in one month alone the money stock m fell a whopping four percent,0,Attack,C,1,0,0,,
4005,this movie absolutely fell flat after the discovery at the crash site was made,although it could be argued any form of tension went out of moon after its plot twist half way through it was still compelling seeing the clones of the original sam contemplate their situation and face the truth made for intriguing drama,0,Attack,C,1,0,0,,
2561,who decides if an arrangement of parts is purposeful what does purposeful really mean in that statement do the parts have purposeif there is some form of synergy in the arrangement then yes that would be purposeful,we detect design by looking for the telltale signs that an intelligent agent acted,0,Attack,C,0,1,0,,
176,"I and many others will be voting UKIP not because of a handful of people that have said stupid things, it will be because I identify and agree with their overarching principles.",Past party leaders who have taken part in Mumsnet chats have been quizzed about their favourite biscuit.,2,No Relation,C,0,0,1,,
1978,UKIP isn't committed exclusively to either right-wing or left-wing ideology and that’s a very good place to be.,He said UKIP was clearly taking a very right wing position which pandered to an obvious anti-Europeanism.,0,Attack,C,1,0,0,,
2852,when there was a move to distribute unlocking the mystery of life dvd to australian schools a few worried scientists headed by michael archer from unsw got together and signed a letter on behalf of  scientists and educators,idnetto comment on whether id has merit or not it is minimally necessary that people be properly informed of the arguments involved,0,Attack,C,1,0,0,,
2935,feel free to respond,to start with with i think the wikipedia page  httpen,1,Support,C,0,1,0,,
2031,"UKIP will lead the UK to independence from the oppressive EU, which is the only chance Britain has at restoring its former glory.","UKIP defied the odds again at last year's European elections, beating Labour into third place, much to the dismay of those, on the left and right, who had written the party off as a busted flush.",1,Support,C,0,1,0,,
1530,UKIP and the Greens are the only parties to date that haven't screwed us all over.,"Ahead of May's local elections, Conservative cabinet minister Ken Clarke dismissed UKIP as a protest party and a collection of clowns.",0,Attack,C,1,0,0,,
3729,what about a second hand book sale,a carboot sale would be good as well,1,Support,C,0,1,0,,
3337, i feel the need to distinguish between microevolution and macroevolution, yes i believe the theory of evolution is wrong as there are no scientific facts about that,1,Support,C,0,1,0,,
3264,mutation and natural selection are the two driving forces behind evolution,the bacteria mutated,0,Attack,C,0,1,0,,
3187,i agreed with you up until reasonable doubt,therefore your usurpation of supposed assumption of stated opinion cannot be proven or supported by evidence but is not substantial enough to answer the question specifically,1,Support,C,0,1,0,,
3927,We should allow voting at 16 in European Parliament elections,The voting age should be the same across the Union,1,Support,C,0,0,1,,
3010,god is not physical except as christ  a christian true believers,this is my proof that he existswell your proof is a terrible waste of valuable electrons and also ridiculous nonsense,0,Attack,C,1,0,0,,
959,"If UKIP want to retain these voters and attract more in a general election then they need to come up with policies other than ""leave the EU"" and ""its all the immigrants fault"".","The Conservatives, by contrast, had 49.",2,No Relation,C,0,0,1,,
2750,as explained on that page some of the scientific journals and other prestigious academic sources that have published peerreviewed scientific publications by id proponents supporting core id arguments includeand then the discovery institute continues to claim some journals without providing much of any reference to the actual papers, we focus only on the constitutional aspects to this issue,0,Attack,C,0,0,1,,
417,"The Green Party stands out as different, UKIP are just another bunch of neo-cons, although further out to the right.",All seats on Hertfordshire County Council are to be contested on Thursday.,2,No Relation,C,0,0,1,,
1743,UKIP are blatantly disregarding the possibility of man made climate change.,The energy secretary will say attempts to discredit the scientific evidence of climate change threaten a breakdown of the political consensus on the issue.,1,Support,C,0,1,0,,
815,I suspect when people do start to focus and the election is close UKIPs incoherent policies will be exposed.,"Many of our members are those who have never been a member of any political party before but who see that it is UKIP who is challenging the establishment on issues such as open door immigration, grammar schools and green taxes, he said.",0,Attack,C,1,0,0,,
2519,so are we asking if a telic force exists or are we trying to psychoanalyze the intentions behind itwhy are these two questions always independent  i would think that any theory of id that made no attempt to identify and analyze the designer was an incomplete theory,why are these two questions always independentbecause   science   as we know it today can only answer one of them,0,Attack,C,1,0,0,,
434,"Arguably, UKIP & co. aspire to destroy the culture created in Europe after WWII, which has been based on openness, free travel, migration and cross-geographic access to goods and labour markets.","Therefore, when the deputy PM says he wants to go public and have a debate with me on this issue, I have absolutely no choice.",2,No Relation,C,0,0,1,,
2938,if it is then only a malicious god would tell it out of order use terms we cannot understand or have other traps while holding us to its words,the order of events in genesis i agree with   science  ,1,Support,C,1,0,0,,
1411,"Any of the ""working class"" who believe UKIP will represent them have not read a UKIP manifesto!",Olly Neville said that if UKIP wanted to make a real difference it is by representing the people in Westminster politics.,0,Attack,C,1,0,0,,
3379, being an atheist in a catholic school i can tell you that catholicism or christianity does not dispel the idea of evolution, you have to consider the alternative explanations for our existence and the evidence for and against each  oh by the way  year long consensus doesnt count as evidence      i dont think theres any need to go too deeply into the evidence for evolution by natural selection but as most people will know there is some although controversially scarce evidence in the fossil records for common ancestry as well as similarities of existing species physiological and genetic makeup,1,Support,C,0,1,0,,
1669,UKIP are a joke outfit full of small-minded Neanderthals who think the 1950s are the future.,Mr Farage has successfully broadened UKIP's appeal away from Europe.,0,Attack,C,1,0,0,,
3003,the argument youre making would make sense if we could all just go up to god and ask hey is this true and god could give his answer directly to anyone who asked,this is so because it has been proven,1,Support,C,0,1,0,,
3699,yes they already have their own strong currency they can make it on their own plus they always come last at the eurovision song contest,the eu is not just about currency it is also about being able to travel without a visa and other economic factors,0,Attack,C,1,0,0,,
3960,this was just an amateurish hodgepodge of the departed the town and we own the night and sopranos,i had completely the opposite impression though i respect your input as were all going to have our own viewpoint but i very much liked this film,0,Attack,C,1,0,0,,
3905,I believe that opinion polls harm the democratic process,Opinion Polls should not be published 2 weeks in advance of an election,1,Support,C,0,1,0,,
706,The hate campaign against Eastern Europeans that was and is run by UKIP legitimises anything said against them.,UKIP simply want to stop an unrestricted flow of a very large number of unskilled people coming into Britain at a time when we have a million young unemployed people.,0,Attack,C,1,0,0,,
3911,We should negotiate with terrorists,Negotiation saves lives,1,Support,C,0,1,0,,
2527,i apologize for using misleading wording,prototypic should read phenotypic,1,Support,C,0,1,0,,
2874,pvmcool now the claim is the arrival of variation,i appreciate that you are making attempts to answer all these issues,1,Support,C,0,0,1,,
490,UKIP are a joke outfit full of small-minded Neanderthals who think the 1950s are the future.,"And last autumn, MEP Godfrey Bloom embarrassed the party when he used the phrase bongo bongo land and joked that some female activists were sluts.",1,Support,C,0,1,0,,
742,If there are enough Ukip votes it should frighten all the parties sufficiently to make them realise they can't just ignore the electorate.,"Well, they are only going to get that if David Cameron is prime minister after the next election, he told BBC Radio 5 Live's Pienaar's Politics.",2,No Relation,C,0,0,1,,
2984,while i have my own reasons for believing he did that my personal opinions regarding   religion   are a bit outside of the mainstream so im not going to discuss them,very interesting summary,1,Support,C,0,1,0,,
1918,A strong UKIP vote suggests there's a lot of the British public who aren't on board with the current set-up.,We acknowledge that these pressures are also faced by many longer-established residents.,2,No Relation,C,0,0,1,,
537,"The country faces more than two big issues, which is where Ukip come apart at the seams in an incoherent bunch of right wing horse shit from whatever Think Tank came along at the time.","Explaining his comments on BBC Radio 4's The World at One, he said he pointed out that in certain areas, women did not do as well as men, and then I cited poker, bridge and chess.",2,No Relation,C,0,1,0,,
1945,Young people have the most to lose by the UK leaving the EU yet UKIP have the nerve to believe that their view should prevail.,"Mr Farage had an upbeat message for activists at his local elections campaign launch on Wednesday, saying UKIP was attracting more young members - the party says more than 100 of its candidates are under 25.",0,Attack,C,1,0,0,,
3235,life consist of nothing but creations,to me this is a simple one evolution all the way,0,Attack,C,1,0,0,,
514,UKIP and the Greens are the only parties to date that haven't screwed us all over.,A poll showed that only 26% said the PM was in touch with the lives of ordinary voters.,1,Support,C,0,1,0,,
2125,"As far as immigration is concerned all Ukip want is a level playing field for non EU migrants and to control the numbers so, if anything, Ukip are too soft on immigration.",Co-author Peter Bone said such measures would win back voters from UKIP.,2,No Relation,C,0,0,1,,
2760,from the above linked paper by peter irons i quote the followingpeter ironsin an undoubtedly unintentional slip which they may well regret the di authors have effectively given away the store with their concession that under the lemon test all that was necessary for judge jones to determine that an establishment clause violation had occurred was to find that the dover school board members had predominantly religious motivations for enacting their id policy,peter irons article is only one part of the montana law reviews take on this,0,Attack,C,1,0,0,,
946,"Marketing UKIP as ""the people's army"" is a bitter irony.",Mr Farage said Mr Murdoch was a remarkable bloke but would not comment on what they had discussed.,2,No Relation,C,0,1,0,,
3853,All nations have a right to nuclear weapons,The threat of nuclear weapons falling into the hands of rogue states and terrorists increases as more countries possess them,0,Attack,C,1,0,0,,
1159,Big business will not support UKIP given the devastation that withdrawal from the EU would cause.,"Doing a deal with the Conservatives is not uppermost on our agenda, he says.",2,No Relation,C,0,0,1,,
123,Labour won't have anything to do with UKIP as they are more right-wing than the Tories. ,"The reason for this, he argued is that the three so-called main parties were led by out of touch bunch of college kids who had never done a day's work in their lives.",2,No Relation,C,0,0,1,,
753,UKIP are blatantly disregarding the possibility of man made climate change.,"Mr Farage was challenged on a number of issues - including the party's attitude towards climate change, maternity leave and small businesses, diversity in the party and the European Union.",1,Support,C,0,1,0,,
935,"If UKIP do hold the balance of power and get into government, their only condition will be an in/out EU referendum.",In terms of the number of victories it's a very difficult call.,2,No Relation,C,0,0,1,,
2836,creationism has more solid evidence than   evolution   does,creationism has more solid evidence than   evolution   does,0,Attack,C,0,1,0,,
1491,"The ratio of nutters in UKIP is far higher than in other parties, especially so since they seem determined to take all the Tories' fruitcakes off them.","Mr Hancock denied he was essentially saying the same thing now, insisting he was calling for a change in corporate culture rather than a change in the law or a job creation scheme.",2,No Relation,C,0,0,1,,
2185,If anyone seriously thinks that UKIP will offer some kind of answer to our current problems then I think that they are going to be sadly disappointed.,"Mr Farage will tell members at the conference in London that, by the 2015 general election, UKIP will overtake the Lib Dems in terms of its support base.",2,No Relation,C,0,0,1,,
2966,actually im not simply looking backwards,today july nd  the best solar eclipse of the century took place from india to japan,0,Attack,C,0,0,1,,
582,Hopefully we will see our first UKIP MP before the general elections next year.,He said UKIP was the real party of law and order and he vowed to continue campaigning for them.,1,Support,C,0,1,0,,
1110,"I think Farage makes a much better leader than any of the other parties, he's full of enthusiasm and is not a PR man like the current leaders of the 3 main parties.","He has been selected to stand for the Conservatives in May's European elections for the South West England seat, that also includes Gibraltar.",2,No Relation,C,0,0,1,,
3630,sometimes the state of the education system in the usa makes me cry,sometimes the state of the public education system in the us is downright criminally neglectful,1,Support,C,0,1,0,,
2338,joewe look at the options,joe i do,0,Attack,C,0,1,0,,
2306, public opinion is unimportant to whether creationism belongs in science classes  public opinion does not determine whether creationism qualifies as science,proof why creationism should be taught in schools,0,Attack,C,1,0,0,,
2616,to correct pvms confusionforensic detectives have to figure out the means,and again the design inference is based on our current knowledge that being we have an understanding of what nature operating freely is capable of and we couple that with our knowledge of what designing agencies are capable of,0,Attack,C,0,1,0,,
1912,UKIP are the political manifestation of the local pub bore.,"UKIP recorded their best ever Westminster election performance and brought humiliation to the Conservative candidate, in the process triggering a debate within the party about how to deal with their rivals.",0,Attack,C,0,0,1,,
3725,ten hour tennis marathon,maybe in fancy dress,1,Support,C,0,0,1,,
2602,while i am quite happy with pwning  of the three statements you made i am certainly willing to look at your final claim which references a statement by richard ryals,quite well i am sure,1,Support,C,0,1,0,,
3484,i am always right except when i am wrong,so far you have been nothing but wrong,0,Attack,C,1,0,0,,
3568,on the other hand i am not suprised that marc lives such a short distance away from where it is being built,my thoughts exactly know your audience as they say,1,Support,C,0,1,0,,
3012,but how does the bible self authenticate the verses about four rivers coming out of eden it doesntyou must be joking,youre missing the point about the four rivers,0,Attack,C,1,0,0,,
1344,UKIP are in with the City as much as the other three and I don't like the way they are whipping people up into a frenzy.,She may have deeply divided public opinion but despite her death many in the Conservative Party believe her legacy lives on.,2,No Relation,C,0,0,1,,
1300,"I don't believe Farage is a racist and I don't believe the UKIP policies are racist, but I do think they will be the party that attracts most support from racists.","The UK Independence Party came second in Middlesbrough and Rotherham, and finished third behind the Conservatives in Croydon North.",2,No Relation,C,0,0,1,,
3665,not london for sure,why not london has it all culture fun exhibitions parks what more do you want,0,Attack,C,1,0,0,,
544,"UKIP appeal to the 'working class' and many of the those who have not bothered voting for a long time, come the general election it won't just be the Tories who feel the hit.","Before her appearance on I'm a Celebrity, Ms Dorries annoyed senior figures in her party when she said UKIP was run by arrogant posh boys.",0,Attack,C,1,0,0,,
1429,A strong UKIP vote suggests there's a lot of the British public who aren't on board with the current set-up.,Former Europe Minister Denis MacShane said the EU was Britain's biggest trading partner.,0,Attack,C,0,0,1,,
3000,there is no proof that there even exists a god to begin with so in that case you cant really use that either,read romans chapter ,0,Attack,C,1,0,0,,
1138,UKIP are a joke outfit full of small-minded Neanderthals who think the 1950s are the future.,Labour won more than 20% of the vote in Eastleigh in the 2001 and 2005 elections.,2,No Relation,C,0,0,1,,
3679,nothing is more important than my research time and i just think this is a distraction,are you an empire builder,0,Attack,C,1,0,0,,
3904,I believe that opinion polls harm the democratic process,Opinion polls can lead to tactical voting which may have unintended outcomes,1,Support,C,0,1,0,,
1891,UKIP are not a single issue party anymore; UK Sovereignty is the crux of their party political platform but they've certainly expanded from that singular issue in recent years.,He promised that his party would sing Mr Lynam's humorous version of Send in the Clowns at its South East conference on 8 June.,2,No Relation,C,0,0,1,,
3254,and i guess those differences bring us right back to the atheist vs,aristotle socrates and plato,1,Support,C,0,0,1,,
3993,rarely have i watched and rewatched a movie with such spectacular cinematography,loved the blood splatter on the camera too gave it that feel of being right there with a war correspondent the timing of everything was incredible,1,Support,C,0,1,0,,
1205,UKIP are asking the questions that haven't been asked by the opposition or the media.,Douglas Alexander accused the PM of a shambolic and ill-judged negotiation strategy.,2,No Relation,C,1,0,0,,
2339,joe i do,joewe look at the options,1,Support,C,0,0,1,,
3227,just like pluto orbiting the sun completely and gravity theyre theories but in the scientific way of using the word,aha exactly and we now know that pluto is a planetoid not a planet,0,Attack,C,0,1,0,,
3133,  science   always wants to separate that messy first cell from   evolution   theory,you said tentacles could become legs,0,Attack,C,0,0,1,,
2244,"The sooner we are out of the EU, the sooner we can start making this country great again.",UKIP leader Nigel Farage said the UK had no real control over either the number or the type of migrants that were settling from elsewhere in the EU.,1,Support,C,0,1,0,,
264,If anyone seriously thinks that UKIP will offer some kind of answer to our current problems then I think that they are going to be sadly disappointed.,It's sad how anybody can be offended by a reference to a country that doesn't exist.,2,No Relation,C,0,0,1,,
3968,animal kingdom is better than the town and winters bonei have just seen animal kingdom and wow what an awesome movie it was,i just watched last night and id have to disagree the leads performance in winters bone is on a completely different level,0,Attack,C,1,0,0,,
2986,most of those heavy gasses were filtered out of the atmosphere before life had even emerged and the atmosphere was changed to oxygen long before plants evolved,i had always been taught it was the plants,1,Support,C,1,0,0,,
2969,and what of those who having studied the bible and the physical world determine that the bible has no basis in fact,some people see it as a day to the lord is a  years,0,Attack,C,1,0,0,,
3441, two darwinists spent hours standing at a flag pole trying to find the height of it, there is endless evidence what it is evidence for is for each person to decide,1,Support,C,0,0,1,,
3207,the processes of evolution have been observed,no thats incorrect,0,Attack,C,1,0,0,,
281,"Marketing UKIP as ""the people's army"" is a bitter irony.",Recent polls have suggested a rise in UKIP support amid the eurozone crisis.,0,Attack,C,1,0,0,,
954,The people and media that are criticising UKIP are highlighting the genuine concerns about UKIP and their policies towards immigrants.,Some might dismiss this as wishful thinking from a leader who has always talked a good fight.,2,No Relation,C,0,0,1,,
3076,there are some things human beings were not meant to understand because the god who created this universe is a being who is greater than all of his creation,what proof can you offer that right now we have reached the maximum limit of human knowledge  why is it at this moment that nothing more should be known why not  years ago or  years from nowi am not here to argue scripture on god because the bible tells us that the man who lacks wisdom says that there is no god psalm  verse you do realize that quoting from the bible only works when you are talking with christians,0,Attack,C,1,0,0,,
422,"Arguably, UKIP & co. aspire to destroy the culture created in Europe after WWII, which has been based on openness, free travel, migration and cross-geographic access to goods and labour markets.",He has suggested that such a quick sequence of debates in 2010 took up too much media attention and took some of the gloss off the rest of the campaign.,2,No Relation,C,0,0,1,,
1999,"In UKIP, we have a new political force which looks likely to poll very well in a national election on thursday.","All [the prime minister's] doing is trying to curry favour, he continued.",2,No Relation,C,0,0,1,,
1666,"Whatever you think of UKIP, you've got to admit that Farage is a superb speaker.","He's very outspoken - even the people who don't share his message think that he's a great speaker and fun to listen to, says Soini.",1,Support,C,0,1,0,,
3552,after all these years it still hurts,certainly it does,1,Support,C,0,1,0,,
1774,"The sooner we are out of the EU, the sooner we can start making this country great again.",The Lib Dem leader also argued that being in the EU meant that we keep ourselves safer because we can go after cross-border crime and terrorism and that we can look after the environment in a way which we can't on our own.,0,Attack,C,1,0,0,,
317,A strong UKIP vote suggests there's a lot of the British public who aren't on board with the current set-up.,"Asked on BBC Radio 4's Today programme to respond to David Cameron's comments, Mr Farage said it was right to describe himself as odd because he had actually had a job in the real world.",2,No Relation,C,0,0,1,,
390,"If you want an insight into just how mad and bad UKIP are, go and read what their members, candidates and supporters write on the Telegraph.",He told the BBC that UKIP had leapfrogged the Lib Dems in some opinion polls and the public wantedrespected UKIP as a genuine party.,0,Attack,C,1,0,0,,
3959,its because you have a low attention span and can only handle films with hyperbolic actingaction and constant fireworksexplosions,seriously when people dont like slow films there are always people that say you are incompetent and only like big explosions and big special effects this film tried too hard to be something it wasnt,0,Attack,C,1,0,0,,
3050,the notion that science assumes that theirsic is no creator and then prove it is plainly ridiculous,it is consistent but,1,Support,C,1,0,0,,
3148,you skewed whatever argument you were wishing to present by quoting from the cathoic catechism,any sincere new testament bible studdent knows that there is only one one reliable and true book the bible,0,Attack,C,0,1,0,,
480,Many racists and especially xenophobes find the UKIP message appealing.,"This whole analysis that the UKIP vote purely damages the Conservatives' chances simply isn't true, he said.",2,No Relation,C,0,0,1,,
1325,"The problem with popularism but no substance, like UKIP represent, is that it just results in things getting worse and worse.","During the interview, the business secretary also made a reference to Enoch Powell's Rivers of Blood speech.",2,No Relation,C,0,0,1,,
252,"The sooner we are out of the EU, the sooner we can start making this country great again.","If they perform in May's European Parliament elections anywhere near as well as is widely predicted, that will begin to change.",2,No Relation,C,0,0,1,,
2128,"UKIP are a two trick pony, Europe and immigration that's it.","UKIP are certainly trying to professionalise, to move away from its more amateurish origins.",0,Attack,C,0,0,1,,
2683,i recommend this bookgod in the foxhole by charles sasser not that youll read it but hey its worth a try,in case you didnt see it their was an atheist or two in those foxholes but not for very long hahahasounds like a collection of anecdotal stories made by a biased source,0,Attack,C,1,0,0,,
749,Only an idiot would think a UKIP win would result in withdrawal from the EU the day after.,"Clearly I would have preferred to get more votes but this was always going to be a tough fight for Labour, he said.",2,No Relation,C,0,0,1,,
3351, you shouldnt just blindly repeat things you hear, did you really just say that no scientist can support evolution  the theory of evolution came about from scientific discovery so your statement makes hardly any sense,1,Support,C,0,1,0,,
2022,"In UKIP, we have a new political force which looks likely to poll very well in a national election on thursday.","Mr Farage will tell members at the conference in London that, by the 2015 general election, UKIP will overtake the Lib Dems in terms of its support base.",1,Support,C,0,1,0,,
2900,try and quote the right text next time,luskins opinesas i discussed in my rebuttals to the first two opening statements of the national center for science education ncse some of their common debate tactics includeof course,0,Attack,C,0,0,1,,
2317,i understand why id proponents would like to embrace newton and others as relevant to id,archfilejockey quoted kent hovind as saying asking an atheist why he cant find god is like asking a thief why he cant find a police officer,1,Support,C,0,0,1,,
2167,UKIP are blatantly disregarding the possibility of man made climate change.,"I fear that on climate change and energy policy, political consensus is in danger of breaking down.",1,Support,C,0,1,0,,
2999,you cant prove anything using that same thing you have to use evidences outside of that,there is no proof that there even exists a god to begin with so in that case you cant really use that either,0,Attack,C,0,1,0,,
2151,UKIP are in no way a single issue party and if Labour or the Conservatives were to give us a referendum UKIP would still have a full manifesto that would attract many voters.,"UKIP are certainly trying to professionalise, to move away from its more amateurish origins.",1,Support,C,0,1,0,,
4040,i really liked this movie a lot loved the performances of all the actors and even the story but was not quite convinced with the ending,when i saw the movie the first time yes but after multiple viewings i considered it one of the most satisfying endings i have seen,0,Attack,C,1,0,0,,
3706,i believe a phd is still not really required if you aim a position in the corporate world you should only do a phd if you aim at a career at a univeristy,i disagree with that most of the phd students pursue a career in industry after they finish i read somewhere that only a small percentage of phd students stay,0,Attack,C,1,0,0,,
2181,"UKIP will lead the UK to independence from the oppressive EU, which is the only chance Britain has at restoring its former glory.","They will each have plenty of opportunities to publicly debate the party's performance, and to make the case against the return of Nigel Farage.",2,No Relation,C,1,0,0,,
202,It's a protest vote because (most) people know that UKIP will never net in power.,"It is lazy language, it is old-fashioned, and it is not language we want to hear used by our senior party members.",2,No Relation,C,0,0,1,,
3432, the evidence that supports evolution is not only significantly abundant but predominately irrefutable, who enters into a scientific debate about evolution asking only for opinions are you serious forget opinions,1,Support,C,0,1,0,,
899,The current smear strategy against UKIP is not pulling people back but pushing them towards UKIP and if this carries on then things are going to be a lot tighter by the time the general election comes.,He later joined UKIP and acted as its Commonwealth spokesman in 2013 but quit the party in December.,2,No Relation,C,0,0,1,,
3880,The US should ban cluster bombs,Cluster Bombs Are Inconsistent With International Law,1,Support,C,0,1,0,,
3240,nothing appeared its very simple,contrary to some belief evolution doesnt conflict with creationismyou just have to read the first story of the bible adam and eve in a less literal sense,1,Support,C,0,0,1,,
2130,UKIP will not improve public services.,"UKIP warn that long-term youth unemployment is already among the highest in Europe and pressure on job markets from further migration could lead to social unrest, with local authorities and public services unable to cope.",0,Attack,C,1,0,0,,
318,"The momentum is definitely with UKIP at the moment, hopefully that will continue with the up and coming by-elections.","And for supporters on the right, UKIP can claim to offer the real deal Conservative cordial, rather than what they see as the diluted squash of coalition.",1,Support,C,0,1,0,,
545,"UKIP are just trying to stir up fear, using peoples fears and prejudice to gain votes so that they can get their snouts into the trough.","We can only stir it up because it is already there, red hot and seething against us.",0,Attack,C,0,1,0,,
4003,one million voters disagree with you what do you think they saw in this movie that you did not,yes completely agree i loved this film watched it twice on successive nights what a clever storyline and full marks to sam rockwell wonderful actor,1,Support,C,0,1,0,,
540,The only reason we are even having a sensible debate about Europe are UKIP.,Mr Neville added that he was a big supporter of gay marriage and said he believed the government was right to seek to legalise it in England.,2,No Relation,C,0,0,1,,
952,The success Ukip had in the european elections will be sufficient to galvanise one or preferably all the other parties to rid us of the EU's political influence.,The party currently has 19 councillors in local authorities in England - not including town and parish councils.,2,No Relation,C,0,0,1,,
3482,evolution is the method that god used to create all things,well the point about evolution is that it does not need a god to tinker with it,0,Attack,C,1,0,0,,
2177,"The UKIP party is a populist party at the right end of the spectrum, which exploits people's fears of the foreign and unknown.",Mr Cameron has promised an in/out referendum after he has negotiated the return of some powers - so far unspecified - from Brussels.,2,No Relation,C,0,0,1,,
1974,"Ukip has British values, wants to get British industry kick started back to the fore front again, become more self-sufficient.","He also warned that if a proposed referendum led to the UK leaving the EU, there would be dire consequences for the country's global influence.",0,Attack,C,1,0,0,,
3889,I support the truth and reconciliation commission,The reconciliation process provides access to justice in post conflict states,1,Support,C,0,1,0,,
2949,its not that cut and dried,its not that cut and dried,0,Attack,C,0,1,0,,
4031,i didnt watch the last  minutes the movie was giving me a headache,ok so i thought it was only me but after watching this movie i had a massive headache also i thought the movie was terrible it was all over the damn place and difficult to follow,1,Support,C,0,1,0,,
2854,lets talk about cricks statement biologist must constantly keep in mind that what they see was not designed but rather evolved,the bottom line is some interpretations of evolution leave little room for a caring god,0,Attack,C,0,1,0,,
138,"Even a UKIP European candidate, Janice Atkinson, another ex-Tory, admits leaving the EU would be problematic.","In his weekly phone-in show on LBC radio last week, Mr Clegg described the Lib Dems as the party of 'in', meaning it was the most pro-European of the major parties at Westminster.",1,Support,C,0,0,1,,
1199,Labour won't have anything to do with UKIP as they are more right-wing than the Tories. ,Local Conservatives do not share the national party's enthusiasm for the idea.,2,No Relation,C,0,0,1,,
3087,but what have ancient scriptures ultimately proven,include the transmission of the biblical text,1,Support,C,1,0,0,,
2012,"I don't necessarily think Nigel Farage is worthy of PM, I think they need a new leader.",They seemed very thankful to have the colourful Nigel Farage back as party leader.,0,Attack,C,1,0,0,,
2366,if you are going to comment on something in   science   you need to back it up with actual data,first i believe that religion is manmade as are christ buddha mohammed et al,0,Attack,C,0,0,1,,
4053,the only good thing in this movie was dr schultz after that it was a yawn fest,you must have bad taste in movies,0,Attack,C,1,0,0,,
358,"I voted Tory for 30 years and started supporting UKIP because I want a sovereign, democratic , well governed Britain with Britain put first and its getting clearer by the day that the old Liblabcon parties will not do that.","Mr Farage added that he believed voters are beginning to see UKIP as more relevant to their lives, and said the party would become the third force in British politics and top the poll at the European elections in 2014.",1,Support,C,0,1,0,,
3417, there is positive evidence against macroevolution, there is eye witness reproducable evidence for micro evolution or change within a species which is irrefutable,1,Support,C,0,0,1,,
3199,ive studied a lot of biology and to me evolution has indeed been proved,maths is the only branch of science that offers  proof of its arguments,1,Support,C,1,0,0,,
1201,The reason why UKIP has gained so many votes is because the main parties refuse to deal with immigration and the EU.,The by-election was caused by the conviction of former Labour MP Eric Illsley for dishonestly claiming parliamentary expenses.,2,No Relation,C,0,0,1,,
1660,"Ukip is the only party advocating withdrawal from the failing EU, a sensible idea for a lot of people!",Amjad Bashir was responding to comments on Wednesday's Daily Politics from ex-deputy PM Lord Heseltine that UKIP was a racist party.,0,Attack,C,0,0,1,,
3744,suits is good but certainly not the best characters are pretty cool but plot and dialogue can be a bit cheesy sometimes unless dwight is a senior partner,and also bad acting,1,Support,C,0,1,0,,
1486,"UKIP is not at all taking into account the financial effects of their only real policy, leaving the EU.","The charge put by its deputy leader David Campbell Bannerman when he defected to the Conservatives in the wake of the May elections was that UKIP remained, at heart, a single issue pressure group.",1,Support,C,0,1,0,,
1394,Big business will not support UKIP given the devastation that withdrawal from the EU would cause.,Police and crime commissioners will be tasked with cutting crime and delivering an effective and efficient police service in their force area.,2,No Relation,C,0,0,1,,
683,Hopefully we will see our first UKIP MP before the general elections next year.,"As UKIP celebrates its 20th anniversary with its annual conference on Friday, City spokesman Steven Woolfe said it had grown tremendously.",1,Support,C,0,1,0,,
3498,i enjoy written debates very much and i am trying to show how evolution can establish atheism in the us government,and you have been failing miserably partly because your definition of atheism is asinine,0,Attack,C,1,0,0,,
868,"Much of UKIP's meteoric rise has to do with political correctness, and the fact that ordinary people are sick of it.","Around a dozen men, who accused the government of being complicit in their torture overseas, are in line for millions of pounds of compensation.",2,No Relation,C,0,0,1,,
2758,ids designer wink wink is just an evolved concept just like creationist became cdesign proponentist to design proponent,judge jonesalthough we have found that defendants conduct conveys a strong message of endorsement of the board members par ticular religious view pursuant to the endorsement test the better practice in this circuit is for this court to also evaluate the challenged conduct separately under the lemon test,0,Attack,C,0,1,0,,
3835,We should fear the power of government over the internet,Internet regulation is a euphemism for censorship,1,Support,C,0,1,0,,
871,"The core of UKIP seem pretty much right wing, so you can expect those polices to be similar to the current conservative ones which will drive the left leaning voters away in droves. ","Once again, they lost their deposit, narrowly failing to secure five percent of the vote.",2,No Relation,C,0,0,1,,
921,"UKIP are a two trick pony, Europe and immigration that's it.","Yes, it was the party's best by election performance ever, but it was also its fourth second place finish inside two years in a race for a Westminster seat.",2,No Relation,C,0,0,1,,
4038,i cant believe that a great film like this can receive such a low rating while the likes of shawshank redemption and batman sit comfortably in the top  list of the entire website,i understood the film just thought it was poorly done,0,Attack,C,1,0,0,,
212,"The greens and ukip provide encouragement for labour and conservatives alike to address some issues people care about, albeit only lip service to retain votes mainly.","It is not just about UKIP it's that the British people are as interested and concerned about Europe, as they are about the economy, as they are about immigration.",1,Support,C,0,1,0,,
1033,"My observation is that UKIP often are reluctant to directly answer any questions of substance, which can be accounted for by the fact that they really have no policies.",They spoke after aDaily Politics film on what happens to MPs after office.,2,No Relation,C,0,0,1,,
3562,it was a pretty clear rebuttal of the idea that the toe breeds social elitism marxism and nazisim,which although a very good point when it comes to refuting creationist claptrap is not even the major issue of this forum,1,Support,C,0,1,0,,
1522,"UKIP is not an isolated phenomenon: France has Le Pen, Germany has AfD, and all of these have in common that they are nationalist, anti-European, and more right than mainstream conservative parties.","Conservative party vice chairman Michael Fabricant said the party had struggled to present a distinctive message during the Eastleigh election, saying UKIP had managed to connect with traditional blue-collar Tory voters on issues such as crime and immigration in a way the Conservatives had not.",2,No Relation,C,0,1,0,,
3713,usually the best city in every country is the capital so i would go for madrid ,i agree if you were to visit only one city in spain madrid would be it,1,Support,C,0,1,0,,
2452,in fact the history of life shows a pattern of explosions where new fossil forms come into existence without any clear evolutionary precursors concurring with design theory that predicts that species might appear abruptly,in fact the history of life shows a pattern of explosions where new fossil forms come into existence without any clear evolutionary precursors concurring with design theory that predicts that species might appear abruptly,1,Support,C,0,1,0,,
2056,UKIP are not a single issue party anymore; UK Sovereignty is the crux of their party political platform but they've certainly expanded from that singular issue in recent years.,"On Labour's opposition to benefit cuts being rolled out as part of the deficit reduction programme, Mr Cameron is expected to say they are patronising people, patting them on the head and putting a benefit cheque in their hands.",2,No Relation,C,0,0,1,,
3776,no the area is a visual area and needs to be thinner that two millimeter,yes an aesthetical area needs a smaller thickness,1,Support,C,0,1,0,,
900,Should ukip get into government it would be fair to assume that we'll see a whole raft of right-wing policies as actual government policy.,Fellow MEPs David Campbell Bannerman and Gerard Batten have also said they will contest a future election contest - expected to take place in November.,2,No Relation,C,0,0,1,,
2182,UKIP's proposals on membership in the EU and migrants are at best purely demagogic: they do not take into account facts and more general issues.,It comes as William Hague ruled out an electoral pact with UKIP.,2,No Relation,C,0,0,1,,
507,"I don't think most people realise the benefits of free trade at all, and UKIP capitalise on peoples ignorance of the benefits of free trade as much as they can.","MEP Godfrey Bloom, who was recorded using the phrase, said he had subsequently realised it could be interpreted as pejorative.",2,No Relation,C,0,0,1,,
3637,the greek islands have a few of the most beautiful beaches in the world i highly recommend visiting corfu and santorini,santorini is very beautiful but the waters there are very cold i recommend cyprus instead,0,Attack,C,1,0,0,,
1500,"UKIPs main issue has always been the EU, immigration has just been the bit that highlights what a failure the project has been.","UKIP's local election manifesto, concentrates on its flagship policy of ending open door immigration and putting pressure on the government not to lift restrictions on workers from Bulgaria and Romania on 1 January, which proved a successful formula in Eastleigh.",1,Support,C,1,0,0,,
1459,UKIP doesn't need to win power to force the changes people want.,But he said there were still major differences such as grammar schools and windmills dividing the Conservatives and UKIP as he spoke to Jo Coburn about talks of a pact suggested by Conservative MP Michael Fabricant.,1,Support,C,0,0,1,,
3579,to travel along the logic of the singularity expanding it is obvious that the singularity is what we have today,yes in a way we are in the same thing that existed way back then it has just expanded since then so its much bigger now,1,Support,C,0,1,0,,
3099,agreed  percent  this is my frustration with people who want to find every possible motive to discredit creationism they seem to want everyone to accept their viewpoints without question while they seemingly want to question and discredit anyone who does not see from their points of view,god created the universe therefore god created   science  ,0,Attack,C,0,1,0,,
1920,UKIP is not at all taking into account the financial effects of leaving the EU: Europe is the main market for the UK. ,"Conservative party vice chairman Michael Fabricant said the party had struggled to present a distinctive message during the Eastleigh election, saying UKIP had managed to connect with traditional blue-collar Tory voters on issues such as crime and immigration in a way the Conservatives had not.",2,No Relation,C,0,0,1,,
1791,"I don't necessarily think Nigel Farage is worthy of PM, I think they need a new leader.",Dr North does have other reservations about Nigel Farage - including what he sees as his lack of political acumen.,1,Support,C,0,1,0,,
1000,The people and media that are criticising UKIP are highlighting the genuine concerns about UKIP and their policies towards immigrants.,But Mr Nattrass said this was untrue and accused the leadership of stupid and childish behaviour.,2,No Relation,C,0,0,1,,
3317, evolution is an embarrassment to science, im voting no based on the title of the debate and its relationship to the explanation,1,Support,C,0,0,1,,
1798,Plenty of survey's have shown UKIP to be the most hated of the main parties.,The group suggest that within five years UKIP will have more members than the Tories at the current rate of attrition.,0,Attack,C,1,0,0,,
1044,If the other parties do tackle the issues of EU and immigration I'll be more than happy to see UKIP disappear.,"And at by elections voters are not choosing a government - they can shout loudly and protest, safe in the knowledge that it won't change the person who lives in Downing Street.",1,Support,C,0,0,1,,
907,"Labour should be running scared of UKIP, now the working class are starting to realise that Labour is for middle class socialists and the public sector.",The latest debate over a vote was prompted by David Cameron penning a Daily Telegraph article.,2,No Relation,C,0,0,1,,
3709,great i loved him a fantastic actor,indeed he was amazing,1,Support,C,0,1,0,,
2671,the whole point of bringing up the eye example is to demonstrate that id is an actual theory and not a simple example in which someone proclaims that something is too complex based on their own judgements,natural selection isnt random,1,Support,C,1,0,0,,
2300,schools should not teach theories that are completely at odds with each other,because students are impressionable if you teach them the literal truth of genesis as science they may well believe you,1,Support,C,0,1,0,,
2665,according to its advocates the designer responsible for intelligent design in biology could be any sort of creative intelligence capable of engineering the basic elements of life,complexity is the more the norm than the exception,0,Attack,C,0,0,1,,
1179,If you want to understand why UKIP is extreme look at the extreme elements it attracts including far-right Hitler-apologists like retep and anti-semites like your friend in Stocksbridge.,He defended the government's efforts to address the so-called pull factors attracting people to the UK such as access to benefits and other public services.,2,No Relation,C,0,0,1,,
1148,"Marketing UKIP as ""the people's army"" is a bitter irony.","In opposition, Mr Cameron promised to hold a referendum on the Lisbon Treaty amending the EU constitution but, once in power, said he was unable to do so because it had already been ratified.",2,No Relation,C,0,0,1,,
1602,"The sooner we are out of the EU, the sooner we can start making this country great again.",The committee said the EU had helped to transform Europe from a continent of war to a continent of peace.,0,Attack,C,1,0,0,,
1646,"Europe is no longer fit for purpose and we'd do better to be out than in, plus save a whole load of cash.","Over three million jobs in this country, directly or indirectly, depend on us being in the EU, so that is a big choice.",0,Attack,C,1,0,0,,
1821,UKIP doesn't need to win power to force the changes people want.,Their debate followed a Daily Politics flim looking at a possible pact between UKIP and the Tories.,1,Support,C,0,0,1,,
2764,pt,instead this appears to be an abuse of copyright without an argument on crowthers part,0,Attack,C,0,0,1,,
4000,you are right it should be a nine stars hands down,that was my rating this film is superior in every respect and most of all its ideas,1,Support,C,0,1,0,,
438,"In UKIP, we have a new political force which looks likely to poll very well in a national election.",UKIP's Nigel Farage said the surge in support for his party was not a freak result but a continuation of a trend which had seen it rise in the national polls.,1,Support,C,0,1,0,,
3202,st evolution does not require dramatic mutation,yesit has been proved we live in a sciencefi world and if we dont believe in science it is foolishness,1,Support,C,0,1,0,,
3641,this could not be more far from the truth because running is more intense the general health benefits are higher within reason more pain is more gain,jogging is just as good as walking but it is done at a faster pace which results in higher impact on your knees hips and other joints,0,Attack,C,1,0,0,,
3917,We should negotiate with terrorists,Negotiation encourages more terrorism,0,Attack,C,1,0,0,,
2976,is often confused for rhetoric,the point of the debate is to set up a straw man that the world was created in six days that antichristians can knock down,1,Support,C,0,1,0,,
1120,"In fact, all UKIP seems to talk about now is withdrawl from the EU without any genuine policy around UK's domestic economy.","UKIP MEP candidate Diane James, who came close to winning the Eastleigh by-election in March, said Mr Wheeler's comments had been taken totally out of context and the party was being picked on.",2,No Relation,C,1,0,0,,
3343, i believe its right, if we werent continually evolving most of us  wouldnt be offended by the way the rest are degenerating,1,Support,C,0,1,0,,
1266,"The UKIP mainstay vote is in normal working people because they never voted for 4 million immigrants, they never voted for Multiculturalism.","Mr Silvester, a Christian, defected to UKIP from the Conservatives in February last year in protest against the government's decision to introduce same-sex marriages.",2,No Relation,C,0,0,1,,
35,If anyone seriously thinks that UKIP will offer some kind of answer to our current problems then I think that they are going to be sadly disappointed.,"In an interview with the Guardian, Mr Farage defended UKIP as a party where we've got some eccentrics, but we are addressing the people's real worries.",0,Attack,C,1,0,0,,
504,UKIP are in no way a single issue party and if Labour or the Conservatives were to give us a referendum UKIP would still have a full manifesto that would attract many voters.,"UK Independence Party leader Nigel Farage has launched his party's local election manifesto, saying it is far more than just a call for a referndum.",1,Support,C,0,1,0,,
2189,"UKIP is certainly NOT racist or xenophobic - if you, as I'm you have done, read our policies on the website there is no suggestion of this at all, it is more a rumour and conspiracy of the lefties. ",The conference will run until Saturday.,2,No Relation,C,0,0,1,,
3828,Bribery is sometimes acceptable,Bribery is sometimes necessary for survival,1,Support,C,0,1,0,,
2500,it is also possible to detect design by reading what other experts say about socalled experts,michael behe may be best known for his book darwins black box and to a lesser extent its sequel the edge of evolution,1,Support,C,0,0,1,,
927,UKIP are asking the questions that haven't been asked by the opposition or the media.,It had poured more resources - and candidates - into Thursday's contest in the hope of capitalising on strong performances in recent Westminster by-elections.,2,No Relation,C,0,0,1,,
3681,but if we get this right we will waste less research time with dodgy students we wish we had rejected at interview,but interviews basically do not work very well,0,Attack,C,1,0,0,,
3872,We should create a United Nations standing army,A United Nations standing army is unnecessary,0,Attack,C,1,0,0,,
2577,i dont think anyone who feels limitations should be brought to light about a theory is a   creationist  ,the actual limitations that creationists try to bring to light are nonsense,0,Attack,C,1,0,0,,
194,"Marketing UKIP as ""the people's army"" is a bitter irony.","In response to the direct question, whether or not you were a Member of the House of Lords, you said Yes, but without the right to sit or vote.",2,No Relation,C,0,0,1,,
1628,"UKIP is certainly NOT racist or xenophobic - if you, as I'm you have done, read our policies on the website there is no suggestion of this at all, it is more a rumour and conspiracy of the lefties. ","Of course it is racist, the language, the rhetoric, the membership, who doubts it?",0,Attack,C,1,0,0,,
460,If you want to understand why UKIP is extreme look at the extreme elements it attracts including far-right Hitler-apologists like retep and anti-semites like your friend in Stocksbridge.,Council leader Peter Martin said the party aimed to develop quality services for the people of Essex.,2,No Relation,C,0,0,1,,
2659,no id does not claim the designer is human like but since humans are the only known intelligence that is the only thing they have to compare id to,science is testable,0,Attack,C,1,0,0,,
354,I think a lot of UKIP supporters would be outraged if one of the consequences of leaving the EU was to price them out of buying virtually any of today's niceties.,Expect them to stress the awfulness of Labour's 2009 performance.,2,No Relation,C,0,0,1,,
107,"I and many others will be voting UKIP not because of a handful of people that have said stupid things, it will be because I identify and agree with their overarching principles.","Italy - like the UK - had offered no places at all, the organisation said.",2,No Relation,C,0,0,1,,
1164,It's a protest vote because (most) people know that UKIP will never net in power.,So I am very honoured to have been appointed Treasurer and I shall do my very best in both helping to raise money for the party and in the management of its financial affairs under Nigel Farage as leader and Steve Crowther as executive chairman.,2,No Relation,C,0,0,1,,
2320,science is ultimately based on the scientific method which is used to support and confirm physical and chemical laws,grayling explains in his review of fullers latest book quite well how id is doomed to remain scientifically vacuousfuller has written about popper he seems to forget poppers killer point namely a theory that explains everything explains nothing,1,Support,C,0,1,0,,
2066,It is more likely that Tory voters would vote tactically for UKIP to keep Labour out and that means Labour are at a real disadvantage. ,It was a very comfortable win for Labour who secured over 50% of the vote.,0,Attack,C,1,0,0,,
1756,"I suspect the main reason a new Left party hasn't emerged with similar prominence to UKIP is because UK politics has, like that in the USA, become the plaything of the wealthy.",It comes two weeks after she accused the UKIP leader of bullying and being anti-women and a Stalinist and threatened to leave the party.,2,No Relation,C,0,0,1,,
2952,from here we can see that the bible already is going to not have any sort of  exact meaning,in  when questioned by clarence darrow william jennings bryan stood by the bible,1,Support,C,0,0,1,,
1276,It is because of UKIP that we are finally discussing the European question and about immigration and thank goodness for that.,"It is doing the country serious damage because there are large numbers of potential investors in the UK who would bring employment here, who are being warned off because of the uncertainty all of this is creating.",0,Attack,C,1,0,0,,
2849,take your time id rather have you think about it digest it and respond than give a hasty response which would not help us resolve these issues,the following statement by the employee of ncse is the exact form of inference to the best explanation that id scientists use to demonstrate that there is intelligence behind life,0,Attack,C,0,0,1,,
2544,im not a cell expert but lets expand out to the human body,im not a cell expert either and understanding what behe wrote in his argument doesnt require it because he didnt say anything except cellular machinery is complex therefore it must be designed,0,Attack,C,0,1,0,,
2266,UKIP's proposals on membership in the EU and migrants are at best purely demagogic: they do not take into account facts and more general issues.,Grant Shapps said the revised seats would be right and fair but denied he was in secret talks with the Liberal Democrats to get them through Parliament.,2,No Relation,C,0,0,1,,
3670,electric vehicles,limited range,0,Attack,C,1,0,0,,
1884,"UKIP will lead the UK to independence from the oppressive EU, which is the only chance Britain has at restoring its former glory.","They will each have plenty of opportunities to publicly debate the party's performance, and to make the case against the return of Nigel Farage.",2,No Relation,C,1,0,0,,
2499,mjhowever people do not do such things as design eyes or flagelli,it is also possible to detect design by reading what other experts say about socalled experts,1,Support,C,1,0,0,,
1198,"UKIP are a fairly right wing group as I'm sure will become clear when they actually produce some policies other than the ""its all the eu's"" fault.",He argues such a deal could give the Tories 20-40 additional marginal seats.,2,No Relation,C,0,0,1,,
1161,Plenty of survey's have shown UKIP to be the most hated of the main parties.,"Mr Farage, whose party wants the UK to pull out of the EU, said the budget proposal illustrated how out of touch those running the organisation were.",2,No Relation,C,0,0,1,,
291,UKIP are in with the City as much as the other three and I don't like the way they are whipping people up into a frenzy.,"Asked whether he would seek re-election as leader, he said he would have to decide whether he had the strength to do the job.",2,No Relation,C,0,0,1,,
2676,the reason we dont teach literature in home economics is because those two subject have seemingly absolutely nothing to do with one another,well since they do not it is a true statement,0,Attack,C,0,1,0,,
2626,contribution from joe gjoe ggeez pvm your position that everything comes down to sheer dumb luck is totally vacuous,intelligent design is an idea not a theory,1,Support,C,1,0,0,,
1011,If anyone seriously thinks that UKIP will offer some kind of answer to our current problems then I think that they are going to be sadly disappointed.,The first became memorable because of the temporary surge it brought in Lib Dem leader Nick Clegg's poll rating.,2,No Relation,C,0,0,1,,
321,UKIP are blatantly disregarding the possibility of man made climate change.,And he dismissed wind power and other renewables as playground technology.,1,Support,C,0,1,0,,
1021,Should ukip get into government it would be fair to assume that we'll see a whole raft of right-wing policies as actual government policy.,He was ordered out of the chamber and will face disciplinary measures.,2,No Relation,C,0,0,1,,
3153,i didnt realize how crazy some people were,i wish i could express my support for your comment more fully,1,Support,C,0,1,0,,
859,The more the 'mainstream' parties smear and lie about UKIP the more their support rises.,"UKIP recorded their best ever Westminster election performance and brought humiliation to the Conservative candidate, in the process triggering a debate within the party about how to deal with their rivals.",1,Support,C,0,1,0,,
1402,UKIP are in with the City as much as the other three and I don't like the way they are whipping people up into a frenzy.,"Numbers have fallen to 134,000 from the 253,600 who voted in the leadership election.",2,No Relation,C,0,0,1,,
1714,A strong UKIP vote suggests there's a lot of the British public who aren't on board with the current set-up.,"Nobody below the age of 60 has ever had a chance to have a say on this issue, he said.",1,Support,C,0,1,0,,
3886,Terrorism can sometimes be justified,Terrorism can bring attention,1,Support,C,0,1,0,,
4016,although the production was executed competently this dark fantasy did not suit my taste at all it felt as if a lot of effort was put into telling a story that wasnt worth telling ,yeah it is a dark story but i do think the story is worth telling i was fascinated how the fantasy was told in backdrop of a fight against fascism,0,Attack,C,1,0,0,,
1863,"If we leave the EU we will save billions of pounds which can then be invested in our ailing national infrastructure, notably the NHS.",Former Europe Minister Denis MacShane said the EU was Britain's biggest trading partner.,0,Attack,C,1,0,0,,
741,The success Ukip had in the european elections will be sufficient to galvanise one or preferably all the other parties to rid us of the EU's political influence.,"For a man with a pretty damaged back following his plane crash in 2010, with a pretty unhealthy beer-and-fags lifestyle, he has extraordinary energy.",2,No Relation,C,0,0,1,,
1182,"I don't think most people realise the benefits of free trade at all, and UKIP capitalise on peoples ignorance of the benefits of free trade as much as they can.","Mr Farage was challenged on a number of issues - including the party's attitude towards climate change, maternity leave and small businesses, diversity in the party and the European Union.",1,Support,C,0,0,1,,
2520,why are these two questions always independentbecause   science   as we know it today can only answer one of them,because   science   as we know it today can only answer one of them,0,Attack,C,0,1,0,,
1789,A forensic examination of UKIP's policies would nail once and for all the Establishment lie that they're a bunch of swivel-eyed racists.,There is only one party in this country that can guarantee the people in this country will get a referendum on the EU and that is the Conservative Party.,2,No Relation,C,0,0,1,,
2158,UKIP is the only party that has understood the damage immigration does to the UK and its policies aim at repairing this.,"His comments come as a poll suggests that 56% of people want major curbs on immigration,",1,Support,C,0,1,0,,
3586,probably bought with our taxpayer dollars and that is why jimmie carter got awarded one too,i think you are on to some thing there,1,Support,C,0,1,0,,
891,Cameron had it right and UKIP could tip the balance towards Labour in the crucial marginal seats in the GE where the battle will take place .,"I'm not sure perhaps at the beginning we got across to people that this was about marriages that could take place in register offices, that this was not going to change what happened in church, mosques or synagogues.",2,No Relation,C,0,0,1,,
1282,It's a protest vote because (most) people know that UKIP will never net in power.,"We started with TV debates that were easy to agree, because they were quite controlled, Mr Cameron said.",2,No Relation,C,0,0,1,,
1663,UKIP are a joke outfit full of small-minded Neanderthals who think the 1950s are the future.,"UKIP appears to have struck a chord with many voters on the issue of immigration, campaigning against the relaxation of working restrictions on Bulgarians and Romanians due to come into force in January.",0,Attack,C,0,1,0,,
1393,The reason why UKIP has gained so many votes is because the main parties refuse to deal with immigration and the EU.,"Farage's outspoken speeches in Brussels against what he perceives as euro-nonsense are legendary, both for their wit and passion.",1,Support,C,0,1,0,,
1315,Should ukip get into government it would be fair to assume that we'll see a whole raft of right-wing policies as actual government policy.,"Asked what he would do if the British people voted to remain in the EU, Mr Farage joked that he would have to get a proper job.",2,No Relation,C,0,0,1,,
2529,as much as behes somewhat misleadingyet when lenski tracked down the mutations they tended to be degradative changes ones which destroyed genes or made them less efficient,for example humans have acquired a number of helpful genetic changes in our battle with the malarial parasite over the past ten thousand years,1,Support,C,1,0,0,,
791,A forensic examination of UKIP's policies would nail once and for all the Establishment lie that they're a bunch of swivel-eyed racists.,"That, he said, would present a real challenge to Labour leader Ed Miliband to make it known where he stood.",2,No Relation,C,0,0,1,,
444,"I agree with UKIP on the EU, but the rest of their policies are dangerous right wing bile.","Restrictions on movement of Bulgarians and Romanians within the EU are due to end on 1 January and there have been warnings that the UK could see an influx of migrants, so UKIP might be right to address this problem.",0,Attack,C,1,0,0,,
2929,debates like this do nothing more but cause problems for people who are trying to pursue legitimate alternatives to neodarwinian theory,you have got to be kidding me,1,Support,C,1,0,0,,
2069,The Ukip is only an effect of years and years of fake politics and a lot of radical chic talking nonsense through editorials.,"I believe that what UKIP is doing is vital for this country, and of course the party's financial management is crucial.",1,Support,C,1,0,0,,
3190,this is not a debate on whether you can disprove it or not this is a debate on if in your mind its been proved,this isnt the debate about which makes more sense over a seven day creation or evolution it is one of belief in evolution,1,Support,C,0,1,0,,
1527,It is because of UKIP that we are finally discussing the European question and about immigration and thank goodness for that.,"Mr Cameron also said he did not think it would be right for Britain - or in the national interest - to leave the EU entirely, pointing out that some 50% of nation's trade was with the EU.",0,Attack,C,0,0,1,,
806,"The momentum is with UKIP; Labour, Conservative and Liberal areas are all now vulnerable to them. ","YouGov polling guru Peter Kellner warned people around Ed Miliband, who were contemplating a referendum pledge, that it would be a foolish move.",2,No Relation,C,0,0,1,,
3152,the history of the bible including its compilation by the early church is quite well known,i didnt realize how crazy some people were,1,Support,C,1,0,0,,
3687,apple no comparison there excellent quality longevity of hardware amazing support,way to expensive for what you get the only advantage is maybe the longlife battery but even this is now standard in other laptops too,0,Attack,C,1,0,0,,
237,The people and media that are criticising UKIP are highlighting the genuine concerns about UKIP and their policies towards immigrants.,"They spoke about pay levels, maternity leave and gardening leave in the financial world in a Daily Politics debate with Andrew Neil and Jo Coburn.",2,No Relation,C,0,0,1,,
1188,"Even a UKIP European candidate, Janice Atkinson, another ex-Tory, admits leaving the EU would be problematic.","I feel no animosity towards the Electoral Commission, we understand they have a job to do.",2,No Relation,C,0,0,1,,
2109,UKIP are blatantly disregarding the possibility of man made climate change.,The BBC understands that the prime minister's new policy chief Jo Johnson has had early sight of the pamphlet and it has been passed on to some of his policy groups.,2,No Relation,C,0,0,1,,
2981,read genesis chapter ,im going to ask both creationists and evolutionists to look at the following with a completely open mind for just one minute,0,Attack,C,0,0,1,,
1267,"The People's Army is on the march and UKIP will get Britain back from the Liblabcon, Establishment and MSM political abusers of our country.",The government's introduction of gay marriage legislation has also dismayed many Conservative activists.,2,No Relation,C,0,0,1,,
1892,"UKIPs main issue has always been the EU, immigration has just been the bit that highlights what a failure the project has been.",It comes as William Hague ruled out an electoral pact with UKIP.,2,No Relation,C,0,0,1,,
2847,or that evolution is a process involving randomness and natural selection,you give interesting and complex answers,0,Attack,C,0,0,1,,
735,"I agree with UKIP on the EU, but the rest of their policies are dangerous right wing bile.","UK Independence Party leader Nigel Farage has launched his party's local election manifesto, saying he expects a big increase in its vote.",0,Attack,C,0,0,1,,
3104,we have two different literal interpretations,abraham isaac and jacob belonged to different tribes and were not related but the stories grew together into a collection and the persons were tied together as members of the same family,1,Support,C,1,0,0,,
3854,All nations have a right to nuclear weapons,Humanitarian intervention becomes impossible in states that possess nuclear weapons,0,Attack,C,1,0,0,,
184,"As far as immigration is concerned all Ukip want is a level playing field for non EU migrants and to control the numbers so, if anything, Ukip are too soft on immigration.","He stood down to try to become an MP, but is now back at the helm after a failed general election campaign.",2,No Relation,C,0,0,1,,
1239,"UKIP are an independent party and have shown that their appeal is broad, making big dents in staunchly Labour voting areas as well as the recent bi-election successes.",The veteran Europhile rejected all talk of electoral pacts with UKIP at the next election.,2,No Relation,C,0,0,1,,
15,"The core of UKIP seem pretty much right wing, so you can expect those polices to be similar to the current conservative ones which will drive the left leaning voters away in droves. ","But Mr Cameron dismissed UKIP's showing as a protest by voters and promised to stay true to his principles, which he claimed to be quite disparate from UKIP's.",0,Attack,C,1,0,0,,
3757,undergrads contribute to research,yes and urop is great,1,Support,C,0,1,0,,
1027,UKIP are in no way a single issue party and if Labour or the Conservatives were to give us a referendum UKIP would still have a full manifesto that would attract many voters.,"He spoke later against those who offer easy answers where there are none, such as those who offer the comfort blanket of British destiny - as though we'll always just muddle through.",2,No Relation,C,0,0,1,,
3742,absolutely everybody knows about foursquare but nobody remembers gowalla they offered identical features and also launched on the same day same conference,nice example,1,Support,C,0,1,0,,
349,The reason why UKIP has gained so many votes is because the main parties refuse to deal with immigration and the EU.,He said his views were nothing to do with UKIP and were expressed before he became involved with the party.,2,No Relation,C,0,0,1,,
2579,from a review of explore evolutioncounterclaims follow that seek to undermine the earlier conclusions including the circular reasoning of the molecular clock the potential fabrications of haeckels ontogeny recapitulates phylogeny how differing family trees are created via anatomical and molecular patterns of relationships and the meaning of gaps in fossil evidence,ac grayling responds to steve fullers defence of his book dissent over descent,1,Support,C,0,0,1,,
3995,rarely have i watched and rewatched a movie with such spectacular cinematography,agree completely the action scenes are unparalleled as time has gone on and ive rewatched the film over the years i realise just how exceptional the action scenes truly are,1,Support,C,0,1,0,,
3175,ok so youre saying since youve never seen an ape which is the wrong animal again evolve into a human and never seen god create a human god wins this debate so just because we havent proven were from chimpanzees gives grounds to say god made us theres a huger spectrum out there,she said shes never seen an ape evolve into a human,1,Support,C,0,1,0,,
617,"There's an election next month, UKIP are campaigning on the streets right now, and candidate upon candidate keeps churning out ridiculous (often racist, sexist or homophobic) views.",The nature of the modern Conservative Party Conference reflects its crisis in willing support.,2,No Relation,C,0,0,1,,
1895,UKIP are blatantly disregarding the possibility of man made climate change.,"From the right, fringes of the Conservative Party and UKIP are parroting the arguments of the most discredited climate change deniers, seizing on any anomaly in the climate data to attempt to discredit the whole.",1,Support,C,0,1,0,,
1036,I would hazard that it’s UKIP’s appeal to tradition and “British values” that appeals – it’s a cosy reimagining of a glorious past and taps into the Little England mentality of a large swathe of tory supporters.,Former prime minister Gordon Brown told the Labour Party conference in 2007 that the government would be drawing on the talents of all to create British jobs for British workers.,2,No Relation,C,0,0,1,,
767,"If UKIP want to retain these voters and attract more in a general election then they need to come up with policies other than ""leave the EU"" and ""its all the immigrants fault"".","Natalie Bennett spoke about UKIP polices for the Green Belt, Trident, defence the and economy, with Andrew Neil on the Daily Politics while campaigning in the West Midlands.",0,Attack,C,1,0,0,,
3874,We should use torture to obtain information from suspected terrorists,Terrorist organisations such as Al Qaida do not respect the rights of individuals and the only way to fight fire is with fire,1,Support,C,0,1,0,,
1549,UKIP seems overwhelmingly to be staffed by racists who want to keep people not born in this country outside this country.,Conservative MEP Daniel Hannan said the Tories and UKIP should start having conversations and stop calling each other names.,0,Attack,C,0,0,1,,
1883,"If UKIP want to retain these voters and attract more in a general election then they need to come up with policies other than ""leave the EU"" and ""its all the immigrants fault"".",Mr Farage has successfully broadened UKIP's appeal away from Europe.,0,Attack,C,1,0,0,,
1698,"UKIP are a fairly right wing group as I'm sure will become clear when they actually produce some policies other than the ""its all the eu's"" fault.",UKIP leader Nigel Farage said any members proven to have extreme right wing views would be expelled.,0,Attack,C,1,0,0,,
2857,couldnt atheism be the main reason people have come to embrace a certain type of evolution and object to id the emotions so commonly seen in the rejection of id support this,id may assert but as a science their contributions remain largely with content,0,Attack,C,1,0,0,,
1155,UKIP and the Greens are the only parties to date that haven't screwed us all over.,"In contrast, the Conservatives have seen their membership levels fall.",1,Support,C,0,1,0,,
486,Cameron had it right and UKIP could tip the balance towards Labour in the crucial marginal seats in the GE where the battle will take place .,"Because when it comes to being against Europe, the people prefer, between the original and the copy, they prefer the original.",1,Support,C,0,1,0,,
1518,Plenty of survey's have shown UKIP to be the most hated of the main parties.,UKIP say their message is cutting through regularly.,0,Attack,C,1,0,0,,
3837,We should fear the power of government over the internet,Internet regulation is necessary to ensure a safe internet,0,Attack,C,1,0,0,,
695,"I don't think most people realise the benefits of free trade at all, and UKIP capitalise on peoples ignorance of the benefits of free trade as much as they can.",The Electoral Commission said it accepted the Supreme Court's judgement and it would carefully consider the implications of the judgment for how impermissible donations are dealt with in future.,2,No Relation,C,0,0,1,,
660,UKIP are not rabid racist and not another incarnation of the BNP.,"He also suggested that his party might get its first seats in the UK Parliament at the general election in 2015, and argued it was not just taking votes from the right wing of British politics.",1,Support,C,0,1,0,,
2774,why should i waste more than  seconds attempting to communicate with an ignoramusim asking myself the same thing,of course the disco tute is the discovery of nonsense,0,Attack,C,0,1,0,,
1955,"UKIP is certainly NOT racist or xenophobic - if you, as I'm you have done, read our policies on the website there is no suggestion of this at all, it is more a rumour and conspiracy of the lefties. ",He said it was time for a proper debate about the difference between a refugee - who fears for his or her life - or somebody moving simply for economic benefit.,2,No Relation,C,0,1,0,,
2374,currently   science   feels its accelerating,god stretched out the heavens,0,Attack,C,0,1,0,,
2477,this whole argument is just using flaws in our definitions,needless to say even id proponents have come to realize that id is lacking scientifically speakingfor instance young earth creationist philosopher and id proponent paul nelson is on the record as saying easily the biggest challenge facing the id community is to develop a fullfledged theory of biological design,1,Support,C,1,0,0,,
435,"UKIP are a fairly right wing group as I'm sure will become clear when they actually produce some policies other than the ""its all the eu's"" fault.","In 2010, the Conservatives came second in Eastleigh and now need a 3.6% swing to win.",2,No Relation,C,0,0,1,,
245,"In UKIP, we have a new political force which looks likely to poll very well in a national election.","Prime Minister and Conservative leader David Cameron said his party would not change tack on the economy, immigration or welfare in response to the poor performance, but UKIP seems to be a real danger.",1,Support,C,0,1,0,,
2589,fxl wrote so why arent physicists saying gravity is as well established as the theory of   evolution  it  is obvious isnt it i hope not to be too snarky but the pope finally got around to admitting that  galileo was correct in teaching that the earth revolved around the sun get the gravity connection,it is obvious isnt it i hope not to be too snarky but the pope finally got around to admitting that galileo was correct in teaching that the earth revolved around the sun get the gravity connection,0,Attack,C,0,1,0,,
629,The people and media that are criticising UKIP are highlighting the genuine concerns about UKIP and their policies towards immigrants.,"It is a long overdue step in the right direction to bringing the NHS back round to what it was set up to be, a national health service, not an international service.",2,No Relation,C,1,0,0,,
432,"The momentum is definitely with UKIP at the moment, hopefully that will continue with the up and coming by-elections.","History teaches us that trouble lies ahead when a regime is free to break its own laws with impunity, when it is supported by a puppet court, and when its people are powerless to get rid of it.",2,No Relation,C,0,0,1,,
346,"Labour should be running scared of UKIP, now the working class are starting to realise that Labour is for middle class socialists and the public sector.",More than 80 Tory MPs rebelled earlier this year in demanding a referendum.,2,No Relation,C,0,0,1,,
1481,"Arguably, UKIP & co. aspire to destroy the culture created in Europe after WWII, which has been based on openness, free travel, migration and cross-geographic access to goods and labour markets.",You all think euroscepticism is a right-wing view - it is not.,0,Attack,C,0,0,1,,
2352,the purpose of the spiritual realm has never been to say how but why,science is about how things work,1,Support,C,0,1,0,,
2011,"UKIPs main issue has always been the EU, immigration has just been the bit that highlights what a failure the project has been.",He said his views were nothing to do with UKIP and were expressed before he became involved with the party.,2,No Relation,C,0,0,1,,
1038,UKIP are not rabid racist and not another incarnation of the BNP.,"The justice secretary was asked about the threat to Tories from the eurosceptic party, and a BBC/Comres survey showing it was attracting disaffected Tories.",2,No Relation,C,0,1,0,,
3025,answers in genesis avoids doing the one thing that might actually lead them to understand the biblical text studying genuine uptodate biblical scholarship that reflects a genuine desire to understand the text rather than impose ones predetermined conclusions on it,i would like your oppinion of my remarks    httpwww,1,Support,C,0,0,1,,
1456,UKIP are in no way a single issue party and if Labour or the Conservatives were to give us a referendum UKIP would still have a full manifesto that would attract many voters.,"Explaining his decision to swap sides, Mr Campbell Bannerman - MEP for the East of England - said UKIP had become obsessed with single issue politics, internal fighting and shouting from the sidelines.",0,Attack,C,1,0,0,,
656,It's a protest vote because (most) people know that UKIP will never net in power.,"Unlike all the others I actually had a job in the real world, for 20 years, Mr Farage said.",2,No Relation,C,0,0,1,,
3939,We should force think tanks to reveal all of their sources for resource funding,Think tanks may become smoke screens for criminal groups,1,Support,C,0,1,0,,
732,"The UKIP party is a populist party at the right end of the spectrum, which exploits people's fears of the foreign and unknown.",The word slut has different meanings to different generations.,2,No Relation,C,0,0,1,,
3081,usher got a bad rap,well once you accept the existence of an all powerful deity then anything is possible,1,Support,C,0,0,1,,
1053,"UKIP advocates for the UK leaving the European Union which would be a bad idea – but they are trying to leverage on the british people’s need to belong and pride to be british, which further sparks their anti-foreigner standpoint.","In the post-war period, the lowest Commons election turnout was 19.6% when Labour's Hilary Benn won Leeds Central in a June 1999 by-election.",2,No Relation,C,0,0,1,,
2281,teaching creationisms truth is necessary in upholding the truth of the bible,if we are descended from animals then the unique relationship between man and god is undermined,1,Support,C,0,1,0,,
2620,the only way that design could be detected in nature is if there were objects around that werent designed,and one of the reasons why id appears to be lousy theology but what the heck  i am sure iders can find yet another ad hoc explanation for this,1,Support,C,0,1,0,,
1511,UKIP isn't committed exclusively to either right-wing or left-wing ideology and that’s a very good place to be.,Some Conservative backbenchers have suggested a deal with UKIP is necessary to avoid splitting the right-wing vote and allowing Labour leader Ed Miliband into Number 10.,0,Attack,C,1,0,0,,
538,"The country faces more than two big issues, which is where Ukip come apart at the seams in an incoherent bunch of right wing horse shit from whatever Think Tank came along at the time.",Conservative Party Chairman Grant Shapps said he was delighted to welcome her to his party.,2,No Relation,C,0,0,1,,
1662,Plenty of survey's have shown UKIP to be the most hated of the main parties.,"Conservative party vice chairman Michael Fabricant said the party had struggled to present a distinctive message during the Eastleigh election, saying UKIP had managed to connect with traditional blue-collar Tory voters on issues such as crime and immigration in a way the Conservatives had not.",2,No Relation,C,1,0,0,,
3774,nuclear energy is the most efficient once all potential hazards are eliminated,zero co emissions and can now be produced much safer than previous generations,1,Support,C,0,1,0,,
1397,"Any of the ""working class"" who believe UKIP will represent them have not read a UKIP manifesto!",I think Labour will endeavour to manipulate the issue by offering a referendum and that will obviously cause the government to think how it responds.,2,No Relation,C,0,0,1,,
1374,UKIP and the Greens are the only parties to date that haven't screwed us all over.,"That's not a critic's view of the man who is stepping down as leader of the UK Independence Party after less than a year, but the verdict of Lord Pearson himself.",2,No Relation,C,0,0,1,,
3661,nowadays you ca not find food that is  percent healthy and natural stories do not really make me change my habits just make me hesitate sometimes,but you can find food that is  percent unhealthy and unnatural,0,Attack,C,0,1,0,,
2226,It's a protest vote because (most) people know that UKIP will never net in power.,"All of which means the annual conference in Torquay in September is unlikely to be an easy experience for UKIP, as it searches for someone who does consider themselves good at party politics.",2,No Relation,C,0,1,0,,
2326,highlanderpvm seems unaware randomness and design are mutually exclusive concepts,naming two well known id proponents does not a citation make to support pvms twisted version of id arguments,0,Attack,C,0,1,0,,
1015,If UKIP are wise they will alter their attitude about the NHS and public services in general.,"Under UKIP's plans, migrants would have to provide their insurance details when they registered with a GP and the costs of any treatment would be recovered from insurers by the NHS, which seems like just more admin work",1,Support,C,0,1,0,,
581,"The People's Army is on the march and UKIP will get Britain back from the Liblabcon, Establishment and MSM political abusers of our country.","UKIP, which campaigns for the UK to leave the European Union, said numbers had increased by more than 13,000 to about 32,500 in 2013.",1,Support,C,0,1,0,,
