orig_idx,arg1,arg2,support [true value],support_label,strategy,pred_attack,pred_support,pred_neither,pred_relevance,relevance human labeled
1611,UKIP do have more than Nigel Farage able to deal with media interviews.,"We understand the internal divisions in the Conservative Party that give rise to this sort of debate, the party said.",2,No Relation,C,0,0,1,,
3681,but if we get this right we will waste less research time with dodgy students we wish we had rejected at interview,but interviews basically do not work very well,0,Attack,C,1,0,0,,
1103,Big business will not support UKIP given the devastation that withdrawal from the EU would cause.,There'd always be a very politically incorrect atmosphere that just relaxed everybody.,2,No Relation,C,0,0,1,,
2541,icdesig,we absolutely exclude natural selection as a designerthe real trick is convincing the public that macroevolution is a scientific fact when it has never been observed which is a requirement for sciencei dont know where you get your information but i dont know any id people who include nonid as part of their belief systemlets do this sir lets bring it home to where we live if the human body is not an intelligent design then you tell me what is the definition for an intelligent designwhat is a intelligent design and why is your example an intelligent design   simple straight forward questionwhat is your simple straight forward answer                   bet you cant do it,0,Attack,C,0,0,1,,
270,If UKIP is really the best our country can do for an alternative then we are all doomed.,"The Labour candidate Emma Lewell-Buck won the South Shields contest with 12,493 votes - the vote was triggered by the resignation of former Labour foreign secretary David Miliband as an MP.",2,No Relation,C,0,0,1,,
1085,The people and media that are criticising UKIP are highlighting the genuine concerns about UKIP and their policies towards immigrants.,"Mr Farage is understood to have fallen out with the main author of the manifesto, MEP David Campbell Bannerman, who has subsequently rejoined the Conservative Party.",2,No Relation,C,0,0,1,,
1507,It's a protest vote because (most) people know that UKIP will never net in power.,"I have absolutely no sympathy for the rent-a-mob protesters, the Swampies and the Occupy Movement and the anti-capitalists and eco-freaks who have sought to hijack the Balcombe protest, he said to cheers from supporters.",2,No Relation,C,0,0,1,,
624,If anyone seriously thinks that UKIP will offer some kind of answer to our current problems then I think that they are going to be sadly disappointed.,"According to accounts for 2009, filed to the Electoral Commission, UKIP raised Â£1,221,422 and spent Â£1,201,617 on campaigning.",2,No Relation,C,0,0,1,,
2393,on pandasthumb nick matzke whose contributions to dover v kitzmiller were instrumental in the stunning defeat of intelligent design and whose contributions to exposing the fallacies in behes arguments as well as the extent of ignorance of science amongst id proponents has caused much concern amongst id proponents so much that in general they have chosen to pretend in a typical creationist fashion that matzkes arguments do not exist,i read the entire article,0,Attack,C,1,0,0,,
775,It is because of UKIP that we are finally discussing the European question and about immigration and thank goodness for that.,"Asked about UKIP's future, Mr Titford said he was convinced the party would build on existing support to become a significant force in the British political landscape.",1,Support,C,0,1,0,,
2933,feel free to respond,you say this and yet you use a computer,1,Support,C,0,0,1,,
3510,then a man who needs an artifical heart to survive is a new species of man that is the analogy i gave and you ignored,and well he should have ignored it your analogy is nonsense,0,Attack,C,1,0,0,,
201,The current smear strategy against UKIP is not pulling people back but pushing them towards UKIP and if this carries on then things are going to be a lot tighter by the time the general election comes.,Mr Farage has previously said any Tory pledge must be written in blood.,2,No Relation,C,0,0,1,,
882,"Labour should be running scared of UKIP, now the working class are starting to realise that Labour is for middle class socialists and the public sector.","Because what we have done, we have thrown clothes off and they have picked them up and put them on.",2,No Relation,C,0,0,1,,
4011,did anybody else find the twist a bit silly i did it was shocking and unexpected alright but also so random ,i dont know how anyone can watch this movie and not understand the mastery of revenge they had just witnessed it couldnt have been more perfect,0,Attack,C,1,0,0,,
2736,tj again only valid if you trust judge jones and judge jones is really only the aclu in disguise because of how much he copied from them,tji dont believe the  similarity in the aclus submission and the judges analysis was a lucky or freak coincidence im illinformed because i think he copied it rightyou seem to be ill informed about both the extent as well as the relevance of this so called copying,0,Attack,C,1,0,0,,
1862,"The sooner we are out of the EU, the sooner we can start making this country great again.",UKIP plans to field candidates in the majority of November's contests across England and Wales and could take advantage of an expected low turnout to win in some areas.,2,No Relation,C,0,0,1,,
1649,"UKIP are a two trick pony, Europe and immigration that's it.","Explaining his decision to swap sides, Mr Campbell Bannerman - MEP for the East of England - said UKIP had become obsessed with single issue politics, internal fighting and shouting from the sidelines.",1,Support,C,0,1,0,,
822,"There's an election next month, UKIP are campaigning on the streets right now, and candidate upon candidate keeps churning out ridiculous (often racist, sexist or homophobic) views.",A UKIP candidate in Somerset was suspended from the party on Tuesday after a photo of him apparently making a Nazi-style salute appeared on his Facebook page.,1,Support,C,0,1,0,,
3945,Transparency is necessary for security,Transparency is a good in and of itself,1,Support,C,0,1,0,,
2299,teaching creationism is comparable to teaching flat earthism,schools should not teach theories that are completely at odds with each other,1,Support,C,0,1,0,,
875,UKIP are a joke outfit full of small-minded Neanderthals who think the 1950s are the future.,"We have really connected with voters in this constituency, Farage told the BBC.",0,Attack,C,1,0,0,,
2993,so god is not omniscient,is god all powerful no because he gave that up when he gave mankind free will,1,Support,C,0,1,0,,
2456,discovery institute quote mines mayrwhat one actually found was nothing but discontinuities,i was going to post a long reply discussing each quote in detail but i decided this was so much simpler,1,Support,C,0,0,1,,
2315,i surely intend to do so but these issues go beyond questions of policy,you said id has failed to contribute in any meaningful mannerwrong  newton pascal einstein and many others put stock in the id theory,0,Attack,C,0,0,1,,
335,"As far as immigration is concerned all Ukip want is a level playing field for non EU migrants and to control the numbers so, if anything, Ukip are too soft on immigration.",He became the party's deputy leader last year.,2,No Relation,C,0,0,1,,
3105,abraham isaac and jacob belonged to different tribes and were not related but the stories grew together into a collection and the persons were tied together as members of the same family,i am a strong believer in the authority and inspiration of the word of god,0,Attack,C,1,0,0,,
3756,but if we get this right we will waste less research time with dodgy students we wish we had rejected at interview,i fully agree,1,Support,C,0,1,0,,
1863,"If we leave the EU we will save billions of pounds which can then be invested in our ailing national infrastructure, notably the NHS.",Former Europe Minister Denis MacShane said the EU was Britain's biggest trading partner.,0,Attack,C,1,0,0,,
2330,highlanderi am sure that highlander is familiar with the  foundational works of behe and dembskiboth rely on the absence of science being  able to explain a particular feature to infer design,your cites are worthless as defenses of your claims behe  dembski define id as an absence of science  what pages  what wordsdo you really think thats a clever proof of anything  you are not being very honest here pvm,0,Attack,C,1,0,0,,
2853,idnetto comment on whether id has merit or not it is minimally necessary that people be properly informed of the arguments involved,lets talk about cricks statement biologist must constantly keep in mind that what they see was not designed but rather evolved,0,Attack,C,0,1,0,,
2649,just when you think you have seen and heard it all the landons  eonic effect pops up again,may as well get to work on it,1,Support,C,0,0,1,,
1501,"Even a UKIP European candidate, Janice Atkinson, another ex-Tory, admits leaving the EU would be problematic.","Mr Miliband, 47, who has an an American wife, is leaving the UK to become chief executive of the International Rescue Committee in New York.",2,No Relation,C,0,0,1,,
1191,The reason why UKIP has gained so many votes is because the main parties refuse to deal with immigration and the EU.,"Bhutto's gang were behind a high-profile kidnapping in Karachi in 2004 and he then took a Â£56,000 ransom payment in Manchester.",2,No Relation,C,0,0,1,,
3355, we have similar dna to a cabbage is that just because god was having a good joke with his angel mates, evolution is true im a christian but im not in denial adam and eve is a load of sh   its probably meant to be symbolic and easy to understand for the people of the day remember that was over  years ago,1,Support,C,0,1,0,,
4025,this film is the poster child for hollywood greed at work its a depressing plot devoid of compassionate characters i mean they kill a child in this movie who finds that entertaining,i started posting a riposte to your ridiculous message then i stopped and deleted it either youre taking the mick or you are an idiot either way i dont care,0,Attack,C,1,0,0,,
3832,Bribery is sometimes acceptable,Variation in standards leads to a race to the bottom of corruptibility,0,Attack,C,1,0,0,,
2551,ok whatever dude,icdesign is suddenly not interested in hearing about science anymore,0,Attack,C,0,0,1,,
3841,The voting age should be lowered to sixteen years,No taxation without representation,1,Support,C,0,1,0,,
2223,"UKIP will lead the UK to independence from the oppressive EU, which is the only chance Britain has at restoring its former glory.","In contrast, the Liberal Democrat's Bill Newton Dunn quit the Tories in protest at its increasing hostility to Europe.",0,Attack,C,0,0,1,,
2591,richard dawkins and victor stenger argue that the existence of a creative superintelligence or god are scientific questions,the first point stressed in my college biology class was in fact that we as scientists cannot ascribe purpose to chemical and biological functions,0,Attack,C,1,0,0,,
1927,"If we leave the EU we will save billions of pounds which can then be invested in our ailing national infrastructure, notably the NHS.","That said, Lord Davies told peers the bill was an excellent idea, because he was quite confident that any such inquiry would decide that the benefits of EU membership outweigh the costs.",0,Attack,C,1,0,0,,
1460,UKIP is the only party that has understood the damage immigration does to the UK and its policies aim at repairing this.,"And there's quite a lot of them, he added.",2,No Relation,C,0,0,1,,
3471,you need not be far left to support reasonable gun regulation,suckers bet i think so you antis are so damned scared of guns you do not havea clue of how to commit a murderous domestic terrorist act of that nature,0,Attack,C,1,0,0,,
2645,you have such books written as the consipiracy of ignorance by martin gross,it should readtruth is probably the best factor in determining intelligence and one cannot have it without gd,1,Support,C,0,0,1,,
2336,the design inference reached based on our knowledge of what nature operating freely can  cannot do coupled with our knowledge of what designing agencies can do,joe argues that the design inference is disallowed and we agree to the extent that it fails to be scientifically relevant a posteriori but of course it is never disallowed a priori,0,Attack,C,1,0,0,,
2926,i know this sounds crazy but in a weird way im honored to get a response from you,the full drafts were all entered as evidential exhibits with the court and are on file there,0,Attack,C,0,0,1,,
2879,so i decided to check out the actual articles in question and much to my dismay i came to realize that this seemed to be a blatant quote out of context,after reading the points between the ncse and the discovery institute on that claim i am still skeptical of this as well,0,Attack,C,1,0,0,,
3824,European Parliament elections should involve only one voting district all of Europe and not separate country seats,This would undermine national sovereignty,0,Attack,C,1,0,0,,
473,It's a protest vote because (most) people know that UKIP will never net in power.,"The europhile claimed his former party has forgotten the legacy of Churchill, Macmillan and Thatcher, with the PM in terror of the right of his party.",2,No Relation,C,0,0,1,,
693,The only reason we are even having a sensible debate about Europe are UKIP.,"I remember we were in Ypres, it was about 3:00am in the morning, we must have drunk the restaurant completely dry - it was one hell of a session, and I called time.",2,No Relation,C,0,0,1,,
3573,i accept that the theory of evolution explains the observations both gentically represented and those of the fossil record,and it explains observations about morphology and physiology about successions of flora and fauna,1,Support,C,0,1,0,,
3147,i believe that the first chapters of genesis including the ancient history of the hebrew people should be understood within the context of covenant,you skewed whatever argument you were wishing to present by quoting from the cathoic catechism,0,Attack,C,1,0,0,,
151,"I sense that Farage is a total megalomaniac, a charlatan, someone who is in it for the attention and the glory and that in a strange way, that many UKIP voters know this but don't seem to mind.",Nigel Farage understood people want us to do even more for hard-working people.,0,Attack,C,1,0,0,,
4031,i didnt watch the last  minutes the movie was giving me a headache,ok so i thought it was only me but after watching this movie i had a massive headache also i thought the movie was terrible it was all over the damn place and difficult to follow,1,Support,C,0,1,0,,
1489,"The whole UKIP-for-the-working-class narrative is utterly insane since, if we left the EU, the poor would still be competing with cheap foreign labor.","Explaining his decision to swap sides, Mr Campbell Bannerman - MEP for the East of England - said UKIP had become obsessed with single issue politics, internal fighting and shouting from the sidelines.",2,No Relation,C,0,0,1,,
2360,jumpstartwhen materialist impose the supernatural all they are doing is saying somethings are beyond being explained through nature and by science, pvm why would materialists impose the supernatural this just does not make sense,0,Attack,C,1,0,0,,
2722, lets see would these titles copied from the table of contents of the house of representatives report entitled intolerance and the politicization of science at the smithsonian back up you or me  ,have you read the original emails based on which the conclusions were madeyou do understand the meaning of a congressional report by the majority party dont you,0,Attack,C,1,0,0,,
3588,i do not care much either way as long as he never walks around loose again but life in prison is going to cost the taxpayers hundreds of thousands of dollars that money could be better spent in the war on terror,that is why i say kill the bastard,1,Support,C,0,1,0,,
4013,did anybody else find the twist a bit silly i did it was shocking and unexpected alright but also so random ,you are right on all points a very moronic idea for revenge added to this there was no for sure that the guy would even sleep with his kid,1,Support,C,0,1,0,,
2359,  when materialist impose the supernatural all they are doing is saying somethings are beyond being explained through nature and by science,jumpstartwhen materialist impose the supernatural all they are doing is saying somethings are beyond being explained through nature and by science,0,Attack,C,0,1,0,,
427,Many racists and especially xenophobes find the UKIP message appealing.,"According to fellow eurosceptic Dr Richard North, this colourful side of Farage's personality hides something steelier.",2,No Relation,C,0,0,1,,
146,Cameron had it right and UKIP could tip the balance towards Labour in the crucial marginal seats in the GE where the battle will take place .,"But it caused tensions in the Tory ranks, with Mr Cameron accused of being out of touch with his grassroots.",0,Attack,C,1,0,0,,
1509,UKIP are a joke outfit full of small-minded Neanderthals who think the 1950s are the future.,"If you come here, speak English, it's just polite, it stops racism, it stops ghettos being formed, it stops barriers in society.",2,No Relation,C,0,0,1,,
203,Intellectually I rate Farage much higher than Cameron; he has a very sharp and quick wit and is an excellent public speaker.,"In an interview with the Observer, Mr Plevneliev said Britain should not play on people's fears.",2,No Relation,C,0,0,1,,
3030,the first problem with the debate question is that neither time nor space exists per se,one of the major problems that we all have in fact its the same problem adam and eve had in the garden of eden is that we tend to start from outside gods word and then go to what god has written in the bible orin adams casewhat god forbade him to do to try to interpret it on the basis of our own preset ideas,1,Support,C,0,0,1,,
147,"If you think that the Tories are nasty, heaven help us if UKIP get in because they would be nastier, more cruel, and more bigoted.","I believe in being a big globalist, not a little European, he told the meeting.",2,No Relation,C,1,0,0,,
555,If the other parties do tackle the issues of EU and immigration I'll be more than happy to see UKIP disappear.,I have to say I think David Cameron is not sure whether he wants to these debates.,2,No Relation,C,0,0,1,,
26,If the other parties do tackle the issues of EU and immigration I'll be more than happy to see UKIP disappear.,"He came fourth in the ballot in Bexhill and Battle, in East Sussex, at last year's general election.",2,No Relation,C,0,0,1,,
3430, i think youll find there is, anyone who thinks there is no evidence for evolution is either blind stupid or both,1,Support,C,0,1,0,,
3119,if the   bible   is to be taken literally then wouldnt a literal interpretation include a literal interpretation of genesis,by supporting the idea that the bible stands or falls on a  day creation you have proven dr,1,Support,C,0,1,0,,
2585,anybody that thinks there is currently a healthy scientific debate over intelligent design has missed the history of the last  years,theology it says in his profile,1,Support,C,0,0,1,,
2660,science is testable,if intelligent design says nothing about the supposed designer then of what value is it if the designer created life millions or billions of years ago what was his purpose in doing so what iswas the designer like did the designer give specific instructions to his creations as most religions teach the id promoters delibrately leave such questions unanswered in their official pronouncements about id,1,Support,C,0,0,1,,
3449,like i said i can not take mens position on abortion seriously because their viewpoint must be affected somewhat by the fact that they will never actually have to make the decision themselves,so barren women can not have a valid point of view nor women in the stage of menopause because it does not affect them personally perhaps you should tell the moderator to institute women only forums men only forums gays only forums etc,0,Attack,C,1,0,0,,
3212,prove it my good fellowdont proven itby the way,the process of evolution is fact,0,Attack,C,1,0,0,,
2332,i am not sure why highlander accuses me of not being honest when i provide the information and my explanation,highlanderthe lack of evidence supporting materialist assumptions complexity is a chance arrangement means the opposite could be true,1,Support,C,0,0,1,,
1807,It is because of UKIP that we are finally discussing the European question and about immigration and thank goodness for that.,"We're not going to do a pact with UKIP anymore than I'm going to do a pact with the Lib Dems and go into the next election with them, said Mr Shapps.",2,No Relation,C,0,0,1,,
510,"If UKIP have a good general election and manage to take a few seats then that can only benefit Labour, because all of the seats that UKIP can possibly, conceivably win - well they are all Tory seats.",It should be clear Cameron territory.,2,No Relation,C,0,1,0,,
1223,"The momentum is definitely with UKIP at the moment, hopefully that will continue with the up and coming by-elections.","Mr Farage shared a platform with John Howard, the former Australian prime minister, before an audience of 1,000 people at a conference run by Mr Manning's political foundation.",2,No Relation,C,0,0,1,,
1181,"If UKIP have a good general election and manage to take a few seats then that can only benefit Labour, because all of the seats that UKIP can possibly, conceivably win - well they are all Tory seats.",The Conservative leader said he was angry at the remarks and accused Mr Barroso of lecturing his party.,2,No Relation,C,0,0,1,,
3415, its not falling apart its evolving as new data arrives, people like you should be banned from this website,1,Support,C,1,0,0,,
3829,Bribery is sometimes acceptable,Bribery is sometimes the cost of doing business,1,Support,C,0,1,0,,
1642,UKIP are a joke outfit full of small-minded Neanderthals who think the 1950s are the future.,Downing Street said the prime minister's views about Europe were clear and he believed it was important the public had the evidence and analysis to consider the question of the UK's membership.,2,No Relation,C,0,0,1,,
2947,several scientists have already admitted that the account of creation as described in genesis has definite validity,ricardo the bible was definitely written as is,1,Support,C,0,1,0,,
3846,The voting age should be lowered to sixteen years,Young people would be more likely to misuse their vote,0,Attack,C,1,0,0,,
1519,"Despite you best efforts at pretending otherwise, UKIP are still widely disliked and untrusted by the majority of the population.","The Conservatives finished third at Eastleigh, in Hampshire, behind the Liberal Democrats, who held the seat, and the UK Independence Party (UKIP).",2,No Relation,C,1,0,0,,
3321, it is very wrong we didnt evolve from apes, the bible says all will proclaim the name of the creator and acknowledge him as lord i want to point out the key word creator in there,1,Support,C,0,1,0,,
1430,"If UKIP don't like being smeared, then they need to stop smearing, stigmatising, and fear mongering about others.","UKIP are certainly trying to professionalise, to move away from its more amateurish origins.",2,No Relation,C,0,0,1,,
3905,I believe that opinion polls harm the democratic process,Opinion Polls should not be published 2 weeks in advance of an election,1,Support,C,0,1,0,,
448,Plenty of survey's have shown UKIP to be the most hated of the main parties.,"UKIP, which campaigns for the UK to leave the EU, is demanding a referendum on Britain's membership.",2,No Relation,C,0,0,1,,
1790,A strong UKIP vote suggests there's a lot of the British public who aren't on board with the current set-up.,UKIP leader Nigel Farage said the UK had no real control over either the number or the type of migrants that were settling from elsewhere in the EU.,1,Support,C,0,1,0,,
462,"On voting day, this week the vast majority of the British public will not vote for UKIP.",It's sad how anybody can be offended by a reference to a country that doesn't exist.,2,No Relation,C,0,0,1,,
841,UKIP are not rabid racist and not another incarnation of the BNP.,"In 2005, Bhutto, of Leeds, admitted being the gang's boss and was jailed for seven years by a UK court.",2,No Relation,C,0,0,1,,
2324,okay lets start with how id tries to infer design namely by using the design inference,pvm i am sure that highlander is familiar with the  foundational works of behe and dembski  both rely on the absence of science being  able to explain a particular feature to infer design,0,Attack,C,0,1,0,,
1433,UKIP are a joke outfit full of small-minded Neanderthals who think the 1950s are the future.,It comes two weeks after she accused the UKIP leader of bullying and being anti-women and a Stalinist and threatened to leave the party.,1,Support,C,0,1,0,,
770,If UKIP is really the best our country can do for an alternative then we are all doomed.,"In 2010 it was led into the general election by Lord Pearson of Rannoch but again lost out, with just 3% of the vote across the UK, although there were signs of progress as it saved its deposit in 100 seats.",2,No Relation,C,0,1,0,,
1534,"The success of UKIP is based more or less on this single factor, or perhaps this and the fact there is no working class voice amongst mainstream parties.","UKIP are certainly trying to professionalise, to move away from its more amateurish origins.",2,No Relation,C,0,0,1,,
2491,the biologic institutemy my what nonsense,so your argument is by pushing scientists to find more junk dna it is in fact useless to the organism vestigial limbs my tailbone does nothing and has no purpose and i could have it removed with no damage to my functioning and other disproofs of intelligent design id serves the purpose of annoying scientists into progresscouldnt you just advance the cause of science by doing experiments and recording data,1,Support,C,0,1,0,,
2564,intelligent design works off positive predictions about where experience tells us that   intelligent design   is the cause at work,meaningless nonsense of course,0,Attack,C,1,0,0,,
3934,We should allow voting at 16 in European Parliament elections,EU elections would put young people off voting,0,Attack,C,1,0,0,,
639,I think it's far too simplistic to argue all UKIP supporters are racist - there is a real groundswell against the political establishment which over the past 20 years or so has started to converge in terms of image and policies.,"The UKIP candidate Richard Elvin came second with 5,988 votes, marking an impressive result for the party.",1,Support,C,0,1,0,,
4022,as far as acting and cinematography go this film was great but the content and plot were horrible,are you serious this film is class the way the real world and the fantasy world its not an easy mix to get right,0,Attack,C,1,0,0,,
2634,for years now the intelligent design proponents and the discovery institute have been working the catholic angle getting some of its cardinals into trouble,if the catholic church says it it has just gotta be true,0,Attack,C,0,0,1,,
412,"The greens and ukip provide encouragement for labour and conservatives alike to address some issues people care about, albeit only lip service to retain votes mainly.","Although levels steadily declined in 2012 after tighter restrictions on non-EU migrants took effect, the trend has since reversed - largely due to the increase in the number of migrants from other EU countries.",2,No Relation,C,0,0,1,,
455,I think a lot of UKIP supporters would be outraged if one of the consequences of leaving the EU was to price them out of buying virtually any of today's niceties.,Eurosceptic Paul Sykes said UKIP was the last best hope for Britain and he would help fund its election campaign.,0,Attack,C,0,0,1,,
746,"I don't necessarily think Nigel Farage is worthy of PM, I think they need a new leader.","It isn't going to happen, and Nick Clegg's made it very clear he isn't going to let it happen.",2,No Relation,C,0,0,1,,
4008,i actually really loved moon i was invested the entire way through,yes i was the same as you sam rockwell was just incredible i can understand why some people do not like it but i was mesmerised,1,Support,C,0,1,0,,
1735,"Despite you best efforts at pretending otherwise, UKIP are still widely disliked and untrusted by the majority of the population.",UKIP leader Nigel Farage said any members proven to have extreme right wing views would be expelled.,2,No Relation,C,0,0,1,,
3911,We should negotiate with terrorists,Negotiation saves lives,1,Support,C,0,1,0,,
2575,your intelligent cause is completely undefined,non sequitur,0,Attack,C,1,0,0,,
1318,If there are enough Ukip votes it should frighten all the parties sufficiently to make them realise they can't just ignore the electorate.,"Of course it is a close contest, Mr Clegg said.",2,No Relation,C,0,0,1,,
2242,"On voting day, this week the vast majority of the British public will not vote for UKIP.",He said people voted for UKIP because they were offering policy solutions and common sense ideas.,0,Attack,C,0,0,1,,
1386,It's a protest vote because (most) people know that UKIP will never net in power.,"He was expelled from the Conservatives, with Mr Cameron saying politics was a team game and, in the end, you're either in the team or not.",2,No Relation,C,0,0,1,,
732,"The UKIP party is a populist party at the right end of the spectrum, which exploits people's fears of the foreign and unknown.",The word slut has different meanings to different generations.,2,No Relation,C,0,0,1,,
2034,It is because of UKIP that we are finally discussing the European question and about immigration and thank goodness for that.,Sir Menzies Campbell suggested the government was worried about a political backlash amid public concerns about immigration levels in general.,1,Support,C,0,1,0,,
1962,UKIP do have more than Nigel Farage able to deal with media interviews.,But it has been criticised for relying too heavily on leader Nigel Farage to promote its policies.,0,Attack,C,1,0,0,,
2614,you gave  claims of intelligent design intelligent agents sometimes leave traces of their activity behind like fingerprints on evidence,also christians concerned about science,0,Attack,C,0,0,1,,
2105,UKIP are in no way a single issue party and if Labour or the Conservatives were to give us a referendum UKIP would still have a full manifesto that would attract many voters.,"In a wide-ranging interview, Mr Davis also warned about the electoral challenge posed by the UK Independence Party, which campaigns for the UK to leave the European Union.",2,No Relation,C,0,0,1,,
1717,"UKIP is a not a real party, with a clear global ideology and vision addressing all aspects of society: it is focusing on a handful of issues (all centered around membership in the EU and migrants), mostly ignoring global financial issues, health, education, security etc.","UKIP are certainly trying to professionalise, to move away from its more amateurish origins, but they seem to fail to do so.",1,Support,C,0,1,0,,
1367,"Much of UKIP's meteoric rise has to do with political correctness, and the fact that ordinary people are sick of it.","While Labour has increased its membership in the past three years, totals are still well below where they were in 2001 - while Lib Dem membership fell sharply between 2010 and 2012.",2,No Relation,C,0,0,1,,
1090,"The momentum is definitely with UKIP at the moment, hopefully that will continue with the up and coming by-elections.","Open-minded, doesn't throw abuse around and thinks issues through - he would be the right kind of person.",2,No Relation,C,0,0,1,,
339,Intellectually I rate Farage much higher than Cameron; he has a very sharp and quick wit and is an excellent public speaker.,"This will be only the fifth occasion since the 1945 general election when the Lib Dems, or their predecessors the Liberals, have defended a parliamentary seat in a by-election.",2,No Relation,C,0,0,1,,
2055,If anyone seriously thinks that UKIP will offer some kind of answer to our current problems then I think that they are going to be sadly disappointed.,"UKIP beat us in 2009; a year later we won 24% of the vote in the general election and UKIP were nowhere, the deputy prime minister told Channel 4 News.",2,No Relation,C,0,1,0,,
3642,jogging is just as good as walking but it is done at a faster pace which results in higher impact on your knees hips and other joints,walking can be a wonderfully leisurely pastime but the burn is not as significant as running for the same period of time,0,Attack,C,0,1,0,,
2883,you still have yet to provide any passages within pandas which state that god is directly implicated saying that the fte is religious therefore so is pandas,you still have yet to provide any passages within pandas which state that god is directly implicated saying that the fte is religious therefore so is pandas,0,Attack,C,0,1,0,,
328,"The greens and ukip provide encouragement for labour and conservatives alike to address some issues people care about, albeit only lip service to retain votes mainly.",It just seems ridiculous that on my doorstep is a very good school and I can't get her in and I can't get her in a school nearer.,2,No Relation,C,0,0,1,,
2790,  it sounds like there was an overarching policy limiting students speech on campus for this one, i have been a christian most of my life and the ten years i lived outside the community was hell on earth,0,Attack,C,0,0,1,,
1774,"The sooner we are out of the EU, the sooner we can start making this country great again.",The Lib Dem leader also argued that being in the EU meant that we keep ourselves safer because we can go after cross-border crime and terrorism and that we can look after the environment in a way which we can't on our own.,0,Attack,C,1,0,0,,
1902,The reason for political failure and the rise of UKIP is all to do with the lack of control people feel about their own lives and the powerlessness.,Man's best friend doesn't look like our best friend from where I'm looking and is leaving us both with the impression that he'll not only demolish the leaflet being offered to his owner but the arm of whoever hands it to him.,2,No Relation,C,0,0,1,,
3488,in the latter case that is because more fornicators are shacking up rather than getting married which is why there is fewer divorces if a state allows gay marriages their spirituality is in the toilet,good the less moronic spirituality in each state the better lets move out of the dark ages as fast as we can,0,Attack,C,1,0,0,,
1079,"UKIP are a two trick pony, Europe and immigration that's it.",He talks about his own life as a former financier - I worked hard in the City for 20 years up until lunch time.,2,No Relation,C,0,0,1,,
78,UKIP are in no way a single issue party and if Labour or the Conservatives were to give us a referendum UKIP would still have a full manifesto that would attract many voters.,"Following the 2010 election Lord Pearson announced in August 2010 he was stepping down, saying he did not enjoy party politics - five hopefuls entered the race to succeed him, with Farage triumphing.",2,No Relation,C,0,0,1,,
905,"If you want an insight into just how mad and bad UKIP are, go and read what their members, candidates and supporters write on the Telegraph.","He also said it should be predominantly about people who have a chance of being PM, a category which he said did not include Mr Farage.",2,No Relation,C,0,0,1,,
3206,that is where you are wrong,the processes of evolution have been observed,0,Attack,C,0,1,0,,
3104,we have two different literal interpretations,abraham isaac and jacob belonged to different tribes and were not related but the stories grew together into a collection and the persons were tied together as members of the same family,1,Support,C,0,1,0,,
220,"If you want an insight into just how mad and bad UKIP are, go and read what their members, candidates and supporters write on the Telegraph.",They were asked to what extent the Conservative party leadership respects ordinary party members.,2,No Relation,C,0,0,1,,
3980,was anyone else disappointed by the ending of the movie it feels to me like there couldve been a few scenes about what happens next im no writer but i do feel this wasnt appealing at all,to me i was glad to see an ending leaving room for interpretation it was perfect not disrespecting to its viewers,0,Attack,C,1,0,0,,
1573,"UKIPs main issue has always been the EU, immigration has just been the bit that highlights what a failure the project has been.",It comes as William Hague ruled out an electoral pact with UKIP.,2,No Relation,C,0,0,1,,
1970,"I think the view of many supporters (not, necessarily, voters) of UKIP is that they see the Establishment, Labour, Conservatives, a lot of the media, industrialists, globalists, and the culture of political correctness, apology and neo-liberalism all as sides of the same coin.",The BBC understands that the prime minister's new policy chief Jo Johnson has had early sight of the pamphlet and it has been passed on to some of his policy groups.,2,No Relation,C,0,0,1,,
1294,"If you want an insight into just how mad and bad UKIP are, go and read what their members, candidates and supporters write on the Telegraph.",Marta Andreasen said Mr Farage had abjectly failed and should go.,1,Support,C,0,1,0,,
3046,everything i say is correct regardless of logic or evidence that attempts to prove me wrong,while aig tries to defend genesis with the weakest possible argument answers in creation explain genesis i in a way that gives it a literal interpretation that is still in line with   science  ,1,Support,C,0,0,1,,
1425,"I suspect the main reason a new Left party hasn't emerged with similar prominence to UKIP is because UK politics has, like that in the USA, become the plaything of the wealthy.",It comes two weeks after she accused the UKIP leader of bullying and being anti-women and a Stalinist and threatened to leave the party.,2,No Relation,C,0,0,1,,
2707,id without a designer the cause of the big bang is unknown,the cause of the big bang is currently unknown but it is also undergoing investigation,0,Attack,C,0,1,0,,
1244,"The problem with popularism but no substance, like UKIP represent, is that it just results in things getting worse and worse.","Mr Nattrass said he had declined to switch to the party until this was completed, but Mr Tilbrook had put out the press release before gaining his authorisation.",2,No Relation,C,0,0,1,,
1035,"I don't think most people realise the benefits of free trade at all, and UKIP capitalise on peoples ignorance of the benefits of free trade as much as they can.","In a report released earlier this month, Amnesty International accused European Union leaders of miserably failing to provide a safe haven to Syrians.",2,No Relation,C,0,0,1,,
3795,We should ban religious symbols in public buildings,Religious symbols are personal therefore they should not matter to others,0,Attack,C,1,0,0,,
1618,"If UKIP don't like being smeared, then they need to stop smearing, stigmatising, and fear mongering about others.",We need to show respect for people who have taken the choice to support this party.,0,Attack,C,1,0,0,,
1913,"Europe is no longer fit for purpose and we'd do better to be out than in, plus save a whole load of cash.",The committee said the EU had helped to transform Europe from a continent of war to a continent of peace.,0,Attack,C,1,0,0,,
836,"Any of the ""working class"" who believe UKIP will represent them have not read a UKIP manifesto!",The magazine quotes her as saying it would be a travesty if UKIP came in and took the seats off our councillors or indeed me when their policies and beliefs were very conservative.,1,Support,C,0,1,0,,
2302,if creationism should be taught it should not be taught in science classes,teaching creationism is akin to childabuse,1,Support,C,0,1,0,,
1348,Only an idiot would think a UKIP win would result in withdrawal from the EU the day after.,"But Amjad Bashir, running for the European Parliament, told said he was incensed by Lord Heseltine.",2,No Relation,C,0,0,1,,
3487,the controversy is over whether it is man made or not,and if we can actually do anything about it from what i hear on the fringes the debate should not be about how to change or stop it but how to change to deal with it and what we should expect as society adapts to a change in climate,0,Attack,C,1,0,0,,
2270,"The whole UKIP-for-the-working-class narrative is utterly insane since, if we left the EU, the poor would still be competing with cheap foreign labor.",Mr Farage has successfully broadened UKIP's appeal away from Europe.,0,Attack,C,0,0,1,,
3124,i do believe the world was created in  days,are we really arrogant enough to think that a day to us equals a day to god the thing is the bible never says how long a day is,0,Attack,C,1,0,0,,
704,If the other parties do tackle the issues of EU and immigration I'll be more than happy to see UKIP disappear.,"This is a simple and effective way of ensuring healthcare is available to all who come to Britain as a tourist or migrant, without opening the system to abuse, Mr Aker added.",2,No Relation,C,0,0,1,,
3158,first even as a biblebelieving creationist i want to say thanks for bring attention to genesis ,the study of science is intriguing but it shouldnt get in the way of ruling out the creator,0,Attack,C,0,1,0,,
3797,We should ban religious symbols in public buildings,It is their culture and religion,0,Attack,C,1,0,0,,
2862,but its more than we dont understand thus designed,but its more than we dont understand thus designed,0,Attack,C,0,1,0,,
1893,A strong UKIP vote suggests there's a lot of the British public who aren't on board with the current set-up.,"This time it isn't red lines, but red tape.",2,No Relation,C,0,0,1,,
1009,The success Ukip had in the european elections will be sufficient to galvanise one or preferably all the other parties to rid us of the EU's political influence.,"Mr Farage poses as the everyman politician, a ordinary man who fell into politics almost accidently.",2,No Relation,C,0,0,1,,
3814,We should grant politicians immunity from prosecution,Immunity for politicians is an unjust double standard,0,Attack,C,1,0,0,,
1040,Hopefully we will see our first UKIP MP before the general elections next year.,Since then we've had the Eurozone crisis which has been like a perverse soap opera on our TV screens almost every night.,2,No Relation,C,0,0,1,,
2325,pvm i am sure that highlander is familiar with the  foundational works of behe and dembski  both rely on the absence of science being  able to explain a particular feature to infer design,highlanderpvm seems unaware randomness and design are mutually exclusive concepts,0,Attack,C,0,0,1,,
1954,It is because of UKIP that we are finally discussing the European question and about immigration and thank goodness for that.,Opponents say the new system risks politicising the police.,2,No Relation,C,0,0,1,,
234,"The momentum is with UKIP; Labour, Conservative and Liberal areas are all now vulnerable to them. ","I think it is very interesting that, when Mr Silvester was saying these things in 2012 and 2013 as a Conservative town councillor in Henley, it was not a news story.",2,No Relation,C,0,0,1,,
279,"The momentum is with UKIP; Labour, Conservative and Liberal areas are all now vulnerable to them. ","A by-election will also be held for the Westminster seat of South Shields, vacated by Labour's David Miliband.",2,No Relation,C,0,0,1,,
1094,"Much of UKIP's meteoric rise has to do with political correctness, and the fact that ordinary people are sick of it.",He said he had been impressed by David Cameron's leadership while UKIP was beset by internal fighting and was not a credible political force.,0,Attack,C,1,0,0,,
1776,UKIP doesn't need to win power to force the changes people want.,"David Cameron should consider a pact with UKIP, his elections adviser has said.",1,Support,C,0,1,0,,
2194,UKIP are a joke outfit full of small-minded Neanderthals who think the 1950s are the future.,"UKIP are certainly trying to professionalise, to move away from its more amateurish origins, but they seem to fail to do so.",1,Support,C,0,1,0,,
985,"The Green Party stands out as different, UKIP are just another bunch of neo-cons, although further out to the right.",It has - to an extent - set out to emulate what the Lib Dems did in the 1980s and 1990s by building a network of local councillors as a springboard to success on the national stage.,2,No Relation,C,0,0,1,,
685,"The country faces more than two big issues, which is where Ukip come apart at the seams in an incoherent bunch of right wing horse shit from whatever Think Tank came along at the time.","You later repeated, I am a Member of the House, Mr Beamish wrote.",2,No Relation,C,0,0,1,,
1043,"There's an election next month, UKIP are campaigning on the streets right now, and candidate upon candidate keeps churning out ridiculous (often racist, sexist or homophobic) views.","And last autumn, MEP Godfrey Bloom embarrassed the party when he used the phrase bongo bongo land and joked that some female activists were sluts.",1,Support,C,0,1,0,,
1304,"I agree with UKIP on the EU, but the rest of their policies are dangerous right wing bile.",The by-election was called after former Lib Dem cabinet minister Chris Huhne resigned as an MP following an admission he had perverted the course of justice over driving licence points.,2,No Relation,C,0,0,1,,
782,A vote for UKIP is a vote to leave the EU and recover power over our national life.,The party is also defending South Shields in a Westminster contest caused by David Miliband's resignation.,2,No Relation,C,0,0,1,,
1132,"Despite their best efforts at pretending otherwise, UKIP are still widely disliked and untrusted by the majority of the population.","Instead, they propose making a visa conditional on having health cover to reduce the burden on the NHS.",2,No Relation,C,0,0,1,,
1084,"Any of the ""working class"" who believe UKIP will represent them have not read a UKIP manifesto!",Prime Minister David Cameron has said there may be a case for a public vote on Europe at some point but he did not believe a simple in-out referendum on the UK's membership was what most people wanted to see.,2,No Relation,C,0,0,1,,
1497,"UKIP do not bear scrutiny either as a coherent policy offer or a group of potential ministers , they are an insurgent party of protest with one message.","In contrast, the Liberal Democrat's Bill Newton Dunn quit the Tories in protest at its increasing hostility to Europe. And now?",2,No Relation,C,0,0,1,,
141,Ukip are doing well for the very simple reason folk have at last realized that they are being lied to by LibLabCon and now have somewhere else to go.,"An opposition party in the middle of a parliamentary term amid a deeply difficult economy should expect victories and plenty of them, but this is often meaningless.",0,Attack,C,1,0,0,,
1480,"The European Commission has rightly attacked as ""beneath contempt"" a campaign in Britain against the euro currency featuring Nazi dictator Adolf Hitler, as reported by CNN, but the question remains why what UKIP calls ""spicing up"" politics actually is acceptable to even a non-trivial part of the electorate.","UKIP candidate Diane James came second with 11,571 votes, her 28% the party's best-ever showing in a Westminster election.",2,No Relation,C,0,1,0,,
3965,wolf creek was awful,yeah i will admit wolf creek is not for everyone but what really clinches it for me is john jarrett he was outstanding,0,Attack,C,1,0,0,,
2183,"I don't think most people realise the benefits of free trade at all, and UKIP capitalise on peoples ignorance of the benefits of free trade as much as they can.","They say it would lead to legislative gridlock, a failure of the single market and an end to free trade as national parliaments adopted protectionist policies across the union.",1,Support,C,0,1,0,,
2533,science was able to intelligently design flagellar function,science did not design the functionality scientists observed the functionality and developed theories on how it function  how that function came about,0,Attack,C,1,0,0,,
3753,electric vehicles,lovely they do not smell,1,Support,C,0,1,0,,
1180,"Arguably, UKIP & co. aspire to destroy the culture created in Europe after WWII, which has been based on openness, free travel, migration and cross-geographic access to goods and labour markets.","And for those with underlying problems, like drug addiction and illiteracy, there will be an intensive regime of help.",2,No Relation,C,0,0,1,,
1369,"If you want an insight into just how mad and bad UKIP are, go and read what their members, candidates and supporters write on the Telegraph.","I'm no Robert Kilroy Silk, he says, citing the daytime television star who once aspired to lead the party.",2,No Relation,C,0,0,1,,
3179,the theory behind evolution is not that an organism evolves during its lifetime but that the species evolves over thousands if not millions of years or generations,hey razza for i wanna say thanks for standing up for what u believe in most people want hard evidence that will prove gods existence when really we ourselves are evidence that god exists,0,Attack,C,0,0,1,,
1104,The only reason we are even having a sensible debate about Europe are UKIP.,A UKIP candidate in Somerset has been suspended from the party after photos of him apparently making a Nazi-style salute appeared on his Facebook page.,0,Attack,C,1,0,0,,
3662,suits is the best,suits is good but certainly not the best characters are pretty cool but plot and dialogue can be a bit cheesy sometimes unless dwight is a senior partner,0,Attack,C,1,0,0,,
1659,"The People's Army is on the march and UKIP will get Britain back from the Liblabcon, Establishment and MSM political abusers of our country.",UKIP has won 42 seats so far and is averaging 26 per cent of the vote in the wards where it is standing.,1,Support,C,0,1,0,,
1626,UKIP are the only party willing to have a sensible open debate on the key issues affecting the country. ,"UKIP, which has called for withdrawal from the European Union and greater restrictions on immigration, has seen improved poll ratings this year.",1,Support,C,0,1,0,,
2486,i assert that they have been heard and their arguments have been refuted and thus they are legitimately ignored until they come up with some actual scientific evidence and arguments,if theres something on    evolution    news its irrelevant to intelligent design andor distorted beyond all scientific recognition,0,Attack,C,0,1,0,,
928,"If UKIP do hold the balance of power and get into government, their only condition will be an in/out EU referendum.",Chancellor George Osborne has pledged to fight UKIP's unacceptable proposal on an EU referndum.,0,Attack,C,0,1,0,,
271,UKIP and the Greens are the only parties to date that haven't screwed us all over.,"The first ever televised general election debates took place in 2010, with the format agreed between the Conservatives, Labour and Liberal Democrats.",2,No Relation,C,0,0,1,,
517,"Despite their best efforts at pretending otherwise, UKIP are still widely disliked and untrusted by the majority of the population.",Mr Farage said the issue of Europe was resonating more with the British public.,0,Attack,C,1,0,0,,
2832,because of course id really does not mean anything significant,you continue to quote dishonest sources,0,Attack,C,0,0,1,,
2976,is often confused for rhetoric,the point of the debate is to set up a straw man that the world was created in six days that antichristians can knock down,1,Support,C,0,1,0,,
1343,If the other parties do tackle the issues of EU and immigration I'll be more than happy to see UKIP disappear.,"Timo Soini, leader of the Eurosceptic True Finns Party, which gained 19% of the vote at Finland's general election in April, will also address delegates.",2,No Relation,C,0,0,1,,
2774,why should i waste more than  seconds attempting to communicate with an ignoramusim asking myself the same thing,of course the disco tute is the discovery of nonsense,0,Attack,C,0,0,1,,
3283,ignorance of terminology,a theory as the word is used by scientists is a detailed description of some aspect of the universes workings that is based on longcontinued observation and where possible experiment that is the result of careful reasoning from those oservations and experiments and that has survived the critical studies of scientists generally,1,Support,C,0,1,0,,
1586,"Arguably, UKIP & co. aspire to destroy the culture created in Europe after WWII, which has been based on openness, free travel, migration and cross-geographic access to goods and labour markets.",Mike Nattrass left UKIP last month after a row with leader Nigel Farage.,2,No Relation,C,0,0,1,,
2739,so tj you seem to have made quite a few foolish arguments how familiar are you with augustinetj  well i know that he believed the earth was created instantaneously not progressively and was according to scripture less than  years old,after some diversions to point out that augustine himself held some inconsistent positions tj finally comes to the quote i providedtji understand what he is saying but for this to be valid the unbeliever has to accurate in what he believes,0,Attack,C,0,0,1,,
296,If UKIP are wise they will alter their attitude about the NHS and public services in general.,"Many hospitals are overburdened with long waiting times and do not want to act as immigration officials while the NHS is already buckling under the weight of administration, Tim Aker, the head of the party's policy unit said.",0,Attack,C,0,0,1,,
806,"The momentum is with UKIP; Labour, Conservative and Liberal areas are all now vulnerable to them. ","YouGov polling guru Peter Kellner warned people around Ed Miliband, who were contemplating a referendum pledge, that it would be a foolish move.",2,No Relation,C,0,0,1,,
600,"My observation is that UKIP often are reluctant to directly answer any questions of substance, which can be accounted for by the fact that they really have no policies.","I think it's been a good day for the pledge that, if re-elected, I will hold to it in a referendum, so that everyone can have not just a voice on everyone's future in Europe, but a vote on our future in Europe,.",2,No Relation,C,0,0,1,,
2182,UKIP's proposals on membership in the EU and migrants are at best purely demagogic: they do not take into account facts and more general issues.,It comes as William Hague ruled out an electoral pact with UKIP.,2,No Relation,C,0,0,1,,
601,The hate campaign against Eastern Europeans that was and is run by UKIP legitimises anything said against them.,"Although they are in coalition nationally, Mr Clegg said there were very clear differences between the policies of the Lib Dems - who control Eastleigh council - and the Tories in the marginal constituency.",2,No Relation,C,0,0,1,,
1546,"Ukip is the only party advocating withdrawal from the failing EU, a sensible idea for a lot of people!","UKIP's local election manifesto, concentrates on its flagship policy of ending open door immigration and putting pressure on the government not to lift restrictions on workers from Bulgaria and Romania on 1 January, which proved a successful formula in Eastleigh.",1,Support,C,0,1,0,,
3271,there is no actual absolute proof of evolution as some of the people here have stated,evolution has never been witnessed,0,Attack,C,0,1,0,,
2995,so if god is not all powerful and all knowing then god is fallible,if you take a basic biology course at the high school level just a reminder biology is accepted by almost all religions regarding contentthere would be a detailed explanation of how life was created by chemical compounds and reactions,1,Support,C,0,0,1,,
103,"I agree with UKIP on the EU, but the rest of their policies are dangerous right wing bile.","Lib Dem deputy leader Simon Hughes told the BBC that the allegations had not had much impact on Eastleigh voters, who understood that they were simply being asked to choose a new MP.",2,No Relation,C,0,0,1,,
2303,teaching creationism is akin to childabuse,preventing creationism to be taught is not violating freedom of religion,1,Support,C,0,1,0,,
2424,thats classy,in order to better understand intelligent design it is important to appreciate how it abuses and conflates terminologies,1,Support,C,0,0,1,,
54,The people and media that are criticising UKIP are highlighting the genuine concerns about UKIP and their policies towards immigrants.,"His successor, former Conservative peer Lord Pearson, appeared not to be familiar with much of the policy programme during the 2010 campaign.",2,No Relation,C,0,1,0,,
2677,well since they do not it is a true statement,while it is true that   science   and   religion   have little to do with one another that has never stopped teachers from pointing out that science refutes religion,0,Attack,C,0,1,0,,
1170,If there are enough Ukip votes it should frighten all the parties sufficiently to make them realise they can't just ignore the electorate.,The by-election was triggered by former Lib Dem cabinet minister Chris Huhne's resignation as an MP earlier this month after he pleaded guilty to perverting the course of justice over claims his former wife took speeding points for him.,2,No Relation,C,0,0,1,,
3943,We should force think tanks to reveal all of their sources for resource funding,Think tanks should be assessed by the value of their ideas not by who funds them,0,Attack,C,1,0,0,,
3779,i liked it all loose ends where tied up nicely,i could not have summed it up better than this,1,Support,C,0,1,0,,
443,UKIP are asking the questions that haven't been asked by the opposition or the media.,"Original leader and UKIP founder Alan Sked quit before the 1999 European elections, after arguing the party should refuse seats in the gravy train of the Strasbourg Parliament.",2,No Relation,C,0,0,1,,
2983,why would god explain this only to a semiliterate group of ancient nomads with no understanding of the cosmos or the world outside of their little   society   why not give an updated version to modern jewish or christian or islamic scholars surely all three groups today include people who understand  geology astronomy and biology on a rather more comprehensive level than the ironage authors of genesisin fact being allpowerful why be limited to the understanding of the writers at least if you can create the world surely you can inspire sentences like and the quickness of light shall be found to be always the same relative to the one who looketh and behold the quickness of the light when multiplied by itself and the true weight of matter equals the amount of force that went into its making,while i have my own reasons for believing he did that my personal opinions regarding   religion   are a bit outside of the mainstream so im not going to discuss them,1,Support,C,0,0,1,,
3047,while aig tries to defend genesis with the weakest possible argument answers in creation explain genesis i in a way that gives it a literal interpretation that is still in line with   science  ,the only assuption we make in science is that the nature of the universe is consistant and rational,1,Support,C,0,0,1,,
380,If the other parties do tackle the issues of EU and immigration I'll be more than happy to see UKIP disappear.,Mr Farage stepped down briefly before the last election to concentrate on winning a seat in Parliament and says he was not involved in drawing up its manifesto.,2,No Relation,C,0,0,1,,
2110,"If UKIP don't like being smeared, then they need to stop smearing, stigmatising, and fear mongering about others.","UKIP appears to have struck a chord with many voters on the issue of immigration, campaigning against the relaxation of working restrictions on Bulgarians and Romanians due to come into force in January.",0,Attack,C,0,1,0,,
2349,the question is somewhat meaningless because you can believe that we were created by design and still conclude that intelligent design as proposed by the discovery institute and its fellows  is a scientifically vacuous concept,all too often the terms of this debate dont get defined,0,Attack,C,0,1,0,,
3492,you want to talk pain i wish the proinfanticide zealots could experience being dismembered and having their skulls collapsed and their brains sucked out so theyll know what an innocent baby feels when its being aborted,you mean like how you suck any rationale thought or discourse from a debate topic,0,Attack,C,1,0,0,,
3751,electric vehicles,low co emissions ,1,Support,C,0,1,0,,
766,Big business will not support UKIP given the devastation that withdrawal from the EU would cause.,"YouGov polling guru Peter Kellner warned people around Ed Miliband, who were contemplating a referendum pledge, that it would be a foolish move.",1,Support,C,0,0,1,,
1222,"I don't necessarily think Nigel Farage is worthy of PM, I think they need a new leader.",The Lib Dem leader has said he expects it to be a close contest and Mr Cameron had urged all his MPs to head to the constituency to support their candidate.,2,No Relation,C,0,0,1,,
3474,all organisms tend to produce more offspring than can possibly survive,false and that does not invalidate evolution given how it is a misrepresentation of one of the statements in the theory ,0,Attack,C,1,0,0,,
1136,"UKIP advocates for the UK leaving the European Union which would be a bad idea – but they are trying to leverage on the british people’s need to belong and pride to be british, which further sparks their anti-foreigner standpoint.","James Morris said there were lots of practical ideas for the future of the Conservative Party, but denied it was an alternative group.",2,No Relation,C,0,0,1,,
1625,"In UKIP, we have a new political force which looks likely to poll very well in a national election on thursday.",But the prime minister said keeping the status quo was not an option.,2,No Relation,C,0,0,1,,
3791,We should ban religious symbols in public buildings,Religious symbols cause division within Western society,1,Support,C,0,1,0,,
3551,that would be true if he did not keep on opening up thread after thread after thread of the same subject he makes  or  posts then runs away to open up another thread,yes i agree with you,1,Support,C,0,1,0,,
3239,god was created by people who needed faith in something,nothing appeared its very simple,1,Support,C,0,0,1,,
51,The reason why UKIP has gained so many votes is because the main parties refuse to deal with immigration and the EU.,"It is doing the country serious damage because there are large numbers of potential investors in the UK who would bring employment here, who are being warned off because of the uncertainty all of this is creating.",0,Attack,C,0,0,1,,
1532,"The ratio of nutters in UKIP is far higher than in other parties, especially so since they seem determined to take all the Tories' fruitcakes off them.","He also suggested that his party might get its first seats in the UK Parliament at the general election in 2015, and argued it was not just taking votes from the right wing of British politics.",2,No Relation,C,0,0,1,,
262,The success Ukip had in the european elections will be sufficient to galvanise one or preferably all the other parties to rid us of the EU's political influence.,"But in a chat with younger UKIP members it was grammar schools and university that came up most, and not questions of EU membership.",0,Attack,C,1,0,0,,
2014,"I don't think most people realise the benefits of free trade at all, and UKIP capitalise on peoples ignorance of the benefits of free trade as much as they can.",He added that he welcomed the attention Lord Lawson had brought to his plans to renegotiate the UK's relations with the EU.,2,No Relation,C,0,0,1,,
1289,A forensic examination of UKIP's policies would nail once and for all the Establishment lie that they're a bunch of swivel-eyed lunatics.,UKIP Councillor David Silvester said floods had happened after David Cameron acted arrogantly against the gospel.,0,Attack,C,1,0,0,,
2981,read genesis chapter ,im going to ask both creationists and evolutionists to look at the following with a completely open mind for just one minute,0,Attack,C,0,1,0,,
2033,"Ukip has British values, wants to get British industry kick started back to the fore front again, become more self-sufficient.","In a separate interview with BBC Radio 5 live, he warned of the possible consequences of an in-out referendum on the UK's relationship with the EU.",0,Attack,C,0,0,1,,
2728,tjok you are right on this point as well,well isnt that what the whole debate here is about,0,Attack,C,0,0,1,,
3285,evolution does not neccasarilly contradict intellegent design,your right,0,Attack,C,0,1,0,,
1886,"The sooner we are out of the EU, the sooner we can start making this country great again.","Mr Cameron said there was lots of time for negotiation over the exact format of the broadcasts before the election scheduled for May 2015 - but made it clear the TV clashes should be restricted to himself, Mr Clegg and Labour leader Ed Miliband.",2,No Relation,C,0,0,1,,
3094,speaking as a nonchristian this argument that the days of creation could not be allegorical simply because the author used an ordinal and the phrase evening and morning is juvenile and unconvincing,if you believe in god which one and god gave you the brains to think then use your brains and follow the evidence,1,Support,C,0,1,0,,
1377,"UKIP advocates for the UK leaving the European Union which would be a bad idea – but they are trying to leverage on the british people’s need to belong and pride to be british, which further sparks their anti-foreigner standpoint.","UKIP, which is fielding a record number of candidates in next month's elections on the back of strong performances in recent Westminster by-elections, said the issue was definitely coming up on doorsteps.",0,Attack,C,0,0,1,,
2216,"Ukip has British values, wants to get British industry kick started back to the fore front again, become more self-sufficient.","That said, Lord Davies told peers the bill was an excellent idea, because he was quite confident that any such inquiry would decide that the benefits of EU membership outweigh the costs.",0,Attack,C,1,0,0,,
1125,UKIP are in with the City as much as the other three and I don't like the way they are whipping people up into a frenzy.,"Voters appear restive, often reluctant to support the larger parties.",2,No Relation,C,0,0,1,,
3447,i can appreciate this slant however i think that a true feminist approach would be to support women who want their pregnancies by finding solutions to the reasons they feel an abortion would be their best choice,that is not something you can really blame on the pro life movement in fact a lot of effort in the pro life movement does go into helping single mothers,0,Attack,C,0,1,0,,
1446,A strong UKIP vote suggests there's a lot of the British public who aren't on board with the current set-up.,"Mr Cameron also said he did not think it would be right for Britain - or in the national interest - to leave the EU entirely, pointing out that some 50% of nation's trade was with the EU.",2,No Relation,C,1,0,0,,
591,UKIP and the Greens are the only parties to date that haven't screwed us all over.,Ms Mensch stood down after two years as the MP for Corby to move to New York with her family.,2,No Relation,C,0,0,1,,
915,The success Ukip had in the european elections will be sufficient to galvanise one or preferably all the other parties to rid us of the EU's political influence.,"But UKIP has a mountain to climb compared with its larger rivals and still lacks the strength on the ground that the Lib Dems, Conservatives and Labour can command.",0,Attack,C,1,0,0,,
150,The more the 'mainstream' parties smear and lie about UKIP the more their support rises.,Journalists were not the only people who made the former Conservative peer's election an uncomfortable experience.,2,No Relation,C,0,0,1,,
2719,tjlook what happened to richard stenburg when he had the courage to allow an id piece get published scientists and his peers jumped all over him,yes you are right,0,Attack,C,0,1,0,,
3330, you cant make nothing out of nothing, i believe evolution did occur but god created it,1,Support,C,0,1,0,,
589,"Despite their best efforts at pretending otherwise, UKIP are still widely disliked and untrusted by the majority of the population.",He made the comment during a debate on EU proposals for gender quotas in the boardroom.,2,No Relation,C,0,0,1,,
3233,heck  his girlfriend has more hair than she has now even as we speak,to each their own as a personal belief i have nothing against those that subscribe to creationism but feel strongly that it does not belong in schools,0,Attack,C,0,0,1,,
3057,kent hovind is where he belongs  both of his ministries creation science evangelism and his dinosaur theme park were forprofit organizations,as a prisoner,1,Support,C,0,1,0,,
1299,"If UKIP have a good general election and manage to take a few seats then that can only benefit Labour, because all of the seats that UKIP can possibly, conceivably win - well they are all Tory seats.","Islam is no exception, Lady Warsi, who is the first female Muslim cabinet minister, said.",2,No Relation,C,0,0,1,,
2548,hi pvm they finally got things straightened out,icdesignas far as scientific findings go the numbers of evolution believing scientists is on a major decline,0,Attack,C,0,0,1,,
1648,Whether UKIP can deliver on their promises if they were to win power at the next general election is a moot point because they will not win power.,"But the Commission says that, while he has talked to them about EU-wide regulations, he has barely uttered a word on the repatriation of powers.",2,No Relation,C,0,0,1,,
298,"I think Farage makes a much better leader than any of the other parties, he's full of enthusiasm and is not a PR man like the current leaders of the 3 main parties.","Shortly after that, the national executive lost a no confidence vote and leader Michael Holmes resigned, although he remained an MEP.",2,No Relation,C,0,0,1,,
605,"I don't think most people realise the benefits of free trade at all, and UKIP capitalise on peoples ignorance of the benefits of free trade as much as they can.","Lord Heseltine, appearing on Daily Politics on Wednesday, compared UKIP's appeal with that of one-time Conservative minister Enoch Powell and his 1968 anti-immigration rivers of blood speech and with the former French National Front leader Jean-Marie le Pen.",1,Support,C,0,0,1,,
504,UKIP are in no way a single issue party and if Labour or the Conservatives were to give us a referendum UKIP would still have a full manifesto that would attract many voters.,"UK Independence Party leader Nigel Farage has launched his party's local election manifesto, saying it is far more than just a call for a referndum.",1,Support,C,0,1,0,,
3514,evolutionists say that certain animals in a population are genetically superior than others and these genetic superiors are more successful breeders,sometimes the state of the education system in the usa makes me cry,0,Attack,C,0,0,1,,
838,UKIP are in with the City as much as the other three and I don't like the way they are whipping people up into a frenzy.,"European Parliament president Jerzy Buzek, chairing the debate, looked set to carry on but jeers rose up and the French centre-right leader in the Parliament Joseph Daul challenged Mr Bloom to apologise.",2,No Relation,C,0,1,0,,
2858,id may assert but as a science their contributions remain largely with content,id may assert but as a science their contributions remain largely with content,0,Attack,C,0,1,0,,
662,"If UKIP have a good general election and manage to take a few seats then that can only benefit Labour, because all of the seats that UKIP can possibly, conceivably win - well they are all Tory seats.","But as politicians and the public become more used to devolved government, Giles Dilnot looks at the rise of other parties and UKIP looking to enter NI politics.",1,Support,C,0,0,1,,
1531,It is more likely that Tory voters would vote tactically for UKIP to keep Labour out and that means Labour are at a real disadvantage. ,"Former Tory local government minister Bob Neill told the BBC's Daily Politics that it would be very tough for the Conservatives to defend all the seats they won four years ago and, given Labour's lead in the national opinion polls, the opposition was expected to do very well.",2,No Relation,C,1,0,0,,
25,UKIP are in no way a single issue party and if Labour or the Conservatives were to give us a referendum UKIP would still have a full manifesto that would attract many voters.,"Conservative Maria Hutchings won 10,559 votes, representing a 14 percentage points fall in her share of the vote since the general election, when she came second to Mr Huhne.",2,No Relation,C,0,0,1,,
382,"I voted Tory for 30 years and started supporting UKIP because I want a sovereign, democratic , well governed Britain with Britain put first and its getting clearer by the day that the old Liblabcon parties will not do that.","Former UKIP deputy leader David Campbell Bannerman defected to the Tories soon after, expressing concerns about the party's direction.",0,Attack,C,1,0,0,,
1124,"I voted Tory for 30 years and started supporting UKIP because I want a sovereign, democratic , well governed Britain with Britain put first and its getting clearer by the day that the old Liblabcon parties will not do that.",He added that he was very fortunate to have been backed by UKIP at the 2010 general election.,1,Support,C,0,1,0,,
3457,if you think we can not rise up against tyranny then you must support dictatorship,your twisted logic strikes again i realise that if a group of you were to take your guns and rise up against the current administration you would all be labelled terrorists this is not evidence that i support the current regime how you could twist it to seem so is beyond me,0,Attack,C,1,0,0,,
3519,the medical establishment has convinced people that we are what we are because what our genes say we are,which is why the medical establishment endorses smoking drinking heavily and a fatty diet with no excercise because they believe we are predestined by our genes right why do you persist with these blatant lies,0,Attack,C,1,0,0,,
3516,where were the french on dday and the normandy invasion when hitler was burglaring their nation i do not recall history mentioning a frenchman around but the americans were saving their rears once again,are you really this historically ignorant,0,Attack,C,1,0,0,,
2050,"If we leave the EU we will save billions of pounds which can then be invested in our ailing national infrastructure, notably the NHS.","Mr Cameron also said he did not think it would be right for Britain - or in the national interest - to leave the EU entirely, pointing out that some 50% of nation's trade was with the EU.",0,Attack,C,1,0,0,,
1291,Ukip are doing well for the very simple reason folk have at last realized that they are being lied to by LibLabCon and now have somewhere else to go.,"Jo Coburn spoke to Conservative MEP Sajjad Karim, who used to be a Lib Dem, but traced his political activities back to Tory circles when he was seven.",2,No Relation,C,0,0,1,,
1569,"In UKIP, we have a new political force which looks likely to poll very well in a national election on thursday.",But the peer said the choice for British voters at a general election was between David Cameron and Ed Miliband as prime minister.,0,Attack,C,1,0,0,,
2572,but we are not arguing that it is wrong,the theory of   intelligent design   holds that certain features of the universe and of living things are best explained by an intelligent causefine,0,Attack,C,0,0,1,,
1044,If the other parties do tackle the issues of EU and immigration I'll be more than happy to see UKIP disappear.,"And at by elections voters are not choosing a government - they can shout loudly and protest, safe in the knowledge that it won't change the person who lives in Downing Street.",1,Support,C,0,0,1,,
2017,People are not voting for UKIP because of immigration propaganda but because of their direct experience of immigration.,Sir Menzies Campbell suggested the government was worried about a political backlash amid public concerns about immigration levels in general.,1,Support,C,0,1,0,,
2815,how are they standing in the way is research into id bannedpretty much especially if anyone who has publically known proid views prior to getting tenure is bound to not get it,pretty much especially if anyone who has publicly known proid views prior to getting tenure is bound to not get it,0,Attack,C,0,1,0,,
3361, mate, can we get one thing straight,1,Support,C,0,0,1,,
667,"UKIP are an independent party and have shown that their appeal is broad, making big dents in staunchly Labour voting areas as well as the recent bi-election successes.","Mr Farage, who heads the party's 12 representatives in the European Parliament, was injured in a light aircraft crash on the day of the general election.",2,No Relation,C,0,0,1,,
1513,"UKIPs main issue has always been the EU, immigration has just been the bit that highlights what a failure the project has been.","UKIP, which has called for withdrawal from the European Union and greater restrictions on immigration, has seen improved poll ratings this year.",1,Support,C,0,1,0,,
3482,evolution is the method that god used to create all things,well the point about evolution is that it does not need a god to tinker with it,0,Attack,C,1,0,0,,
2143,UKIP is a vessel through which a protest is being delivered. ,"After Conservative MPs effectively killed off the idea of House of Lords reform in August, Lib Dem leader Nick Clegg announced his party would oppose plans for boundary changes.",2,No Relation,C,0,0,1,,
3483,he was not discussing abortion nor was he promoting it,and you fail to answer the question,0,Attack,C,1,0,0,,
3393, what this is pointless first off if there wasnt evolution the diseases we have today wouldnt be as strong as they are and there wouldnt be humans everything starts somewhere and evolves   notice that almost all forms of complex life have both male and femalehorses cats dogs humans moths monkeys fish elephants etc, there are documented cases of specific species adapting over time,1,Support,C,0,1,0,,
3177,i find it immensely amusing when christians require proof before theyll believe in something,i agree totally with what you said cerin,0,Attack,C,0,1,0,,
2675,the same reason we dont teach literature in a home economics class,the reason we dont teach literature in home economics is because those two subject have seemingly absolutely nothing to do with one another,0,Attack,C,0,1,0,,
1015,If UKIP are wise they will alter their attitude about the NHS and public services in general.,"Under UKIP's plans, migrants would have to provide their insurance details when they registered with a GP and the costs of any treatment would be recovered from insurers by the NHS, which seems like just more admin work",1,Support,C,0,1,0,,
1305,"I sense that Farage is a total megalomaniac, a charlatan, someone who is in it for the attention and the glory and that in a strange way, that many UKIP voters know this but don't seem to mind.",There is only one party in this country that can guarantee the people in this country will get a referendum on the EU and that is UKIP.,0,Attack,C,1,0,0,,
2443, features that appear vestigial and functionless actually serve a function eg,so what using   intelligent design    is the purpose of the appendixid simply predicted that the appendix would have a function,0,Attack,C,0,1,0,,
908,Cameron had it right and UKIP could tip the balance towards Labour in the crucial marginal seats in the GE where the battle will take place .,"Nigel is a passionate fighter, he doesn't sling the towel in.",1,Support,C,0,0,1,,
3440, how com everyone here is bickering try the flood, two darwinists spent hours standing at a flag pole trying to find the height of it,1,Support,C,0,0,1,,
872,Hopefully we will see our first UKIP MP before the general elections next year.,The by-election that Reform won in 1989 was crucial in convincing voters that a vote for them was not as wasted vote.,2,No Relation,C,0,1,0,,
2711,in science testing a hypothesis or theory means deriving predictions from them,you are using the common tactic of forcing someone to disprove a negative,0,Attack,C,1,0,0,,
384,"I don't think most people realise the benefits of free trade at all, and UKIP capitalise on peoples ignorance of the benefits of free trade as much as they can.","The party's press officer, Gawain Towler, intervened on Tuesday evening, posting a message saying I can assure you that nobody has been asked to troll, people have been directed to the forum because it could be interesting.",2,No Relation,C,0,0,1,,
3825,European Parliament elections should involve only one voting district all of Europe and not separate country seats,This avoids the real questions about the European Parliament,0,Attack,C,1,0,0,,
3182,correction its an ancestor of both chimpanzees and humans,oh boy here we go again,1,Support,C,1,0,0,,
43,"The greens and ukip provide encouragement for labour and conservatives alike to address some issues people care about, albeit only lip service to retain votes mainly.",The UK Independence Party had its best ever local election night with a 14% share of the vote where they had candidates.,1,Support,C,0,1,0,,
2040,"The sooner we are out of the EU, the sooner we can start making this country great again.","Mr Cameron also said he did not think it would be right for Britain - or in the national interest - to leave the EU entirely, pointing out that some 50% of nation's trade was with the EU.",0,Attack,C,1,0,0,,
2525,mr,is a common creationist position which misunderstand that most mutations are mostly neutral few are strongly detrimental and some are beneficial,1,Support,C,0,0,1,,
3316, the one that suits its current environment surveys and grow up to breed, evolution is an embarrassment to science,0,Attack,C,1,0,0,,
3162,genesis  and  say and there was evening and there was morning a sixth day,i can see how it would be interpreted as a contradiction,0,Attack,C,0,0,1,,
3975,i remember being underwhelmed when this first came out but enough time had passed when i caught it on tv so perhaps i had just been in the wrong mood back then maybe this time ill enjoy it but no,brilliant film disliked by people with no imagination,0,Attack,C,1,0,0,,
429,Ukip are doing well for the very simple reason folk have at last realized that they are being lied to by LibLabCon and now have somewhere else to go.,"Voters appear restive, often reluctant to support the larger parties.",1,Support,C,0,1,0,,
2041,Whether UKIP can deliver on their promises if they were to win power at the next general election is a moot point because they will not win power.,"He has vowed to scrap all speed cameras in the region, arguing that they sour police relations with law-abiding citizens and fail to cut road accidents.",2,No Relation,C,0,0,1,,
308,I think a lot of UKIP supporters would be outraged if one of the consequences of leaving the EU was to price them out of buying virtually any of today's niceties.,"Televised leader debates - long a feature of elections in the US - were held for the first time in the UK in 2010, on three successive weeks leading up to polling day.",2,No Relation,C,0,0,1,,
2765,instead this appears to be an abuse of copyright without an argument on crowthers part,the u,1,Support,C,0,0,1,,
1265,"Much of UKIP's meteoric rise has to do with political correctness, and the fact that ordinary people are sick of it.",Labour accused the PM of trying to ditch the TV debates simply because he is too scared to defend his record.,2,No Relation,C,0,0,1,,
1110,"I think Farage makes a much better leader than any of the other parties, he's full of enthusiasm and is not a PR man like the current leaders of the 3 main parties.","He has been selected to stand for the Conservatives in May's European elections for the South West England seat, that also includes Gibraltar.",2,No Relation,C,0,0,1,,
64,"UKIP are a two trick pony, Europe and immigration that's it.","But under the terms of a 2007 agreement, he said the EU was legally obliged to provide support to more deprived areas, known as cohesion funding, including parts of the UK.",2,No Relation,C,0,0,1,,
2428,from mr,i have yet to read a single sentence from any id proponent that provides testable predictions about the type of informational properties we expect to find in nature if an intelligent agent were at work in designing a natural object,1,Support,C,0,0,1,,
1552,UKIP's sole aim at the general election is to get a smallish number of MPs elected but enough to hold the balance of power and do a deal with the Tories.,"We're not going to do a pact with UKIP anymore than I'm going to do a pact with the Lib Dems and go into the next election with them, said Mr Shapps.",0,Attack,C,1,0,0,,
2741,so tj you seem to have made quite a few foolish arguments how familiar are you with augustinetj  well i know that he believed the earth was created instantaneously not progressively and was according to scripture less than  years old,i will address the post by americans united for separation of church and state here and then address the question of constitutionality in another post,1,Support,C,0,0,1,,
1214,UKIP are not a single issue party anymore; UK Sovereignty is the crux of their party political platform but they've certainly expanded from that singular issue in recent years.,"His name is Nigel Farage, the leader of the UK Independence Party.",2,No Relation,C,0,0,1,,
1061,"In fact, all UKIP seems to talk about now is withdrawl from the EU without any genuine policy around UK's domestic economy.","A default judgement was made in her favour by Exeter Employment Tribunal after UKIP, which denies the allegations, failed to lodge a defence.",2,No Relation,C,0,0,1,,
2049,A strong UKIP vote suggests there's a lot of the British public who aren't on board with the current set-up.,"While the number of immigrants arriving in the country remained virtually unaltered over the period, the increase was driven by a change in the number of people leaving Britain.",2,No Relation,C,0,0,1,,
3409, you know a debate like this can be put up to get intelligent information exchange, yes if what you are saying is true then im for it,1,Support,C,0,1,0,,
1624,UKIP are the only party willing to have a sensible open debate on the key issues affecting the country. ,"Separately, the Department of Health is reviewing how hospitals can more effectively recover money and enforce charges - with ministers acknowledging that current procedures are flawed.",2,No Relation,C,0,0,1,,
1506,UKIP are blatantly disregarding the possibility of man made climate change.,"And when married to the Europhobia innate to parts of the Conservative party, you have a diabolical cocktail that threatens the whole long-term structure of UK climate change and energy policy.",1,Support,C,0,1,0,,
1122,The more the 'mainstream' parties smear and lie about UKIP the more their support rises.,Their debate followed a Daily Politics flim looking at a possible pact between UKIP and the Tories.,2,No Relation,C,0,0,1,,
1123,"UKIP are a two trick pony, Europe and immigration that's it.",Lord Mandelson said Ed Miliband and the Labour Party was 'refreshing their thinking' after the breakdown in trust with the general public over the financial crisis.,2,No Relation,C,0,0,1,,
1881,Whether UKIP can deliver on their promises if they were to win power at the next general election is a moot point because they will not win power.,Mr Cameron wants to negotiate the return of some powers to Britain before a promised referendum by 2017.,2,No Relation,C,0,0,1,,
346,"Labour should be running scared of UKIP, now the working class are starting to realise that Labour is for middle class socialists and the public sector.",More than 80 Tory MPs rebelled earlier this year in demanding a referendum.,2,No Relation,C,0,0,1,,
3468,because there is evidence against kerry,yet there is evidence against bush and you have a double standard on applying your attacks on kerry to bush even when the same circumstances apply,0,Attack,C,1,0,0,,
3187,i agreed with you up until reasonable doubt,therefore your usurpation of supposed assumption of stated opinion cannot be proven or supported by evidence but is not substantial enough to answer the question specifically,1,Support,C,1,0,0,,
2587,theology it says in his profile,anybody that thinks there is currently a healthy scientific debate over intelligent design has missed the history of the last  years,1,Support,C,0,0,1,,
2363,if youre tired of debating pandas fine,if intelligent design is a valid scientific concept why is it that we have examples of idiotic design in so many organism including vertbrates all their eyes are wired backwards making their retinas vulnerable to damage,0,Attack,C,0,0,1,,
2005,Ukip are doing well for the very simple reason folk have at last realized that they are being lied to by LibLabCon and now have somewhere else to go.,"The pair spoke to Andrew Neil and Jo Coburn on the Daily Politics ahead of Tuesday afternoon's Liberal Democrat conference debate on a motion about the EU,",2,No Relation,C,0,0,1,,
2081,UKIP is not at all taking into account the financial effects of leaving the EU: Europe is the main market for the UK. ,"Conservative party vice chairman Michael Fabricant said the party had struggled to present a distinctive message during the Eastleigh election, saying UKIP had managed to connect with traditional blue-collar Tory voters on issues such as crime and immigration in a way the Conservatives had not.",2,No Relation,C,0,0,1,,
1361,The reason why UKIP has gained so many votes is because the main parties refuse to deal with immigration and the EU.,"If I'd known what it was going to be like, I wouldn't have done it.",2,No Relation,C,0,0,1,,
2413,your argument is compelling until we expand the question of how did we get here to encompass the divine,with belief,0,Attack,C,0,1,0,,
1654,"The sooner we are out of the EU, the sooner we can start making this country great again.",Voters in Oldham East and Saddleworth will vote in the first by-election of the coalition era on Thursday.,2,No Relation,C,0,0,1,,
1037,"The momentum is with UKIP; Labour, Conservative and Liberal areas are all now vulnerable to them. ",I want to campaign for Britain to break free from the EU and UKIP are the party to do it.,1,Support,C,0,1,0,,
3259,ok,evolution has basically been proven there is no evidence for the biblical story common claims made by evolutionists,0,Attack,C,0,0,1,,
153,"UKIP are a fairly right wing group as I'm sure will become clear when they actually produce some policies other than the ""its all the eu's"" fault.","But some pundits believe UKIP to be on course to win next year's European elections, beating the Conservatives into second place.",0,Attack,C,0,0,1,,
1641,UKIP are a joke outfit full of small-minded Neanderthals who think the 1950s are the future.,"Essentially we are saying to the party don't panic, and trust us, one Cameron adviser said.",2,No Relation,C,0,0,1,,
1327,"In UKIP, we have a new political force which looks likely to poll very well in a national election.","Due to what the party says was a clerical error, between December 2004 and January 2006 he was not on the electoral register - making him an impermissible donor under UK electoral law.",2,No Relation,C,0,0,1,,
496,I think a lot of UKIP supporters would be outraged if one of the consequences of leaving the EU was to price them out of buying virtually any of today's niceties.,He can speak as a solid Brit who understands the benefits.,2,No Relation,C,0,0,1,,
44,"If UKIP want to retain these voters and attract more in a general election then they need to come up with policies other than ""leave the EU"" and ""its all the immigrants fault"".",The other trend that continued here was the Liberal Democrats getting a thumping.,2,No Relation,C,0,0,1,,
3594,come on it is andy schlafly what do you expect from the spawn of phyllis,oh that explains a lot i actually forgot who she was had to google the name,1,Support,C,0,1,0,,
3160,in a literal translation genesis  and  state that god created the heavens and the earth in six days,as has already been covered,0,Attack,C,0,1,0,,
3065,but who could it be  is it you or me  or maybe the buddhists,is it me or is it you only time will tell,0,Attack,C,0,1,0,,
902,"I sense that Farage is a total megalomaniac, a charlatan, someone who is in it for the attention and the glory and that in a strange way, that many UKIP voters know this but don't seem to mind.","The UK Independent Party says it is the only party which will pull the UK out of the European Union and, with Nigel Farage at the helm, will put us back on track.",0,Attack,C,1,0,0,,
2264,"The UKIP party is a populist party at the right end of the spectrum, which exploits people's fears of the foreign and unknown.","Therefore, if he can argue that he has taken the lead in changing Brussels for the better - and that they have joined with him in making the EU more business friendly, then there is perhaps less need to grab back some powers.",2,No Relation,C,0,0,1,,
839,"The UKIP party is a populist party at the right end of the spectrum, which exploits people's fears of the foreign and unknown.",Nigel Farage said most Ukippers have got robust views on immigration and he described them as sensible views.,0,Attack,C,1,0,0,,
675,"The UKIP party is a populist party at the right end of the spectrum, which exploits people's fears of the foreign and unknown.","I will be in my constituency working hard for the people of the Highlands, as I do almost every Friday.",2,No Relation,C,0,0,1,,
2559,i believe arguments from the opposing camps that say it looks like it was designed so it must have been designed and natural selection could have produced it so we believe natural selection did produce it are not going to lead to resolution of this issue,behe assertsdesign is recognized in the purposeful arrangement of partswho decides if an arrangement of parts is purposeful  what does purposeful really mean in that statement  do the parts have purpose  does the arrangement have purpose  did the designer have purpose  if i take an old wristwatch and remove all the springs and gears and arrange them in a circle is the circle designed  if i throw them in a heap are all of the parts of the watch no longer designed  if i pick up some metal shavings off of the floor from under the lathe in the machine shop and arrange them into a complicated mathematical pattern that i generated using a computer program can you tell if this is a purposeful design or just a random designis a virus designed  a prion  a fragment of rna a benzene molecule  how can you tellwaving your hands and saying i know design when i see it and all life was obviously designed just wont cut it,1,Support,C,0,1,0,,
1656,If anyone seriously thinks that UKIP will offer some kind of answer to our current problems then I think that they are going to be sadly disappointed.,I believe that what UKIP is doing is vital for this country.,0,Attack,C,1,0,0,,
2356,the the myths and stories of the bible were never meant to be taken as history in our sense of the word and certainly not   science  ,  this will and is already descending into a debate about the philosophy of science,0,Attack,C,0,0,1,,
1297,"I don't necessarily think Nigel Farage is worthy of PM, I think they need a new leader.","It's not about turning left or turning right, it's turning off, warned shadow leader of the House of Commons, speaking of the blow the coalition government had taken during the week.",2,No Relation,C,0,0,1,,
527,UKIP are a joke outfit full of small-minded Neanderthals who think the 1950s are the future.,He told the BBC's Andrew Marr he did not want them to overshadow the campaign as he says they did in 2010.,2,No Relation,C,0,0,1,,
2718,for goodness sakes guys very few people are advocating the mandatory teaching of id in schools,tjlook what happened to richard stenburg when he had the courage to allow an id piece get published scientists and his peers jumped all over him,0,Attack,C,0,0,1,,
1958,UKIP is the only party that has understood the damage immigration does to the UK and its policies aim at repairing this.,The Bulgarian President Rosen Plevneliev has warned that Britain's immigration policy could harm its image as a great global power that pioneered integration.,0,Attack,C,1,0,0,,
2965,yes im fully aware what a solar eclipse is,actually im not simply looking backwards,0,Attack,C,0,0,1,,
2341,joewe look at the options,joegbtw pvm the scientific answer to ucd is we dont know,0,Attack,C,0,0,1,,
1476,People are not voting for UKIP because of immigration propaganda but because of their direct experience of immigration.,"With Tory MPs anxious about the march of UKIP and immigration high on voters' list of concerns, many believe that kite has been crafted in Downing Street.",2,No Relation,C,0,1,0,,
3067,if the existence of a fossil record contradicting parts of the bible then that does not disprove in and of itself the fossil record,it is indeed spiritually immature to equate death and decay with evil,1,Support,C,0,1,0,,
2454, jay intelligent design id has scientific merit in paleontology because in many instances it can be applied to the fossil record to detect where design has occurred in the history of life by finding the rapid introduction of large amounts of complex and specified information csi,since we proposed punctuated equilibria to explain trends it is infuriating to be quoted again and again by creationists  whether through design or stupidity i do not know  as admitting that the fossil record includes no transitional forms,1,Support,C,1,0,0,,
3453,the father deserves nothing but scorn and derision he is a murderous cretin whose stupidity killed his child,well that is a stupid statement stupid enough that i can not even wrap my head around it and make a proper comparison,0,Attack,C,1,0,0,,
640,"If UKIP do hold the balance of power and get into government, their only condition will be an in/out EU referendum.","The consequence was that the story was leaked before Mike Nattrass, or indeed I, were actually ready for the story to go out.",2,No Relation,C,0,0,1,,
1488,UKIP isn't committed exclusively to either right-wing or left-wing ideology and that’s a very good place to be.,"Therefore no learning takes place - that is not right because it just cannot be, he told an event in London.",2,No Relation,C,0,0,1,,
3026,i would like your oppinion of my remarks    httpwww,obviously you havent done much reading on the aig website,0,Attack,C,0,0,1,,
3358, evolution is simply the genetic change in populations of organisms over successive generations, of course evolution is real as someone said it is fact there is no arguing and i find it really funny that people who agreed with someone on this side in saying evolution does not contradict god have actually put their comments on the for side its ridiculous you cant deny something thats being proven and i know this isnt the side for it but do i believe in god no and im the only one with any proof unless you dont count the fact you cant see or hear and then have the excuse yeah but i have faith as proof   and one more things those of you that think we evolved from monkeys its apes for a start and just because you are not a scientist and emencly intelligent like them and cannot understand the process dont make it any less true so to some up evolution is fact weather god is real or not maybe open your mind to the thought that evolution could be the answer to how and not why,1,Support,C,0,1,0,,
757,UKIP are in with the City as much as the other three and I don't like the way they are whipping people up into a frenzy.,"Speaking on Tuesday, Lib Dem leader Nick Clegg said his party had been on the back foot electorally since entering government in 2010 but was back in the saddle and confident after its victory in March's Eastleigh by-election.",2,No Relation,C,0,0,1,,
1479,A strong UKIP vote suggests there's a lot of the British public who aren't on board with the current set-up.,"The voters have understood that EU membership is making us poorer and less democratic and less free, he said.",1,Support,C,0,1,0,,
2712,you are using the common tactic of forcing someone to disprove a negative,there is nothing wrong with asking someone to disprove a negative that is with asking someone to provide evidence contrary to a claim,0,Attack,C,1,0,0,,
920,"The problem with popularism but no substance, like UKIP represent, is that it just results in things getting worse and worse.",But some Conservative MPs raised questions about the leadership.,2,No Relation,C,0,0,1,,
498,"The problem with popularism but no substance, like UKIP represent, is that it just results in things getting worse and worse.","Although the UK cannot veto the Budget on its own, Mr Osborne has said the fight will be joined over the issue and Brussels needs a reality check.",2,No Relation,C,0,0,1,,
1071,Intellectually I rate Farage much higher than Cameron; he has a very sharp and quick wit and is an excellent public speaker.,What worries me is that two thirds of people didn't bother to vote at all.,2,No Relation,C,0,0,1,,
3365, well to begin with there is a lot of strong evidence to support evolution the discovery of dna the discovery of fossils and primitive primates etc, i definitely think it has something to do with everything as there is quite a lot of evidence for it e,1,Support,C,0,1,0,,
1667,It's a protest vote because (most) people know that UKIP will never net in power.,He argued that his party was on a journey from a party of protest to a party of government.,0,Attack,C,1,0,0,,
1356,"The problem with popularism but no substance, like UKIP represent, is that it just results in things getting worse and worse.","It is fielding 1,217 candidates this time - a significant increase on previous campaigns but still not enough to qualify for a party election broadcast.",2,No Relation,C,0,0,1,,
3142,at the risk of sounding like my mother i dont know what happened to you that caused you to hate christianity so but it is evident that you absolutely hate it,but i can see she didnt teach you much,1,Support,C,1,0,0,,
939,"I think Farage makes a much better leader than any of the other parties, he's full of enthusiasm and is not a PR man like the current leaders of the 3 main parties.","Farage went on to say that the people who voted UKIP had to be listened to, adding that we get it.",1,Support,C,0,1,0,,
1250,"If you think that the Tories are nasty, heaven help us if UKIP get in because they would be nastier, more cruel, and more bigoted.",But his jibe did not go down well British MEPs from other parties.,2,No Relation,C,0,0,1,,
1847,UKIP are not a single issue party anymore; UK Sovereignty is the crux of their party political platform but they've certainly expanded from that singular issue in recent years.,Labour accused the PM of trying to ditch the TV debates simply because he is too scared to defend his record.,2,No Relation,C,0,0,1,,
688,Ukip are doing well for the very simple reason folk have at last realized that they are being lied to by LibLabCon and now have somewhere else to go.,"Firms with apprenticeship schemes had a workforce that was more motivated and connected, he suggested.",2,No Relation,C,0,0,1,,
1918,A strong UKIP vote suggests there's a lot of the British public who aren't on board with the current set-up.,We acknowledge that these pressures are also faced by many longer-established residents.,2,No Relation,C,0,0,1,,
2595,island referenced a  article however science does proceed and indeedabstract we apply the recently defined multipole vector framework to the frequencyspecific firstyear wmap sky maps estimating the lowl multipole coefficients from the highlatitude sky by means of a power equalization filter,   httpwww,1,Support,C,0,0,1,,
2282,if we are descended from animals then the unique relationship between man and god is undermined,it is not appropriate to teach creationism as a means for upholding the bible,0,Attack,C,1,0,0,,
2386,jumpstart helps us understand the eliminative nature of idit is difficult even improbable to imagine how such a process could happen without being jump started,how did life begin ,0,Attack,C,0,0,1,,
2409,forgot that atheism isnt a religion and if i say otherwise people will apologetically insist im wrong,atheism is merely the lack of theistic belief and it offers nothing beyond that,0,Attack,C,0,1,0,,
1401,"As far as immigration is concerned all Ukip want is a level playing field for non EU migrants and to control the numbers so, if anything, Ukip are too soft on immigration.","Mr Farage will tell members at the conference in London that, by the 2015 general election, UKIP will overtake the Lib Dems in terms of its support base.",1,Support,C,0,0,1,,
3956,Governments should be allowed to disrupt Internet service on grounds of national security,The right to internet access as a fundamental right,0,Attack,C,1,0,0,,
1331,I'm no fan of UKIP but well done to them for initiating a much needed shake up of British politics.,Plans include preventing migrants from claiming out-of-work benefits during their first three months in the UK and stopping benefit payments altogether after six months unless the claimant has a genuine chance of a job.,2,No Relation,C,0,0,1,,
2915,the national center for science education has a good reason to be concerned about intelligent design,perhaps what is needed is to distinguish between academic freedom and peer review,1,Support,C,0,0,1,,
1778,UKIP is the only party that has understood the damage immigration does to the UK and its policies aim at repairing this.,"And he accused the government of burying their head in the sand over the size of the Roma community living in the UK, which he said was revealed in a recent study by Salford University.",1,Support,C,0,1,0,,
2119,"If UKIP want to retain these voters and attract more in a general election then they need to come up with policies other than ""leave the EU"" and ""its all the immigrants fault"".",UKIP says it is campaigning on a pro democracy message - aiming to rejuvenate local politics.,0,Attack,C,1,0,0,,
1066,UKIP are a joke outfit full of small-minded Neanderthals who think the 1950s are the future.,UKIP received the money from a donor who was not on the electoral register.,2,No Relation,C,0,1,0,,
2098,"UKIP will lead the UK to independence from the oppressive EU, which is the only chance Britain has at restoring its former glory.","Deputy Prime Minister Nick Clegg, whose Liberal Democrats oppose a referendum, said leaving altogether would make us less safe because we co-operate in the European Union to go after criminal gangs that cross borders.",0,Attack,C,1,0,0,,
2274,teaching evolution exclusively is dangerous to science and reason, creationism is scientifically testable,1,Support,C,0,1,0,,
2665,according to its advocates the designer responsible for intelligent design in biology could be any sort of creative intelligence capable of engineering the basic elements of life,complexity is the more the norm than the exception,0,Attack,C,0,0,1,,
2701,an underlying assumption of id is that intelligence is a property which we can generally understand through our observations of intelligent agents in the natural world, without a scientific definition of natural scientists cannot distinguish between natural explanations and supernatural ones,0,Attack,C,1,0,0,,
2272,The hate campaign against Eastern Europeans that was and is run by UKIP legitimises anything said against them.,"Stuart Wheeler has denied being sexist by saying women were nowhere near as good as men at games like chess, bridge and poker.",2,No Relation,C,0,0,1,,
657,"If you think that the Tories are nasty, heaven help us if UKIP get in because they would be nastier, more cruel, and more bigoted.","The Conservative by-election candidate, Maria Hutchings, stood against Chris Huhne in 2010, coming second.",2,No Relation,C,0,0,1,,
2659,no id does not claim the designer is human like but since humans are the only known intelligence that is the only thing they have to compare id to,science is testable,0,Attack,C,0,0,1,,
2512,i dont follow dr,it seems that so far id has focused on malaria and on the bacterial flagellum which shares homology with the type three secretory system used by bacteria responsible for the bubonic plague,1,Support,C,0,0,1,,
3083,aig decries scientists for making unproven assumptions while making many of their own,you are ignoring centuries of good scholarship including that in the last century specifically engaging the arguments of historical criticism and socalled higher reasoning,1,Support,C,1,0,0,,
2640,like all theories evolution has changed over the years because of new evidence was discovered,you are ignoring my main point that catastrophism was closer to the truth then darwin,0,Attack,C,1,0,0,,
1251,"As far as immigration is concerned all Ukip want is a level playing field for non EU migrants and to control the numbers so, if anything, Ukip are too soft on immigration.",The claim is firmly denied by Mr Bloom and is being investigated.,2,No Relation,C,0,0,1,,
526,Big business will not support UKIP given the devastation that withdrawal from the EU would cause.,Nigel Farage is an intelligent man.,2,No Relation,C,0,0,1,,
1564,UKIP want to get us out of the EU to make the British people much worse off then they already are.,"Deputy Prime Minister Nick Clegg, whose Liberal Democrats oppose a referendum, said leaving altogether would make us less safe because we co-operate in the European Union to go after criminal gangs that cross borders.",1,Support,C,0,1,0,,
2197,"UKIP do not bear scrutiny either as a coherent policy offer or a group of potential ministers , they are an insurgent party of protest with one message.",Mr Cameron dismissed UKIP's showing as a protest by voters and promised to stay true to his principles.,1,Support,C,0,1,0,,
3702,marihuana is the worst smelling thing in the world legalising it would kill my sense of smell,i do not like the smell of fish that does not mean it should be illegal,0,Attack,C,1,0,0,,
511,I'm no fan of UKIP but well done to them for initiating a much needed shake up of British politics.,I have to say I think David Cameron is not sure whether he wants to these debates.,2,No Relation,C,0,0,1,,
1543,"UKIP are a two trick pony, Europe and immigration that's it.",UKIP has evolved over the two decades since it was created from an anti-EU pressure group into a fully fledged party which has now proved that it can succeed beyond European elections.,0,Attack,C,1,0,0,,
3822,European Parliament elections should involve only one voting district all of Europe and not separate country seats,Big countries will dominate,0,Attack,C,1,0,0,,
1916,"UKIP's position is not reasonable, but racists and proto-fascist, considering they have nothing to say about the finance capital bombing of the economy, but to put all the blame for Europe's woes onto immigration.","Mr Campbell Bannerman, one of UKIP's 12 MEPs in the European Parliament and deputy leader, lost out to Nigel Farage in a leadership contest in November.",2,No Relation,C,0,0,1,,
2343,and as with all scientific inferences further research can either confirm or refute that inference,as i said earlier experience demonstrates that it matters a great deal to an investigation whether or not that which is being investigated occurred via agency involvement or by nature operating freely,0,Attack,C,0,0,1,,
1967,"If UKIP want to retain these voters and attract more in a general election then they need to come up with policies other than ""leave the EU"" and ""its all the immigrants fault"".","Explaining his decision to swap sides, Mr Campbell Bannerman - MEP for the East of England - said UKIP had become obsessed with single issue politics, internal fighting and shouting from the sidelines.",1,Support,C,0,1,0,,
540,The only reason we are even having a sensible debate about Europe are UKIP.,Mr Neville added that he was a big supporter of gay marriage and said he believed the government was right to seek to legalise it in England.,2,No Relation,C,0,0,1,,
3772,yes i never thought of that but that is a brilliant question and so true when you are part of a big family you should have a say in things that affect you ,for a successful economic union cultural union should be followed,1,Support,C,0,0,1,,
1290,"The greens and ukip provide encouragement for labour and conservatives alike to address some issues people care about, albeit only lip service to retain votes mainly.",The Tories said an application to rejoin them had been rejected.,2,No Relation,C,0,0,1,,
3196,fact shmakt,yes everyone evolves as everyone endures mutations,0,Attack,C,0,0,1,,
2406,i really have to give the antiiders credit you have a lot of faith,while in science you cannot prove or falsify the existence of god and id doesnt change that i agree that when it comes to blind faith dawkins and pz myers are guilty of the same thing,1,Support,C,0,1,0,,
2082,The Ukip is only an effect of years and years of fake politics and a lot of radical chic talking nonsense through editorials.,It comes two weeks after she accused the UKIP leader of bullying and being anti-women and a Stalinist and threatened to leave the party.,2,No Relation,C,0,0,1,,
1114,"I don't necessarily think Nigel Farage is worthy of PM, I think they need a new leader.","Labour selected comedy writer, broadcaster and author John O'Farrell as its candidate.",2,No Relation,C,0,0,1,,
2306, public opinion is unimportant to whether creationism belongs in science classes  public opinion does not determine whether creationism qualifies as science,proof why creationism should be taught in schools,0,Attack,C,0,0,1,,
2093,UKIP want to get us out of the EU to make the British people much worse off then they already are.,Mr Crowther said the phrase should not have been used and was lazy and old-fashioned.,2,No Relation,C,0,0,1,,
3282,its called the theory of evolution for a reason,ignorance of terminology,0,Attack,C,1,0,0,,
2063,It is more likely that Tory voters would vote tactically for UKIP to keep Labour out and that means Labour are at a real disadvantage. ,I think it shows that people are coming back to Labour but we have a long hard road ahead to win back people's trust.,2,No Relation,C,1,0,0,,
648,"The momentum is definitely with UKIP at the moment, hopefully that will continue with the up and coming by-elections.","The leader of the UK Independence Party, Nigel Farage, has said early gains in council elections across England are remarkable for the party.",1,Support,C,0,1,0,,
3870,We should create a United Nations standing army,There are better alternatives to solving the problems of contemporary warfare,0,Attack,C,1,0,0,,
3243,i think evolution is an actual truth since we are able to prove it and all,hey i feel the same way almost took the brain cells out of my head,1,Support,C,0,1,0,,
1550,UKIP are a joke outfit full of small-minded Neanderthals who think the 1950s are the future.,"In the past, UKIP has won only a handful of seats in council elections.",2,No Relation,C,0,1,0,,
369,Intellectually I rate Farage much higher than Cameron; he has a very sharp and quick wit and is an excellent public speaker.,"Farage recovered from his injuries and returned to head the party later in the year, in the latest instalment of the colourful story of UKIP's leadership.",1,Support,C,0,0,1,,
1910,"I don't think most people realise the benefits of free trade at all, and UKIP capitalise on peoples ignorance of the benefits of free trade as much as they can.",We've got to put the person at the centre of our public services and scrap the silo mentality that exists in too many local and national government organisations and agencies.,2,No Relation,C,0,0,1,,
809,I'm no fan of UKIP but well done to them for initiating a much needed shake up of British politics.,"The pair spoke to Andrew Neil about the problems across the eurozone as it was revealed the Greek PM had offered to resign, and UKIP's Lord Hesketh later joined the debate.",2,No Relation,C,0,0,1,,
1419,UKIP are not a single issue party anymore; UK Sovereignty is the crux of their party political platform but they've certainly expanded from that singular issue in recent years.,"But he also took a swipe at Labour, who he said don't really have the courage of their convictions on this.",2,No Relation,C,0,0,1,,
815,I suspect when people do start to focus and the election is close UKIPs incoherent policies will be exposed.,"Many of our members are those who have never been a member of any political party before but who see that it is UKIP who is challenging the establishment on issues such as open door immigration, grammar schools and green taxes, he said.",0,Attack,C,1,0,0,,
2841, it seems to me that luskin is being more scientific in that he talks about a method for testing idthats ironic because luskin presents no testable id,in answering your questions i will try to keep on point,0,Attack,C,0,0,1,,
2656,to sneer at aynrandinstitute and ayn rands philosophy is to fail to address the growing primary reason why people are deciding god is not an explanation of anything,youre lucky not enough people know or care enough about your religion to throw out opinions based on it presented as science philosophy logic or fact on the spot,0,Attack,C,0,0,1,,
2070,Whether UKIP can deliver on their promises if they were to win power at the next general election is a moot point because they will not win power.,Mr Cameron has promised an in/out referendum after he has negotiated the return of some powers - so far unspecified - from Brussels.,2,No Relation,C,0,0,1,,
129,"I sense that Farage is a total megalomaniac, a charlatan, someone who is in it for the attention and the glory and that in a strange way, that many UKIP voters know this but don't seem to mind.",Marta Andreasen said Mr Farage had abjectly failed and should go.,1,Support,C,0,1,0,,
3118,july  william jennings bryan the leading fundamentalist in america was questioned by clarence darrow on the accuracy of the bible,if the   bible   is to be taken literally then wouldnt a literal interpretation include a literal interpretation of genesis,1,Support,C,0,0,1,,
4051,the only good thing in this movie was dr schultz after that it was a yawn fest,it won  oscars and got great reviews so a lot of people disagree with you it was a really entertaining movie with a great cast definitely not one of the worst movies,0,Attack,C,1,0,0,,
2262,It is because of UKIP that we are finally discussing the European question and about immigration and thank goodness for that.,"Mr Cameron also said he did not think it would be right for Britain - or in the national interest - to leave the EU entirely, pointing out that some 50% of nation's trade was with the EU.",0,Attack,C,0,0,1,,
3023,now the trick is to prove that all of the authors were free of stray thoughts and theological spin,my answers to your questions are ,1,Support,C,0,0,1,,
3835,We should fear the power of government over the internet,Internet regulation is a euphemism for censorship,1,Support,C,0,1,0,,
801,"The momentum is with UKIP; Labour, Conservative and Liberal areas are all now vulnerable to them. ",Police and crime commissioners will be tasked with cutting crime and delivering an effective and efficient police service in their force area.,2,No Relation,C,0,0,1,,
304,The folk who are turning to UKIP are the ones fed up with being told what they can and can't say by the PC brigade.,"For rights reasons, David Cameron's Christmas card is not featured.",2,No Relation,C,0,0,1,,
3018,what is it with people like you  was the bible the first book you read and then you quit reading anything else can you defend your position without reference to the bible do you have any evidence yes evidence from another source that shows the bible is the word of god and not just a collection of books selected by the vatican to support a particular viewpoint why do you find it easier to believe in some all powerful supernatural creator that is eternal than a natural universe that is eternal is it possible to prove without reference to your book that god exists or does not exist  probably not, do you read books other than those produced by humanists just askingi am not a biblical scholar so i had to look for this but according to the catholic encyclopedia article on the canon of the new testament the idea of a complete and clearcut canon of the new testament existing from the beginning that is from apostolic times has no foundation in history,1,Support,C,0,1,0,,
1817,"Arguably, UKIP & co. aspire to destroy the culture created in Europe after WWII, which has been based on openness, free travel, migration and cross-geographic access to goods and labour markets.",You all think euroscepticism is a right-wing view - it is not.,2,No Relation,C,1,0,0,,
2261,UKIP's proposals on membership in the EU and migrants are at best purely demagogic: they do not take into account facts and more general issues.,Michael Fabricant has suggested offering an in/out referendum on UK membership of the EU if UKIP promises not to stand against Tory candidates in 2015.,2,No Relation,C,0,0,1,,
2138,The people and media that are criticising UKIP are highlighting the genuine concerns about UKIP and their policies towards immigrants.,"The Labour-supporting mother of murdered teenager Stephen Lawrence, told ITV's Daybreak she thought racial profiling was involved - a suggestion rejected by ministers.",2,No Relation,C,0,0,1,,
935,"If UKIP do hold the balance of power and get into government, their only condition will be an in/out EU referendum.",In terms of the number of victories it's a very difficult call.,2,No Relation,C,0,0,1,,
2233,"UKIP are an independent party and have shown that their appeal is broad, making big dents in staunchly Labour voting areas as well as the recent bi-election successes.",As one UKIP member said to me - if this is a protest vote it's a bloody big protest.,1,Support,C,0,1,0,,
3495,oh and i see you are still equating atheist with anyone who does not believe as i do,and i see you still flip back and forth from being an atheist to not being an atheist,0,Attack,C,1,0,0,,
545,"UKIP are just trying to stir up fear, using peoples fears and prejudice to gain votes so that they can get their snouts into the trough.","We can only stir it up because it is already there, red hot and seething against us.",0,Attack,C,0,1,0,,
3412, this sounds like religious faith speaking, evolution is one of the most strongly supported theories in all of science,1,Support,C,1,0,0,,
2003,"I think Farage makes a much better leader than any of the other parties, he's full of enthusiasm and is not a PR man like the current leaders of the 3 main parties.","In their leaflets, UKIP says that 29 million Bulgarian and Romanians will have the right to live, work and draw benefits in the UK and while many will be fine, hard-working people, suggests the country may struggle to cope with another influx of people needing jobs, housing schools, hospitals and benefits.",2,No Relation,C,0,0,1,,
764,"I agree with UKIP on the EU, but the rest of their policies are dangerous right wing bile.",Both will hope to appeal to a taste for something different and the anti-politics mood.,2,No Relation,C,0,0,1,,
1960,"I would say it's the anti-ukip brigade who have no substance to their argument (or facts), they simply shout ""racist"" with nothing to substantiate this slur, or become crude and insulting.","All [the prime minister's] doing is trying to curry favour, he continued.",2,No Relation,C,0,0,1,,
3308, first this topic has been on the site at least  times even as recently as a week or so ago and you should run a search before relaunching the same tired junk, look there is no proof that god or any thing in the bible existed where as there is proof to suggest that we are related to monkeys as we have the same arm structure and the same bioorganisms,1,Support,C,0,0,1,,
2557,hasnt anybody here read a molecular cell biology textbook the machinery of the cell is a rube goldberg apparatus,and minimize the ad hominems and iders will listen,1,Support,C,0,0,1,,
1514,"The success of UKIP is based more or less on this single factor, or perhaps this and the fact there is no working class voice amongst mainstream parties.",And the chancellor also comes under renewed pressure to scrap higher rate tax relief for people paying into a pension.,2,No Relation,C,0,0,1,,
1640,"The problem with popularism but no substance, like UKIP represent, is that it just results in things getting worse and worse.",UKIP say their message is cutting through regularly.,0,Attack,C,0,0,1,,
3600,if i can find the time is anyone here interested in debating the virgin birth in the debate section i would debate it didnt happen,actually hank i agree with you i do not believe it happened either i am curious to hear your opinion on the matter,1,Support,C,0,1,0,,
1253,The only reason we are even having a sensible debate about Europe are UKIP.,"The by-election was triggered by the death of Labour MP Paul Goggins, who had represented constituents from 1997.",2,No Relation,C,0,0,1,,
2863,but its more than we dont understand thus designed,i am fast drawing to the conclusion that this discussion will never end,0,Attack,C,0,0,1,,
1288,The only reason we are even having a sensible debate about Europe are UKIP.,"The whole political scene is changing; it's changing because of the strength of UKIP, and I'm pleased about that.",1,Support,C,0,1,0,,
3920,We should negotiate with terrorists,Even if negotiation with one group is successful others will take their place,0,Attack,C,1,0,0,,
52,"UKIP are a fairly right wing group as I'm sure will become clear when they actually produce some policies other than the ""its all the eu's"" fault.","UKIP are probably a flash in the pan and they are a protest vote for disaffected voters who think Tories aren't right wing enough, Green activist Andrew Murray tells me.",1,Support,C,0,1,0,,
2531,for educating us about the immense scientific amount of information that seldomly gets disseminated when id proponents claim that x could not have evolved,remember nick matzke a few years ago he outlined based on an extensive study of the scientific literature and homology studies a plausible scenario for the evolution of the bacterial flagellum,1,Support,C,0,1,0,,
1394,Big business will not support UKIP given the devastation that withdrawal from the EU would cause.,Police and crime commissioners will be tasked with cutting crime and delivering an effective and efficient police service in their force area.,2,No Relation,C,0,0,1,,
2550,i think behe has made the case for obviousdesign within the cell and i dont think you will findanyone who could put it any more clear,ok whatever dude,0,Attack,C,1,0,0,,
1416,If there are enough Ukip votes it should frighten all the parties sufficiently to make them realise they can't just ignore the electorate.,"I think you're a lovely guy, so cheerful and full of energy with an engaging smile.",2,No Relation,C,0,0,1,,
3604,aikido judo and karate wado ryu would constitute a good combination,some of these martial arts videos are remarkable,1,Support,C,0,0,1,,
1518,Plenty of survey's have shown UKIP to be the most hated of the main parties.,UKIP say their message is cutting through regularly.,0,Attack,C,0,0,1,,
1226,"It's true that UKIP dont have ideas to suit everyone, but at the moment they are heads above the pillocks at No 10 today.",And there are signs UKIP is starting to pick up the sort of protest votes that traditionally go to the Liberal Democrats - as well as benefiting from a slump in support for the British National Party.,1,Support,C,0,1,0,,
3511,they sneer down at anyone like me who does not agree with them instead of debating the facts evolutionists will often resort to attacking the intelligence or lack of it in their opponent,actually i do not sneer at you i laugh at you and i do not attack your intelligence but your knowledge,0,Attack,C,1,0,0,,
2834,the ncses response to id is that about  scientist dont believe in id and you shouldnt either,its not about believing in id many people have come to accept by faith the existence of a god but rather that scientists do not believe that id has much of anything to offer scientifically speaking,0,Attack,C,1,0,0,,
1788,If anyone seriously thinks that UKIP will offer some kind of answer to our current problems then I think that they are going to be sadly disappointed.,Mr Farage has successfully broadened UKIP's appeal away from Europe.,0,Attack,C,1,0,0,,
3069,the earth is not billions of years old because that would mean your ancient holy book and everything you believe in would be wrongim sorry but this took serious cahones to write as a defense of your beliefs,all aig is showing is that the author of one part of the bible took the author of another part of the bible literally not that either one knew what they were talking about,1,Support,C,0,1,0,,
3082,well once you accept the existence of an all powerful deity then anything is possible,aig decries scientists for making unproven assumptions while making many of their own,1,Support,C,0,0,1,,
1397,"Any of the ""working class"" who believe UKIP will represent them have not read a UKIP manifesto!",I think Labour will endeavour to manipulate the issue by offering a referendum and that will obviously cause the government to think how it responds.,2,No Relation,C,0,0,1,,
1073,I think it's far too simplistic to argue all UKIP supporters are racist - there is a real groundswell against the political establishment which over the past 20 years or so has started to converge in terms of image and policies.,UKIP's rise in national opinion polls and recent strong performances at Westminster by-elections have led some Tories to warn a split in the centre-right vote would make it easier for Labour to form the next government.,1,Support,C,0,1,0,,
3769,probably apple they keep making all the wrong marketing moves,it also seems to get harder and harder for them to innovate,1,Support,C,0,1,0,,
1753,"UKIP must get used to the idea of being widely criticised for their bullshit just as other parties always have and I find them racist, sexist, homophobic, embarrassing, unpleasant, fake, ill-prepared, trivial, incompetent, barely organised and dull.","The responsibility of politicians in this situation when people are getting anxious is to try to reassure them and give the facts, not panic and resort to populist measures that do harm.",1,Support,C,0,1,0,,
2554,i asked the questions to give mr behe a hint about how to formulate a proper argument,i was using your rhetorical question to attempt to get a discussion going,1,Support,C,0,1,0,,
592,"The sooner we are out of the EU, the sooner we can start making this country great again.",Britain needs to be free to set its own trading relationships with the rest of the world.,1,Support,C,0,1,0,,
2840,when i read casey luskins article he made some very good points, it seems to me that luskin is being more scientific in that he talks about a method for testing idthats ironic because luskin presents no testable id,0,Attack,C,1,0,0,,
2368,ask yourself this if the universe is expanding what happens when that expansion ceases my answer is that it cant be random,pvm those are merely my opinions,0,Attack,C,0,0,1,,
3807,We should grant politicians immunity from prosecution,Giving politicians immunity from prosecution allows them to focus on performing their duties,1,Support,C,0,1,0,,
1091,The success Ukip had in the european elections will be sufficient to galvanise one or preferably all the other parties to rid us of the EU's political influence.,"UKIP is still a party driven by a fundamental desire to get Britain out of the EU, and it's Conservatives, or at least Conservative leaners, who are the bulk of its supporters.",1,Support,C,0,1,0,,
3533,i think the bible is a great book its teachings are great but so are just about every other religion,oh really so blowing yourself and a bunch of other innocent people up in the name of allah is a great teaching,0,Attack,C,1,0,0,,
3535,i would never hurt a child i would much prefer to torture gun owners,so now you are freely and willingly admitting that youd take pleasure in inflicting pain and suffering on innocent people who have never done anything to you,0,Attack,C,1,0,0,,
3873,We should use torture to obtain information from suspected terrorists,In the event of an imminent attack it is only reasonable to use force to find information,1,Support,C,0,1,0,,
1347,People are not voting for UKIP because of immigration propaganda but because of their direct experience of immigration.,I think it will be very hard for him to sit down at the Cabinet table.,2,No Relation,C,0,0,1,,
1997,People are not voting for UKIP because of immigration propaganda but because of their direct experience of immigration.,"UKIP appears to have struck a chord with many voters on the issue of immigration, campaigning against the relaxation of working restrictions on Bulgarians and Romanians due to come into force in January.",1,Support,C,0,1,0,,
2789,but they do,how do public schools support hate of   religion  ,0,Attack,C,1,0,0,,
3690,you can get any other tablet for much less that has the same features ,one may argue that there are enough apple only apps justify the apple price,0,Attack,C,1,0,0,,
3284,a theory as the word is used by scientists is a detailed description of some aspect of the universes workings that is based on longcontinued observation and where possible experiment that is the result of careful reasoning from those oservations and experiments and that has survived the critical studies of scientists generally,evolution does not neccasarilly contradict intellegent design,0,Attack,C,0,0,1,,
3178,i agree totally with what you said cerin,the theory behind evolution is not that an organism evolves during its lifetime but that the species evolves over thousands if not millions of years or generations,0,Attack,C,0,0,1,,
829,"UKIP advocates for the UK leaving the European Union which would be a bad idea – but they are trying to leverage on the british people’s need to belong and pride to be british, which further sparks their anti-foreigner standpoint.",Many of its early backers might have concluded at that point - job done.,2,No Relation,C,0,0,1,,
2365,i recently read that after careful study the backwards wiring is essential,if you are going to comment on something in   science   you need to back it up with actual data,0,Attack,C,1,0,0,,
3035,i do not believe in science,all this is hard to understand,0,Attack,C,0,0,1,,
2171,"Marketing UKIP as ""the people's army"" is a bitter irony.","Deputy Prime Minister Nick Clegg, whose Liberal Democrats oppose a referendum, said leaving altogether would make us less safe because we co-operate in the European Union to go after criminal gangs that cross borders.",2,No Relation,C,0,0,1,,
827,"The momentum is with UKIP; Labour, Conservative and Liberal areas are all now vulnerable to them. ",He promised that his party would sing Mr Lynam's humorous version of Send in the Clowns at its South East conference on 8 June.,2,No Relation,C,0,0,1,,
2123,It's a protest vote because (most) people know that UKIP will never net in power.,"He said it was proof that UKIP is no longer just a protest party and is broadening its appeal across the country, not just the south of England.",0,Attack,C,1,0,0,,
2967,today july nd  the best solar eclipse of the century took place from india to japan,this is open your interpretation of the bible,0,Attack,C,0,0,1,,
476,Plenty of survey's have shown UKIP to be the most hated of the main parties.,"At the final tour stop, in Tunbridge Wells, Kent, he told supporters in the town centre UKIP was drawing support from across the political spectrum, not just disaffected Tory voters as the media assumed.",0,Attack,C,1,0,0,,
733,"The momentum is with UKIP; Labour, Conservative and Liberal areas are all now vulnerable to them. ",The safest way to protect Britain's interests is to vote Conservative.,0,Attack,C,0,0,1,,
3669,too thin it will not be very durable,but the used material is strong so two centimeter seems to be a good choice,0,Attack,C,1,0,0,,
87,Support for UKIP is just growing because people are sick of the Tories and want to register protest.,Nigel Farage will tell activists at their spring conference later that the party has an appeal beyond disaffected Conservative voters.,0,Attack,C,1,0,0,,
3767,i have to go for apple it did introduce the iphone the applications market and mobile social networking,i agree apple has also been voted as the worlds number one brand,1,Support,C,0,1,0,,
1818,"UKIP do not bear scrutiny either as a coherent policy offer or a group of potential ministers , they are an insurgent party of protest with one message.",There are signs UKIP is starting to pick up the sort of protest votes that traditionally go to the Liberal Democrats - as well as benefiting from a slump in support for the British National Party.,1,Support,C,0,1,0,,
944,"UKIP are a fairly right wing group as I'm sure will become clear when they actually produce some policies other than the ""its all the eu's"" fault.","He pointed to the example of Norway, which has invested North Sea oil revenues in a sovereign wealth fund for decades, as to how the UK should maximise the benefits of shale gas.",2,No Relation,C,1,0,0,,
506,Many racists and especially xenophobes find the UKIP message appealing.,He organised a trip to a Leeds mosque for party leader Nigel Farage and canvassed with UKIP candidate Jane Collins during the 2012 Rotherham by-election.,2,No Relation,C,1,0,0,,
1724,UKIP is a vessel through which a protest is being delivered. ,"He said it was proof that UKIP is no longer just a protest party and is broadening its appeal across the country, not just the south of England.",0,Attack,C,1,0,0,,
2824,where did i say thatit was livvy that originally said it,caseylate last night i posted my final rebuttals to the ncse on opposingviews,1,Support,C,0,0,1,,
1734,"UKIP doesn't understand that young people are, by and large, progressive.",But UKIP claims to be winning support among younger voters and students.,0,Attack,C,1,0,0,,
2114,"UKIP is a not a real party, with a clear global ideology and vision addressing all aspects of society: it is focusing on a handful of issues (all centered around membership in the EU and migrants), mostly ignoring global financial issues, health, education, security etc.",Mr Farage has successfully broadened UKIP's appeal away from Europe.,0,Attack,C,1,0,0,,
84,"I don't see UKIP as being far right, they're just further right than the rest who have congregated arund the middle ground.","The Conservatives and Labour were contesting most local election seats, with 2,263 and 2,168 candidates respectively.",2,No Relation,C,0,0,1,,
189,Many racists and especially xenophobes find the UKIP message appealing.,"UKIP said Bhutto, 35, had recently resigned his party membership.",2,No Relation,C,0,0,1,,
3089,using logic to apply consistent artistry to the mass of creation we may assert the existence of the artist almighty god  if we exercise faith toward god by believing that he exists in the very manner that he says that he does then we may logically apply his consistent character including his artistic signature in creation to all things that god the artist creates,your argument breaks down if your audience rejects the notion that adam was created ex nihilo with the appearance of age,0,Attack,C,1,0,0,,
24,Ukip are doing well for the very simple reason folk have at last realized that they are being lied to by LibLabCon and now have somewhere else to go.,She said she was absolutely ecstatic and the UKIP's performance showed that the coalition government was taking the country in the wrong direction.,1,Support,C,0,1,0,,
703,"I and many others will be voting UKIP not because of a handful of people that have said stupid things, it will be because I identify and agree with their overarching principles.",Shadow minister Diane Abbott does not see UKIP as a real threat at the next election.,0,Attack,C,0,0,1,,
634,A strong UKIP vote suggests there's a lot of the British public who aren't on board with the current set-up.,"When initially questioned over his comments, Mr Bloom told BBC News it would be absurd and ridiculous to label UKIP racist.",2,No Relation,C,0,0,1,,
3017,some foolish men declare that a creator made the world,what is it with people like you  was the bible the first book you read and then you quit reading anything else can you defend your position without reference to the bible do you have any evidence yes evidence from another source that shows the bible is the word of god and not just a collection of books selected by the vatican to support a particular viewpoint why do you find it easier to believe in some all powerful supernatural creator that is eternal than a natural universe that is eternal is it possible to prove without reference to your book that god exists or does not exist  probably not,0,Attack,C,0,1,0,,
2779,as you have been told already what phil says is irrelevant to id,i guess this means that what id proponents say about id is irrelevant even though said proponents are the ones who started idfascinating indeed,0,Attack,C,1,0,0,,
1668,UKIP is leveraging on the frustration of a certain stratum of society (white working class and male) in order to gain power.,"It is not just about UKIP it's that the British people are as interested and concerned about Europe, as they are about the economy, as they are about immigration.",0,Attack,C,1,0,0,,
381,It's a protest vote because (most) people know that UKIP will never net in power.,It may actually tuen out to be a close-fought contest,0,Attack,C,1,0,0,,
678,Plenty of survey's have shown UKIP to be the most hated of the main parties.,She added that there were clear marginal seats where her party would be a driving force and a candidate could take that vote and ultimately be an MP representing UKIP in the House of Commons.,2,No Relation,C,1,0,0,,
115,"I think Farage makes a much better leader than any of the other parties, he's full of enthusiasm and is not a PR man like the current leaders of the 3 main parties.",Nigel Farage seems to be on remarably good form these days.,1,Support,C,0,1,0,,
3248,the existence of the universe and life itself is considered mathematically impossibleim curious who other than yourself considers this to be the case,id doesnt undermine evolution,1,Support,C,0,0,1,,
895,If anyone seriously thinks that UKIP will offer some kind of answer to our current problems then I think that they are going to be sadly disappointed.,"But, at the 2010 general election, support dwindled to 3.1% and UKIP did not win a Westminster seat.",1,Support,C,0,1,0,,
808,UKIP are a joke outfit full of small-minded Neanderthals who think the 1950s are the future.,"Party officials are hoping for wins in the two mayoral contests that were also being held on Thursday, in Doncaster and North Tyneside, but there is talk of Labour seeing their majority reduced in South Shields.",2,No Relation,C,0,0,1,,
70,People are not voting for UKIP because of immigration propaganda but because of their direct experience of immigration.,"This is said to have enraged Mr Nattrass, who reportedly changed his mind.",2,No Relation,C,0,0,1,,
3898,The International Criminal Court should be recognised,It may be in the best interests of victims and their state for war criminals not to be brought to trial,0,Attack,C,1,0,0,,
192,"Any of the ""working class"" who believe UKIP will represent them have not read a UKIP manifesto!","But it caused tensions in the Tory ranks, with Mr Cameron accused of being out of touch with his grassroots.",0,Attack,C,0,0,1,,
2155,UKIP getting a large chunk of the vote in the EU elections sends a message to Europe that they cannot take the UK membership for granted.,He responded by describing the criticism as laughable nonsense.,2,No Relation,C,0,0,1,,
471,"In UKIP, we have a new political force which looks likely to poll very well in a national election.",But Simon Hughes said Mr Clegg was hugely qualified for the job.,2,No Relation,C,0,0,1,,
4049,i turned this movie off halfway through because i was bored out of my skull then i come here and its got a high rating granted its got a good storyline good acting nice cinematography but somehow still managed to bore me to tears,have to agree brian theres a whole half hour of boring as he goes across the expanse of the desert that could be edited out,1,Support,C,0,1,0,,
3577,see here you have seperated mind spirit soul the bible did not do this unless zechariah is being misinterpreted it basically said in your interpretation that the spirit and the soul are the same thing,yes it is very hard even for theologians to explain,1,Support,C,0,1,0,,
3234,to each their own as a personal belief i have nothing against those that subscribe to creationism but feel strongly that it does not belong in schools,life consist of nothing but creations,0,Attack,C,1,0,0,,
1665,It is because of UKIP that we are finally discussing the European question and about immigration and thank goodness for that.,Labour accused the PM of trying to ditch the TV debates simply because he is too scared to defend his record.,2,No Relation,C,0,0,1,,
3847,The voting age should be lowered to sixteen years,There needs to be a cut off,0,Attack,C,0,0,1,,
2500,it is also possible to detect design by reading what other experts say about socalled experts,michael behe may be best known for his book darwins black box and to a lesser extent its sequel the edge of evolution,1,Support,C,0,0,1,,
385,"The sooner we are out of the EU, the sooner we can start making this country great again.","All it convinces me of is we need to redouble our efforts to reach out to every part of the country, including areas where Labour has traditionally not been strong.",2,No Relation,C,0,0,1,,
1443,"UKIP are a fairly right wing group as I'm sure will become clear when they actually produce some policies other than the ""its all the eu's"" fault.","He also suggested that his party might get its first seats in the UK Parliament at the general election in 2015, and argued it was not just taking votes from the right wing of British politics.",0,Attack,C,0,0,1,,
2856,which i argue is the main reason people have come to embrace id and object to sciencecouldnt atheism be the main reason people have come to embrace a certain type of evolution and object to id  the emotions so commonly seen in the rejection of id support this,couldnt atheism be the main reason people have come to embrace a certain type of evolution and object to id the emotions so commonly seen in the rejection of id support this,0,Attack,C,0,1,0,,
756,People are not voting for UKIP because of immigration propaganda but because of their direct experience of immigration.,Mr Farage said the Commission was completely out of touch with the public after it called for a 4.9% increase in its spending next year.,2,No Relation,C,0,0,1,,
1879,The Ukip is only an effect of years and years of fake politics and a lot of radical chic talking nonsense through editorials.,He held positions in the governments of Margaret Thatcher and John Major before becoming treasurer in 2003.,2,No Relation,C,0,0,1,,
1008,If the other parties do tackle the issues of EU and immigration I'll be more than happy to see UKIP disappear.,"It is doing the country serious damage because there are large numbers of potential investors in the UK who would bring employment here, who are being warned off because of the uncertainty all of this is creating.",0,Attack,C,0,0,1,,
1081,"Any of the ""working class"" who believe UKIP will represent them have not read a UKIP manifesto!",For Number 10 to say that the vice-chairman of the Conservative Party doesn't speak for the Conservatives is ridiculous.,2,No Relation,C,0,0,1,,
2878,i happened to drop by the discoverys institutes website which claims to be interested in improving the accuracy in reporting and read an interesting blurb titled ncse promotes shrill editorial suggesting students be forced to consider the possibility that there is no god,so i decided to check out the actual articles in question and much to my dismay i came to realize that this seemed to be a blatant quote out of context,0,Attack,C,1,0,0,,
2256,UKIP want to get us out of the EU to make the British people much worse off then they already are.,"He also warned that if a proposed referendum led to the UK leaving the EU, there would be dire consequences for the country's global influence.",1,Support,C,0,1,0,,
1201,The reason why UKIP has gained so many votes is because the main parties refuse to deal with immigration and the EU.,The by-election was caused by the conviction of former Labour MP Eric Illsley for dishonestly claiming parliamentary expenses.,2,No Relation,C,0,0,1,,
2918,teachers have no freedom to misinform and miseducate students,purelabor claims that there is no proof for either side,0,Attack,C,0,0,1,,
1493,UKIP are the only party willing to have a sensible open debate on the key issues affecting the country. ,"The Conservative leader has suggested staging debates over a longer period, not just during the five-week campaign.",2,No Relation,C,1,0,0,,
2011,"UKIPs main issue has always been the EU, immigration has just been the bit that highlights what a failure the project has been.",He said his views were nothing to do with UKIP and were expressed before he became involved with the party.,2,No Relation,C,0,0,1,,
3195,well personally my second cousin by marriage on my mothers side descends from the archea branch but my bosses boss is an arachnid,fact shmakt,1,Support,C,1,0,0,,
1101,"I don't see UKIP as being far right, they're just further right than the rest who have congregated arund the middle ground.",Early results show many voters seem to be turning away from the three main political parties and flocking to UKIP and the Greens.,1,Support,C,0,0,1,,
2954,creationist want god to be both all powerful and outside the physical forces he supposedly created,genesis is very clear that the evening and the morning were the first day,0,Attack,C,0,0,1,,
3172,first of all there have been writings in hebrew ,theres no point arguing against evolution when you dont understand it in the first place,0,Attack,C,0,0,1,,
570,People are not voting for UKIP because of immigration propaganda but because of their direct experience of immigration.,"Party figures point out that where the party has a substantial local presence, they perform much better.",2,No Relation,C,1,0,0,,
1093,A forensic examination of UKIP's policies would nail once and for all the Establishment lie that they're a bunch of swivel-eyed racists.,"According to the Daily Telegraph, Mr Farage suggested to Mr Murdoch at the meal that he would form an electoral pact with the Conservatives if David Cameron stood down as leader.",2,No Relation,C,0,0,1,,
1525,People are not voting for UKIP because of immigration propaganda but because of their direct experience of immigration.,"He said his party had fundamentally changed the national debate on Europe, immigration and education.",1,Support,C,0,0,1,,
2943,werent covered under mosaic   law  ,i recall somewhere in genesis when   god   banished and marked cain some sort of reference to other people being alive other than just the first family ie adamevecain and abel and that the only reason that he would have marked abel was to protect him but protect him from whom if they are indeed the only other people so that logically leads to the assumption that there were other people living along side the first family,1,Support,C,0,0,1,,
254,"If UKIP have a good general election and manage to take a few seats then that can only benefit Labour, because all of the seats that UKIP can possibly, conceivably win - well they are all Tory seats.","I have absolutely no sympathy for the rent-a-mob protesters, the Swampies and the Occupy Movement and the anti-capitalists and eco-freaks who have sought to hijack the Balcombe protest, he said to cheers from supporters.",2,No Relation,C,0,0,1,,
3087,but what have ancient scriptures ultimately proven,include the transmission of the biblical text,1,Support,C,0,0,1,,
571,"Even a UKIP European candidate, Janice Atkinson, another ex-Tory, admits leaving the EU would be problematic.",I think we should really consider bringing forward the legislation in this parliament that would enable the referendum on EU membership.,0,Attack,C,0,0,1,,
1617,UKIP's sole aim at the general election is to get a smallish number of MPs elected but enough to hold the balance of power and do a deal with the Tories.,"David Cameron should consider a pact with UKIP, his elections adviser has said.",1,Support,C,0,1,0,,
3872,We should create a United Nations standing army,A United Nations standing army is unnecessary,0,Attack,C,1,0,0,,
479,The reason why UKIP has gained so many votes is because the main parties refuse to deal with immigration and the EU.,"He also suggested that UKIP might get its first seats in the UK Parliament at the general election in 2015, and argued it was not just taking votes from the right wing of British politics.",1,Support,C,0,0,1,,
1899,"UKIP is a party stronger for its diverse opinions and sometimes anarchic views; much better than the automatons in the Establishment parties, who just say what they think the public wants to hear, except when the mask slips.",UKIP says it is campaigning on a pro democracy message - aiming to rejuvenate local politics.,1,Support,C,0,1,0,,
828,"I sense that Farage is a total megalomaniac, a charlatan, someone who is in it for the attention and the glory and that in a strange way, that many UKIP voters know this but don't seem to mind.",And 67% said they opposed protecting Britain's overseas aid budget.,2,No Relation,C,0,0,1,,
728,"On voting day, this week the vast majority of the British public will not vote for UKIP.","At the 2010 general election,  support dwindled to 3.1% and UKIP did not win a Westminster seat.",1,Support,C,0,1,0,,
3038,it has been translated for about six thousand years,it has been translated for about six thousand years,0,Attack,C,0,1,0,,
1715,"I voted Tory for 30 years and started supporting UKIP because I want a sovereign, democratic , well governed Britain with Britain put first and its getting clearer by the day that the old Liblabcon parties will not do that.","If, on the other hand, others would not accede to our requests for a rebalancing in the light of the response to the euro crisis, then we would recommend rejection and potential departure from the EU.",2,No Relation,C,0,1,0,,
3969,id also like to add that i really disliked the music in this film maybe to the point that it dropped it below the town all by itself,to each his own but i actually loved the music in animal kingdom i thought it really set the mood and i am trying to track down the soundtrack,0,Attack,C,1,0,0,,
1148,"Marketing UKIP as ""the people's army"" is a bitter irony.","In opposition, Mr Cameron promised to hold a referendum on the Lisbon Treaty amending the EU constitution but, once in power, said he was unable to do so because it had already been ratified.",2,No Relation,C,0,0,1,,
105,Big business will not support UKIP given the devastation that withdrawal from the EU would cause.,We cannot have any control over who comes to Britain while we are members of the EU.,0,Attack,C,0,0,1,,
765,For what its worth I think UKIP is a one trick pony and is unelectable in a general election.,"I put it to him that he was more of a figurehead now than a party leader, having mostly delegated the running of UKIP to others.",2,No Relation,C,0,0,1,,
1679,UKIP getting a large chunk of the vote in the EU elections sends a message to Europe that they cannot take the UK membership for granted.,"To be honest I have no idea which way the voters around the table will go and I'm not suggesting this as anything but anecdotal, but the political parties will be seeking to impress the likes of them and win their hearts.",2,No Relation,C,0,0,1,,
2842,in answering your questions i will try to keep on point,jim,0,Attack,C,0,0,1,,
719,"My observation is that UKIP often are reluctant to directly answer any questions of substance, which can be accounted for by the fact that they really have no policies.","Mr Farage has abjectly failed to develop coherent policies and is not leading the party on the course to victory, she said.",1,Support,C,0,1,0,,
218,"In fact, all UKIP seems to talk about now is withdrawl from the EU without any genuine policy around UK's domestic economy.","He said he did not believe the Tories had to start sounding like UKIP, who he dismissed as isolationists, in order to win the next election, saying the only way to win was to get on with the serious business of governing the country.",1,Support,C,0,1,0,,
258,A vote for UKIP is a vote to leave the EU and recover power over our national life.,"The pledge is for the end of the Parliament - we are only part way through, he said.",2,No Relation,C,0,0,1,,
2890,i changed my mind and felt somewhat angry when i realized just what those early drafts meantyou mean you accepted the attempt to reconcile the early drafts while ignoring the facts sadly you seem to have fallen victim of di propaganda,you mean you accepted the attempt to reconcile the early drafts while ignoring the facts sadly you seem to have fallen victim of di propaganda,0,Attack,C,0,1,0,,
2653,secrets of the genome january   by john c,the response by the discovery institute says that the methodology for detecting design which i discuss in my first opening statement is entirely empirical and scientific,1,Support,C,0,0,1,,
1106,"I don't necessarily think Nigel Farage is worthy of PM, I think they need a new leader.","The 2009 poll saw its total grow to 13 seats, pushing Labour into third place with 16% of the vote.",2,No Relation,C,0,0,1,,
10,"The country faces more than two big issues, which is where Ukip come apart at the seams in an incoherent bunch of right wing horse shit from whatever Think Tank came along at the time.","In a BBC interview, Lord Tebbit, an ally of former Prime Minister Margaret Thatcher, urged Mr Cameron to immediately put legislation in place to allow for a referendum and set a date for it.",2,No Relation,C,0,0,1,,
655,"It's true that UKIP dont have ideas to suit everyone, but at the moment they are heads above the pillocks at No 10 today.","Natalie Bennett spoke about party polices for the Green Belt, Trident, defence the and economy, with Andrew Neil on the Daily Politics while campaigning in the West Midlands.",2,No Relation,C,0,0,1,,
3671,limited range,that will change over time once there are more charging stations,0,Attack,C,1,0,0,,
3099,agreed  percent  this is my frustration with people who want to find every possible motive to discredit creationism they seem to want everyone to accept their viewpoints without question while they seemingly want to question and discredit anyone who does not see from their points of view,god created the universe therefore god created   science  ,0,Attack,C,0,0,1,,
1029,A vote for UKIP is a vote to leave the EU and recover power over our national life.,Lord Prescott pledged to be the champion of the people on policing matters in the region and has said tackling anti-social behaviour will be one of his key priorities.,2,No Relation,C,0,0,1,,
195,"In UKIP, we have a new political force which looks likely to poll very well in a national election.",But it has been criticised for relying too heavily on leader Nigel Farage to promote its policies.,0,Attack,C,0,0,1,,
2084,It is because of UKIP that we are finally discussing the European question and about immigration and thank goodness for that.,"UKIP had increased its vote by 50% in the general election and had many exciting plans for the future, he said, but it was time for a younger leader to show how liberating and enriching life would be outside the EU, saying he was confident one would emerge.",1,Support,C,0,1,0,,
2394,i read the entire article,first and foremost  how does an animal without an immune system survive to acquire one,0,Attack,C,0,0,1,,
566,Beyond leaving the EU and migration what ukip have no policies!,"And, alongside that central desire to get out of the European Union, the party is now pushing a broader range of ideas, from being anti-gay marriage to pro-grammar school.",0,Attack,C,1,0,0,,
2651,landonevolutionary science may have progressed but it has not explained the evolution of man or history,the eonic website claims erroneouslythe one thing darwinists dont want to find is such a nonrandom pattern anywhere,1,Support,C,0,0,1,,
395,It is because of UKIP that we are finally discussing the European question and about immigration and thank goodness for that.,"That, he said, would present a real challenge to Labour leader Ed Miliband to make it known where he stood.",2,No Relation,C,0,1,0,,
139,I'm no fan of UKIP but well done to them for initiating a much needed shake up of British politics.,"He told the BBC that UKIP, which wants Britain to leave the EU, was making its cause more mainstream among Labour and Tory MPs via its campaigning.",1,Support,C,0,1,0,,
3148,you skewed whatever argument you were wishing to present by quoting from the cathoic catechism,any sincere new testament bible studdent knows that there is only one one reliable and true book the bible,0,Attack,C,0,1,0,,
3935,We should force think tanks to reveal all of their sources for resource funding,People have a right to know where their information comes from,1,Support,C,0,1,0,,
2670,the whole point of bringing up the eye example is to demonstrate that id is an actual theory and not a simple example in which someone proclaims that something is too complex based on their own judgements,the whole point of bringing up the eye example is to demonstrate that id is an actual theory and not a simple example in which someone proclaims that something is too complex based on their own judgements,0,Attack,C,0,1,0,,
2602,while i am quite happy with pwning  of the three statements you made i am certainly willing to look at your final claim which references a statement by richard ryals,quite well i am sure,1,Support,C,0,0,1,,
1833,"If UKIP want to retain these voters and attract more in a general election then they need to come up with policies other than ""leave the EU"" and ""its all the immigrants fault"".",UKIP has evolved over the two decades since it was created from an anti-EU pressure group into a fully fledged party which has now proved that it can succeed beyond European elections.,0,Attack,C,1,0,0,,
3163,i can see how it would be interpreted as a contradiction,my point was not that genesis contradicted itself but that if you took it literally it contradicted itself,0,Attack,C,0,1,0,,
2953,in  when questioned by clarence darrow william jennings bryan stood by the bible,creationist want god to be both all powerful and outside the physical forces he supposedly created,1,Support,C,0,0,1,,
497,"I don't necessarily think Nigel Farage is worthy of PM, I think they need a new leader.",The idea of sitting down with the Liberal Democrats makes my stomach churn.,2,No Relation,C,0,0,1,,
1491,"The ratio of nutters in UKIP is far higher than in other parties, especially so since they seem determined to take all the Tories' fruitcakes off them.","Mr Hancock denied he was essentially saying the same thing now, insisting he was calling for a change in corporate culture rather than a change in the law or a job creation scheme.",2,No Relation,C,0,0,1,,
2745,first thanks for the reply,schenfinally to claim that id has no secular purposes that are not shams is quite a claim to make,0,Attack,C,0,0,1,,
2623,im aware of that id christians give themselves a huge fudge factor by claiming that the fall of man somehow fouled up nonhuman nature,joe gbtw christianity does not maintain that god created everything as it is today,1,Support,C,0,1,0,,
2669,first off the human eye did not pop into existence by chance it is the result of billions of years worth of   evolution  ,the whole point of bringing up the eye example is to demonstrate that id is an actual theory and not a simple example in which someone proclaims that something is too complex based on their own judgements,0,Attack,C,1,0,0,,
645,"If UKIP don't like being smeared, then they need to stop smearing, stigmatising, and fear mongering about others.","In Barnsley Central last month, UKIP came an impressive second to Labour - on the back of a locally focused campaign, which argued that money going to Europe should be spent on the town instead.",0,Attack,C,0,0,1,,
3064,one day we all will know the truth,but who could it be  is it you or me  or maybe the buddhists,0,Attack,C,0,1,0,,
2639,in the th century fundamentalist supported the idea that new species appear abruptly catastrophism,like all theories evolution has changed over the years because of new evidence was discovered,0,Attack,C,0,0,1,,
3723,exercising is a matter of commitment and determination even though ten minutes a day are definitely good for you you would need a lot more to get fit,you will not get fit but of course that helps you keep in shape is it true that you burn  calories every ten minutes of fast walking,1,Support,C,0,1,0,,
2723,have you read the original emails based on which the conclusions were madeyou do understand the meaning of a congressional report by the majority party dont you,the congressional report comes from the similar sources that have denied the existence or problems of global warming as well,1,Support,C,0,1,0,,
3733,lucca is lovely and off the tuscan beaten track,pretty walled town close to the better known florence and pisa a great basis for visiting tuscany,1,Support,C,0,1,0,,
922,Cameron had it right and UKIP could tip the balance towards Labour in the crucial marginal seats in the GE where the battle will take place .,He made the comment during a debate on EU proposals for gender quotas in the boardroom.,2,No Relation,C,0,0,1,,
2605,carter points out that the coincidence found by bondi belonged to three classes the traditional kind  without use of the anthropic principle  those which only require the use of a weak anthropic principle and  those which require the invocation of an extended and hence rather more questionable strong anthropic principle,is actually quite simple,1,Support,C,0,0,1,,
128,"I don't believe Farage is a racist and I don't believe the UKIP policies are racist, but I do think they will be the party that attracts most support from racists.","We certainly need to improve women's place at senior level on those companies that are running the major organisations in this country, she added.",2,No Relation,C,0,0,1,,
2897,in pandas we read creation means that the various forms of life began abruptly through the agency of an intelligent creator with their distinctive features already intact,   httpwww,0,Attack,C,0,0,1,,
3730,or cycle,what about a swim,1,Support,C,0,0,1,,
1120,"In fact, all UKIP seems to talk about now is withdrawl from the EU without any genuine policy around UK's domestic economy.","UKIP MEP candidate Diane James, who came close to winning the Eastleigh by-election in March, said Mr Wheeler's comments had been taken totally out of context and the party was being picked on.",2,No Relation,C,0,0,1,,
1692,"If UKIP don't like being smeared, then they need to stop smearing, stigmatising, and fear mongering about others.","In their leaflets, UKIP says that 29 million Bulgarian and Romanians will have the right to live, work and draw benefits in the UK and while many will be fine, hard-working people, suggests the country may struggle to cope with another influx of people needing jobs, housing schools, hospitals and benefits.",1,Support,C,0,1,0,,
650,A vote for UKIP would be a vote for a Tory-UKIP alliance that would be more right-wing than a Tory government.,"Mr Farage turned his fire on the Conservatives, accusing Mr Cameron of making pre-election promises on Europe and other issues, making a post-election deal seem unlikely.",0,Attack,C,1,0,0,,
2563,riiiight,intelligent design works off positive predictions about where experience tells us that   intelligent design   is the cause at work,0,Attack,C,0,0,1,,
3111,maybe get someone to do your studies who doesnt pay a tithe  someone who perhaps doesnt own a   bible  ,consider reading chance or purposeat any rate chance is an obviously derogatory word to try to bias the argument against   evolution   and purpose is obviously meant to imply that some intelligence is involved,1,Support,C,0,0,1,,
3744,suits is good but certainly not the best characters are pretty cool but plot and dialogue can be a bit cheesy sometimes unless dwight is a senior partner,and also bad acting,1,Support,C,0,1,0,,
36,People are not voting for UKIP because of immigration propaganda but because of their direct experience of immigration.,"The Conservatives back like-for-like renewal, but the Lib Dems want a slimmed-down version, with a maximum of three submarines.",2,No Relation,C,0,0,1,,
7,"The greens and ukip provide encouragement for labour and conservatives alike to address some issues people care about, albeit only lip service to retain votes mainly.","Mr Miliband has not ruled out a referendum, which may be counter as a UKIP success.",1,Support,C,0,1,0,,
1791,"I don't necessarily think Nigel Farage is worthy of PM, I think they need a new leader.",Dr North does have other reservations about Nigel Farage - including what he sees as his lack of political acumen.,1,Support,C,0,1,0,,
3640,indeed walking at a fast pace has the same and probably more benefits than jogging,this could not be more far from the truth because running is more intense the general health benefits are higher within reason more pain is more gain,0,Attack,C,1,0,0,,
3928,We should allow voting at 16 in European Parliament elections,It would help distinguish between levels of elections,1,Support,C,0,1,0,,
3575,all of these reasons are way vague some are outright ridiculous,agreed many of the reasons are ridiculous but to some people no restriction on gun ownership is unreasonable,1,Support,C,0,1,0,,
2400,what i desire to beleive is totally irrelevant,very well said,0,Attack,C,0,1,0,,
1804,"If UKIP want to retain these voters and attract more in a general election then they need to come up with policies other than ""leave the EU"" and ""its all the immigrants fault"".","UKIP, which has called for withdrawal from the European Union and greater restrictions on immigration, has seen improved poll ratings this year.",0,Attack,C,1,0,0,,
1860,"UKIP are indeed far from perfect, but they have grown as a party because the Establishment Parties have deceived the public for so long on informing and educating on WHAT IS THE EU SUPERSTATE project.","UKIP appears to have struck a chord with many voters on the issue of immigration, campaigning against the relaxation of working restrictions on Bulgarians and Romanians due to come into force in January.",1,Support,C,0,1,0,,
2626,contribution from joe gjoe ggeez pvm your position that everything comes down to sheer dumb luck is totally vacuous,intelligent design is an idea not a theory,1,Support,C,0,0,1,,
2936,to start with with i think the wikipedia page  httpen, and the lord god formed man of the dust of the ground and breathed into his nostrils the breath of life and man became a living soul,1,Support,C,0,0,1,,
1414,If UKIP is really the best our country can do for an alternative then we are all doomed.,"I think of the volunteers in my own constituency, they are not just my friends and my supporters, I feel I am one of them.",2,No Relation,C,0,0,1,,
894,"It's true that UKIP dont have ideas to suit everyone, but at the moment they are heads above the pillocks at No 10 today.","According to the Mail on Sunday, the video footage was shot when Mrs Ayling was seeking selection as a Tory candidate for EU elections.",2,No Relation,C,0,0,1,,
1478,"Ukip has British values, wants to get British industry kick started back to the fore front again, become more self-sufficient.","Mr Cameron also said he did not think it would be right for Britain - or in the national interest - to leave the EU entirely, pointing out that some 50% of nation's trade was with the EU.",0,Attack,C,1,0,0,,
1412,People are not voting for UKIP because of immigration propaganda but because of their direct experience of immigration.,"UKIP says it is particularly well-organised in the South-East, Eastern region and South-West, but there are still significant parts of the country where no UKIP candidates are standing at all.",2,No Relation,C,0,0,1,,
378,If UKIP is really the best our country can do for an alternative then we are all doomed.,"The party's then-leader, Lord Pearson, actively campaigned for Mr Hollobone in his constituency, Kettering.",2,No Relation,C,0,0,1,,
1157,Many racists and especially xenophobes find the UKIP message appealing.,UK Independence Party leader Nigel Farage told the same programme that he was continuing to talk to Conservative MPs disaffected about European policy about joining his party.,2,No Relation,C,0,0,1,,
2927,the full drafts were all entered as evidential exhibits with the court and are on file there,heres some links to actual passages something nick failed to provide as requested,0,Attack,C,0,1,0,,
2444,so what using   intelligent design    is the purpose of the appendixid simply predicted that the appendix would have a function,id simply predicted that the appendix would have a function,0,Attack,C,0,1,0,,
2577,i dont think anyone who feels limitations should be brought to light about a theory is a   creationist  ,the actual limitations that creationists try to bring to light are nonsense,0,Attack,C,0,0,1,,
157,"I don't believe Farage is a racist and I don't believe the UKIP policies are racist, but I do think they will be the party that attracts most support from racists.","Labour candidate Sarah Champion won in Rotherham with 9,866 votes to UKIP candidate Jane Collins' 4,648.",2,No Relation,C,0,0,1,,
3039,it has been translated for about six thousand years,you are an intellectual and people like you have the hardest time believing anything let alone trying to intellectualize the bible or god or anything like it,0,Attack,C,0,0,1,,
2610,you mean ones like wmap shows that we are at the center of the universe or the quote of carterwell i realize that one does remain the goldilocks enigma is a falsifiable observation that makes testable predictionsas i already explained though observations are seldomly falsified as they are based on observed data,having been asked to contribute a discussion of the anthropic principle for a colloquium on cosmology i would start by recalling that although its original formulation  was motivated by a problem of cosmology diracs and although many of its most interesting subsequent applications such as the recent evaluation  of the dark energy density in the universe have also been concerned with large scale global effects the principle for which i introduced the term anthropic is not intrinsically cosmological but just as relevant on small local scales as at a global level,1,Support,C,0,0,1,,
428,"In fact, all UKIP seems to talk about now is withdrawl from the EU without any genuine policy around UK's domestic economy.","Ms Andreasen had been UKIP's sole remaining female MEP, after Nikki Sinclaire was expelled from the party in 2010.",2,No Relation,C,0,0,1,,
221,UKIP are not rabid racist and not another incarnation of the BNP.,"Because what we have done, we have thrown clothes off and they have picked them up and put them on.",2,No Relation,C,1,0,0,,
2383,first of all the bible is not a   science   book,science can never conclusively prove that there is no god unless proof of another   god   is somehow found,0,Attack,C,0,0,1,,
965,People are not voting for UKIP because of immigration propaganda but because of their direct experience of immigration.,"And after the votes had been counted, Mary Di Mauro wouldn't talk either.",2,No Relation,C,0,0,1,,
3211,actually im not sure its been proven,prove it my good fellowdont proven itby the way,1,Support,C,0,1,0,,
2117,"If we leave the EU we will save billions of pounds which can then be invested in our ailing national infrastructure, notably the NHS.",The committee said the EU had helped to transform Europe from a continent of war to a continent of peace.,0,Attack,C,1,0,0,,
3569,i apologise if i have offended you jason furthermore i must admit that i do not actually own a camel,apology accepted i kind of figured you did not,1,Support,C,0,1,0,,
1616,"UKIP is certainly NOT racist or xenophobic - if you, as I'm you have done, read our policies on the website there is no suggestion of this at all, it is more a rumour and conspiracy of the lefties. ","UKIP appears to have struck a chord with many voters on the issue of immigration, campaigning against the relaxation of working restrictions on Bulgarians and Romanians due to come into force in January.",1,Support,C,1,0,0,,
1995,UKIP are in no way a single issue party and if Labour or the Conservatives were to give us a referendum UKIP would still have a full manifesto that would attract many voters.,He added that he was very fortunate to have been backed by UKIP at the 2010 general election.,2,No Relation,C,0,0,1,,
3612,i find that very interesting that many christians are so loudly against abortion yet their own bible condones it,that is right everyone of the fundamentalists are on the band wagon about abortion being murder the same ones depend on their ministers to hail the words for the biblical scholars,1,Support,C,0,1,0,,
1683,If anyone seriously thinks that UKIP will offer some kind of answer to our current problems then I think that they are going to be sadly disappointed.,Mr Cameron cited the government's Help to Buy Scheme - where the state guarantees mortgages for couples able to put down a 5% deposit - as evidence the government backed those on middle incomes and supported aspiration.,2,No Relation,C,0,0,1,,
3663,community is my favourite,not one of my favourites,0,Attack,C,1,0,0,,
3755,go by bike,yeah really great idea bikes rock,1,Support,C,0,1,0,,
1330,UKIP are not a single issue party anymore; UK Sovereignty is the crux of their party political platform but they've certainly expanded from that singular issue in recent years.,"And when asked if he could see the MEP appearing in UKIP election leaflets for next year's European elections, Mr Farage replied no.",2,No Relation,C,0,0,1,,
289,"The core of UKIP seem pretty much right wing, so you can expect those polices to be similar to the current conservative ones which will drive the left leaning voters away in droves. ","He later quit the party, of which he was once deputy leader, accusing Mr Farage of running a totalitarian regime.",2,No Relation,C,0,0,1,,
1973,UKIP is not at all taking into account the financial effects of leaving the EU: Europe is the main market for the UK. ,"UKIP appears to have struck a chord with many voters on the issue of immigration, campaigning against the relaxation of working restrictions on Bulgarians and Romanians due to come into force in January.",0,Attack,C,0,0,1,,
1406,A forensic examination of UKIP's policies would nail once and for all the Establishment lie that they're a bunch of swivel-eyed racists.,"She brings a wealth of experience - and a dedication to fight for what's best for the British people in Europe, he said.",2,No Relation,C,0,0,1,,
3086,one thing for sure time was and continues to be passing differently in different parts of the universe,but what have ancient scriptures ultimately proven,1,Support,C,0,0,1,,
3725,ten hour tennis marathon,maybe in fancy dress,1,Support,C,0,0,1,,
50,Should ukip get into government it would be fair to assume that we'll see a whole raft of right-wing policies as actual government policy.,"The BBC's deputy political editor James Landale said senior Conservatives were preparing for the party to lose 350 seats they won in 2009, the last time the seats were contested.",2,No Relation,C,0,0,1,,
3878,We should use torture to obtain information from suspected terrorists,If legal principles are abandoned then there is little point in defending the liberties that democratic governments say they are so keen to defend,0,Attack,C,1,0,0,,
1730,UKIP's sole aim at the general election is to get a smallish number of MPs elected but enough to hold the balance of power and do a deal with the Tories.,"He proposes a pact, in which the Conservatives would promise a referendum after 2015 and in return UKIP would not stand against Tory candidates.",1,Support,C,0,1,0,,
3534,evolutionists cannot support their theory and expect you to find proof to support yours,i thought you said that you had been following the converstaion i guess you did not understand any of it,0,Attack,C,1,0,0,,
3032,i dont see what is so hard about it,your stating what you believe not what can be demonstrated scientifically,0,Attack,C,1,0,0,,
101,"If UKIP have a good general election and manage to take a few seats then that can only benefit Labour, because all of the seats that UKIP can possibly, conceivably win - well they are all Tory seats.","Mr Farage will say immigration has now become the number one issue in British politics, adding eighty per cent of the British people did not want borders to come down with Romania and Bulgaria, but they did.",2,No Relation,C,0,0,1,,
661,"The UKIP mainstay vote is in normal working people because they never voted for 4 million immigrants, they never voted for Multiculturalism.","Lord Hanningfield, the former leader of the authority, was forced to resign from the council in July and was jailed for nine months for fiddling his parliamentary expenses.",2,No Relation,C,0,0,1,,
401,Support for UKIP simply indicates that people have noticed that the major parties do not represent their interests.,Bulgaria and Romania joined the EU in 2007 but faced some controls on the kind of jobs their citizens could take in the UK and other member states.,2,No Relation,C,0,0,1,,
3107,the fact that we do not know i believe only gives more power to godyes  our ignorance proves that there is a god  or maybe not,imagine you found a grain of rice and you wanted to measure its length,1,Support,C,0,0,1,,
2321,grayling explains in his review of fullers latest book quite well how id is doomed to remain scientifically vacuousfuller has written about popper he seems to forget poppers killer point namely a theory that explains everything explains nothing,pvm wrote however this is false and misleading,0,Attack,C,1,0,0,,
1824,I would hazard that it‚Äôs UKIP‚Äôs appeal to tradition and ‚ÄúBritish values‚Äù that appeals ‚Äì it‚Äôs a cosy reimagining of a glorious past and taps into the Little England mentality of a large swathe of tory supporters.,"Conservative chairman Baroness Warsi said the result was disappointing for her party, although not unexpected.",2,No Relation,C,0,0,1,,
3338, yes i believe the theory of evolution is wrong as there are no scientific facts about that, yes the theory of evolution is wrong it got popular when darwin wrote the book the origin of species but later on many scientists proved from several experiments that it is an incorrect theory,1,Support,C,0,1,0,,
680,The success Ukip had in the european elections will be sufficient to galvanise one or preferably all the other parties to rid us of the EU's political influence.,"All of their party's activists at the count, and their candidate, Mary Di Mauro, refused to talk to journalists.",2,No Relation,C,0,0,1,,
969,"I think Farage makes a much better leader than any of the other parties, he's full of enthusiasm and is not a PR man like the current leaders of the 3 main parties.",Mention Farage and the facial expression you're met with is one of crumpled disgust.,0,Attack,C,1,0,0,,
3912,We should negotiate with terrorists,No negotiation encourages the hunt for a bigger lever,1,Support,C,0,1,0,,
3181,i have never seen an ape evolve into a human and although i have never seen god that makes more sense than evolution,correction its an ancestor of both chimpanzees and humans,1,Support,C,1,0,0,,
3834,We should fear the power of government over the internet,Regulating the Internet is a means for governments to spy on their citizens,1,Support,C,0,1,0,,
2131,"Europe is no longer fit for purpose and we'd do better to be out than in, plus save a whole load of cash.",The Lib Dem leader also argued that being in the EU meant that we keep ourselves safer because we can go after cross-border crime and terrorism and that we can look after the environment in a way which we can't on our own.,0,Attack,C,1,0,0,,
1808,UKIP are a joke outfit full of small-minded Neanderthals who think the 1950s are the future.,"I believe that what UKIP is doing is vital for this country, and of course the party's financial management is crucial.",0,Attack,C,1,0,0,,
1900,UKIP will continue to grow as will the arrogance of the other parties.,The group suggest that within five years UKIP will have more members than the Tories at the current rate of attrition.,1,Support,C,0,1,0,,
2588,anybody that thinks there is currently a healthy scientific debate over intelligent design has missed the history of the last  years,fxl wrote so why arent physicists saying gravity is as well established as the theory of   evolution  it  is obvious isnt it i hope not to be too snarky but the pope finally got around to admitting that  galileo was correct in teaching that the earth revolved around the sun get the gravity connection,0,Attack,C,0,1,0,,
3261,ok,wow,1,Support,C,0,0,1,,
3232,i have not seen any animal turning into another recently to be honest,heck  his girlfriend has more hair than she has now even as we speak,1,Support,C,0,0,1,,
3490,you can ignore the obvious question this is what i find most evolutionists do they ignore other branches of science that militate against their belief system and legitimate questions raised by others are dismissed as being ignorant or worse religious,actually what they are really doing is ignoring silly irrelevent questions from clueless people with a religious agenda to promote,0,Attack,C,1,0,0,,
212,"The greens and ukip provide encouragement for labour and conservatives alike to address some issues people care about, albeit only lip service to retain votes mainly.","It is not just about UKIP it's that the British people are as interested and concerned about Europe, as they are about the economy, as they are about immigration.",1,Support,C,0,1,0,,
2721,tjthe government report on the issue validates the charges against the smithsonian institute, lets see would these titles copied from the table of contents of the house of representatives report entitled intolerance and the politicization of science at the smithsonian back up you or me  ,0,Attack,C,0,1,0,,
3431, anyone who thinks there is no evidence for evolution is either blind stupid or both, the evidence that supports evolution is not only significantly abundant but predominately irrefutable,1,Support,C,0,1,0,,
2371,i fail to see how id can help us here,it allows some people to scientifically believe in   god   ,0,Attack,C,1,0,0,,
409,"Arguably, UKIP & co. aspire to destroy the culture created in Europe after WWII, which has been based on openness, free travel, migration and cross-geographic access to goods and labour markets.","Relations between the two have been strained for some time, with Ms Andreasen calling for Mr Farage to quit after the party's poor performance in council elections in 2011.",2,No Relation,C,0,0,1,,
3621,this one line stuck out because it mentioned evolution in a future context something i have not heard before,i have not heard of it before either any information that you or other members can gather on this subject would be of great interest i will also keep my eyes open,1,Support,C,0,1,0,,
621,"UKIP are a two trick pony, Europe and immigration that's it.","However, a decision on officially adopting the idea as party policy is not expected for some time.",2,No Relation,C,0,0,1,,
1557,"UKIP is a one man's party: its leader, Nigel Farage is running the show - I cannot think of any other party member having expressed any opinion publicly and I wonder whether this is because none of the other party member is ""presentable"".",Mr Farage has a network of unofficial party offices embedded in every community in the country.,0,Attack,C,0,1,0,,
927,UKIP are asking the questions that haven't been asked by the opposition or the media.,It had poured more resources - and candidates - into Thursday's contest in the hope of capitalising on strong performances in recent Westminster by-elections.,2,No Relation,C,0,0,1,,
2470,when i grew up science was a useful tool for discovering things about the world around us, and this site says it better than i could,1,Support,C,0,1,0,,
1383,For what its worth I think UKIP is a one trick pony and is unelectable in a general election.,"UKIP meets just days after one of its ex-deputy leaders quit the party, frustrated by its totalitarian leadership and narrow policies.",1,Support,C,0,1,0,,
1523,"Even a UKIP European candidate, Janice Atkinson, another ex-Tory, admits leaving the EU would be problematic.",We've seen over and over again even safe seats change hands against the governing party in a by-election and that's when they didn't have to contend with the sitting MP leaving for family reasons.,2,No Relation,C,0,0,1,,
2889,while i did feel for some time that id had merit i also must admit that i believed for some time that it was religious due to those early pandas drafts,i changed my mind and felt somewhat angry when i realized just what those early drafts meantyou mean you accepted the attempt to reconcile the early drafts while ignoring the facts sadly you seem to have fallen victim of di propaganda,0,Attack,C,1,0,0,,
2482,none of these promises have much relevance to id as a concept nor have few if any come to fruition,the only reason there would be more research into junk dna would be because id supporters have misunderstood what id has to say about junk dna  which is precisely nothing,1,Support,C,0,1,0,,
3917,We should negotiate with terrorists,Negotiation encourages more terrorism,0,Attack,C,1,0,0,,
2243,"UKIP is certainly NOT racist or xenophobic - if you, as I'm you have done, read our policies on the website there is no suggestion of this at all, it is more a rumour and conspiracy of the lefties. ","He said his party was fighting a particularly difficult corner because it was pro-European in a country where the majority of people still like to see us, as it were, having a go at our European neighbours.",2,No Relation,C,0,0,1,,
3469,the only stupid question is the unasked one,and many of the questions that creationists ask,0,Attack,C,1,0,0,,
2148,"If we leave the EU we will save billions of pounds which can then be invested in our ailing national infrastructure, notably the NHS.","He also warned that if a proposed referendum led to the UK leaving the EU, there would be dire consequences for the country's global influence.",0,Attack,C,1,0,0,,
3427, evolution is still happening, sorry but this is not an opinion,1,Support,C,0,1,0,,
181,"If UKIP want to retain these voters and attract more in a general election then they need to come up with policies other than ""leave the EU"" and ""its all the immigrants fault"".",Mr Farage - who was re-elected leader last year - has made improving the party's performance in local elections and broadening their policies a priority.,0,Attack,C,0,1,0,,
2902,in the past the flagellum was supposedly an example of an irreducibly complex biological structure that could not evolve,oneinbillion observes that luskins claim id makes reliable inferences,1,Support,C,0,0,1,,
3639,any state of the art pc with a game pad,i think that the best consoles by far are either the xbox or the ps,0,Attack,C,1,0,0,,
1134,"The momentum is definitely with UKIP at the moment, hopefully that will continue with the up and coming by-elections.",He said the UKIP had never been more important for our freedom as a self-governing democracy and had to go on telling the truth about Europe.,1,Support,C,0,1,0,,
1338,The people and media that are criticising UKIP are highlighting the genuine concerns about UKIP and their policies towards immigrants.,"The Lib Dems held on to the Hampshire seat with a reduced majority of 1,771.",2,No Relation,C,0,0,1,,
259,Only an idiot would think a UKIP win would result in withdrawal from the EU the day after.,He told the BBC's Andrew Marr he did not want them to overshadow the campaign as he says they did in 2010.,2,No Relation,C,0,0,1,,
4024,as far as acting and cinematography go this film was great but the content and plot were horrible,i respect your opinion but i feel like every reason you give is missing the point completely,0,Attack,C,1,0,0,,
3445,i read it in the text,well as we can see from other recent posts your reading comprehension is below high school level,0,Attack,C,1,0,0,,
1144,A strong UKIP vote suggests there's a lot of the British public who aren't on board with the current set-up.,"Italy - like the UK - had offered no places at all, the organisation said.",2,No Relation,C,0,0,1,,
3137,yes i understand we didnt evolve from chimps from the position of   evolution   theory  and im sorry for saying it that way considering i truly dont want to encourage the misinformation and typical uninformed view,it is only the closest science can come to explaining the origin of human existence and how things developed over timeyes,0,Attack,C,0,1,0,,
1953,"UKIP's position is not reasonable, but racists and proto-fascist, considering they have nothing to say about the finance capital bombing of the economy, but to put all the blame for Europe's woes onto immigration.","There needs to be a clearer narrative on immigration, stressing not only the need to restrict numbers, but also to determine which individuals, with what skills, enter our country, he said.",0,Attack,C,1,0,0,,
3921,US intervention in Libya lacking congressional approval was illegal,The United States engaged in hostilities under War Powers,1,Support,C,0,1,0,,
3579,to travel along the logic of the singularity expanding it is obvious that the singularity is what we have today,yes in a way we are in the same thing that existed way back then it has just expanded since then so its much bigger now,1,Support,C,0,1,0,,
1528,UKIP will not improve public services.,"Mr Farage is expected to focus, in his speech at lunchtime in Exeter, on what he sees as the impact of immigration in working-class communities, putting pressure on public services and squeezing wages.",0,Attack,C,1,0,0,,
3993,rarely have i watched and rewatched a movie with such spectacular cinematography,loved the blood splatter on the camera too gave it that feel of being right there with a war correspondent the timing of everything was incredible,1,Support,C,0,1,0,,
2792,poblic schools are not to promote   religion  ,why dont we   add   those inand believe me those commandments werent invented at that time,0,Attack,C,1,0,0,,
543,"The greens and ukip provide encouragement for labour and conservatives alike to address some issues people care about, albeit only lip service to retain votes mainly.",He said the party had never been more important for our freedom as a self-governing democracy and had to go on telling the truth about Europe.,2,No Relation,C,0,0,1,,
186,UKIP are a joke outfit full of small-minded Neanderthals who think the 1950s are the future.,"UKIP, which also calls for tighter controls on immigration, has seen its poll ratings improve markedly over the last few years, appealing to voters across the board.",0,Attack,C,1,0,0,,
1604,"The ratio of nutters in UKIP is far higher than in other parties, especially so since they seem determined to take all the Tories' fruitcakes off them.",He said UKIP was clearly taking a very right wing position which pandered to an obvious anti-Europeanism.,1,Support,C,0,1,0,,
2925,um this thread is months old and no one is reading it,i know this sounds crazy but in a weird way im honored to get a response from you,0,Attack,C,1,0,0,,
1846,"The whole UKIP-for-the-working-class narrative is utterly insane since, if we left the EU, the poor would still be competing with cheap foreign labor.","In contrast, the Liberal Democrat's Bill Newton Dunn quit the Tories in protest at its increasing hostility to Europe.",2,No Relation,C,0,0,1,,
3528,gay marriage does have a drastic affect on our society,prove it got any credible scientific or sociological studies,0,Attack,C,1,0,0,,
665,Labour won't have anything to do with UKIP as they are more right-wing than the Tories. ,"Although the UK cannot veto the Budget on its own, Mr Osborne has said the fight will be joined over the issue and Brussels needs a reality check.",2,No Relation,C,0,0,1,,
3414, nope just the opposite, its not falling apart its evolving as new data arrives,1,Support,C,0,1,0,,
3689,despite its price the ipad is still my favourite,you can get any other tablet for much less that has the same features,0,Attack,C,1,0,0,,
2416,the name intelligent design is itself a hoax,the name intelligent design is itself a hoax,0,Attack,C,0,1,0,,
3116,the young earth creationist dogma demands that the obvious features of the earths geology can not exist,you didnt read this  creation ex nihilo and the earth  did you,0,Attack,C,1,0,0,,
747,"If you want an insight into just how the focus of UKIP is, go and read what their members, candidates and supporters write on the Telegraph.","The party sought to broaden its appeal beyond its core message of EU withdrawal, announcing policies in recent days on energy and welfare.",0,Attack,C,1,0,0,,
789,I'm no fan of UKIP but well done to them for initiating a much needed shake up of British politics.,"And at by elections voters are not choosing a government - they can shout loudly and protest, safe in the knowledge that it won't change the person who lives in Downing Street.",1,Support,C,1,0,0,,
2217,The people and media that are criticising UKIP are highlighting the genuine concerns about UKIP and their policies towards immigrants.,The Bulgarian President Rosen Plevneliev has warned that Britain's immigration policy could harm its image as a great global power that pioneered integration.,1,Support,C,0,1,0,,
2220,UKIP are blatantly disregarding the possibility of man made climate change.,"Buoyed by strong showings in the Corby and Rotherham by-elections, they believe they are edging closer to that major breakthrough - a seat at Westminster.",2,No Relation,C,0,0,1,,
3266,i think you have some misconceptions about what evolution actually is,answers answers answersthanks,1,Support,C,0,0,1,,
3641,this could not be more far from the truth because running is more intense the general health benefits are higher within reason more pain is more gain,jogging is just as good as walking but it is done at a faster pace which results in higher impact on your knees hips and other joints,0,Attack,C,1,0,0,,
3960,this was just an amateurish hodgepodge of the departed the town and we own the night and sopranos,i had completely the opposite impression though i respect your input as were all going to have our own viewpoint but i very much liked this film,0,Attack,C,1,0,0,,
3123,an appeal to one narrow religious text isnt very persuasive,i do believe the world was created in  days,0,Attack,C,1,0,0,,
3425, if you wanted to start an actual debate you should have said there is no convincing evidence, wow,1,Support,C,0,0,1,,
3226,if man evolved from apes then why is there still apes to evolve is to change and the ape didnt,just like pluto orbiting the sun completely and gravity theyre theories but in the scientific way of using the word,0,Attack,C,1,0,0,,
2478,needless to say even id proponents have come to realize that id is lacking scientifically speakingfor instance young earth creationist philosopher and id proponent paul nelson is on the record as saying easily the biggest challenge facing the id community is to develop a fullfledged theory of biological design,this post by casey luskin graphically illustrates why intelligent design is not science,1,Support,C,0,1,0,,
3946,Transparency is necessary for security,Citizens have a right to know what is done in their name,1,Support,C,0,1,0,,
82,The success Ukip had in the european elections will be sufficient to galvanise one or preferably all the other parties to rid us of the EU's political influence.,"Thirdly the party wants to introduce binding local referendums on issues of particular local concern, such as controversial planning decisions.",2,No Relation,C,0,0,1,,
791,A forensic examination of UKIP's policies would nail once and for all the Establishment lie that they're a bunch of swivel-eyed racists.,"That, he said, would present a real challenge to Labour leader Ed Miliband to make it known where he stood.",2,No Relation,C,0,0,1,,
835,A forensic examination of UKIP's policies would nail once and for all the Establishment lie that they're a bunch of swivel-eyed racists.,"Earlier, on the BBC's Question Time programme, Liberal Democrat Home Office Minister Jeremy Browne said he was optimistic the result would show that his party is alive and kicking, and an important part of the political landscape of this country.",2,No Relation,C,0,0,1,,
3339, yes the theory of evolution is wrong it got popular when darwin wrote the book the origin of species but later on many scientists proved from several experiments that it is an incorrect theory, there is no scientist can give strong evidence to support evolution,0,Attack,C,0,1,0,,
598,"I don't see UKIP as being far right, they're just further right than the rest who have congregated arund the middle ground.","Labour got 14,724 votes in the by-election, extending their majority slightly to 11,771, but the turnout fell to 36.5%, compared with 56.4% at the last general election.",2,No Relation,C,0,0,1,,
294,"It's true that UKIP dont have ideas to suit everyone, but at the moment they are heads above the pillocks at No 10 today.","A UKIP spokesman said Mr Hamilton's actions were those of a proper Conservative, who is concerned about his country's relationship with the EU.",2,No Relation,C,0,0,1,,
2407,while in science you cannot prove or falsify the existence of god and id doesnt change that i agree that when it comes to blind faith dawkins and pz myers are guilty of the same thing,theism is a belief in gods,0,Attack,C,0,0,1,,
1839,The more the 'mainstream' parties smear and lie about UKIP the more their support rises.,"And with UKIP riding high in national opinion polls and coming second in the recent Eastleigh by-election, Mr Farage predicted his party would win seats in each of the 34 councils where elections are being held.",1,Support,C,0,1,0,,
1438,"Ukip is the only party advocating withdrawal from the failing EU, a sensible idea for a lot of people!","He stressed his view that human rights were about some of the appalling things happening around the world - people being brutalised for their political views, people being put in jail.",2,No Relation,C,0,0,1,,
1075,The success Ukip had in the european elections will be sufficient to galvanise one or preferably all the other parties to rid us of the EU's political influence.,"It is doing the country serious damage because there are large numbers of potential investors in the UK who would bring employment here, who are being warned off because of the uncertainty all of this is creating.",0,Attack,C,1,0,0,,
2545,im not a cell expert either and understanding what behe wrote in his argument doesnt require it because he didnt say anything except cellular machinery is complex therefore it must be designed,but dont try to lead me astayi wanted to try and lead to the truth from being astrayactually,0,Attack,C,0,0,1,,
2224,"Despite you best efforts at pretending otherwise, UKIP are still widely disliked and untrusted by the majority of the population.","Mr Cameron once described UKIP as a party of fruitcakes, loonies and closet racists.",1,Support,C,0,1,0,,
2334,these two moves ruling out regularity and then ruling out chance  constitute the design inference,pvm is confused,0,Attack,C,1,0,0,,
2859,id may assert but as a science their contributions remain largely with content,remember the question we are addressing is  does id have merit  i have explained why i think it does,0,Attack,C,1,0,0,,
453,A vote for UKIP is a vote to leave the EU and recover power over our national life.,"I'm not going to say I'm absolutely not going to do the job again but I've got to decide, in the wake of that accident, whether I'm strong enough to take the job on.",2,No Relation,C,0,0,1,,
2950,its not that cut and dried,look at it like this,0,Attack,C,0,0,1,,
2821,that in no way describes the current theories about how life began,so would you like to give a better explanation on what current ool theories exist this is definitely a subject in origins debate that interests me most,0,Attack,C,0,0,1,,
3258,evolution has more supporting details than the theory of intelligent design,ok,1,Support,C,0,1,0,,
363,"Labour should be running scared of UKIP, now the working class are starting to realise that Labour is for middle class socialists and the public sector.",The prime minister said Britain was a fairer country because of the new law but admitted he did not expect the furore it generated.,2,No Relation,C,0,0,1,,
1186,Ukip are doing well for the very simple reason folk have at last realized that they are being lied to by LibLabCon and now have somewhere else to go.,They (the Conservatives) know they have lost the argument on jobs and immigration and UKIP have stolen a march on them.,1,Support,C,0,1,0,,
799,"I don't see UKIP as being far right, they're just further right than the rest who have congregated arund the middle ground.",He said he planned to appeal against his conviction for conspiracy to blackmail.,2,No Relation,C,0,0,1,,
3874,We should use torture to obtain information from suspected terrorists,Terrorist organisations such as Al Qaida do not respect the rights of individuals and the only way to fight fire is with fire,1,Support,C,0,1,0,,
4044,i turned this movie off halfway through because i was bored out of my skull then i come here and its got a high rating granted its got a good storyline good acting nice cinematography but somehow still managed to bore me to tears,oh no i have seen the whole movie multiple times definitely a film i will not get tired of any time soon,0,Attack,C,1,0,0,,
962,"UKIP are just another bunch of freeloaders, using peoples fears and prejudice to gain votes so that they can get their snouts into the trough.","Following devolution, he said English people feel used and under-represented and that the unity of the UK has been weakened by the process.",2,No Relation,C,0,0,1,,
1646,"Europe is no longer fit for purpose and we'd do better to be out than in, plus save a whole load of cash.","Over three million jobs in this country, directly or indirectly, depend on us being in the EU, so that is a big choice.",0,Attack,C,1,0,0,,
788,"It's true that UKIP dont have ideas to suit everyone, but at the moment they are heads above the pillocks at No 10 today.",The by-election was called following the resignation of the former MP Denis MacShane on 2 November.,2,No Relation,C,0,0,1,,
2703,youre right much if not all of the claims about supernatural claimspremises of id make it invalid rest on some faulty views on what supernatural actually means,natural pertaining to or part of the observable world,0,Attack,C,0,1,0,,
1746,"I don't think most people realise the benefits of free trade at all, and UKIP capitalise on peoples ignorance of the benefits of free trade as much as they can.","Do you want to stick with us, on the right track - delivering an economy for hardworking people? Or do you want to put all of that at risk with Ed Miliband and his crazy plans to tax business out of existence? That'll be the choice.",2,No Relation,C,0,0,1,,
3329, evolution is most certainly wrong, you cant make nothing out of nothing,1,Support,C,0,1,0,,
3450,the earth spins itself to keep the oceans from falling off towards the sun,the guy tries to discuss science when he is so utterly lacking in basic science that he thinks that the earth spins to keep the oceans from falling off towards the sun,0,Attack,C,1,0,0,,
2375,god stretched out the heavens,psyop asks rhetorically if the universe is expanding what happens when that expansion ceases first of all the expansion of our universe is an observed fact,1,Support,C,0,1,0,,
1959,If there are enough Ukip votes it should frighten all the parties sufficiently to make them realise they can't just ignore the electorate.,UKIP has won 42 seats so far and is averaging 26 per cent of the vote in the wards where it is standing.,2,No Relation,C,0,1,0,,
3583,you missed montys point catholics are christians i have heard that there are more than  different sects that claim to be christian including orthodox christians and various and sundry protestant sects,this is correct it is almost insulting to regard people as either a christian or catholic as this also implies that orthodox are neither,1,Support,C,0,1,0,,
1131,"I sense that Farage is a total megalomaniac, a charlatan, someone who is in it for the attention and the glory and that in a strange way, that many UKIP voters know this but don't seem to mind.","Speaking on Thursday, Mr Clegg said he wanted to make the case for EU membership being vital to the UK's economic prosperity and its security.",2,No Relation,C,0,0,1,,
1631,The Ukip is only an effect of years and years of fake politics and a lot of radical chic talking nonsense through editorials.,"UKIP, which has called for withdrawal from the European Union and greater restrictions on immigration, has seen improved poll ratings this year.",1,Support,C,0,0,1,,
2278, teaching creationism is dangerous to science and reason  if a theory that does not follow the scientific method is taught in schools as science science and reasoning will be undermined, creationism is not scientifically testable,1,Support,C,0,1,0,,
349,The reason why UKIP has gained so many votes is because the main parties refuse to deal with immigration and the EU.,He said his views were nothing to do with UKIP and were expressed before he became involved with the party.,2,No Relation,C,0,0,1,,
1228,"The UKIP mainstay vote is in normal working people because they never voted for 4 million immigrants, they never voted for Multiculturalism.",But Downing Street said a two-party candidacy was against Tory rules.,2,No Relation,C,0,0,1,,
975,Plenty of survey's have shown UKIP to be the most hated of the main parties.,"His pitch is that the three larger parties are virtually indistinguishable, led by a small group of people from the same political elite who have never done a real day's work in their lives.",2,No Relation,C,0,0,1,,
396,A strong UKIP vote suggests there's a lot of the British public who aren't on board with the current set-up.,"This year's general election cost the party Â£229,000 in lost deposits.",2,No Relation,C,1,0,0,,
2200,The Tories are going to move closer to UKIP to win back the support it needs and I can't see how Labour can respond.,The prime minister's official spokesman said support for the EU in Britain was wafer thin.,2,No Relation,C,0,1,0,,
2740,after some diversions to point out that augustine himself held some inconsistent positions tj finally comes to the quote i providedtji understand what he is saying but for this to be valid the unbeliever has to accurate in what he believes,so tj you seem to have made quite a few foolish arguments how familiar are you with augustinetj  well i know that he believed the earth was created instantaneously not progressively and was according to scripture less than  years old,0,Attack,C,0,1,0,,
1197,A vote for UKIP is a vote to leave the EU and recover power over our national life.,Farage acknowledged that the first past the post system would make it difficult for his party to win a seat at Westminster and this would leave UKIP with little influence.,0,Attack,C,1,0,0,,
94,"UKIP are a two trick pony, Europe and immigration that's it.","Brokers are as valuable as the client base that sticks with you and will move with you, he explained.",2,No Relation,C,0,0,1,,
1666,"Whatever you think of UKIP, you've got to admit that Farage is a superb speaker.","He's very outspoken - even the people who don't share his message think that he's a great speaker and fun to listen to, says Soini.",1,Support,C,0,1,0,,
1820,Plenty of survey's have shown UKIP to be the most hated of the main parties.,"UKIP appears to have struck a chord with many voters on the issue of immigration, campaigning against the relaxation of working restrictions on Bulgarians and Romanians due to come into force in January.",0,Attack,C,1,0,0,,
942,"If UKIP do hold the balance of power and get into government, their only condition will be an in/out EU referendum.","To be honest, if it wasn't for the internet we wouldn't be here.",2,No Relation,C,0,0,1,,
111,Cameron had it right and UKIP could tip the balance towards Labour in the crucial marginal seats in the GE where the battle will take place .,"UKIP would seek to make the 2014 elections to the European Parliament a referendum on open borders, he said.",1,Support,C,0,0,1,,
832,Ukip are doing well for the very simple reason folk have at last realized that they are being lied to by LibLabCon and now have somewhere else to go.,"If I wasn't a Member of Parliament I would be with them, supporting their Member of Parliament.",2,No Relation,C,0,1,0,,
2714,casey luskinfirst the ayn rand institutes arguments offend the first amendments protections on religious freedom scientists have freedom of religion and their scientific views should not be disqualified due to their alleged religious motives or beliefs,this objection highlights one of the problems with public education the government should not be in the position of deciding what people ought to believe about science anymore than they should decide what people ought to believe about religion,1,Support,C,0,1,0,,
2009,UKIP are blatantly disregarding the possibility of man made climate change.,"Mr Farage was challenged on a number of issues - including the party's attitude towards climate change, maternity leave and small businesses, diversity in the party and the European Union.",1,Support,C,0,0,1,,
1358,Support for UKIP simply indicates that people have noticed that the major parties do not represent their interests.,"Our previous best-ever by-election result, a fortnight ago, was 14.3% and this one is comfortably over 20%, so, whichever way you look at it, UKIP is on the rise.",1,Support,C,0,1,0,,
2379,im hardly the authority for all the great questions in life,im hardly the authority for all the great questions in life,0,Attack,C,0,1,0,,
994,"UKIP are just another bunch of freeloaders, using peoples fears and prejudice to gain votes so that they can get their snouts into the trough.","Thirdly the party wants to introduce binding local referendums on issues of particular local concern, such as controversial planning decisions.",2,No Relation,C,1,0,0,,
2683,i recommend this bookgod in the foxhole by charles sasser not that youll read it but hey its worth a try,in case you didnt see it their was an atheist or two in those foxholes but not for very long hahahasounds like a collection of anecdotal stories made by a biased source,0,Attack,C,1,0,0,,
3279,your definition of faith is atheistic it actually denotes the essence of the term foolish,i thought evolution is a naturally occurring process not a consequence of a controlled experiment in a lab,0,Attack,C,0,0,1,,
1854,UKIP isn't committed exclusively to either right-wing or left-wing ideology and that’s a very good place to be.,Grant Shapps said the revised seats would be right and fair but denied he was in secret talks with the Liberal Democrats to get them through Parliament.,2,No Relation,C,0,0,1,,
2239,"UKIP are a fairly right wing group as I'm sure will become clear when they actually produce some policies other than the ""its all the eu's"" fault.",You all think euroscepticism is a right-wing view - it is not.,0,Attack,C,1,0,0,,
2214,"UKIP is a not a real party, with a clear global ideology and vision addressing all aspects of society: it is focusing on a handful of issues (all centered around membership in the EU and migrants), mostly ignoring global financial issues, health, education, security etc.",He said UKIP was clearly taking a very right wing position which pandered to an obvious anti-Europeanism.,1,Support,C,0,1,0,,
1431,UKIP are in no way a single issue party and if Labour or the Conservatives were to give us a referendum UKIP would still have a full manifesto that would attract many voters.,UKIP leader Nigel Farage said any members proven to have extreme right wing views would be expelled.,2,No Relation,C,0,0,1,,
313,"Even a UKIP European candidate, Janice Atkinson, another ex-Tory, admits leaving the EU would be problematic.","The surge in support for Nick Clegg after the first debate was not ultimately reflected at the ballot box but, argue Tory insiders, it did destabilise the Tory campaign.",2,No Relation,C,0,0,1,,
2259,"I think Farage makes a much better leader than any of the other parties, he's full of enthusiasm and is not a PR man like the current leaders of the 3 main parties.","I was delighted to cast my vote for [UKIP leader] Nigel Farage's team in Sussex, where I live, said Lynam.",1,Support,C,0,1,0,,
3066,is it me or is it you only time will tell,if the existence of a fossil record contradicting parts of the bible then that does not disprove in and of itself the fossil record,0,Attack,C,0,0,1,,
2327,naming two well known id proponents does not a citation make to support pvms twisted version of id arguments,seems highlander was somewhat quick in his response as i am more than willing to support my claims,0,Attack,C,1,0,0,,
466,"I think Farage makes a much better leader than any of the other parties, he's full of enthusiasm and is not a PR man like the current leaders of the 3 main parties.",Leader Nick Clegg said the party's candidate Mike Thornton had pulled off a stunning victory which had been secured against the odds.,1,Support,C,0,0,1,,
3496,can you please respond to fdr and his new deal that saved the country,fdr saved this country if i recall it was in  that because of a combination of weakened capital situations from reconstruction finance corporation loans which published lists of the loan takers and a nationwide banking holiday banks around the country went through a new wave of demise dropping the dc and dr ratios so sharply that in one month alone the money stock m fell a whopping four percent,0,Attack,C,1,0,0,,
1232,"If UKIP have a good general election and manage to take a few seats then that can only benefit Labour, because all of the seats that UKIP can possibly, conceivably win - well they are all Tory seats.","In his resignation statement, Lord Pearson said he was not much good at party politics and UKIP deserved a better politician to lead it.",2,No Relation,C,0,0,1,,
2382,yes god is by his nature  supernatural,first of all the bible is not a   science   book,1,Support,C,0,0,1,,
1453,"UKIP is certainly NOT racist or xenophobic - if you, as I'm you have done, read our policies on the website there is no suggestion of this at all, it is more a rumour and conspiracy of the lefties. ",Mr Hague also said he would set out more detail on the government's plans to renegotiate Britain's relationship with the European Union before next year's European elections.,2,No Relation,C,0,0,1,,
2251,"If UKIP don't like being smeared, then they need to stop smearing, stigmatising, and fear mongering about others.",UKIP leader Nigel Farage said any members proven to have extreme right wing views would be expelled.,0,Attack,C,1,0,0,,
282,"I don't think most people realise the benefits of free trade at all, and UKIP capitalise on peoples ignorance of the benefits of free trade as much as they can.","David Cameron, Ed Miliband and Nick Clegg said the fate of a Syrian generation hangs in the balance with four million children caught up in the civil conflict.",2,No Relation,C,0,0,1,,
3915,We should negotiate with terrorists,Negotiation isolates those who are only interested in violence,1,Support,C,0,1,0,,
1216,"The UKIP mainstay vote is in normal working people because they never voted for 4 million immigrants, they never voted for Multiculturalism.","They support us working class folks, so I was delighted to cast my vote for [UKIP leader] Nigel Farage's team in Sussex, where I live, said Lynam.",1,Support,C,0,1,0,,
3794,We should ban religious symbols in public buildings,Banning religious symbols is just a way of unfairly targeting people,0,Attack,C,1,0,0,,
2077,"Despite you best efforts at pretending otherwise, UKIP are still widely disliked and untrusted by the majority of the population.","Mr Silvester recently wrote another letter, this time to the Henley Standard newspaper, saying the UK had been beset by storms since the passage of the law on gay marriage because Mr Cameron had acted arrogantly against the Gospel.",2,No Relation,C,0,1,0,,
342,"The country faces more than two big issues, which is where Ukip come apart at the seams in an incoherent bunch of right wing horse shit from whatever Think Tank came along at the time.","UKIP has reached unprecedented heights in the opinion polls under Mr Farage, prospering in May's local elections.",0,Attack,C,1,0,0,,
1113,If you want to understand why UKIP is extreme look at the extreme elements it attracts including far-right Hitler-apologists like retep and anti-semites like your friend in Stocksbridge.,But as one UKIP member said to me - if this is a protest vote it's a bloody big protest.,2,No Relation,C,1,0,0,,
929,People are not voting for UKIP because of immigration propaganda but because of their direct experience of immigration.,"And with the UKIP riding high in national opinion polls, Mr Farage has predicted it will win seats in each of the 34 councils where elections are being held.",1,Support,C,0,0,1,,
1187,"UKIP are just another bunch of freeloaders, using peoples fears and prejudice to gain votes so that they can get their snouts into the trough.",In spite of the continuous talk of defections he is the closest they've come to someone who has a seat on the green leather benches at Westminster.,2,No Relation,C,0,0,1,,
2934,you say this and yet you use a computer,feel free to respond,1,Support,C,0,0,1,,
1681,UKIP are not a single issue party anymore; UK Sovereignty is the crux of their party political platform but they've certainly expanded from that singular issue in recent years.,"The charge put by its deputy leader David Campbell Bannerman when he defected to the Conservatives in the wake of the May elections was that UKIP remained, at heart, a single issue pressure group.",0,Attack,C,1,0,0,,
876,If there are enough Ukip votes it should frighten all the parties sufficiently to make them realise they can't just ignore the electorate.,"This was preferable to a party made up of a bland lot of ghastly people whose names I don't even know, he said.",2,No Relation,C,0,0,1,,
2438,casey luskin knows how to use impressive multisyllabic words to suggest that hes intelligent,all human design and resulting construction starts with what exists a designer and things entities,1,Support,C,0,0,1,,
1801,The people and media that are criticising UKIP are highlighting the genuine concerns about UKIP and their policies towards immigrants.,"A poll suggests that 56% of people want major curbs on immigration,",0,Attack,C,1,0,0,,
3929,We should allow voting at 16 in European Parliament elections,Youth are not represented in politics,1,Support,C,0,1,0,,
1240,UKIP are not a single issue party anymore; UK Sovereignty is the crux of their party political platform but they've certainly expanded from that singular issue in recent years.,And on a broader platform UKIP claims to be winning support among younger voters and students.,1,Support,C,0,1,0,,
1151,Ukip are doing well for the very simple reason folk have at last realized that they are being lied to by LibLabCon and now have somewhere else to go.,"We've seen the deficit coming down, we've seen economic recovery gathering pace and we're making a good deal of progress, and this is thanks to the government.",0,Attack,C,1,0,0,,
2054,Whether UKIP can deliver on their promises if they were to win power at the next general election is a moot point because they will not win power.,It comes two weeks after she accused the UKIP leader of bullying and being anti-women and a Stalinist and threatened to leave the party.,2,No Relation,C,0,1,0,,
156,"The momentum is definitely with UKIP at the moment, hopefully that will continue with the up and coming by-elections.",Mr Farron said he was expecting it to be a tough fight but said UKIP was determined to win.,1,Support,C,0,1,0,,
2769,the auscs claim that court cases settle all debates reminds me of how futile roe v,just what if there is a creator  isnt science after truth  has science proven that there is no creator why is recognizing the possibility that there was intelligence behind the emergence of life a nonscientific idea  basically what you are saying is that if there was a creator or intelligence behind the emergence of life science will never be able to come up with the right answer rightso your whole premise for id being nonscientific is the unproven worldview of naturalismyou start off right from the get go with the assumption that there is no creator or any intelligence involved in the emergence of life and go and try and prove your idea with science,1,Support,C,0,0,1,,
2521,because   science   as we know it today can only answer one of them,why not what qualities does the designers have that make them beyond studynot being able to directly observe it,0,Attack,C,1,0,0,,
2604,islandcontrary to modern and variant interpretations the anthropic principle was originally formalized by carter as an ideological statement against the dogmatic nonscientific prejudices that scientists commonly harbor that cause them to consciously deny anthropic relevance in the physics so they instead tend to be willfully ignorant of just enough pertinent facts to maintain an irrational cosmological bias that leads to absurd copernicanlike projections of mediocrity that contradict what is actually observed,carter points out that the coincidence found by bondi belonged to three classes the traditional kind  without use of the anthropic principle  those which only require the use of a weak anthropic principle and  those which require the invocation of an extended and hence rather more questionable strong anthropic principle,1,Support,C,0,1,0,,
3603,and i was not disappointed,can not be dissapointed if i know not to expect more,1,Support,C,0,1,0,,
2192,UKIP want to get us out of the EU to make the British people much worse off then they already are.,Mr Alexander said the vote did not mean the UK was ignoring the rest of the world.,2,No Relation,C,0,0,1,,
804,UKIP are not a single issue party anymore; UK Sovereignty is the crux of their party political platform but they've certainly expanded from that singular issue in recent years.,"I think it's time we now have a proper, public debate so that the public can listen to the two sides of the argument and judge from themselves.",2,No Relation,C,0,0,1,,
607,If the other parties do tackle the issues of EU and immigration I'll be more than happy to see UKIP disappear.,"Prime Minister David Cameron, Labour leader Ed Miliband and UKIP leader Nigel Farage have all visited the constituency since the campaign began.",2,No Relation,C,0,0,1,,
3924,US intervention in Libya lacking congressional approval was illegal,The intervention was necessary in order to protect US interests in the region,0,Attack,C,1,0,0,,
1710,"The problem with popularism but no substance, like UKIP represent, is that it just results in things getting worse and worse.","The responsibility of politicians in this situation when people are getting anxious is to try to reassure them and give the facts, not panic and resort to populist measures that do harm.",1,Support,C,0,1,0,,
225,"The Green Party stands out as different, UKIP are just another bunch of neo-cons, although further out to the right.","Speaking on the BBC's Daily Politics, she suggested Mr Cameron was a lot less keen on the idea than he had been in 2010.",2,No Relation,C,0,0,1,,
916,People are not voting for UKIP because of immigration propaganda but because of their direct experience of immigration.,I am very confident UKIP is going to get a bigger percentage share of the vote than anybody can yet quite believe here in the Westminster village.,1,Support,C,0,0,1,,
1375,UKIP are in no way a single issue party and if Labour or the Conservatives were to give us a referendum UKIP would still have a full manifesto that would attract many voters.,Restrictions on movement of Bulgarians and Romanians within the EU are due to end on 1 January and there have been warnings that the UK could see an influx of migrants.,2,No Relation,C,0,0,1,,
1885,"I think Farage makes a much better leader than any of the other parties, he's full of enthusiasm and is not a PR man like the current leaders of the 3 main parties.",But the peer said the choice for British voters at a general election was between David Cameron and Ed Miliband as prime minister.,0,Attack,C,1,0,0,,
3718,i think he can take a flight but his parents have to check him in and hand him over to the flying company just by himself no,and also have somebody pick him up when he or she lands,1,Support,C,0,1,0,,
2396,i think this comes down to an irreducible complexity argument,i think this comes down to an irreducible complexity argument,0,Attack,C,0,1,0,,
632,The only reason we are even having a sensible debate about Europe are UKIP.,"The Conservatives and Labour were contesting most local election seats, with 2,263 and 2,168 candidates respectively.",2,No Relation,C,0,0,1,,
1046,"The momentum is with UKIP; Labour, Conservative and Liberal areas are all now vulnerable to them. ","Mr Farage suffered back injuries sustained in an air crash on election day 2010, and had had a couple of discs removed from my neck and replaced last week, he told the BBC.",2,No Relation,C,0,0,1,,
2689,debater jay richards answers this question quite clearly in a short video  at     www,we may disagree as to the ability of id proponents to explain the ultimate source of complexity,0,Attack,C,1,0,0,,
3537,by gun nut logic children should be able to tote guns around at school because it will not make a difference because if they really wanted to kill each other they will just find another way to do it if they do not got guns because you know what guns do not kill people people kill people,you know brady you have said a lot of stupid stuff over the years i even remember finding a post of yours where you said all guns and gun owners should be registered but sex offenders should not be this latest post of yours is just another senseless and stupid rambling of somebody that is so hateful and fearful of an inanimate object that its impossible for him to function in our society and can barely handle his own needs,0,Attack,C,1,0,0,,
3183,oh boy here we go again,i could argue the many reasons i dont believe in creationism but i would never be able to end my list,1,Support,C,0,1,0,,
368,"UKIP are not the answer, they are simply an annoying addition to the problem.","He unsuccessfully ran for Parliament last year, after setting up his own anti-corruption party.",2,No Relation,C,0,0,1,,
831,"On voting day, this week the vast majority of the British public will not vote for UKIP.",The coalition is looking at ways to restrict migrants' access to the NHS.,2,No Relation,C,0,0,1,,
2459,perhaps the author can explain why of all of the thousands of researchers in geology biology particularly evolutionary biologists and paleontology,the problem with your argument is that it simply depends on a certain kind of fossil not being found and you have been repeatedly proven wrong over the last  or  decades when such a fossil is found,1,Support,C,0,1,0,,
1481,"Arguably, UKIP & co. aspire to destroy the culture created in Europe after WWII, which has been based on openness, free travel, migration and cross-geographic access to goods and labour markets.",You all think euroscepticism is a right-wing view - it is not.,0,Attack,C,1,0,0,,
485,The only reason we are even having a sensible debate about Europe are UKIP.,The UKIP MEP reckoned a number of Conservatives who want a referendum on the EU in the current Parliament need to grow a backbone and do something about it.,1,Support,C,0,1,0,,
1286,"The Green Party stands out as different, UKIP are just another bunch of neo-cons, although further out to the right.","Far from struggling, Mr Farage says UKIP is making good, solid and steady progress.",0,Attack,C,0,0,1,,
2318,archfilejockey quoted kent hovind as saying asking an atheist why he cant find god is like asking a thief why he cant find a police officer,einsteins quotes are not supportive of id he was talking about the fabric of the universe not the means by which species evolve,1,Support,C,0,0,1,,
2141,"If we leave the EU we will save billions of pounds which can then be invested in our ailing national infrastructure, notably the NHS.",The Lib Dem leader also argued that being in the EU meant that we keep ourselves safer because we can go after cross-border crime and terrorism and that we can look after the environment in a way which we can't on our own.,0,Attack,C,1,0,0,,
2697,i understand the ad hominem approach chosen by joe after all what is the alternative showing that id really lives up to what joe claims it isjoe gand again the design inference relies on observations data and experience,dias i explained in my fourth opening statement design can be inferred regardless of whether the designer is natural or supernatural,1,Support,C,0,1,0,,
2886,fxl insists that just because god is absent from the book that it therefor could not have been based on creationism even though it defined creationism to be in line with its predecessors and later renamed the term to read design,i must admit this would all go a lot smoother if there were no word count limits or rules about how many posts you could make at a given time,0,Attack,C,0,0,1,,
1200,Labour won't have anything to do with UKIP as they are more right-wing than the Tories. ,"The European Commission just look incredibly arrogant, he told Radio Four's World At One.",2,No Relation,C,0,0,1,,
1428,UKIP is an opportunistic party that exploits the unpopular European Union for political gain.,Amjad Bashir was responding to comments on Wednesday's Daily Politics from ex-deputy PM Lord Heseltine that UKIP was a racist party.,2,No Relation,C,0,0,1,,
1188,"Even a UKIP European candidate, Janice Atkinson, another ex-Tory, admits leaving the EU would be problematic.","I feel no animosity towards the Electoral Commission, we understand they have a job to do.",2,No Relation,C,0,0,1,,
3499,the article as a whole never made that argument either,okay yankee fan keep pretending that it does not well if you never read the article you would not be pretending as that would be an argument from position of ignorance,0,Attack,C,1,0,0,,
3113,since when speaking to one of the other posters did chance become a word to bias any argument against   evolution    doesnt make sense unless the poster is reading into something that probably isnt inferred and possibly feels an affront to his or her sensibilities,just curious but what does the types of rock have to with ex nihilo,0,Attack,C,0,0,1,,
3265,the bacteria mutated,i think you have some misconceptions about what evolution actually is,0,Attack,C,1,0,0,,
2870,there is more than naturalism can engage,there is more than naturalism can engage,0,Attack,C,0,1,0,,
3889,I support the truth and reconciliation commission,The reconciliation process provides access to justice in post conflict states,1,Support,C,0,1,0,,
2404,i find much more animosity spouted by the atheist,just as advances in genetic and protein research and mathematics are enabling us to understand and explain how evolution works a growing number of our society are rejecting science in favor of myth and fake science,1,Support,C,0,0,1,,
697,"As far as immigration is concerned all Ukip want is a level playing field for non EU migrants and to control the numbers so, if anything, Ukip are too soft on immigration.","There is also a democratic argument about who runs our country,  he added.",1,Support,C,0,0,1,,
3050,the notion that science assumes that theirsic is no creator and then prove it is plainly ridiculous,it is consistent but,1,Support,C,1,0,0,,
2201,UKIP's sole aim at the general election is to get a smallish number of MPs elected but enough to hold the balance of power and do a deal with the Tories.,I can categorically rule out any form of electoral pact with UKIP or anyone else.,0,Attack,C,1,0,0,,
3251,once again generalizing on an unfair term,we do seem to be arguing past each other and i will apologize for some of that,1,Support,C,0,1,0,,
3223,although i firmly believe in evolution it is only a theory and even though theories have evidence and are backed up with facts they are not  true and can probably never really be proven like the big bang theory,why is it more reasonable to conclude common descent rather than common design from the similarity we see among species,1,Support,C,0,1,0,,
3262,wow,the flu virus doesnt evolve it mutates,0,Attack,C,0,0,1,,
143,Plenty of survey's have shown UKIP to be the most hated of the main parties.,But they tried to make it a conference about more than just Europe.,2,No Relation,C,0,0,1,,
3294, theres no rational reason to accept creationism its simply empty claims with no evidence it has no predictive powers it cannot explain what we see in nature and it introduces a level of complexity with no explanation requiring mindless faith, the prospect of creationism is pretty absurd,1,Support,C,0,1,0,,
2071,"In fact, all UKIP seems to talk about now is withdrawl from the EU without any genuine policy around UK's domestic economy.","It is also one which means people often dismiss it as a single issue party, unlikely to become a force in Westminster politics.",1,Support,C,0,1,0,,
3627,the age of  is an arbitrary designation,that is the premise of my question,1,Support,C,0,1,0,,
2487,if theres something on    evolution    news its irrelevant to intelligent design andor distorted beyond all scientific recognition,if theres something on    evolution   news its irrelevant to intelligent design andor distorted beyond all scientific recognition,0,Attack,C,0,1,0,,
1149,Support for UKIP simply indicates that people have noticed that the major parties do not represent their interests.,"Thatcher was wrong then and Cameron is wrong now, neither have ever represented their populace.",1,Support,C,0,1,0,,
960,A vote for UKIP is a vote to leave the EU and recover power over our national life.,"Nigel Farage was never really interested in toys, says his mother Barbara.",2,No Relation,C,0,0,1,,
2111,"UKIP advocates for the UK leaving the European Union which would be a bad idea – but they are trying to leverage on the british people’s need to belong and pride to be british, which further sparks their anti-foreigner standpoint.","The Conservatives have argued the surge in support for UKIP was essentially a protest vote, but Mr Farage dismissed this as the default position of the political establishment.",2,No Relation,C,0,0,1,,
3678,nothing is more important than my research time and i just think this is a distraction,no my research time is more important than your research time,0,Attack,C,1,0,0,,
2949,its not that cut and dried,its not that cut and dried,0,Attack,C,0,1,0,,
1544,UKIP actually wants to repeal the Human Rights act which is in place to guarantee basic human rights and would be disastrous if they ever were successful with this.,"It is essential that parties should be defined in such a way that a party like UKIP, which obtained nearly a million votes in the last general election, and which came second, beating both Labour and the LibDems in the European election in 2009, should be included.",2,No Relation,C,0,0,1,,
2433,i am curious about one thing  luskin statesid investigations thus begin with observations about how intelligent agents operate and then proceed to convert those observations into positive predictions of what scientists should find in nature if intelligent design was involved in the origin of a given natural object,from wikipedia the scientific method,1,Support,C,0,0,1,,
887,"Much of UKIP's meteoric rise has to do with political correctness, and the fact that ordinary people are sick of it.","While UKIP is on the rise the Conservatives have lost more than 300 councillors and the Lib Dems, more than a hundred.",1,Support,C,0,1,0,,
514,UKIP and the Greens are the only parties to date that haven't screwed us all over.,A poll showed that only 26% said the PM was in touch with the lives of ordinary voters.,1,Support,C,0,1,0,,
2966,actually im not simply looking backwards,today july nd  the best solar eclipse of the century took place from india to japan,0,Attack,C,0,0,1,,
2912,just because id claims that it is scientifically relevant and in fact can lead to affect research directions does not mean that their claims are accurate and truthful especially given the simple fact that in the last  years id has failed to show much of any example that supports their claims,it is entirely misleading to imply that academic freedom is gives license to present nonscience like idthese academic freedom bills which typically work in conjunction with the science standards are written to strictly prohibit the teaching of religion creationism creation science creation facts and id,1,Support,C,0,1,0,,
3747,among the best for sure,yes i agree on that,1,Support,C,0,1,0,,
1282,It's a protest vote because (most) people know that UKIP will never net in power.,"We started with TV debates that were easy to agree, because they were quite controlled, Mr Cameron said.",2,No Relation,C,0,0,1,,
786,"If UKIP don't like being smeared, then they need to stop smearing, stigmatising, and fear mongering about others.","Mr Farage said that since Mrs Ayling had joined UKIP, he had seen no evidence for the party to be worried at all.",2,No Relation,C,0,0,1,,
2469,the di agrees that methodological naturalism simply requires that in trying to explain any particular observation or experimental result an investigator may not resort to miracles,when i grew up science was a useful tool for discovering things about the world around us,0,Attack,C,0,0,1,,
900,Should ukip get into government it would be fair to assume that we'll see a whole raft of right-wing policies as actual government policy.,Fellow MEPs David Campbell Bannerman and Gerard Batten have also said they will contest a future election contest - expected to take place in November.,2,No Relation,C,0,0,1,,
11,The success Ukip had in the european elections will be sufficient to galvanise one or preferably all the other parties to rid us of the EU's political influence.,UKIP's presence this time around isn't lost on any of its rivals.,1,Support,C,0,1,0,,
266,Should ukip get into government it would be fair to assume that we'll see a whole raft of right-wing policies as actual government policy.,"In 2009, Lord Pearson's predecessor Nigel Farage was one of 13 UKIP politicians who became MEPs, as the party came second in the popular vote.",2,No Relation,C,0,0,1,,
1752,UKIP's sole aim at the general election is to get a smallish number of MPs elected but enough to hold the balance of power and do a deal with the Tories.,Their debate followed a Daily Politics flim looking at a possible pact between UKIP and the Tories.,1,Support,C,0,1,0,,
3648,how many goals can you score in an amount of time,that would be very simple unimaginative etc,0,Attack,C,1,0,0,,
3135,because you cant imagine a reason why both chimps and humans have a chunk of dna that has the same viral code doesnt mean its   evolution  ,this is not a proof of   evolution   from chimps,0,Attack,C,0,1,0,,
3508,biomorphs are an embarrassing attempt to explain just how a complex structure such as an eye might come about by gradual mutations except they only do this by fooling you into believing the program mimics a natural possibility when it can not not when you are running the program and interfering at will,no they are not you quote a web site that is not dawkins interpretations of biomorphs and suggest that the web sites interpretation is what dawkins created biomorphs for,0,Attack,C,1,0,0,,
1150,"The Green Party stands out as different, UKIP are just another bunch of neo-cons, although further out to the right.","On BBC Radio 4's Today programme, Mr Fox did not dismiss speculation that UKIP could win the most seats in the European parliament elections in May.",2,No Relation,C,0,0,1,,
3299, amusing is all i can really say to cancers response, im against it   ahh i love the arguments in everyone the against it section,0,Attack,C,0,1,0,,
3654,i think that there should be something that judges the percentage of people that are satisfied with your answer ,how would this be different to the rating of a particular replyanswer that it currently has,0,Attack,C,1,0,0,,
1230,"There's an election next month, UKIP are campaigning on the streets right now, and candidate upon candidate keeps churning out ridiculous (often racist, sexist or homophobic) views.","Mr Neville, interim chair of Youth Independence - UKIP's youth wing - has been asked to stand down after comments he made in an interview with BBC Radio 4's The World at One last month.",1,Support,C,0,1,0,,
933,The current smear strategy against UKIP is not pulling people back but pushing them towards UKIP and if this carries on then things are going to be a lot tighter by the time the general election comes.,He said he was disappointed Ed Miliband had not mentioned Europe in his big speech on Tuesday.,2,No Relation,C,0,0,1,,
1613,"In UKIP, we have a new political force which looks likely to poll very well in a national election on thursday.","More people were considering voting for UKIP at a general election than ever before, he suggested, and this current poll surge was different from previous spikes in support which were linked to European elections.",1,Support,C,0,1,0,,
3777,app based to do list is the way to go you can synchronise your lists on all your devices and have them everywhere you go ,i agree additionally mind maps can serve as a to do list and it might be hard to create and update it on paper,1,Support,C,0,1,0,,
1140,"I don't necessarily think Nigel Farage is worthy of PM, I think they need a new leader.","While there will be no mention of the members who quit in protest at his leadership, he will acknowledge internal clashes.",2,No Relation,C,0,1,0,,
118,"Labour should be running scared of UKIP, now the working class are starting to realise that Labour is for middle class socialists and the public sector.",If you accept defectors from the Conservative Party you will always have embarrassments.,2,No Relation,C,0,0,1,,
1688,"The UKIP party is a populist party at the right end of the spectrum, which exploits people's fears of the foreign and unknown.",The committee said the EU had helped to transform Europe from a continent of war to a continent of peace.,1,Support,C,0,0,1,,
1492,"Despite you best efforts at pretending otherwise, UKIP are still widely disliked and untrusted by the majority of the population.","Immigration has also been an issue and UKIP, which rejects charges of being racist, sees the EU question being at the heart of it.",2,No Relation,C,0,0,1,,
196,If UKIP is really the best our country can do for an alternative then we are all doomed.,"Lord Alexander Hesketh said he had been greatly angered by the prime minister's position, adding that UKIP's views chimed with his own.",0,Attack,C,1,0,0,,
1065,"As far as immigration is concerned all Ukip want is a level playing field for non EU migrants and to control the numbers so, if anything, Ukip are too soft on immigration.",Godfrey Bloom's and other UKIP party members' actions are an insult to all those who have fought against fascism.,0,Attack,C,1,0,0,,
3012,but how does the bible self authenticate the verses about four rivers coming out of eden it doesntyou must be joking,youre missing the point about the four rivers,0,Attack,C,1,0,0,,
3384, this is pure ignorance, i really do not know where to start with this one at the time of writing this response apparently evolution is incorrect,1,Support,C,0,1,0,,
2322,pvm wrote however this is false and misleading,hghlanderthis is false and misleading,0,Attack,C,0,1,0,,
3315, i really like bananas so i mustve evolved from monkeys p, the one that suits its current environment surveys and grow up to breed,1,Support,C,1,0,0,,
178,"If UKIP don't like being smeared, then they need to stop smearing, stigmatising, and fear mongering about others.",The Lib Dems are no longer the voice of opposition in British politics - UKIP are.,0,Attack,C,0,0,1,,
2072,"I think Farage makes a much better leader than any of the other parties, he's full of enthusiasm and is not a PR man like the current leaders of the 3 main parties.",The party's leader Nigel Farage has promised to cause a political earthquake at next year's polls after a strong showing in local elections.,1,Support,C,0,1,0,,
2786,i never said anything about einsteins religious convictions,and seeing that pvm doesnt care about the truth why is he a scientiston the contrary i have been asking you several times now how does id explains the bacterial flagella,0,Attack,C,0,0,1,,
1739,"Despite you best efforts at pretending otherwise, UKIP are still widely disliked and untrusted by the majority of the population.",Amjad Bashir was responding to comments on Wednesday's Daily Politics from ex-deputy PM Lord Heseltine that UKIP was a racist party.,2,No Relation,C,0,0,1,,
1109,"I would say it's the anti-ukip brigade who have no substance to their argument (or facts), they simply shout ""racist"" with nothing to substantiate this slur, or become crude and insulting.",It took place before Labour fell out with the Unite union and before Abu Qatada left the country and so on.,2,No Relation,C,0,0,1,,
1118,"The core of UKIP seem pretty much right wing, so you can expect those polices to be similar to the current conservative ones which will drive the left leaning voters away in droves. ",It had never had fewer than 16 councillors and had regularly had around 50.,2,No Relation,C,0,0,1,,
3710,no it did not a lot of bits were too far fetched and the whole story was very americanized,it was indeed a bit tacky at times,1,Support,C,0,1,0,,
1738,UKIP is a vessel through which a protest is being delivered. ,But Mr Cameron dismissed UKIP's showing as a protest by voters and promised to stay true to his principles.,1,Support,C,0,1,0,,
2961,i agree he didnt want to confuse us,you are exactly right  evidence is all around you mountains of it in fact,0,Attack,C,0,1,0,,
320,"I and many others will be voting UKIP not because of a handful of people that have said stupid things, it will be because I identify and agree with their overarching principles.","Contests took place in 27 English county councils and seven unitary authorities, as well as in Anglesey.",2,No Relation,C,0,0,1,,
1657,"The only people who should be voting for UKIP are Conservatives who believe that the Conservative Party isn't defending the rich enough, or that the Conservative Party isn't denying global warming enough.","UKIP's local election manifesto, concentrates on its flagship policy of ending open door immigration and putting pressure on the government not to lift restrictions on workers from Bulgaria and Romania on 1 January, which proved a successful formula in Eastleigh.",2,No Relation,C,0,0,1,,
3842,The voting age should be lowered to sixteen years,Voting at a lower age would increase participation,1,Support,C,0,1,0,,
1844,If anyone seriously thinks that UKIP will offer some kind of answer to our current problems then I think that they are going to be sadly disappointed.,The group suggest that within five years UKIP will have more members than the Tories at the current rate of attrition.,0,Attack,C,0,0,1,,
524,The people and media that are criticising UKIP are highlighting the genuine concerns about UKIP and their policies towards immigrants.,"The company allowed UK residents to speculate on the price of gold at a time when exchange controls prevented them from buying it, except at a premium.",2,No Relation,C,0,0,1,,
547,"The Green Party stands out as different, UKIP are just another bunch of neo-cons, although further out to the right.","Labour leader Ed Miliband said earlier this month that his MPs would not take part in the vote on Friday, describing the bill as a gimmick.",2,No Relation,C,0,0,1,,
2439,all human design and resulting construction starts with what exists a designer and things entities,theories are not supported by finding confirming evidence only,0,Attack,C,0,0,1,,
3372, it cant  be wrong this is something natural, evolution is defined in wikipedia as a change in the inherited traits of a population from one generation to the next,1,Support,C,0,0,1,,
2570,months later and i think we can agree pandas did not advocate religion,is   intelligent design   sciencemost definitely yes otherwise no one could argue it was wrong in the first place,0,Attack,C,0,1,0,,
1360,Should ukip get into government it would be fair to assume that we'll see a whole raft of right-wing policies as actual government policy.,"The Conservatives have said only they are offering the public a real choice on Europe, with the promise of a referendum on the UK's re-negotiated membership in 2017.",2,No Relation,C,0,0,1,,
2901,luskins opinesas i discussed in my rebuttals to the first two opening statements of the national center for science education ncse some of their common debate tactics includeof course,in the past the flagellum was supposedly an example of an irreducibly complex biological structure that could not evolve,1,Support,C,0,0,1,,
1302,For what its worth I think UKIP is a one trick pony and is unelectable in a general election.,"But judging from recent opinion polls UKIP's wider policies - grammar schools, curbing immigration and opposing gay marriage - seem to have struck a chord with disenchanted voters from the big three.",0,Attack,C,1,0,0,,
3540,you do get critized for talking about god any other god other than the christian god that is,in your own little fantasy world,0,Attack,C,1,0,0,,
1306,"The momentum is definitely with UKIP at the moment, hopefully that will continue with the up and coming by-elections.","As predicted, UKIP repeated their recent by-election success and their candidate Richard Elvin came second with a 24% share of the vote.",1,Support,C,0,1,0,,
2392,id is offered as an explanation for the complexity of life on earth which according to id proponents cannot be explained by random chance and survival of the fittest,on pandasthumb nick matzke whose contributions to dover v kitzmiller were instrumental in the stunning defeat of intelligent design and whose contributions to exposing the fallacies in behes arguments as well as the extent of ignorance of science amongst id proponents has caused much concern amongst id proponents so much that in general they have chosen to pretend in a typical creationist fashion that matzkes arguments do not exist,1,Support,C,1,0,0,,
3173,theres no point arguing against evolution when you dont understand it in the first place,now creationism to me makes much more sense,0,Attack,C,1,0,0,,
2502,in his latest book edge of evolution behe attempts to define this edge by pointing to malaria as an example of a designed system in which according to behe two simultaneous mutations are required and given the estimated probabilities of  in  this may be quite unlikely,the following is a quote from your points quote the more parts that appear to be arranged for a purpose and the more precisely they fit each other to achieve that purpose the more and more confident we can be in our conclusion of design,0,Attack,C,0,1,0,,
3900,The International Criminal Court should be recognised,The novel crime of aggression leads to the prosecution of those seeking to protect human rights,0,Attack,C,1,0,0,,
1787,"UKIP will lead the UK to independence from the oppressive EU, which is the only chance Britain has at restoring its former glory.","He said the UK should quit the EU, with the referendum being moved forward.",1,Support,C,0,1,0,,
1405,"UKIP advocates for the UK leaving the European Union which would be a bad idea – but they are trying to leverage on the british people’s need to belong and pride to be british, which further sparks their anti-foreigner standpoint.",And they looked at tests for disability payments where Mr Byrne claimed that government contractor Atos was making a dog's breakfast of its work.,2,No Relation,C,0,0,1,,
1755,It is because of UKIP that we are finally discussing the European question and about immigration and thank goodness for that.,Opponents say the new system risks politicising the police.,2,No Relation,C,0,0,1,,
3439, youre right there isnt a shred of positive evidence for creationism and creationists dont even try, how com everyone here is bickering try the flood,0,Attack,C,1,0,0,,
3625,i do not know if it will be found unconstitutional but there is an effort to simply get it repealed same effect in the end,well it is being challenged in the courts so the only way to overturn it would be to deem it no longer constitutional,1,Support,C,1,0,0,,
2622,yes jim we see objects on a daily basis that were not designed,im aware of that id christians give themselves a huge fudge factor by claiming that the fall of man somehow fouled up nonhuman nature,0,Attack,C,0,1,0,,
1192,"If you want an insight into just how mad and bad UKIP are, go and read what their members, candidates and supporters write on the Telegraph.","Downing Street has said Conservative MPs will be under a three-line whip, the strongest order a party can give, to support it.",2,No Relation,C,0,0,1,,
2538,im sorry but this argument of design is apparent not real always make me scratch my head in bewilderment,it always has been and always will be impossible to have a design without a designer,0,Attack,C,0,1,0,,
2685,casey writesid doesnt try to address theological questions about the identity nature or origin of the designer,caseyeven the widelytouted theistic evolutionary biologist kenneth miller has claimed in five editions of his popular high school biology textbooks that the implication of evolution is that it works without either plan or purpose and is random and undirected,1,Support,C,0,0,1,,
948,"Arguably, UKIP & co. aspire to destroy the culture created in Europe after WWII, which has been based on openness, free travel, migration and cross-geographic access to goods and labour markets.",I am proud of being a UKIP candidate and very proud of the achievements of my daughter who represents the people of Witham in an exemplarily fashion.,0,Attack,C,1,0,0,,
2390,this is the age old question,oasthadare we machines choosing between incorrect and correct responses or are we sentient being choosing between good and evil how could you not teach thisthats a good topic for sunday school,0,Attack,C,0,1,0,,
737,The success Ukip had in the european elections will be sufficient to galvanise one or preferably all the other parties to rid us of the EU's political influence.,The first is to introduce a mechanism to recall councillors if 20% of registered voters in their ward request it.,2,No Relation,C,0,0,1,,
1593,"Despite you best efforts at pretending otherwise, UKIP are still widely disliked and untrusted by the majority of the population.",Farage admitted the party had not had time to properly vet all of its new recruits and he was forced to suspend a handful of them following newspaper reports of alleged racist comments.,2,No Relation,C,0,1,0,,
963,Ukip are doing well for the very simple reason folk have at last realized that they are being lied to by LibLabCon and now have somewhere else to go.,"UKIP backed my candidacy and that was great, Mr Hollobone said.",1,Support,C,0,0,1,,
1612,"UKIP is neither left or right wing, it is anti establishment, but it does take some elements from both sides of the spectrum",But Mr Cameron dismissed UKIP's showing as a protest by voters and promised to stay true to his principles.,0,Attack,C,0,1,0,,
1765,"If UKIP don't like being smeared, then they need to stop smearing, stigmatising, and fear mongering about others.","It has rejected claims by cabinet minister Ken Clarke and others that it is simply against foreigners, arguing that it is in favour of a sensible managed migration policy, something Mr Farage argues is not possible while Britain remains in the EU.",0,Attack,C,1,0,0,,
3704,nuclear energy is the most efficient once all potential hazards are eliminated,i tend to disagree the main problem with the nuclear power is that the plant cannot be switched off fast we are not able to control this process,0,Attack,C,1,0,0,,
2157,"I don't necessarily think Nigel Farage is worthy of PM, I think they need a new leader.","The former defence secretary, who was forced to resign over a lobbying scandal, said the party leadership had to show more emotion.",2,No Relation,C,0,1,0,,
3319, no we were put here by aliens as an alternative food source, i do not believe that we evolved from monkeys or any other animal i believe that god created us in his own image,1,Support,C,1,0,0,,
2228,"Even a UKIP European candidate, Janice Atkinson, another ex-Tory, admits leaving the EU would be problematic.",Man's best friend doesn't look like our best friend from where I'm looking and is leaving us both with the impression that he'll not only demolish the leaflet being offered to his owner but the arm of whoever hands it to him.,2,No Relation,C,0,0,1,,
3084,you are ignoring centuries of good scholarship including that in the last century specifically engaging the arguments of historical criticism and socalled higher reasoning,the scripture is silent as to which locale in the spacetime continuum the author of the account was measuring time from on the first day of creation,1,Support,C,0,0,1,,
2850,the following statement by the employee of ncse is the exact form of inference to the best explanation that id scientists use to demonstrate that there is intelligence behind life,idnetthe following statement by the employee of ncse is the exact form of inference to the best explanation that id scientists use to demonstrate that there is intelligence behind life,0,Attack,C,0,1,0,,
2780,i guess this means that what id proponents say about id is irrelevant even though said proponents are the ones who started idfascinating indeed,as for scientific evidence for id start with the genetic code,1,Support,C,0,0,1,,
2358,jumpstartthe anti id crowd will insist on a strict materialistic cause and effect definition of science,  when materialist impose the supernatural all they are doing is saying somethings are beyond being explained through nature and by science,0,Attack,C,0,1,0,,
1798,Plenty of survey's have shown UKIP to be the most hated of the main parties.,The group suggest that within five years UKIP will have more members than the Tories at the current rate of attrition.,0,Attack,C,1,0,0,,
3072,i believe that the day creation of the universe as we know it today has to be taken literally even though scripture does say that one day in the eyes of the heavenly father is like a thousand years,if the sevenday week is relevant shouldnt the names of the days be relevant as well specifically the days named after pagan godsodins day thors day freyas day etc,0,Attack,C,1,0,0,,
1872,"UKIP’s popularity is mainly founded on the likeability of its leader Nigel Farage, who manages to obscure its racist policies in clever rhetoric.","He has talked in the past about forging a career in the media and if the rules on political balance in broadcasting were ever relaxed, he could see himself becoming a right wing radio shock jock.",2,No Relation,C,0,0,1,,
3964,im not saying its a bad movie but its no where near as special as it has been made out to be,the pacing can be slow at times but overall watch it again and think about it yeah this film is pretty awesome is what will come to mind,0,Attack,C,1,0,0,,
1726,If anyone seriously thinks that UKIP will offer some kind of answer to our current problems then I think that they are going to be sadly disappointed.,Michael Fabricant has suggested offering an in/out referendum on UK membership of the EU if UKIP promises not to stand against Tory candidates in 2015.,2,No Relation,C,0,0,1,,
3337, i feel the need to distinguish between microevolution and macroevolution, yes i believe the theory of evolution is wrong as there are no scientific facts about that,1,Support,C,0,0,1,,
4041,i really liked this movie a lot loved the performances of all the actors and even the story but was not quite convinced with the ending,i liked the ending as well sort of like the ending of the graduate no point in adding a coda it is best left with loose ends,0,Attack,C,1,0,0,,
208,I think it's far too simplistic to argue all UKIP supporters are racist - there is a real groundswell against the political establishment which over the past 20 years or so has started to converge in terms of image and policies.,"Mr Knapman took over the role of leader in 2002, but in 2004, a new pretender to the crown - former Labour MP and chat show host Robert Kilroy-Silk - arrived in a flurry of publicity to shake things up once again.",2,No Relation,C,0,0,1,,
68,If the other parties do tackle the issues of EU and immigration I'll be more than happy to see UKIP disappear.,"Many hospitals are overburdened with long waiting times and do not want to act as immigration officials while the NHS is already buckling under the weight of administration, Tim Aker, the head of the party's policy unit said.",2,No Relation,C,0,1,0,,
2493,unfortunately dr,i was wondering where behe got his data since lenksis site showed clearly how fitness had been increasing so the claim that at best there were a few degenerative mutations shows a lack of familiarity with the actual data or perhaps a sign of forgetfulness,1,Support,C,0,0,1,,
3927,We should allow voting at 16 in European Parliament elections,The voting age should be the same across the Union,1,Support,C,0,0,1,,
2039,"I suspect the main reason a new Left party hasn't emerged with similar prominence to UKIP is because UK politics has, like that in the USA, become the plaything of the wealthy.","He said it was proof that UKIP is no longer just a protest party and is broadening its appeal across the country, not just the south of England.",2,No Relation,C,0,0,1,,
1935,"No doubt ordinary people are fed up with the behaviour of the Westminster bubble, but the other reason why UKIP is doing well is that they're articulating the concerns of working people, which Tories never do and Labour hasn't done since if fell under the spell of Tony Blair.","UKIP defied the odds again at last year's European elections, beating Labour into third place, much to the dismay of those, on the left and right, who had written the party off as a busted flush.",1,Support,C,0,1,0,,
3570,they were both created on the sixth day according to genesis,true god created adam then he created eve out of one of adams ribs,1,Support,C,0,1,0,,
1484,UKIP are a joke outfit full of small-minded Neanderthals who think the 1950s are the future.,"Speaking on Tuesday, UKIP leader Nigel Farage dismissed as a joke a story about a council candidate who created and tweeted an image of himself apparently standing with Adolf Hitler.",1,Support,C,0,1,0,,
3657,should visited and joined be the same,no joined is the date a user registered to the website and visited is the date of hisher last visit do you think the names are not clear,0,Attack,C,1,0,0,,
1326,A vote for UKIP is a vote to leave the EU and recover power over our national life.,In 1982 he decided not go to university but instead chose to work in the City as a commodities trader - which is where he met friend Steven Spencer.,2,No Relation,C,0,0,1,,
974,Hopefully we will see our first UKIP MP before the general elections next year.,"He praised Mr Miliband's conference speech as one of the best he had heard from a Labour leader, but he was still disappointed there had been no mention of Europe - and no opportunity to discuss the issue at conference.",2,No Relation,C,0,0,1,,
1758,"The problem with popularism but no substance, like UKIP represent, is that it just results in things getting worse and worse.","UKIP, which has called for withdrawal from the European Union and greater restrictions on immigration, has seen improved poll ratings this year.",0,Attack,C,1,0,0,,
3743,the office,that is what he said,1,Support,C,0,0,1,,
