orig_idx,arg1,arg2,support [true value],support_label,strategy,pred_attack,pred_support,pred_neither,pred_relevance,relevance human labeled
1968, can we get one thing straight, the simplest way to prove it is this,1,Support,B,0,1,,,
1228,yes jim we see objects on a daily basis that were not designed,im aware of that id christians give themselves a huge fudge factor by claiming that the fall of man somehow fouled up nonhuman nature,0,Attack,B,0,1,,,
2530,US intervention in Libya lacking congressional approval was illegal,The intervention was necessary in order to protect US interests in the region,0,Attack,B,1,0,,,
2344,when you are in your user profile and you select go to question it does not show the entire question tree,thank you for your feedback it will be fixed in the next update,1,Support,B,0,1,,,
1095,if biology leads to new design if it is viewed in that contextand it never has and never will,and it never has and never will,0,Attack,B,0,1,,,
93,A vote for UKIP is a vote to leave the EU and recover power over our national life.,"We do need a reformed relationship with Europe, and that's exactly what we're proposing.",1,Support,B,1,0,,,
81,"I and many others will be voting UKIP not because of a handful of people that have said stupid things, it will be because I identify and agree with their overarching principles.",UKIP leader Nigel Farage said he was pleased with the way pools were shaping up.,1,Support,B,0,1,,,
1783,i find it immensely amusing when christians require proof before theyll believe in something,i agree totally with what you said cerin,0,Attack,B,0,1,,,
1111,so we detect design by inferring that some parts appear to have been arranged for a purpose,in order to have purposefulness and intentionality you need selfawareness,1,Support,B,1,0,,,
2435,Bribery is sometimes acceptable,Bribery is sometimes the cost of doing business,1,Support,B,0,1,,,
499,A strong UKIP vote suggests there's a lot of the British public who aren't on board with the current set-up.,"Deputy Prime Minister Nick Clegg, whose Liberal Democrats oppose a referendum, said leaving altogether would make us less safe because we co-operate in the European Union to go after criminal gangs that cross borders.",0,Attack,B,1,0,,,
1980, well evolution is by far the most logical idea i have heard about where man came from, scientists can present a great deal more evidence for evolution various fossils in chronological order clearly showing an evolving skeletal structure than a christian can present for intelligent design none,1,Support,B,0,1,,,
2639,this film is easily one of the best movies ive ever seen yes it is pretty easy to guess the ending but it still wasnt ruined by that fact it is a work of art it is rewatchable,agreed masterfully made unique and insanely intelligent film a true masterpiece of cinema,1,Support,B,0,1,,,
2002, there are plenty of examples of species evolving in present times, actually most leading scientists nowadays support evolution and of course its going to have massive holes in it thats what makes it a theory,1,Support,B,0,1,,,
73,"In fact, all UKIP seems to talk about now is withdrawl from the EU without any genuine policy around UK's domestic economy.","UKIP has reached unprecedented heights in the opinion polls under Mr Farage, prospering in May's local elections.",0,Attack,B,1,0,,,
600,Young people have the most to lose by the UK leaving the EU yet UKIP have the nerve to believe that their view should prevail.,"The UKIP leader also stated that the priority for Britain should be to have more united communities and better job prospects for young people, rather than the economic benefits that some believe immigration can bring.",0,Attack,B,1,0,,,
1913, just judging from the question obviously the op hasnt got even a high school understanding of what evolution is, first this topic has been on the site at least  times even as recently as a week or so ago and you should run a search before relaunching the same tired junk,1,Support,B,0,1,,,
1023,the name intelligent design is itself a hoax,the response to my comment id contradicts itself is a series of peculiarly unclear assertions,0,Attack,B,0,1,,,
514,"UKIP don't lecture, they try to represent the people, which is why they are doing so well.","UKIP appears to have struck a chord with many voters on the issue of immigration, campaigning against the relaxation of working restrictions on Bulgarians and Romanians due to come into force in January.",1,Support,B,0,1,,,
1978, it cant  be wrong this is something natural, evolution is defined in wikipedia as a change in the inherited traits of a population from one generation to the next,1,Support,B,0,1,,,
988,yes god is by his nature  supernatural,first of all the bible is not a   science   book,1,Support,B,0,1,,,
1048, features that appear vestigial and functionless actually serve a function eg, features that appear vestigial and functionless actually serve a function eg,0,Attack,B,0,1,,,
2535,We should allow voting at 16 in European Parliament elections,Youth are not represented in politics,1,Support,B,0,1,,,
269,"I sense that Farage is a total megalomaniac, a charlatan, someone who is in it for the attention and the glory and that in a strange way, that many UKIP voters know this but don't seem to mind.","He also said it should be predominantly about people who have a chance of being PM, a category which he said did not include Mr Farage, who was only in it for some publicity.",1,Support,B,0,1,,,
1540,you say this and yet you use a computer,feel free to respond,1,Support,B,1,0,,,
2503,The International Criminal Court should be recognised,The ICC generates crippling expenses,0,Attack,B,1,0,,,
2624,the themes and the dark tragedy to life wrapped around a child is so realistic to how kids are raised now it is truly amazing and a feat to behold to see,i found del toros attempts to blend fantasy and reality to be quite ham fisted and lazy,0,Attack,B,1,0,,,
226,The people and media that are criticising UKIP are highlighting the genuine concerns about UKIP and their policies towards immigrants.,"Laura Pidcock, from campaign group Show Racism the Red Card, told Today that these crude stereotypes perpetuated by UKIP were incredibly damaging.",1,Support,B,0,1,,,
1202,   httpwww,the wmap data does not indicate we are at the center of the universe nor does the goldilock enigma really predict such,1,Support,B,1,0,,,
978,it allows some people to scientifically believe in   god   ,i dont really care  ,0,Attack,B,1,0,,,
730,"In UKIP, we have a new political force which looks likely to poll very well in a national election on thursday.","The UK Independence Party, which has long campaigned for the UK to pull out of the European Union, failed to make its hoped-for breakthrough in May's election.",0,Attack,B,1,0,,,
1609,the argument youre making would make sense if we could all just go up to god and ask hey is this true and god could give his answer directly to anyone who asked,this is so because it has been proven,1,Support,B,1,0,,,
1519,it is entirely misleading to imply that academic freedom is gives license to present nonscience like idthese academic freedom bills which typically work in conjunction with the science standards are written to strictly prohibit the teaching of religion creationism creation science creation facts and id,islandno as i said they are typically by law strictly prohibitive of id creationism which is a huge difference that you dont want to willingly acknowledge,1,Support,B,0,1,,,
909,teaching creationism is akin to childabuse,preventing creationism to be taught is not violating freedom of religion,1,Support,B,0,1,,,
1432,casey relies on the fallacy that undermining evolution somehow provides merit to id,luskin saysin the title of its first opening statement the ncse charges that id should be rejected because it is a religiously motivated attack on science,1,Support,B,1,0,,,
2348,absolutely everybody knows about foursquare but nobody remembers gowalla they offered identical features and also launched on the same day same conference,nice example,1,Support,B,0,1,,,
120,"On voting day, this week the vast majority of the British public will not vote for UKIP.","Historically people turned out in European elections to vote for UKIP and then in general elections went back to their normal parties but something has changed since then, he said.",0,Attack,B,1,0,,,
1864,evolution has more supporting details than the theory of intelligent design,ok,1,Support,B,0,1,,,
953,id can be scientifically relevant if it were to take the scientific approaches used by real science such as criminology which uses means motives opportunities etc,in a recent article casey luskin addresses the recent findings that changes in a regulatory gene can help explain the morphological differences between the chimpansee and humans,1,Support,B,0,1,,,
1494,i take it your also a closet fan of hugh ross am i right dnot really he tries hard but fails,while i did feel for some time that id had merit i also must admit that i believed for some time that it was religious due to those early pandas drafts,0,Attack,B,0,1,,,
1833,just like pluto orbiting the sun completely and gravity theyre theories but in the scientific way of using the word,aha exactly and we now know that pluto is a planetoid not a planet,0,Attack,B,0,1,,,
938,i am not sure why highlander accuses me of not being honest when i provide the information and my explanation,highlanderthe lack of evidence supporting materialist assumptions complexity is a chance arrangement means the opposite could be true,1,Support,B,0,1,,,
1467,jimremember the question we are addressing is does id have merit i have explained why i think it does,but its more than we dont understand thus designed,0,Attack,B,0,1,,,
1720,just curious but what does the types of rock have to with ex nihilo,the young earth creationist dogma demands that the obvious features of the earths geology can not exist,0,Attack,B,1,0,,,
1577,isnt one of those choices objectively true,yes it is,0,Attack,B,0,1,,,
387,It is because of UKIP that we are finally discussing the European question and about immigration and thank goodness for that.,"It is doing the country serious damage because there are large numbers of potential investors in the UK who would bring employment here, who are being warned off because of the uncertainty all of this is creating.",0,Attack,B,1,0,,,
856,"UKIP will lead the UK to independence from the oppressive EU, which is the only chance Britain has at restoring its former glory.","In contrast, the Liberal Democrat's Bill Newton Dunn quit the Tories in protest at its increasing hostility to Europe.",0,Attack,B,1,0,,,
1049, features that appear vestigial and functionless actually serve a function eg,so what using   intelligent design    is the purpose of the appendixid simply predicted that the appendix would have a function,0,Attack,B,0,1,,,
1448,in answering your questions i will try to keep on point,jim,0,Attack,B,0,1,,,
749,"I don't necessarily think Nigel Farage is worthy of PM, I think they need a new leader.",They seemed very thankful to have the colourful Nigel Farage back as party leader.,0,Attack,B,1,0,,,
1499,the term creation and creationists have very clear and religious meanings,you argue based on the ftes claims that the term creation and creationism had nothing to do with religion,0,Attack,B,1,0,,,
2304,no what makes economics tick is unfairness of trade you do not need to fix something that is still not broken,on the other hand prices in usa are much lower for example for electronic devices that could be a way to reduce prices in europe,0,Attack,B,1,0,,,
1986, you have to consider the alternative explanations for our existence and the evidence for and against each  oh by the way  year long consensus doesnt count as evidence      i dont think theres any need to go too deeply into the evidence for evolution by natural selection but as most people will know there is some although controversially scarce evidence in the fossil records for common ancestry as well as similarities of existing species physiological and genetic makeup, i think evolution is a far better explanation than the idea that the world is  years old and theres a guyinthesky,1,Support,B,0,1,,,
2220,fearmongering is what that is called,uh yeah that was their intent under color of law no less,1,Support,B,0,1,,,
270,UKIP are asking the questions that haven't been asked by the opposition or the media.,"Europe had in the last few years become a huge issue due to the euro crisis and the bailouts, and UKIP was the only party addressing this problem head on.",1,Support,B,0,1,,,
320,Intellectually I rate Farage much higher than Cameron; he has a very sharp and quick wit and is an excellent public speaker.,"UK Independence party leader Nigel Farage has said he is expecting a big swing to his party in the seat, with most polls carried out in the seat putting the party third, ahead of Labour.",1,Support,B,0,1,,,
92,UKIP are blatantly disregarding the possibility of man made climate change.,And he dismissed wind power and other renewables as playground technology.,1,Support,B,0,1,,,
4,"The core of UKIP seem pretty much right wing, so you can expect those polices to be similar to the current conservative ones which will drive the left leaning voters away in droves. ","But Mr Cameron dismissed UKIP's showing as a protest by voters and promised to stay true to his principles, which he claimed to be quite disparate from UKIP's.",0,Attack,B,1,0,,,
1012,i really have to give the antiiders credit you have a lot of faith,while in science you cannot prove or falsify the existence of god and id doesnt change that i agree that when it comes to blind faith dawkins and pz myers are guilty of the same thing,1,Support,B,0,1,,,
2104,i enjoy written debates very much and i am trying to show how evolution can establish atheism in the us government,and you have been failing miserably partly because your definition of atheism is asinine,0,Attack,B,1,0,,,
2659,the only good thing in this movie was dr schultz after that it was a yawn fest,you must have bad taste in movies,0,Attack,B,1,0,,,
1377,they simply want to show that there is good scientific evidence for considering the role of intelligence in the emergence of life,unfortunately for them they have failed,0,Attack,B,1,0,,,
304,I think a lot of UKIP supporters would be outraged if one of the consequences of leaving the EU was to price them out of buying virtually any of today's niceties.,Mr Farage said his party was making huge progress towards achieving that goal going in one year from 4.5% in the polls to a high of 16%.,0,Attack,B,1,0,,,
1019,your argument is compelling until we expand the question of how did we get here to encompass the divine,with belief,0,Attack,B,1,0,,,
1866,evolution has basically been proven there is no evidence for the biblical story common claims made by evolutionists,ok,0,Attack,B,0,1,,,
492,UKIP seems overwhelmingly to be staffed by racists who want to keep people not born in this country outside this country.,Conservative MEP Daniel Hannan said the Tories and UKIP should start having conversations and stop calling each other names.,0,Attack,B,1,0,,,
2111,i have not studied evolution according to your way of thinking,really what a surprise so tell me if you do not know what it is or how it works how do you know that you are opposed to it,0,Attack,B,1,0,,,
2156,databed seems to be proposing that the biblical creation account is metaphorical therefore if reality does not exactly match it it does not invalidate the whole of the bible,very well said thank you for clarifing very helpful,1,Support,B,0,1,,,
478,People are not voting for UKIP because of immigration propaganda but because of their direct experience of immigration.,"He said his party had fundamentally changed the national debate on Europe, immigration and education.",1,Support,B,0,1,,,
1975, as far as evolution god and the creation of man is concerned maybe evolution is an explanation of how and not why, as a general common sense rule you really shouldnt get into a debate against evolution unless you have some basic understanding of the process of evolution,1,Support,B,1,0,,,
1009,and i was just the reverse,i find much more animosity spouted by the atheist,0,Attack,B,1,0,,,
1250,whats really illogical is when the study of   science   excludes god because you dont want him to exist,you have such books written as the consipiracy of ignorance by martin gross,0,Attack,B,0,1,,,
1269,the informational signaturesonly conscious beings produce signatures,first id is being applied only to objects that have high levels of csi,1,Support,B,0,1,,,
7,"I would say it's the anti-ukip brigade who have no substance to their argument (or facts), they simply shout ""racist"" with nothing to substantiate this slur, or become crude and insulting.","Mr Cameron once described UKIP as a party of fruitcakes, loonies and closet racists.",0,Attack,B,0,1,,,
1198,the first point stressed in my college biology class was in fact that we as scientists cannot ascribe purpose to chemical and biological functions,jay richards says theres especially intriguing evidence of design in cosmology physics and astronomy,1,Support,B,1,0,,,
1205,science of course has tested the principle even though for a long time it stood as an assumption,this rather poorly phrased term suggests that there may be an enigma but lets look at the apparent correlation between habitability and our existence as observers,1,Support,B,0,1,,,
2149,the people that already own weapons do not seem to be doing much to combat crime,well what do you expect everytime gun owners try and do anything to combat crime you liberal sissies yell and scream about vigilantism and foam at the mouth as you talk about how were taking the law into our own hands and that well be administering death sentences without trials for matters as trivial as jaywalking,0,Attack,B,1,0,,,
2102,can you please respond to fdr and his new deal that saved the country,fdr saved this country if i recall it was in  that because of a combination of weakened capital situations from reconstruction finance corporation loans which published lists of the loan takers and a nationwide banking holiday banks around the country went through a new wave of demise dropping the dc and dr ratios so sharply that in one month alone the money stock m fell a whopping four percent,0,Attack,B,1,0,,,
102,"If UKIP don't like being smeared, then they need to stop smearing, stigmatising, and fear mongering about others.","If UKIP has good cause to think that it should be in the TV debates and it's excluded, we will provide an alternative form of entertainment on the evening.",0,Attack,B,1,0,,,
471,UKIP isn't committed exclusively to either right-wing or left-wing ideology and that’s a very good place to be.,Some Conservative backbenchers have suggested a deal with UKIP is necessary to avoid splitting the right-wing vote and allowing Labour leader Ed Miliband into Number 10.,0,Attack,B,1,0,,,
2208,is it religion,yes it is see below,1,Support,B,0,1,,,
59,"Any of the ""working class"" who believe UKIP will represent them have not read a UKIP manifesto!","But it caused tensions in the Tory ranks, with Mr Cameron accused of being out of touch with his grassroots.",0,Attack,B,1,0,,,
184,Only an idiot would think a UKIP win would result in withdrawal from the EU the day after.,"If you want to have a managed migration policy, you cannot remain a member of the European Union.",0,Attack,B,1,0,,,
2584,was anyone else disappointed by the ending of the movie it feels to me like there couldve been a few scenes about what happens next im no writer but i do feel this wasnt appealing at all,i felt it fit the whole narrative style,0,Attack,B,1,0,,,
993,how did life begin ,saying there are experts on intelligent design is like saying there are experts on astrology,0,Attack,B,1,0,,,
1533,the full drafts were all entered as evidential exhibits with the court and are on file there,heres some links to actual passages something nick failed to provide as requested,0,Attack,B,0,1,,,
2352,not london for sure,yes it is vienna,1,Support,B,0,1,,,
1489,you still have yet to provide any passages within pandas which state that god is directly implicated saying that the fte is religious therefore so is pandas,you still have yet to provide any passages within pandas which state that god is directly implicated saying that the fte is religious therefore so is pandas,0,Attack,B,0,1,,,
2231,i do not know if it will be found unconstitutional but there is an effort to simply get it repealed same effect in the end,well it is being challenged in the courts so the only way to overturn it would be to deem it no longer constitutional,1,Support,B,1,0,,,
429,A strong UKIP vote suggests there's a lot of the British public who aren't on board with the current set-up.,Former Europe Minister Denis MacShane said the EU was Britain's biggest trading partner.,0,Attack,B,1,0,,,
1252,it should readtruth is probably the best factor in determining intelligence and one cannot have it without gd,i think that is what is called a freudian slip,0,Attack,B,1,0,,,
1105,mjhowever people do not do such things as design eyes or flagelli,it is also possible to detect design by reading what other experts say about socalled experts,1,Support,B,1,0,,,
921,i surely intend to do so but these issues go beyond questions of policy,you said id has failed to contribute in any meaningful mannerwrong  newton pascal einstein and many others put stock in the id theory,0,Attack,B,1,0,,,
944,joewe look at the options,joe i do,0,Attack,B,0,1,,,
1790,i could argue the many reasons i dont believe in creationism but i would never be able to end my list,science involves observations theory design testing and predictable outcomes,0,Attack,B,0,1,,,
1803,yes everyone evolves as everyone endures mutations,it doesnt need to be proven as there is no underlying math in physics there is,1,Support,B,1,0,,,
148,UKIP are in no way a single issue party and if Labour or the Conservatives were to give us a referendum UKIP would still have a full manifesto that would attract many voters.,"UK Independence Party leader Nigel Farage has launched his party's local election manifesto, saying it is far more than just a call for a referndum.",1,Support,B,0,1,,,
41,Ukip are doing well for the very simple reason folk have at last realized that they are being lied to by LibLabCon and now have somewhere else to go.,"An opposition party in the middle of a parliamentary term amid a deeply difficult economy should expect victories and plenty of them, but this is often meaningless.",0,Attack,B,1,0,,,
959,science is about how things work,good point but as an evolutionary biologist i find that not entirely true,0,Attack,B,1,0,,,
635,"I think Farage makes a much better leader than any of the other parties, he's full of enthusiasm and is not a PR man like the current leaders of the 3 main parties.",The party's leader Nigel Farage has promised to cause a political earthquake at next year's polls after a strong showing in local elections.,1,Support,B,0,1,,,
481,UKIP will not improve public services.,"Mr Farage is expected to focus, in his speech at lunchtime in Exeter, on what he sees as the impact of immigration in working-class communities, putting pressure on public services and squeezing wages.",0,Attack,B,1,0,,,
604,"ukip's policies on health, education, taxation and all the things that affect peoples lives are non-existent.","He said his party had fundamentally changed the national debate on Europe, immigration and education.",0,Attack,B,1,0,,,
1856,id does undermine evolution because supporters of id wish to put a sticker in every textbook that says something along the lines of evolution is just a theory,once again generalizing on an unfair term,1,Support,B,1,0,,,
2442,We should fear the power of government over the internet,Internet regulation is an attempt by big interest groups to regulate the internet in their favour,1,Support,B,0,1,,,
2478,We should create a United Nations standing army,A United Nations standing army is unnecessary,0,Attack,B,1,0,,,
1017,first of all science does not make a claim that every feature of the universe can be explained without god,youre right science is not atheism but not thats what most people make it out to be,0,Attack,B,0,1,,,
2519,We should negotiate with terrorists,Negotiation encourages moderation,1,Support,B,0,1,,,
1520,islandno as i said they are typically by law strictly prohibitive of id creationism which is a huge difference that you dont want to willingly acknowledge,the national center for science education has a good reason to be concerned about intelligent design,1,Support,B,1,0,,,
2137,catholics have a different belief the goal is to always save both mother and child if the fetus dies during the attempt to save both then that is what happens for instance with an ectopic pregnancy the goal is not to kill he fetus the goal is to save both mother and fetus,you told me in an earlier post that the mother should die even if they predict the fetus will kill the mother your bible states otherwise,0,Attack,B,1,0,,,
401,The Tories should be running scared of UKIP.,"The justice secretary was asked about the threat to Tories from the eurosceptic party, and a BBC/Comres survey showing it was attracting disaffected Tories.",1,Support,B,0,1,,,
170,"Even a UKIP European candidate, Janice Atkinson, another ex-Tory, admits leaving the EU would be problematic.",I think we should really consider bringing forward the legislation in this parliament that would enable the referendum on EU membership.,0,Attack,B,1,0,,,
1878,evolution has never been witnessed,the aftermath of evolution has been witnessed but never the actual process itself,0,Attack,B,0,1,,,
379,Big business will not support UKIP given the devastation that withdrawal from the EU would cause.,"Ms Dorries said many executives had huge empathy with UKIP, whose poll ratings have risen recently.",0,Attack,B,1,0,,,
1468,but its more than we dont understand thus designed,but its more than we dont understand thus designed,0,Attack,B,0,1,,,
1124,id is ridiculously and obviously not   science   ,so are we asking if a telic force exists or are we trying to psychoanalyze the intentions behind itwhy are these two questions always independent  i would think that any theory of id that made no attempt to identify and analyze the designer was an incomplete theory,0,Attack,B,0,1,,,
1603,if the bible is the inspired word of the infinite creator god then it must be selfauthenticating and selfattestingand it is,i dont care how many times you say it,1,Support,B,1,0,,,
1607,read romans chapter ,you cant use the bible to prove the bible thus that is an invalid argument,0,Attack,B,1,0,,,
1221,also christians concerned about science,to correct pvms confusionforensic detectives have to figure out the means,0,Attack,B,0,1,,,
2340,lots and lots of things to see i loved the kitchens at the royal palace the egyptian museum and the museum of cinema such a variety of things to see,sounds lovely,1,Support,B,0,1,,,
180,If there are enough Ukip votes it should frighten all the parties sufficiently to make them realise they can't just ignore the electorate.,UK Independence Party leader Nigel Farage has urged MPs to vote in favour of further debate on Europe.,1,Support,B,0,1,,,
2583,was anyone else disappointed by the ending of the movie it feels to me like there couldve been a few scenes about what happens next im no writer but i do feel this wasnt appealing at all,you unfortunately did not understand the ending its a very hopeful ending clive owen succesfully sacrficed himself for humanity by bringing her to sea the boat comes thats a very happy ending,0,Attack,B,1,0,,,
251,I'm no fan of UKIP but well done to them for initiating a much needed shake up of British politics.,"Mr Wheeler previously made a donation to UKIP - which wants the UK to leave the European Union - in the run-up to the 2009 European elections, saying that they are driving needed change.",1,Support,B,0,1,,,
610,"UKIP are indeed far from perfect, but they have grown as a party because the Establishment Parties have deceived the public for so long on informing and educating on WHAT IS THE EU SUPERSTATE project.","In a separate interview with BBC Radio 5 live, he warned of the possible consequences of an in-out referendum on the UK's relationship with the EU.",0,Attack,B,1,0,,,
1821,yes you are right it is impossible to call it a certainity but for this reasonall evidence for evolution is proven,to say that evolution has been scientifically proved would require that it be first studied then determined scientifically,0,Attack,B,1,0,,,
506,"Europe is no longer fit for purpose and we'd do better to be out than in, plus save a whole load of cash.","That said, Lord Davies told peers the bill was an excellent idea, because he was quite confident that any such inquiry would decide that the benefits of EU membership outweigh the costs.",0,Attack,B,1,0,,,
2260,i think that there should be something that judges the percentage of people that are satisfied with your answer ,how would this be different to the rating of a particular replyanswer that it currently has,0,Attack,B,1,0,,,
1483,fundamental pointsthere are wellcredentialed scientists who support intelligent design idso what  there are many many more wellcredentialed scientists who say intelligent design is nonsense,i happened to drop by the discoverys institutes website which claims to be interested in improving the accuracy in reporting and read an interesting blurb titled ncse promotes shrill editorial suggesting students be forced to consider the possibility that there is no god,1,Support,B,0,1,,,
1950, if we werent continually evolving most of us  wouldnt be offended by the way the rest are degenerating, no no no  we are evolving constantly we have evolve so much that now we have the power to create,1,Support,B,0,1,,,
1806,maths is the only branch of science that offers  proof of its arguments,for macroevolution theory to be valid laws of nature that are generally accepted as true and standard must be repeatedly denied,0,Attack,B,0,1,,,
1343,tji dont believe the  similarity in the aclus submission and the judges analysis was a lucky or freak coincidence im illinformed because i think he copied it rightyou seem to be ill informed about both the extent as well as the relevance of this so called copying,this is one of the things wesley cites to bolster his case  httpvangogh,0,Attack,B,0,1,,,
2171,sounds like you are talking about a human being,yes as i have been debating about for the last four pages,1,Support,B,0,1,,,
535,The Ukip is only an effect of years and years of fake politics and a lot of radical chic talking nonsense through editorials.,"UKIP, which has called for withdrawal from the European Union and greater restrictions on immigration, has seen improved poll ratings this year.",1,Support,B,0,1,,,
1348,i will address the post by americans united for separation of church and state here and then address the question of constitutionality in another post,in my previous post i discussed by the auscss arguments were flawedboth factually and logically,1,Support,B,0,1,,,
1811,evolution really is true but as we all know the main reason of how we evolve is because of god our lord,that is where you are wrong,1,Support,B,1,0,,,
591,"If UKIP want to retain these voters and attract more in a general election then they need to come up with policies other than ""leave the EU"" and ""its all the immigrants fault"".","UKIP are certainly trying to professionalise, to move away from its more amateurish origins.",0,Attack,B,0,1,,,
119,"I would say it's the anti-ukip brigade who have no substance to their argument (or facts), they simply shout ""racist"" with nothing to substantiate this slur, or become crude and insulting.",We need to show respect for people who have taken the choice to support UKIP.,1,Support,B,0,1,,,
1746,i wouldnt just go as far to say that those in the bible lied about the miracles jesus performed,the bible is in fact useless,1,Support,B,1,0,,,
2580,everything about this was perfect i cried so hard when i watched it,i thought it was ludicrous  the premise of it i mean the actors were very good i just didnt buy for a moment that the uk which is probably the most gay friendly and atheistic nation on earth could be transformed into a rightwing fascist state that kills homosexuals its just absurd,0,Attack,B,1,0,,,
1711,abraham isaac and jacob belonged to different tribes and were not related but the stories grew together into a collection and the persons were tied together as members of the same family,i am a strong believer in the authority and inspiration of the word of god,0,Attack,B,1,0,,,
868,"The sooner we are out of the EU, the sooner we can start making this country great again.",UKIP leader Nigel Farage said the UK had no real control over either the number or the type of migrants that were settling from elsewhere in the EU.,1,Support,B,0,1,,,
1676,all aig is showing is that the author of one part of the bible took the author of another part of the bible literally not that either one knew what they were talking about,of all of aigs silliness i think this one is the winner,1,Support,B,0,1,,,
331,"If UKIP do hold the balance of power and get into government, their only condition will be an in/out EU referendum.","UKIP's call for an amicable divorce from the EU which had become mainstream, he said, and he urged Tory MPs frustrated with their policy to join his party.",1,Support,B,0,1,,,
1085,this post by casey luskin graphically illustrates why intelligent design is not science,ian asksif a prominent id advocate cant even get the description of one basic paper right how are they going to handle more complicated papers on the evolution of the immune systemin other words its not just the ignorance of science but the ignorance of the id proponent which seems to trigger design inferences,1,Support,B,0,1,,,
858,UKIP are asking the questions that haven't been asked by the opposition or the media.,"It is a simple, understandable message, which has led to the party gaining bigger shares of the votes in European elections.",1,Support,B,0,1,,,
1639,your stating what you believe not what can be demonstrated scientifically,there is much scientific evidence to proof it its just that you wouldnt believe it anyway,0,Attack,B,1,0,,,
2466,We should promote democratisation,Democracy is good for economy as the ability to trade freely and openly with all countries promotes growth and wealth worldwide,1,Support,B,0,1,,,
958,the purpose of the spiritual realm has never been to say how but why,science is about how things work,1,Support,B,0,1,,,
1509,oneinbillion observes that luskins claim id makes reliable inferences,stop eating at creationists heads and settle down a tad,0,Attack,B,1,0,,,
2252,what about a second hand book sale,nobody buys books anymore,0,Attack,B,1,0,,,
1721,the young earth creationist dogma demands that the obvious features of the earths geology can not exist,the young earth creationist dogma demands that the obvious features of the earths geology can not exist,0,Attack,B,0,1,,,
2011, creationism is mythology and intelligent design is a politically based movement to secure the support of a certain segment of the population, i dont attempt to defend either intelligent design or creationism,1,Support,B,0,1,,,
1169,riiiight,intelligent design works off positive predictions about where experience tells us that   intelligent design   is the cause at work,0,Attack,B,1,0,,,
1284,while it is true that   science   and   religion   have little to do with one another that has never stopped teachers from pointing out that science refutes religion,how are science teachers pointing out that science refutes   religion    it is true that science does refute certain religious teachings but that is incidental to the science itself,0,Attack,B,1,0,,,
2365,the nexus  has everything fast processor big screen and the latest version of android,and it is cheaper than most other smartphones as well,1,Support,B,0,1,,,
1312,but where does that leave id  without a theory for the designer then that aspect remains unknown and would thus be called supernatural,id without a designer the cause of the big bang is unknown,0,Attack,B,1,0,,,
1731,are we really arrogant enough to think that a day to us equals a day to god the thing is the bible never says how long a day is,in genesis we have no reason to believe that one day meant any more than one day today,0,Attack,B,1,0,,,
1005,id has no merit except as a religious idea,what i desire to beleive is totally irrelevant,1,Support,B,1,0,,,
1134,prototypic should read phenotypic,as much as behes somewhat misleadingyet when lenski tracked down the mutations they tended to be degradative changes ones which destroyed genes or made them less efficient,1,Support,B,0,1,,,
2017, no it is not falling apart, this sounds like religious faith speaking,1,Support,B,1,0,,,
1590,while i have my own reasons for believing he did that my personal opinions regarding   religion   are a bit outside of the mainstream so im not going to discuss them,very interesting summary,1,Support,B,0,1,,,
324,"If you think that the Tories are nasty, heaven help us if UKIP get in because they would be nastier, more cruel, and more bigoted.","He said he did not believe the Tories had to start sounding like UKIP, who he dismissed as isolationists, in order to win the next election, saying the only way to win was to get on with the serious business of governing the country.",1,Support,B,0,1,,,
530,UKIP will not improve public services.,"We saw mass, uncontrolled immigration changing communities in a way people didn't feel comfortable with, putting huge pressure on public services.",0,Attack,B,1,0,,,
650,"UKIP do not bear scrutiny either as a coherent policy offer or a group of potential ministers , they are an insurgent party of protest with one message.",There are signs UKIP is starting to pick up the sort of protest votes that traditionally go to the Liberal Democrats - as well as benefiting from a slump in support for the British National Party.,1,Support,B,0,1,,,
1658,science is based on what can be observed  tested,intelligent design might be a seasoned exercise in rationalization but the claim that it is a science cannot be supported,0,Attack,B,0,1,,,
1588,im going to ask both creationists and evolutionists to look at the following with a completely open mind for just one minute,why would god explain this only to a semiliterate group of ancient nomads with no understanding of the cosmos or the world outside of their little   society   why not give an updated version to modern jewish or christian or islamic scholars surely all three groups today include people who understand  geology astronomy and biology on a rather more comprehensive level than the ironage authors of genesisin fact being allpowerful why be limited to the understanding of the writers at least if you can create the world surely you can inspire sentences like and the quickness of light shall be found to be always the same relative to the one who looketh and behold the quickness of the light when multiplied by itself and the true weight of matter equals the amount of force that went into its making,1,Support,B,1,0,,,
768,If anyone seriously thinks that UKIP will offer some kind of answer to our current problems then I think that they are going to be sadly disappointed.,"UKIP appears to have struck a chord with many voters on the issue of immigration, campaigning against the relaxation of working restrictions on Bulgarians and Romanians due to come into force in January.",0,Attack,B,1,0,,,
1394,joe gi never said anything about einsteins religious convictions,but they do,0,Attack,B,1,0,,,
1396,  it sounds like there was an overarching policy limiting students speech on campus for this one, i have been a christian most of my life and the ten years i lived outside the community was hell on earth,0,Attack,B,0,1,,,
2511,I believe that opinion polls harm the democratic process,Opinion Polls should not be published 2 weeks in advance of an election,1,Support,B,0,1,,,
632,UKIP is a vessel through which a protest is being delivered. ,He argued that his party was on a journey from a party of protest to a party of government.,0,Attack,B,1,0,,,
722,"Arguably, UKIP & co. aspire to destroy the culture created in Europe after WWII, which has been based on openness, free travel, migration and cross-geographic access to goods and labour markets.","I was delighted to cast my vote for [UKIP leader] Nigel Farage's team in Sussex, where I live, said Lynam.",0,Attack,B,1,0,,,
484,"UKIP's position is not reasonable, but racists and proto-fascist, considering they have nothing to say about the finance capital bombing of the economy, but to put all the blame for Europe's woes onto immigration.",UKIP say their message is cutting through regularly.,0,Attack,B,1,0,,,
620,"The sooner we are out of the EU, the sooner we can start making this country great again.",The Lib Dem leader also argued that being in the EU meant that we keep ourselves safer because we can go after cross-border crime and terrorism and that we can look after the environment in a way which we can't on our own.,0,Attack,B,1,0,,,
1431,caseylate last night i posted my final rebuttals to the ncse on opposingviews,casey relies on the fallacy that undermining evolution somehow provides merit to id,1,Support,B,1,0,,,
444,"UKIP do not bear scrutiny either as a coherent policy offer or a group of potential ministers , they are an insurgent party of protest with one message.","Ahead of May's local elections, Conservative cabinet minister Ken Clarke dismissed UKIP as a protest party and a collection of clowns.",1,Support,B,0,1,,,
2178,concepts do not come from somewhere they are not physical entities and do not have physical properties such as locations beginnings or ends they do not require a creator physical the universe or imaginary god,this is my thinking exactly,1,Support,B,0,1,,,
2404,I prefer trade to aid,Financial contributions from the West have proved detrimental for Africa,1,Support,B,0,1,,,
625,"UKIP is not an isolated phenomenon: France has Le Pen, Germany has AfD, and all of these have in common that they are nationalist, anti-European, and more right than mainstream conservative parties.",He said UKIP was clearly taking a very right wing position which pandered to an obvious anti-Europeanism.,1,Support,B,0,1,,,
1915, look there is no proof that god or any thing in the bible existed where as there is proof to suggest that we are related to monkeys as we have the same arm structure and the same bioorganisms, its impossible to argue with you people,1,Support,B,1,0,,,
1116,behe claims that that is not the sort of process one needs to build complex molecular systems,behe claims that that is not the sort of process one needs to build complex molecular systems,0,Attack,B,0,1,,,
388,For what its worth I think UKIP is a one trick pony and is unelectable in a general election.,"When a political party goes from being very small to being medium-sized or big, it's rather like growing up, Farage said, but we have expanded our policies far beyond the EU.",0,Attack,B,1,0,,,
198,A vote for UKIP would be a vote for a Tory-UKIP alliance that would be more right-wing than a Tory government.,"Mr Farage turned his fire on the Conservatives, accusing Mr Cameron of making pre-election promises on Europe and other issues, making a post-election deal seem unlikely.",0,Attack,B,1,0,,,
943,joe argues that the design inference is disallowed and we agree to the extent that it fails to be scientifically relevant a posteriori but of course it is never disallowed a priori,joewe look at the options,0,Attack,B,0,1,,,
2107,that is really simplified it is not like a woman body is a suitcase and the fetus is biologically selfreliant,picture an astronaut connected to a spaceshuttle without that cord he wouldnt be able to live so is he really able to live on his own or is he depending on something else to live i really do not see your point,0,Attack,B,0,1,,,
961,while that is an interesting question it is hardly a scientific one,the the myths and stories of the bible were never meant to be taken as history in our sense of the word and certainly not   science  ,1,Support,B,0,1,,,
1449,jim,jim,1,Support,B,0,1,,,
139,The only reason we are even having a sensible debate about Europe are UKIP.,The UKIP MEP reckoned a number of Conservatives who want a referendum on the EU in the current Parliament need to grow a backbone and do something about it.,1,Support,B,0,1,,,
67,Hopefully we will see our first UKIP MP before the general elections next year.,It will be a very comfortable win for Labour who can secure over 50% of the vote.,0,Attack,B,1,0,,,
1742,this is not a proof of   evolution   from chimps,yes i understand we didnt evolve from chimps from the position of   evolution   theory  and im sorry for saying it that way considering i truly dont want to encourage the misinformation and typical uninformed view,0,Attack,B,0,1,,,
1997, nothing in biology makes sense except in light of evolution, i definitely agree with evolution,1,Support,B,0,1,,,
889,it is not appropriate to teach creationism as a means for upholding the bible, allowing creationism in schools would violate the separation of church and state a separation of church and state necessitates that public schools not be a forum for upholding the validity or truth of certain faiths,1,Support,B,0,1,,,
1486,after reading the points between the ncse and the discovery institute on that claim i am still skeptical of this as well,the smoking guns are well established,0,Attack,B,1,0,,,
1648,many people claim that certain writings are the word of god,after the entire cain and able thing the brother left to another group of people to find a wife,1,Support,B,1,0,,,
1507,luskins opinesas i discussed in my rebuttals to the first two opening statements of the national center for science education ncse some of their common debate tactics includeof course,in the past the flagellum was supposedly an example of an irreducibly complex biological structure that could not evolve,1,Support,B,1,0,,,
245,"I and many others will be voting UKIP not because of a handful of people that have said stupid things, it will be because I identify and agree with their overarching principles.",There have been repeated attempts through the early years of the party to smear UKIP but nobody in the British press believes it any more.,1,Support,B,0,1,,,
584,"The problem with popularism but no substance, like UKIP represent, is that it just results in things getting worse and worse.","The responsibility of politicians in this situation when people are getting anxious is to try to reassure them and give the facts, not panic and resort to populist measures that do harm.",1,Support,B,0,1,,,
1855,id doesnt undermine evolution,id does undermine evolution because supporters of id wish to put a sticker in every textbook that says something along the lines of evolution is just a theory,1,Support,B,1,0,,,
2197,surely the theory of evolution cannot predict whether a species is extinct or not,you are correct that fossil species have gone extinct is an observation,1,Support,B,0,1,,,
2128,if you are this closeminded impervious to logic and show this much delight in ignorance at your tender age can you imagine how much more insufferable you will be when you grow up,you throw personal insults more than i do so when will you grow up,0,Attack,B,1,0,,,
1158,icdesign is suddenly not interested in hearing about science anymore, what features of the complexity of the cell points to intelligent design how does the complexity of the cell point to intelligent design these are the kinds of questions you should be answering with this argument,1,Support,B,1,0,,,
2568,this was just an amateurish hodgepodge of the departed the town and we own the night and sopranos,while i can see your point of view i enjoyed the pace of the film the tension especially when pope was onscreen had me holding my breath,0,Attack,B,1,0,,,
1873,answers answers answersthanks,then why is the top of mt everest covered in fossilized clamsbecause nearly all mountains used to be ancient sea floor genius,1,Support,B,0,1,,,
141,"As far as immigration is concerned all Ukip want is a level playing field for non EU migrants and to control the numbers so, if anything, Ukip are too soft on immigration.",Eurosceptic UKIP's success in the local elections has renewed pressure on David Cameron to hold an in-out referendum.,1,Support,B,0,1,,,
1526,you cant offer anymore than theory for one or the other,you cant offer anymore than theory for one or the other,0,Attack,B,0,1,,,
1750,i didnt respond to a word of your post because you didnt give me a word to respond to that wasnt an attack itself,youve got it right,0,Attack,B,0,1,,,
1550,i recall somewhere in genesis when   god   banished and marked cain some sort of reference to other people being alive other than just the first family ie adamevecain and abel and that the only reason that he would have marked abel was to protect him but protect him from whom if they are indeed the only other people so that logically leads to the assumption that there were other people living along side the first family,they too present some very compelling evidence to their side of this one,1,Support,B,0,1,,,
2223,you are saying it is impossible to take marriage out of the government i have all people currently married a civil union and let people from now on get a civil union from the government and marriage from the church it really would not be that hard,i think we all could live with this,1,Support,B,0,1,,,
2407,I prefer trade to aid,Systemic aid is detrimental to African society,1,Support,B,0,1,,,
288,"Arguably, UKIP & co. aspire to destroy the culture created in Europe after WWII, which has been based on openness, free travel, migration and cross-geographic access to goods and labour markets.","UKIP has a simple, understandable message, which has led to the party gaining bigger shares of the votes in European elections.",0,Attack,B,1,0,,,
122,"In UKIP, we have a new political force which looks likely to poll very well in a national election.",UKIP's Nigel Farage said the surge in support for his party was not a freak result but a continuation of a trend which had seen it rise in the national polls.,1,Support,B,0,1,,,
1826,us evolving from chimpanzees yes it is chimps that we share the most dna with not apes and not monkeys is merely an idea just because their dna is so similar to ours,correct the only way that either side could be proven is wether or not we can prove or disprove god,0,Attack,B,0,1,,,
558,UKIP are a joke outfit full of small-minded Neanderthals who think the 1950s are the future.,UKIP has evolved over the two decades since it was created from an anti-EU pressure group into a fully fledged party which has now proved that it can succeed beyond European elections.,0,Attack,B,1,0,,,
788,The hate campaign against Eastern Europeans that was and is run by UKIP legitimises anything said against them.,"The Conservatives, the Lib Dems and Labour have all been reconsidering their policies in light of this change and widespread criticism of the last government's failure to anticipate the large number of migrants from eastern Europe who came to the UK after EU enlargement in 2004.",0,Attack,B,1,0,,,
2607,after sitting through this movie i could not fathom why it is rated so high after the clone plot is revealed the movie lacks the grip and mystery altogether,i thought the rating was too high also i nearly fell asleep halfway through,1,Support,B,0,1,,,
3,The success Ukip had in the european elections will be sufficient to galvanise one or preferably all the other parties to rid us of the EU's political influence.,UKIP's presence this time around isn't lost on any of its rivals.,1,Support,B,0,1,,,
1654,the only assuption we make in science is that the nature of the universe is consistant and rational,the absence of a creator is not an assumption of the sciences,1,Support,B,0,1,,,
2207,im prochoice but to say that having an abortion should not or will not effect either parent is callous you will most likely at minimum wonder regretfully what could have been choice in abortion is not a small choice like whether to wear a blue or black suit and should not be,could not agree more,1,Support,B,0,1,,,
1139,science was able to intelligently design flagellar function,science did not design the functionality scientists observed the functionality and developed theories on how it function  how that function came about,0,Attack,B,1,0,,,
2473,We should create a United Nations standing army,A United Nations standing army would be more effective in operations themselves,1,Support,B,0,1,,,
2257,maybe it is a bit too industrialised,but there are very nice beaches nearby,0,Attack,B,1,0,,,
2103,how despite centuries of artificial breeding and decades of experiments no one has ever observed one species turn into another speciation,out and out lie there is really no other way to put this,0,Attack,B,1,0,,,
745,"I don't think most people realise the benefits of free trade at all, and UKIP capitalise on peoples ignorance of the benefits of free trade as much as they can.","UKIP says there should still be a free trade agreement with other European countries, without the existing political links.",0,Attack,B,1,0,,,
1993, and what proof do you have for intelligent design      microevolution is indisputable, evolution is correct,1,Support,B,0,1,,,
795,"On voting day, this week the vast majority of the British public will not vote for UKIP.",UKIP has won 42 seats so far and is averaging 26 per cent of the vote in the wards where it is standing.,0,Attack,B,1,0,,,
1645,it has been translated for about six thousand years,you are an intellectual and people like you have the hardest time believing anything let alone trying to intellectualize the bible or god or anything like it,0,Attack,B,1,0,,,
1316,if id is bait and switch then so is   evolution   considering that its proponents tend to sell it off starting with the least extreme definition and just move on up from there  httpintelligentdesign,in science testing a hypothesis or theory means deriving predictions from them,1,Support,B,1,0,,,
929,hghlanderthis is false and misleading,okay lets start with how id tries to infer design namely by using the design inference,1,Support,B,0,1,,,
908,if creationism should be taught it should not be taught in science classes,teaching creationism is akin to childabuse,1,Support,B,0,1,,,
701,"The sooner we are out of the EU, the sooner we can start making this country great again.",Lord Pearson said he hoped the results would increase pressure for a referendum on EU membership.,1,Support,B,0,1,,,
1907, you see a building and you have proof there is a builder, creationism is not out of the picture,1,Support,B,0,1,,,
752,People are not voting for UKIP because of immigration propaganda but because of their direct experience of immigration.,Sir Menzies Campbell suggested the government was worried about a political backlash amid public concerns about immigration levels in general.,1,Support,B,0,1,,,
2154,murder is always illegal,we agree on something,1,Support,B,0,1,,,
738,It is more likely that Tory voters would vote tactically for UKIP to keep Labour out and that means Labour are at a real disadvantage. ,"UKIP defied the odds again at last year's European elections, beating Labour into third place, much to the dismay of those, on the left and right, who had written the party off as a busted flush.",1,Support,B,0,1,,,
156,The current smear strategy against UKIP is not pulling people back but pushing them towards UKIP and if this carries on then things are going to be a lot tighter by the time the general election comes.,Any eccentric comment made by any UKIP [member] immediately becomes a huge national scandal.,1,Support,B,0,1,,,
1816,charles darwin wrote about the theory of biological evolution not antievolution just because the word anti is in front of something it does not make it correct mate,actually im not sure its been proven,0,Attack,B,1,0,,,
1164,and minimize the ad hominems and iders will listen,i believe arguments from the opposing camps that say it looks like it was designed so it must have been designed and natural selection could have produced it so we believe natural selection did produce it are not going to lead to resolution of this issue,1,Support,B,0,1,,,
651,"It feels like UKIP is anti most things and base their politics on this: Anti-aid, Anti-immigrant – at times even anti-politics; it is therefore difficult to understand what they actually stand for and want to work towards.",The announcement comes two weeks after a roll out of Home Office vans with posters warning illegal immigrants to go home or face arrest was cancelled.,1,Support,B,0,1,,,
1199,jay richards says theres especially intriguing evidence of design in cosmology physics and astronomy,islandthe wmap anamoly indicates that we are at the center of the universe   httpcerncourier,1,Support,B,0,1,,,
895,openmindedness toward creationism is important,attempts to conceal the creationismevolution controversy from students are dogmatic promotions of evolution,1,Support,B,0,1,,,
928,pvm wrote however this is false and misleading,hghlanderthis is false and misleading,0,Attack,B,0,1,,,
2540,We should allow voting at 16 in European Parliament elections,EU elections would put young people off voting,0,Attack,B,1,0,,,
2,"The greens and ukip provide encouragement for labour and conservatives alike to address some issues people care about, albeit only lip service to retain votes mainly.","Mr Miliband has not ruled out a referendum, which may be counter as a UKIP success.",1,Support,B,0,1,,,
705,"No doubt ordinary people are fed up with the behaviour of the Westminster bubble, but the other reason why UKIP is doing well is that they're articulating the concerns of working people, which Tories never do and Labour hasn't done since if fell under the spell of Tony Blair.","UKIP defied the odds again at last year's European elections, beating Labour into third place, much to the dismay of those, on the left and right, who had written the party off as a busted flush.",1,Support,B,0,1,,,
1926, i do not believe that we evolved from monkeys or any other animal i believe that god created us in his own image, it is very wrong we didnt evolve from apes,1,Support,B,0,1,,,
232,Intellectually I rate Farage much higher than Cameron; he has a very sharp and quick wit and is an excellent public speaker.,"General elections, however, with their first-past-the-post voting systems, have been a very different story and Farage has failed to make the breakthrough he has been hoping for.",0,Attack,B,1,0,,,
1385,as you have been told already what phil says is irrelevant to id,i guess this means that what id proponents say about id is irrelevant even though said proponents are the ones who started idfascinating indeed,0,Attack,B,1,0,,,
2098,you want to talk pain i wish the proinfanticide zealots could experience being dismembered and having their skulls collapsed and their brains sucked out so theyll know what an innocent baby feels when its being aborted,you mean like how you suck any rationale thought or discourse from a debate topic,0,Attack,B,1,0,,,
2441,We should fear the power of government over the internet,Internet regulation is a euphemism for censorship,1,Support,B,0,1,,,
1651,the bible is true because the bible says so is incredibly juvenile logic,everything i say is correct regardless of logic or evidence that attempts to prove me wrong,1,Support,B,0,1,,,
647,UKIP seems overwhelmingly to be staffed by racists who want to keep people not born in this country outside this country.,"Meanwhile, the Bulgarian President Rosen Plevneliev has warned that Britain's immigration policy could harm its image as a great global power that pioneered integration.",1,Support,B,0,1,,,
2317,barcelona fc is usually the favourite for winning although this year they had their ups and downs,barcelona knows its game they are definitely gonna raise it again this year the team is just invincible i would bet my money on them,1,Support,B,0,1,,,
1271,according to its advocates the designer responsible for intelligent design in biology could be any sort of creative intelligence capable of engineering the basic elements of life,complexity is the more the norm than the exception,0,Attack,B,1,0,,,
36,"I don't necessarily think Nigel Farage is worthy of PM, I think they need a new leader.","Mr Campbell-Bannerman, who wrote the party's 2010 election manifesto, came third behind Mr Farage, who is widely supported, in 2006.",0,Attack,B,1,0,,,
513,Labour won't have anything to do with UKIP as they are more right-wing than the Tories. ,UKIP leader Nigel Farage said any members proven to have extreme right wing views would be expelled.,0,Attack,B,1,0,,,
160,"UKIP appeal to the 'working class' and many of the those who have not bothered voting for a long time, come the general election it won't just be the Tories who feel the hit.","Before her appearance on I'm a Celebrity, Ms Dorries annoyed senior figures in her party when she said UKIP was run by arrogant posh boys.",0,Attack,B,1,0,,,
302,Hopefully we will see our first UKIP MP before the general elections next year.,UKIP has won 42 seats so far and is averaging 26 per cent of the vote in the wards where it is standing.,1,Support,B,0,1,,,
1542,to start with with i think the wikipedia page  httpen, and the lord god formed man of the dust of the ground and breathed into his nostrils the breath of life and man became a living soul,1,Support,B,1,0,,,
687,UKIP language tends to portray the real experiences of UKIP people not the politically correct fantasy construct that too many people on here seem comfortable with.,"UKIP appears to have struck a chord with many voters on the issue of immigration, campaigning against the relaxation of working restrictions on Bulgarians and Romanians due to come into force in January.",1,Support,B,0,1,,,
2039, who enters into a scientific debate about evolution asking only for opinions are you serious forget opinions, wrong  evolution is probably the most supported theory in biology  its withstood considerable scrutiny for the past  years and is as strong as ever,1,Support,B,0,1,,,
542,"Europe is no longer fit for purpose and we'd do better to be out than in, plus save a whole load of cash.","Over three million jobs in this country, directly or indirectly, depend on us being in the EU, so that is a big choice.",0,Attack,B,1,0,,,
1441,its not about believing in id many people have come to accept by faith the existence of a god but rather that scientists do not believe that id has much of anything to offer scientifically speaking,creationism has more solid evidence than   evolution   does,0,Attack,B,1,0,,,
236,If UKIP is really the best our country can do for an alternative then we are all doomed.,"UKIP better represents the views of Conservative voters than David Cameron's Conservative Party, he said, on a wide range of issues.",0,Attack,B,1,0,,,
2632,this film is the poster child for hollywood greed at work its a depressing plot devoid of compassionate characters i mean they kill a child in this movie who finds that entertaining,you are right this movie sucks i dont understand why is it liked so much someone here says its supposed to be thought provoking and not entertaining,1,Support,B,0,1,,,
1529,after all he is just trying to compete with your legacy nick,your friend pvm gave out in this discussion  httpwww,0,Attack,B,1,0,,,
1130,the only thing i take issue with in this argument is the comments about lenskis work with e,mr,1,Support,B,1,0,,,
1767,as has already been covered,genesis  and  say and there was evening and there was morning a sixth day,0,Attack,B,1,0,,,
32,"If UKIP have a good general election and manage to take a few seats then that can only benefit Labour, because all of the seats that UKIP can possibly, conceivably win - well they are all Tory seats.","The United Kingdom Independence Party (UKIP) is now a significant contributory factor in costing the Conservative Party victories in marginal seats, his report says.",1,Support,B,0,1,,,
1056,do you know that there is a god youre  on this,i am confident there is a god,0,Attack,B,0,1,,,
1365,judge jonesalthough we have found that defendants conduct conveys a strong message of endorsement of the board members par ticular religious view pursuant to the endorsement test the better practice in this circuit is for this court to also evaluate the challenged conduct separately under the lemon test,from the above linked paper by peter irons i quote the followingpeter ironsin an undoubtedly unintentional slip which they may well regret the di authors have effectively given away the store with their concession that under the lemon test all that was necessary for judge jones to determine that an establishment clause violation had occurred was to find that the dover school board members had predominantly religious motivations for enacting their id policy,1,Support,B,0,1,,,
240,"If UKIP want to retain these voters and attract more in a general election then they need to come up with policies other than ""leave the EU"" and ""its all the immigrants fault"".","Natalie Bennett spoke about UKIP polices for the Green Belt, Trident, defence the and economy, with Andrew Neil on the Daily Politics while campaigning in the West Midlands.",0,Attack,B,1,0,,,
2626,as far as acting and cinematography go this film was great but the content and plot were horrible,it was not made to be just a family movie it was also meant to be serious movie with a mix of realism and fantasy combined for mature viewers most specially that what makes the movie special,0,Attack,B,1,0,,,
1827,correct the only way that either side could be proven is wether or not we can prove or disprove god,evolution has never been proven and will never be proven because it never happened,1,Support,B,1,0,,,
995,what always gets me with the intelligent design crowd is that in their aim of inserting an external designer into the mix of biological science they seem to miss or deliberately avoid one glaring fact  once life exists with varying degrees of success life designs itself according to the rules established by its environment and its own specific nature,this is the age old question,0,Attack,B,0,1,,,
2439,Bribery is sometimes acceptable,The demand for bribes would end if companies stopped supplying them,0,Attack,B,1,0,,,
2610, especially from a first time director,its too bad you couldnt finish because its a great movie,0,Attack,B,0,1,,,
1996, i believe in evolution, nothing in biology makes sense except in light of evolution,1,Support,B,0,1,,,
2338,perhaps a marathon,a marathon sounds good,1,Support,B,0,1,,,
364,"The momentum is with UKIP; Labour, Conservative and Liberal areas are all now vulnerable to them. ","He claimed UKIP could top the polls in the 2014 European elections if it could could take 27% of the vote, and recalled it has risen from third to second in last euro elections.",1,Support,B,0,1,,,
523,"UKIP's position is not reasonable, but racists and proto-fascist, considering they have nothing to say about the finance capital bombing of the economy, but to put all the blame for Europe's woes onto immigration.","The charge put by its deputy leader David Campbell Bannerman when he defected to the Conservatives in the wake of the May elections was that UKIP remained, at heart, a single issue pressure group.",1,Support,B,0,1,,,
780,"UKIPs main issue has always been the EU, immigration has just been the bit that highlights what a failure the project has been.","Conservative party vice chairman Michael Fabricant said the party had struggled to present a distinctive message during the Eastleigh election, saying UKIP had managed to connect with traditional blue-collar Tory voters on issues such as crime and immigration in a way the Conservatives had not.",1,Support,B,1,0,,,
1971, well to begin with there is a lot of strong evidence to support evolution the discovery of dna the discovery of fossils and primitive primates etc, i definitely think it has something to do with everything as there is quite a lot of evidence for it e,1,Support,B,0,1,,,
344,The success Ukip had in the european elections will be sufficient to galvanise one or preferably all the other parties to rid us of the EU's political influence.,"UKIP is still a party driven by a fundamental desire to get Britain out of the EU, and it's Conservatives, or at least Conservative leaners, who are the bulk of its supporters.",1,Support,B,0,1,,,
779,It is more likely that Tory voters would vote tactically for UKIP to keep Labour out and that means Labour are at a real disadvantage. ,"Labour has declined to say how it expects to do, but experts have said it will be looking to retake control of councils such as Derbyshire and make inroads across the south of England at the very least.",0,Attack,B,1,0,,,
817,People are not voting for UKIP because of immigration propaganda but because of their direct experience of immigration.,"It is not just about UKIP it's that the British people are as interested and concerned about Europe, as they are about the economy, as they are about immigration.",1,Support,B,0,1,,,
1074,i dont agree with the very first statement that id limits its claims to what can be scientifically inferred from the empirical domain,sharky has pointed out the problem with id namely the flawed concept that ordinary and rarefied design can be detected reliably based on the same approach,1,Support,B,0,1,,,
1265,no id does not claim the designer is human like but since humans are the only known intelligence that is the only thing they have to compare id to,science is testable,0,Attack,B,1,0,,,
1593,i had always been taught it was the plants,  httpeesc,1,Support,B,1,0,,,
2173,creationism starts with a conclusion and finds data to support it according to the scientific method one is supposed to look at data and draw a conclusion from it therefore creationism is not science and needs not take any scientific consideration,been saying that ever since the first time i heard about creationsism,1,Support,B,0,1,,,
920,i wrote a good philosophical question and i think you and i would agree that this adaptation could have been guided by some higher agency of course by using a fully natural mechanism such questions remain scientifically vacuous,i surely intend to do so but these issues go beyond questions of policy,1,Support,B,0,1,,,
2356,steel type x,the tool needs longevity this type of steel is very strong ,1,Support,B,0,1,,,
2566,this was just an amateurish hodgepodge of the departed the town and we own the night and sopranos,i had completely the opposite impression though i respect your input as were all going to have our own viewpoint but i very much liked this film,0,Attack,B,1,0,,,
128,"Marketing UKIP as ""the people's army"" is a bitter irony.",A UKIP candidate in Somerset was suspended from the party on Tuesday after a photo of him apparently making a Nazi-style salute appeared on his Facebook page.,1,Support,B,0,1,,,
2043, creation is fantasy and you cant prove a fantasy, it is only belief,1,Support,B,0,1,,,
2159,right wing abortion activists are divorced from reality,agreed your ideas are pretty cool,1,Support,B,0,1,,,
2345,no joined is the date a user registered to the website and visited is the date of his or her last visit do you think the names are not clear,yes they are for some reason they used to be the same for a few days it is ok now,1,Support,B,0,1,,,
1896, god does exist he created evolution, what i feel in this context is creationism is nothing but a wrong assumption,1,Support,B,1,0,,,
2258,limassol no doubt about it it has the most beautiful beaches and the most fun places to visit,i disagree about the most beautiful beaches part,0,Attack,B,1,0,,,
6,"Much of UKIP's meteoric rise has to do with political correctness, and the fact that ordinary people are sick of it.",Tim Loughton believes UKIP are here to stay.,1,Support,B,0,1,,,
740,"I think Farage makes a much better leader than any of the other parties, he's full of enthusiasm and is not a PR man like the current leaders of the 3 main parties.","In 2006, the lower-key Knapman retired, to be replaced by Nigel Farage, an eye-catching media performer who pledged to make UKIP a truly representative party, ending its image as a single-issue pressure group.",1,Support,B,0,1,,,
256,"If UKIP have a good general election and manage to take a few seats then that can only benefit Labour, because all of the seats that UKIP can possibly, conceivably win - well they are all Tory seats.",Mr Farage's pitch is attractive to voters.,1,Support,B,0,1,,,
1823,no but i do call into question the nature of your uncertainty,if what you say is true then nothing at all is scientific fact,0,Attack,B,1,0,,,
1575,and what of those who having studied the bible and the physical world determine that the bible has no basis in fact,some people see it as a day to the lord is a  years,0,Attack,B,1,0,,,
1399,why dont we   add   those inand believe me those commandments werent invented at that time,why dont you tell meare they needed to for   health   and safety of the country,0,Attack,B,1,0,,,
417,"If you think that the Tories are nasty, heaven help us if UKIP get in because they would be nastier, more cruel, and more bigoted.","The penny is beginning to drop with the British people and British businesses that we are no longer a self-governing nation, and UKIP are here to remedy this.",0,Attack,B,1,0,,,
1450,jim,jimfinally i just want to say that it appears to me that statements made against id and their proponents  made by others not you  regarding id has been so emotionally charged it makes me feel their judgment is affected,1,Support,B,0,1,,,
1318,you are using the common tactic of forcing someone to disprove a negative,there is nothing wrong with asking someone to disprove a negative that is with asking someone to provide evidence contrary to a claim,0,Attack,B,1,0,,,
2262,there is a spelling error on the page after you have registered saying to verify your account by email ,thank you for your feedback it has been fixed now,0,Attack,B,0,1,,,
577,UKIP want to get us out of the EU to make the British people much worse off then they already are.,The committee said the EU had helped to transform Europe from a continent of war to a continent of peace.,1,Support,B,0,1,,,
1887,please take no offence to my response,its called the theory of evolution for a reason,1,Support,B,1,0,,,
2028, i have repeatedly asked for proof on this site and have yet to be supplied with any real proof, evolution is just an excuse for biology to occupy the adolescent young mind,1,Support,B,0,1,,,
1484,i happened to drop by the discoverys institutes website which claims to be interested in improving the accuracy in reporting and read an interesting blurb titled ncse promotes shrill editorial suggesting students be forced to consider the possibility that there is no god,so i decided to check out the actual articles in question and much to my dismay i came to realize that this seemed to be a blatant quote out of context,0,Attack,B,1,0,,,
1951, no no no  we are evolving constantly we have evolve so much that now we have the power to create, they all kinds of evidence that evolution exists,1,Support,B,0,1,,,
46,"The momentum is definitely with UKIP at the moment, hopefully that will continue with the up and coming by-elections.",Mr Farron said he was expecting it to be a tough fight but said UKIP was determined to win.,1,Support,B,0,1,,,
366,Ukip are doing well for the very simple reason folk have at last realized that they are being lied to by LibLabCon and now have somewhere else to go.,They (the Conservatives) know they have lost the argument on jobs and immigration and UKIP have stolen a march on them.,1,Support,B,0,1,,,
241,"I agree with UKIP on the EU, but the rest of their policies are dangerous right wing bile.",Some have also suggested that UKIP may appeal to disaffected BNP voters.,1,Support,B,0,1,,,
2362,but if we get this right we will waste less research time with dodgy students we wish we had rejected at interview,i fully agree,1,Support,B,0,1,,,
1994, evolution is correct, people who believe that god created the earth keep saying that they got this from the bible,1,Support,B,0,1,,,
544,"UKIP are a two trick pony, Europe and immigration that's it.","Explaining his decision to swap sides, Mr Campbell Bannerman - MEP for the East of England - said UKIP had become obsessed with single issue politics, internal fighting and shouting from the sidelines.",1,Support,B,0,1,,,
1793,i agreed with you up until reasonable doubt,therefore your usurpation of supposed assumption of stated opinion cannot be proven or supported by evidence but is not substantial enough to answer the question specifically,1,Support,B,1,0,,,
1633,obviously you havent done much reading on the aig website,obviously you havent done much reading on the aig website,0,Attack,B,0,1,,,
2330,i would suggest just buying a tablet either an ipad or any android tablet no need to pay the cost of a laptop,indeed no need to carry around a big old laptop if you just browse the web and look at emails,1,Support,B,0,1,,,
939,highlanderthe lack of evidence supporting materialist assumptions complexity is a chance arrangement means the opposite could be true,these two moves ruling out regularity and then ruling out chance  constitute the design inference,1,Support,B,0,1,,,
618,"I think Farage makes a much better leader than any of the other parties, he's full of enthusiasm and is not a PR man like the current leaders of the 3 main parties.",For Nigel Farage convincing his fiercest critics among UKIP's members and its estranged onetime supporters that he remains the right man to lead the party may be difficult.,0,Attack,B,1,0,,,
1376,just what if there is a creator  isnt science after truth  has science proven that there is no creator why is recognizing the possibility that there was intelligence behind the emergence of life a nonscientific idea  basically what you are saying is that if there was a creator or intelligence behind the emergence of life science will never be able to come up with the right answer rightso your whole premise for id being nonscientific is the unproven worldview of naturalismyou start off right from the get go with the assumption that there is no creator or any intelligence involved in the emergence of life and go and try and prove your idea with science,they simply want to show that there is good scientific evidence for considering the role of intelligence in the emergence of life,0,Attack,B,0,1,,,
1737,i wish my education in biology was better im reluctant to engage creationists on   evolution   because i just dont have the knowledge,  science   always wants to separate that messy first cell from   evolution   theory,0,Attack,B,1,0,,,
437,"UKIP are a fairly right wing group as I'm sure will become clear when they actually produce some policies other than the ""its all the eu's"" fault.","He also suggested that his party might get its first seats in the UK Parliament at the general election in 2015, and argued it was not just taking votes from the right wing of British politics.",0,Attack,B,1,0,,,
273,The only reason we are even having a sensible debate about Europe are UKIP.,"It is doing the country serious damage because there are large numbers of potential investors in the UK who would bring employment here, who are being warned off because of the uncertainty all of this is creating.",0,Attack,B,1,0,,,
117,Hopefully we will see our first UKIP MP before the general elections next year.,Many decent and patriotic people in this country have been willing to consider flirting with UKIP.,1,Support,B,0,1,,,
31,"I think Farage makes a much better leader than any of the other parties, he's full of enthusiasm and is not a PR man like the current leaders of the 3 main parties.",Nigel Farage seems to be on remarably good form these days.,1,Support,B,0,1,,,
1280,the random comes in when particles of rna that came out of the primordial ooze aligned by chance in such a way to produce a singlecelled organism,intelligent design is in fact religiously basedso  ,0,Attack,B,0,1,,,
2507,The International Criminal Court should be recognised,The ICC fails to prevent atrocities,0,Attack,B,1,0,,,
1576,some people see it as a day to the lord is a  years,isnt one of those choices objectively true,0,Attack,B,1,0,,,
2544,We should force think tanks to reveal all of their sources for resource funding,Legally requiring disclosure from all benefits think tanks,1,Support,B,0,1,,,
458,A strong UKIP vote suggests there's a lot of the British public who aren't on board with the current set-up.,"The voters have understood that EU membership is making us poorer and less democratic and less free, he said.",1,Support,B,0,1,,,
947,joewe look at the options,joegbtw pvm the scientific answer to ucd is we dont know,0,Attack,B,0,1,,,
423,"Any of the ""working class"" who believe UKIP will represent them have not read a UKIP manifesto!",Olly Neville said that if UKIP wanted to make a real difference it is by representing the people in Westminster politics.,0,Attack,B,1,0,,,
828,UKIP is a vessel through which a protest is being delivered. ,But there are signs UKIP is starting to pick up the sort of protest votes that traditionally go to the Liberal Democrats - as well as benefiting from a slump in support for the British National Party.,1,Support,B,0,1,,,
2375,probably apple they keep making all the wrong marketing moves,it also seems to get harder and harder for them to innovate,1,Support,B,0,1,,,
1123,but what about your opinion on idid is ridiculously and obviously not   science  ,id is ridiculously and obviously not   science   ,0,Attack,B,0,1,,,
2453,The voting age should be lowered to sixteen years,There needs to be a cut off,0,Attack,B,1,0,,,
0,I think a lot of UKIP supporters would be outraged if one of the consequences of leaving the EU was to price them out of buying virtually any of today's niceties.,"UKIP used to be a protest vote, he explained, but now we are now talking about how Britain should be governed and how we can help all British people.",0,Attack,B,1,0,,,
507,"UKIP advocates for the UK leaving the European Union which would be a bad idea – but they are trying to leverage on the british people’s need to belong and pride to be british, which further sparks their anti-foreigner standpoint.","UKIP appears to have struck a chord with many voters on the issue of immigration, campaigning against the relaxation of working restrictions on Bulgarians and Romanians due to come into force in January.",0,Attack,B,0,1,,,
2160,yet there is arguably a morality component to every law ever to be put on the books,yes and depending on how you define morality,1,Support,B,0,1,,,
684,UKIP are a joke outfit full of small-minded Neanderthals who think the 1950s are the future.,UKIP leader Nigel Farage said any members proven to have extreme right wing views would be expelled.,0,Attack,B,1,0,,,
486,UKIP doesn't need to win power to force the changes people want.,A ComRes survey for BBC One's Sunday Politics found 22% of Tory local councillors supported a pact with the UKIP.,1,Support,B,0,1,,,
1042,i am an experimental scientist,i am an experimental scientist,0,Attack,B,0,1,,,
2446,The voting age should be lowered to sixteen years,Sixteen year olds are mature enough to vote,1,Support,B,0,1,,,
153,"Despite their best efforts at pretending otherwise, UKIP are still widely disliked and untrusted by the majority of the population.",Mr Farage said the issue of Europe was resonating more with the British public.,0,Attack,B,1,0,,,
2147,that is where you mess up and apply the logical fallacy of equivocation you are also doing what is known as willful ignorance,and you do what many atheists do when they do not know what else to say you clang the fallacy bell,0,Attack,B,1,0,,,
526,"UKIP is certainly NOT racist or xenophobic - if you, as I'm you have done, read our policies on the website there is no suggestion of this at all, it is more a rumour and conspiracy of the lefties. ","UKIP appears to have struck a chord with many voters on the issue of immigration, campaigning against the relaxation of working restrictions on Bulgarians and Romanians due to come into force in January.",1,Support,B,1,0,,,
669,"UKIP is a not a real party, with a clear global ideology and vision addressing all aspects of society: it is focusing on a handful of issues (all centered around membership in the EU and migrants), mostly ignoring global financial issues, health, education, security etc.","I believe that what UKIP is doing is vital for this country, and of course the party's financial management is crucial.",0,Attack,B,1,0,,,
2655,i turned this movie off halfway through because i was bored out of my skull then i come here and its got a high rating granted its got a good storyline good acting nice cinematography but somehow still managed to bore me to tears,have to agree brian theres a whole half hour of boring as he goes across the expanse of the desert that could be edited out,1,Support,B,0,1,,,
325,"The momentum is with UKIP; Labour, Conservative and Liberal areas are all now vulnerable to them. ",I want to campaign for Britain to break free from the EU and UKIP are the party to do it.,1,Support,B,0,1,,,
1126,why are these two questions always independentbecause   science   as we know it today can only answer one of them,because   science   as we know it today can only answer one of them,0,Attack,B,0,1,,,
1008,that reply was to allogic,and i was just the reverse,1,Support,B,1,0,,,
1699,scientific evidence do you need i mean weve got writing from before  years ago evidence of mankinds making things over  years old,speaking as a nonchristian this argument that the days of creation could not be allegorical simply because the author used an ordinal and the phrase evening and morning is juvenile and unconvincing,1,Support,B,0,1,,,
574,UKIP getting a large chunk of the vote in the EU elections sends a message to Europe that they cannot take the UK membership for granted.,"More people were considering voting for UKIP at a general election than ever before, he suggested, and this current poll surge was different from previous spikes in support which were linked to European elections.",1,Support,B,0,1,,,
450,"I think Farage makes a much better leader than any of the other parties, he's full of enthusiasm and is not a PR man like the current leaders of the 3 main parties.",But Dr North does have other reservations about Nigel Farage - including what he sees as his lack of political acumen.,0,Attack,B,1,0,,,
2024, there is eye witness reproducable evidence for micro evolution or change within a species which is irrefutable, i dont believe in evolution or anything contemporary beyond the dictionary definition of it,1,Support,B,1,0,,,
1684,i am not an atheist and have no reason to debate with anyone concerning an eternal being who is greater than any of us,aig doesnt believe the geological data,0,Attack,B,0,1,,,
2274,the wall thickness x should be five millimeter,thickness on a continued section should be as uniform as possible,0,Attack,B,0,1,,,
698,"UKIP's position is not reasonable, but racists and proto-fascist, considering they have nothing to say about the finance capital bombing of the economy, but to put all the blame for Europe's woes onto immigration.","The charge put by its deputy leader David Campbell Bannerman when he defected to the Conservatives in the wake of the May elections was that UKIP remained, at heart, a single issue pressure group.",1,Support,B,0,1,,,
598,"Much of UKIP's meteoric rise has to do with political correctness, and the fact that ordinary people are sick of it.",Mr Farage has also successfully broadened UKIP's appeal away from Europe.,1,Support,B,0,1,,,
1146,all design is intelligent it takes thought to construct any type of design when you see things take place in science they happen because of all the laws that were put into place by an intelligent designergoing back to the idea of a storm and engines when you get in a car and turn the key you have a spontaneous violent storm erupt inside the engine it all takes place because of all the elements of the design working in concert to produce the effect this and all design requireintelligent thought ,icdesig,0,Attack,B,0,1,,,
1937, i believe evolution did occur but god created it, if your with god then there is no debate,1,Support,B,0,1,,,
1237,why are you claiming one designer theres just as much evidence for a pantheon as there is a monotheistic god but you have the prior assumption the designer is your god and automatically rule them out when you say the designer,what do catcher in the rye the mona lisa mount rushmore and a love note etched on a sandy beach have in common they are all signs of design,1,Support,B,1,0,,,
1003,i think this comes down to an irreducible complexity argument,as much as i might believe that there is some sort of creator and that a creation occurred you cannot justifiably intermingle science and religion,1,Support,B,1,0,,,
99,The success Ukip had in the european elections will be sufficient to galvanise one or preferably all the other parties to rid us of the EU's political influence.,"Isolating Britain and damaging Britain's reputation is not the right history to write, he said.",0,Attack,B,1,0,,,
177,"Arguably, UKIP & co. aspire to destroy the culture created in Europe after WWII, which has been based on openness, free travel, migration and cross-geographic access to goods and labour markets.","Only 33% said they would never consider voting UKIP, with many people seemingly taken by their message.",0,Attack,B,1,0,,,
1184,the actual limitations that creationists try to bring to light are nonsense,from a review of explore evolutioncounterclaims follow that seek to undermine the earlier conclusions including the circular reasoning of the molecular clock the potential fabrications of haeckels ontogeny recapitulates phylogeny how differing family trees are created via anatomical and molecular patterns of relationships and the meaning of gaps in fossil evidence,0,Attack,B,1,0,,,
182,"I would say it's the anti-ukip brigade who have no substance to their argument (or facts), they simply shout ""racist"" with nothing to substantiate this slur, or become crude and insulting.",But he told BBC Radio 5live that his new party UKIP was more in tune with the concerns of Tory voters.,1,Support,B,0,1,,,
497,"I think Farage makes a much better leader than any of the other parties, he's full of enthusiasm and is not a PR man like the current leaders of the 3 main parties.",And they also seemed very thankful to have the colourful Nigel Farage back as party leader.,1,Support,B,0,1,,,
2049, yes there is evidence, i take issue only with the word no in this title though without it there wouldnt be much debate so fair play,1,Support,B,0,1,,,
2299,i have had some bad experience with the reliability of samsung products,i am really satisfied with my samsung television and i did not have any problems until now it has the best image quality and great customer support,0,Attack,B,1,0,,,
78,The success Ukip had in the european elections will be sufficient to galvanise one or preferably all the other parties to rid us of the EU's political influence.,"But in a chat with younger UKIP members it was grammar schools and university that came up most, and not questions of EU membership.",0,Attack,B,1,0,,,
538,UKIP's sole aim at the general election is to get a smallish number of MPs elected but enough to hold the balance of power and do a deal with the Tories.,One Conservative MP has suggested his party consider a pact with UKIP at the next election.,1,Support,B,0,1,,,
2661,after all the attention and awards etc and an imdb rating of  i was so shocked to finally see this film and have it be so bad,i agree did not like this either in fact i stopped watching once waltz was killed because i just didnt care anymore,1,Support,B,0,1,,,
2161,here in new hampshire not known as a bastion of liberalism civil unions passed the state legislature this year i am now covered under my partners state sponsored he is a state worker health insurance we are grateful,oh i hear you i am covered by my partners insurance here as well i would not have been able to get the insurance if we were not legally a union,1,Support,B,0,1,,,
2391,the best way to protect Scottish interests in the EU is to vote for independence,Scotland has different interests to the UK,1,Support,B,0,1,,,
1246,like all theories evolution has changed over the years because of new evidence was discovered,you are ignoring my main point that catastrophism was closer to the truth then darwin,0,Attack,B,1,0,,,
10,If anyone seriously thinks that UKIP will offer some kind of answer to our current problems then I think that they are going to be sadly disappointed.,"In an interview with the Guardian, Mr Farage defended UKIP as a party where we've got some eccentrics, but we are addressing the people's real worries.",0,Attack,B,1,0,,,
2151,what new class this is a silly statement too general,yes joe i agree,1,Support,B,0,1,,,
2289,htc one it is currently the best one in the market good quality superb specs,samsung note  it has a bigger screen and a somewhat faster processor,0,Attack,B,1,0,,,
451,If there are enough Ukip votes it should frighten all the parties sufficiently to make them realise they can't just ignore the electorate.,"The Tory leadership is running scared of its backbenchers by offering to renegotiate the UK's relationship with Brussels, he said in the Observer.",1,Support,B,0,1,,,
587,"I think Farage makes a much better leader than any of the other parties, he's full of enthusiasm and is not a PR man like the current leaders of the 3 main parties.",Nigel Farage is on remarkably good form.,1,Support,B,0,1,,,
306,"I don't think most people realise the benefits of free trade at all, and UKIP capitalise on peoples ignorance of the benefits of free trade as much as they can.","Speaking ahead of the party's annual conference, he said UKIP would become the third force in British politics and top the poll at the European elections in 2014.",0,Attack,B,1,0,,,
1515,that luskin accuses the ncse of rewriting history and law when both clearly established the evolution of creationists via cdesign proponentsists to design proponents,whats a darwinist can someone who says that the other side is mishandling terms really afford to label someone as darwinist i neither worship darwin nor accept his writings as absolute truth,1,Support,B,0,1,,,
1108,in his latest book edge of evolution behe attempts to define this edge by pointing to malaria as an example of a designed system in which according to behe two simultaneous mutations are required and given the estimated probabilities of  in  this may be quite unlikely,the following is a quote from your points quote the more parts that appear to be arranged for a purpose and the more precisely they fit each other to achieve that purpose the more and more confident we can be in our conclusion of design,0,Attack,B,0,1,,,
1805,ive studied a lot of biology and to me evolution has indeed been proved,maths is the only branch of science that offers  proof of its arguments,1,Support,B,1,0,,,
1180,fine,your intelligent cause is completely undefined,0,Attack,B,1,0,,,
2214,they did way back when the us did too,and way back when they were legally able to defend themselves to,1,Support,B,0,1,,,
1763,the christian faith is a mockery to humankind,first even as a biblebelieving creationist i want to say thanks for bring attention to genesis ,0,Attack,B,1,0,,,
453,"Ukip is the only party advocating withdrawal from the failing EU, a sensible idea for a lot of people!","UKIP's local election manifesto, concentrates on its flagship policy of ending open door immigration and putting pressure on the government not to lift restrictions on workers from Bulgaria and Romania on 1 January, which proved a successful formula in Eastleigh.",1,Support,B,0,1,,,
2376,as a mediator with as little violence as possible,they should also not veto every single attempt at an un resolution,1,Support,B,0,1,,,
1242,the fact that the   evolution   lobby is trying to cite statements by ucc ministers to bolster support against id shows just how out of touch they really are,the problem with the catholic church is that it has been unable to disagree with any scientific theory ever since they got burned condemning galileo,1,Support,B,0,1,,,
175,Hopefully we will see our first UKIP MP before the general elections next year.,He said UKIP was the real party of law and order and he vowed to continue campaigning for them.,1,Support,B,0,1,,,
1372,the u,here is irons response to the so called rebuttalreply to rebuttalby peter ironsthe pages of a respected law review are rarely filled with such pejorative terms as smear and innuendo poisoning the well and personal attacks,1,Support,B,1,0,,,
2282,go by bike,people are too lazy,0,Attack,B,1,0,,,
1981, scientists can present a great deal more evidence for evolution various fossils in chronological order clearly showing an evolving skeletal structure than a christian can present for intelligent design none, well as being one of the denoted tie breakers of this debating conversation topic i would like to point out that evolution is both a fact and a theory,1,Support,B,0,1,,,
97,For what its worth I think UKIP is a one trick pony and is unelectable in a general election.,"Meanwhile, the Bulgarian President Rosen Plevneliev has warned that Britain's immigration policy could harm its image as a great global power that pioneered integration.",1,Support,B,0,1,,,
290,People are not voting for UKIP because of immigration propaganda but because of their direct experience of immigration.,I am very confident UKIP is going to get a bigger percentage share of the vote than anybody can yet quite believe here in the Westminster village.,1,Support,B,0,1,,,
783,It is because of UKIP that we are finally discussing the European question and about immigration and thank goodness for that.,"UKIP had increased its vote by 50% in the general election and had many exciting plans for the future, he said, but it was time for a younger leader to show how liberating and enriching life would be outside the EU, saying he was confident one would emerge.",1,Support,B,0,1,,,
1528,so luskin is accusing ncse of being both antireligion and proreligion,after all he is just trying to compete with your legacy nick,1,Support,B,1,0,,,
2084,so we all deserve to be tortured for ever for beleiving in evolution,tortured you shut your mouth if you are not a christian then yes i will pray for you,0,Attack,B,1,0,,,
1539,feel free to respond,you say this and yet you use a computer,1,Support,B,1,0,,,
111,"If you want an insight into just how mad and bad UKIP are, go and read what their members, candidates and supporters write on the Telegraph.",He told the BBC that UKIP had leapfrogged the Lib Dems in some opinion polls and the public wantedrespected UKIP as a genuine party.,0,Attack,B,1,0,,,
2060,the main creationist lie is that people use evolution in our current society as an excuse to do bad things,the comment of someone with an iq of about ,0,Attack,B,1,0,,,
1919, the evidence has it, and the reason why there are so many species that arent on this planet any longer,1,Support,B,0,1,,,
441,UKIP is not at all taking into account the financial effects of leaving the EU: Europe is the main market for the UK. ,"Over three million jobs in this country, directly or indirectly, depend on us being in the EU, so that is a big choice.",1,Support,B,0,1,,,
1857,once again generalizing on an unfair term,we do seem to be arguing past each other and i will apologize for some of that,1,Support,B,0,1,,,
871,"If UKIP took all their anti-establishment guff and turned it on the banks and financial institutions then they would have more legitimacy, but instead they turn on Polish and Roma fruit pickers who do unskilled work for minimum wage.","Speaking on Wednesday, the deputy prime minister said he was very surprised to see vans driving aimlessly around north London telling illegal immigrants to go home, and that they were not a very clever way of tackling the issue.",1,Support,B,0,1,,,
596,UKIP doesn't need to win power to force the changes people want.,It comes as William Hague ruled out an electoral pact with UKIP.,0,Attack,B,1,0,,,
2085,read what i actually wrote for a change,this is what socially inept losers do when they know their argument is deny they ever made one,0,Attack,B,1,0,,,
1370,pt,instead this appears to be an abuse of copyright without an argument on crowthers part,0,Attack,B,1,0,,,
808,"If we leave the EU we will save billions of pounds which can then be invested in our ailing national infrastructure, notably the NHS.","In a separate interview with BBC Radio 5 live, he warned of the possible consequences of an in-out referendum on the UK's relationship with the EU.",0,Attack,B,1,0,,,
760,"Ukip has British values, wants to get British industry kick started back to the fore front again, become more self-sufficient.","In a separate interview with BBC Radio 5 live, he warned of the possible consequences of an in-out referendum on the UK's relationship with the EU.",0,Attack,B,1,0,,,
2518,We should negotiate with terrorists,No negotiation encourages the hunt for a bigger lever,1,Support,B,1,0,,,
1215,whats there left to do,you mean ones like wmap shows that we are at the center of the universe or the quote of carterwell i realize that one does remain the goldilocks enigma is a falsifiable observation that makes testable predictionsas i already explained though observations are seldomly falsified as they are based on observed data,1,Support,B,0,1,,,
2575,id also like to add that i really disliked the music in this film maybe to the point that it dropped it below the town all by itself,to each his own but i actually loved the music in animal kingdom i thought it really set the mood and i am trying to track down the soundtrack,0,Attack,B,1,0,,,
1768,genesis  and  say and there was evening and there was morning a sixth day,i can see how it would be interpreted as a contradiction,0,Attack,B,0,1,,,
2598,rarely have i watched and rewatched a movie with such spectacular cinematography,well the cinematography is absolutely stunning but the camera work i think is especially what youre referring to,1,Support,B,0,1,,,
342,I'm no fan of UKIP but well done to them for initiating a much needed shake up of British politics.,I want to free this country from the European Union and then I want us to have a much smaller level of state interference in our lives in this country.,1,Support,B,0,1,,,
1709,mike my apologies to you but i am surprised at the numbers of people here who appear to be somewhat hostile towards the existence of a supreme being namely god yahweh yahwah yhwh the i am that i am and so forth,we have two different literal interpretations,0,Attack,B,1,0,,,
588,A strong UKIP vote suggests there's a lot of the British public who aren't on board with the current set-up.,"Nobody below the age of 60 has ever had a chance to have a say on this issue, he said.",1,Support,B,0,1,,,
2585,was anyone else disappointed by the ending of the movie it feels to me like there couldve been a few scenes about what happens next im no writer but i do feel this wasnt appealing at all,i thought the ending was a perfect ending for this outstanding film,0,Attack,B,1,0,,,
1235,btw you people continue to ignore the fact that natural processes cannot account for the origins of nature because natural processes only exist in nature,jaywhat makes you qualify as a design theorist  please be specific,1,Support,B,1,0,,,
2422,We should grant politicians immunity from prosecution,Immunity creates a perverse incentive to hang on to their office as long as possible,0,Attack,B,1,0,,,
521,"The ratio of nutters in UKIP is far higher than in other parties, especially so since they seem determined to take all the Tories' fruitcakes off them.",He said UKIP was clearly taking a very right wing position which pandered to an obvious anti-Europeanism.,1,Support,B,0,1,,,
2512,I believe that opinion polls harm the democratic process,Opinion polls are a forum for public expression and should be protected,0,Attack,B,1,0,,,
1413,who the designer is has nothing to do with it and everyone knows that,tjwho the designer is has nothing to do with id theory and everyone knows that,0,Attack,B,0,1,,,
962,the the myths and stories of the bible were never meant to be taken as history in our sense of the word and certainly not   science  ,  this will and is already descending into a debate about the philosophy of science,0,Attack,B,0,1,,,
638,It is because of UKIP that we are finally discussing the European question and about immigration and thank goodness for that.,UKIP leader Nigel Farage said the UK had no real control over either the number or the type of migrants that were settling from elsewhere in the EU.,1,Support,B,0,1,,,
952,pvm the quotewe dont know but we do know a designer wasnt involved,id can be scientifically relevant if it were to take the scientific approaches used by real science such as criminology which uses means motives opportunities etc,0,Attack,B,1,0,,,
1171,meaningless nonsense of course,its funny because i already named some provided resources to find them and yet you seemed to dodge the argument altogetherfollowed by the usual nonsense,0,Attack,B,1,0,,,
781,"UKIP's position is not reasonable, but racists and proto-fascist, considering they have nothing to say about the finance capital bombing of the economy, but to put all the blame for Europe's woes onto immigration.",UKIP leader Nigel Farage said any members proven to have extreme right wing views would be expelled.,0,Attack,B,1,0,,,
887,teaching creationisms truth is necessary in upholding the truth of the bible,if we are descended from animals then the unique relationship between man and god is undermined,1,Support,B,0,1,,,
1408,as to the ncse not wanting to discuss somehow i see few id proponents on this group and behe seems to have ignored matzkes excellent critiques,agreed that religious belief should not necessarily compel the rejection of wellestablished results from welldeveloped scientific fields,1,Support,B,0,1,,,
2601,rarely have i watched and rewatched a movie with such spectacular cinematography,agree completely the action scenes are unparalleled as time has gone on and ive rewatched the film over the years i realise just how exceptional the action scenes truly are,1,Support,B,0,1,,,
2615,i actually really loved moon i was invested the entire way through,for some reason i was bored endlessly by moon i found myself uninterested and disorientated from the central character who could not connect with and had zero interest in,0,Attack,B,1,0,,,
1569,consider the observation of a solar eclipse,yes im fully aware what a solar eclipse is,0,Attack,B,0,1,,,
1270,first id is being applied only to objects that have high levels of csi,according to its advocates the designer responsible for intelligent design in biology could be any sort of creative intelligence capable of engineering the basic elements of life,1,Support,B,0,1,,,
1334,tjok you are right on this point as well,well isnt that what the whole debate here is about,0,Attack,B,0,1,,,
1463,couldnt atheism be the main reason people have come to embrace a certain type of evolution and object to id the emotions so commonly seen in the rejection of id support this,id may assert but as a science their contributions remain largely with content,0,Attack,B,1,0,,,
2036, i think youll find there is, anyone who thinks there is no evidence for evolution is either blind stupid or both,1,Support,B,0,1,,,
77,"Even a UKIP European candidate, Janice Atkinson, another ex-Tory, admits leaving the EU would be problematic.","UKIP, which calls for withdrawal from the European Union and greater restrictions on immigration, has enjoyed much-improved opinion poll ratings in recent months and is expected to gain seats at next year's European Parliament elections.",0,Attack,B,1,0,,,
2335,what about a second hand book sale,a carboot sale would be good as well,1,Support,B,0,1,,,
1629,now the trick is to prove that all of the authors were free of stray thoughts and theological spin,my answers to your questions are ,1,Support,B,0,1,,,
477,If there are enough Ukip votes it should frighten all the parties sufficiently to make them realise they can't just ignore the electorate.,He told the meeting the policy had been dreamed up by the Conservatives because they were scared of UKIP.,1,Support,B,0,1,,,
2227,this one line stuck out because it mentioned evolution in a future context something i have not heard before,i have not heard of it before either any information that you or other members can gather on this subject would be of great interest i will also keep my eyes open,1,Support,B,0,1,,,
1083,this whole argument is just using flaws in our definitions,needless to say even id proponents have come to realize that id is lacking scientifically speakingfor instance young earth creationist philosopher and id proponent paul nelson is on the record as saying easily the biggest challenge facing the id community is to develop a fullfledged theory of biological design,1,Support,B,1,0,,,
2377,yes i never thought of that but that is a brilliant question and so true when you are part of a big family you should have a say in things that affect you ,if one is truly serious about a unified europe this possibility should at least enter a discussion,1,Support,B,0,1,,,
1883,faith is believeing in something without evidence,evolution has actually never been observed,0,Attack,B,0,1,,,
734,UKIP doesn't need to win power to force the changes people want.,One Conservative MP has suggested his party consider a pact with UKIP at the next election.,1,Support,B,0,1,,,
766,UKIP doesn't need to win power to force the changes people want.,"We're not going to do a pact with UKIP anymore than I'm going to do a pact with the Lib Dems and go into the next election with them, said Mr Shapps.",0,Attack,B,1,0,,,
51,"As far as immigration is concerned all Ukip want is a level playing field for non EU migrants and to control the numbers so, if anything, Ukip are too soft on immigration.",Certainly by the time of the general election UKIP will be the third-highest-membership party in Britain.,1,Support,B,0,1,,,
986,im hardly the authority for all the great questions in life,that one is from isaiah ,1,Support,B,0,1,,,
832,UKIP are blatantly disregarding the possibility of man made climate change.,"I fear that on climate change and energy policy, political consensus is in danger of breaking down.",1,Support,B,0,1,,,
1708,i am not disputing god and i hardly think the difference between a day and a billion years or so is splitting hairs,mike my apologies to you but i am surprised at the numbers of people here who appear to be somewhat hostile towards the existence of a supreme being namely god yahweh yahwah yhwh the i am that i am and so forth,0,Attack,B,1,0,,,
353,"I don't necessarily think Nigel Farage is worthy of PM, I think they need a new leader.",Mention Farage and the facial expression you're met with is one of crumpled disgust.,1,Support,B,0,1,,,
2183,see here you have seperated mind spirit soul the bible did not do this unless zechariah is being misinterpreted it basically said in your interpretation that the spirit and the soul are the same thing,yes it is very hard even for theologians to explain,1,Support,B,0,1,,,
1395,but they do,how do public schools support hate of   religion  ,0,Attack,B,1,0,,,
2004, well maybe there are some mistakes in the theory but as a whole concept is quite right and logical no, of course theyre nonsense,1,Support,B,1,0,,,
2022, people like you should be banned from this website, there is positive evidence against macroevolution,0,Attack,B,1,0,,,
1865,ok,evolution has basically been proven there is no evidence for the biblical story common claims made by evolutionists,0,Attack,B,0,1,,,
264,UKIP are asking the questions that haven't been asked by the opposition or the media.,"Addressing party members in Birmingham, he predicted UKIP would cause a political earthquake - particularly now that the EU leaders' desire for a fully federal Europe was out of the bag.",1,Support,B,0,1,,,
440,"UKIP are a two trick pony, Europe and immigration that's it.","But it is also one which means people often dismiss it as a single issue party, unlikely to become a force in Westminster politics.",1,Support,B,0,1,,,
2030, go read on the origin of species, if you wanted to start an actual debate you should have said there is no convincing evidence,1,Support,B,1,0,,,
1082,that argument is using a trick of semantics,this whole argument is just using flaws in our definitions,0,Attack,B,0,1,,,
85,If UKIP are wise they will alter their attitude about the NHS and public services in general.,"Many hospitals are overburdened with long waiting times and do not want to act as immigration officials while the NHS is already buckling under the weight of administration, Tim Aker, the head of the party's policy unit said.",0,Attack,B,0,1,,,
1388,as for scientific evidence for id start with the genetic code,id explains the genetic code the same way we explain a computer code,0,Attack,B,0,1,,,
2427,European Parliament elections should involve only one voting district all of Europe and not separate country seats,This encourages Europe wide thinking,1,Support,B,0,1,,,
2440,We should fear the power of government over the internet,Regulating the Internet is a means for governments to spy on their citizens,1,Support,B,0,1,,,
1858,we do seem to be arguing past each other and i will apologize for some of that,this is why i have my doubts about id too but the main premise of it which is why i accept it as probable is still very rational,1,Support,B,0,1,,,
851,If there are enough Ukip votes it should frighten all the parties sufficiently to make them realise they can't just ignore the electorate.,"Nigel Farage said the prime minister was terrified of losing votes to UKIP, and its rising poll rating and doubted any referendum would take place under the present government.",1,Support,B,0,1,,,
2087,how can it get anymore embarrassing for science that they got the premise wrong for all these years,do you actually have any idea how science works why are you not embarrassed for creationism,0,Attack,B,1,0,,,
1155,icdesignas far as scientific findings go the numbers of evolution believing scientists is on a major decline,i think behe has made the case for obviousdesign within the cell and i dont think you will findanyone who could put it any more clear,1,Support,B,0,1,,,
2561,Governments should be allowed to disrupt Internet service on grounds of national security,The internet is a threat to public safety,1,Support,B,0,1,,,
1934, i do agree that evolution is wrong in the sense that it does not explain or support our existence, evolution is most certainly wrong,1,Support,B,0,1,,,
1251,you have such books written as the consipiracy of ignorance by martin gross,it should readtruth is probably the best factor in determining intelligence and one cannot have it without gd,1,Support,B,0,1,,,
395,"As far as immigration is concerned all Ukip want is a level playing field for non EU migrants and to control the numbers so, if anything, Ukip are too soft on immigration.","The Lib Dem echoed earlier comments by his party leader, Nick Clegg, arguing there should not be further restrictions on freedom of movement.",0,Attack,B,1,0,,,
2246,indeed walking at a fast pace has the same and probably more benefits than jogging,this could not be more far from the truth because running is more intense the general health benefits are higher within reason more pain is more gain,0,Attack,B,1,0,,,
900,biology can be studied in a creationist context,the history of gods creation should be taught irrespective of it being considered science,1,Support,B,0,1,,,
881, creationism is scientifically testable, evolution is unobserved it is an unproven theory  the term evolution can describe a number of things some of which are directly observable while others are not,1,Support,B,0,1,,,
841,"If we leave the EU we will save billions of pounds which can then be invested in our ailing national infrastructure, notably the NHS.","Over three million jobs in this country, directly or indirectly, depend on us being in the EU, so that is a big choice.",0,Attack,B,1,0,,,
1414,tjwho the designer is has nothing to do with id theory and everyone knows that,after admitting that science is not atheistic he now accuses atheists scientists and christians alike of not liking ids implications when in fact anyone should realize that these objections are firstmost about the lack of scientific content of id and that the strong religious foundation of id is only secondary to this,0,Attack,B,1,0,,,
1551,they too present some very compelling evidence to their side of this one,only someone who does not beleive in god would have to ask how the world was created in six days,0,Attack,B,0,1,,,
2319,usually the best city in every country is the capital so i would go for madrid ,i agree if you were to visit only one city in spain madrid would be it,1,Support,B,0,1,,,
1173,not all this link was identified in my last reply    httpwww,actually the construction of the cell rather suggests chance,0,Attack,B,1,0,,,
1028,intelligent design is a dishonest way for   creationism   to try to appear scientific,satan is sure behind all of these things,1,Support,B,1,0,,,
131,"I think Farage makes a much better leader than any of the other parties, he's full of enthusiasm and is not a PR man like the current leaders of the 3 main parties.",Leader Nick Clegg said the party's candidate Mike Thornton had pulled off a stunning victory which had been secured against the odds.,1,Support,B,1,0,,,
2529,US intervention in Libya lacking congressional approval was illegal,The Libya intervention lacks sufficient international authority,1,Support,B,0,1,,,
1320,casey luskinfirst the ayn rand institutes arguments offend the first amendments protections on religious freedom scientists have freedom of religion and their scientific views should not be disqualified due to their alleged religious motives or beliefs,this objection highlights one of the problems with public education the government should not be in the position of deciding what people ought to believe about science anymore than they should decide what people ought to believe about religion,1,Support,B,0,1,,,
916,richard dawkins,the proiders claim that id uses scientific method infers design by testing positive predictionsdiscovery institute on id uses scien,1,Support,B,1,0,,,
50,"Even a UKIP European candidate, Janice Atkinson, another ex-Tory, admits leaving the EU would be problematic.",But immigration has also been an issue and UKIP sees the EU question being at the heart of it.,0,Attack,B,1,0,,,
602,"UKIP will lead the UK to independence from the oppressive EU, which is the only chance Britain has at restoring its former glory.","UKIP appears to have struck a chord with many voters on the issue of immigration, campaigning against the relaxation of working restrictions on Bulgarians and Romanians due to come into force in January.",1,Support,B,0,1,,,
1354,forrest who has written a history of id was an expert witness in the dover case and her piece recounts the various personal attacks and snide comments she had to endure during the trial,he was a judge,1,Support,B,1,0,,,
1773,not stupid but ignorant and perhaps even foolish,i agree with your definition of ignorance but i feel that ignorance crosses into stupidity when those who are ignorant but have the means to inform themselves fail to do so,0,Attack,B,1,0,,,
2152,she is just starting to grow and mature and its not healthy natural or right to have a pregnancy at that age she could cause alot of damage being that young,at this point i would assume other members to say good she deserves to have that damage done to her white i agree with you  percent it would be dangerous to her and the baby either way ,1,Support,B,0,1,,,
2548,We should force think tanks to reveal all of their sources for resource funding,Being subject to scrutiny discourages investors from supporting good projects,0,Attack,B,1,0,,,
914,the dangers of creationism in education,ken ham,0,Attack,B,0,1,,,
391,"UKIP advocates for the UK leaving the European Union which would be a bad idea – but they are trying to leverage on the british people’s need to belong and pride to be british, which further sparks their anti-foreigner standpoint.",Nigel Farage said most Ukippers have got robust views on immigration and he described them as sensible views.,0,Attack,B,1,0,,,
1963, evolution is completely true darwin hit the nail right on the head when he defined the theory of evolution and the survival of the fittest understanding, evolution is simply the genetic change in populations of organisms over successive generations,1,Support,B,0,1,,,
1673,if the existence of a fossil record contradicting parts of the bible then that does not disprove in and of itself the fossil record,it is indeed spiritually immature to equate death and decay with evil,1,Support,B,0,1,,,
470,"UKIP's position is not reasonable, but racists and proto-fascist, considering they have nothing to say about the finance capital bombing of the economy, but to put all the blame for Europe's woes onto immigration.",UKIP leader Nigel Farage said any members proven to have extreme right wing views would be expelled.,0,Attack,B,1,0,,,
1837,again we hit walls of diction but its a great debate and im on your side evolutionists,i have not seen any animal turning into another recently to be honest,0,Attack,B,1,0,,,
1874,then why is the top of mt everest covered in fossilized clamsbecause nearly all mountains used to be ancient sea floor genius,evolution has been proven many times,1,Support,B,0,1,,,
1217,having been asked to contribute a discussion of the anthropic principle for a colloquium on cosmology i would start by recalling that although its original formulation  was motivated by a problem of cosmology diracs and although many of its most interesting subsequent applications such as the recent evaluation  of the dark energy density in the universe have also been concerned with large scale global effects the principle for which i introduced the term anthropic is not intrinsically cosmological but just as relevant on small local scales as at a global level,in my discussions with island i have come to the conclusion that i was mistaken in calling island an id supporter,1,Support,B,0,1,,,
2298,samsung produces some great tvs since they have fantastic image quality and are full of features,i have had some bad experience with the reliability of samsung products,0,Attack,B,1,0,,,
899,preventing the teaching of creationism violates freedom of religion,biology can be studied in a creationist context,1,Support,B,0,1,,,
2654,i turned this movie off halfway through because i was bored out of my skull then i come here and its got a high rating granted its got a good storyline good acting nice cinematography but somehow still managed to bore me to tears,dude you didnt even finish the movie some films require more than one viewing to sink in its called art and if you arent patient enough to let something work its magic youll never progress beyond the most instantly gratifying motion pictures,0,Attack,B,1,0,,,
2652,i turned this movie off halfway through because i was bored out of my skull then i come here and its got a high rating granted its got a good storyline good acting nice cinematography but somehow still managed to bore me to tears,im with you on this one brian both my husband and i sat there tempted to turn it off though there was nothing better on at the time so we sat it out,1,Support,B,0,1,,,
289,The success Ukip had in the european elections will be sufficient to galvanise one or preferably all the other parties to rid us of the EU's political influence.,"But UKIP has a mountain to climb compared with its larger rivals and still lacks the strength on the ground that the Lib Dems, Conservatives and Labour can command.",0,Attack,B,1,0,,,
215,The hate campaign against Eastern Europeans that was and is run by UKIP legitimises anything said against them.,UKIP simply want to stop an unrestricted flow of a very large number of unskilled people coming into Britain at a time when we have a million young unemployed people.,0,Attack,B,1,0,,,
488,"If UKIP don't like being smeared, then they need to stop smearing, stigmatising, and fear mongering about others.",It comes two weeks after she accused the UKIP leader of bullying and being anti-women and a Stalinist and threatened to leave the party.,1,Support,B,0,1,,,
1110,behe says intelligent agents can plan ahead and act on their plans,so we detect design by inferring that some parts appear to have been arranged for a purpose,0,Attack,B,0,1,,,
2492,Terrorism can sometimes be justified,Terrorism can bring attention,1,Support,B,0,1,,,
2373,i have to go for apple it did introduce the iphone the applications market and mobile social networking,i agree apple has also been voted as the worlds number one brand,1,Support,B,0,1,,,
1222,to correct pvms confusionforensic detectives have to figure out the means,and again the design inference is based on our current knowledge that being we have an understanding of what nature operating freely is capable of and we couple that with our knowledge of what designing agencies are capable of,0,Attack,B,0,1,,,
2596,i read the book which is subtle philosophical and nuanced at the beginning of the year and last night i watched the dvd of this film what utter rubbish the film is a boring sweary standard thriller,this film is a masterpiece it pains me that you consider it a mere simplistic thriller maybe you should watch it again a good five years from now,0,Attack,B,1,0,,,
2075,the only stupid question is the unasked one,and many of the questions that creationists ask,0,Attack,B,1,0,,,
2421,We should grant politicians immunity from prosecution,Immunity for politicians hurts the image of their office,0,Attack,B,1,0,,,
2378,yes i never thought of that but that is a brilliant question and so true when you are part of a big family you should have a say in things that affect you ,for a successful economic union cultural union should be followed,1,Support,B,0,1,,,
2331,ten hour tennis marathon,maybe in fancy dress,1,Support,B,0,1,,,
2256,lucca is lovely and off the tuscan beaten track,it is very hard to reach,0,Attack,B,1,0,,,
2307,of course not are you crazy a drug is always a drug other than for medicinal purposes keep it away from my country,antibiotics are drugs drugs that save lives,0,Attack,B,1,0,,,
1786,hey razza for i wanna say thanks for standing up for what u believe in most people want hard evidence that will prove gods existence when really we ourselves are evidence that god exists,i have never seen an ape evolve into a human and although i have never seen god that makes more sense than evolution,0,Attack,B,0,1,,,
30,Cameron had it right and UKIP could tip the balance towards Labour in the crucial marginal seats in the GE where the battle will take place .,"UKIP would seek to make the 2014 elections to the European Parliament a referendum on open borders, he said.",1,Support,B,0,1,,,
673,"If we leave the EU we will save billions of pounds which can then be invested in our ailing national infrastructure, notably the NHS.",Former Europe Minister Denis MacShane said the EU was Britain's biggest trading partner.,0,Attack,B,1,0,,,
443,Beyond leaving the EU and migration what policies do ukip have?,"I fear that on climate change and energy policy, UKIP have nothing to offer.",1,Support,B,0,1,,,
2609,one million voters disagree with you what do you think they saw in this movie that you did not,yes completely agree i loved this film watched it twice on successive nights what a clever storyline and full marks to sam rockwell wonderful actor,1,Support,B,0,1,,,
354,"The momentum is definitely with UKIP at the moment, hopefully that will continue with the up and coming by-elections.",He said the UKIP had never been more important for our freedom as a self-governing democracy and had to go on telling the truth about Europe.,1,Support,B,0,1,,,
189,People are not voting for UKIP because of immigration propaganda but because of their direct experience of immigration.,"Isolating Britain and damaging Britain's reputation is not the right history to write, he said.",0,Attack,B,1,0,,,
630,"I don't necessarily think Nigel Farage is worthy of PM, I think they need a new leader.",Dr North does have other reservations about Nigel Farage - including what he sees as his lack of political acumen.,1,Support,B,0,1,,,
103,"On voting day, this week the vast majority of the British public will not vote for UKIP.","I believe that what UKIP is doing is vital for this country, and they will get more votes than people might expect.",0,Attack,B,1,0,,,
1154,hi pvm they finally got things straightened out,icdesignas far as scientific findings go the numbers of evolution believing scientists is on a major decline,0,Attack,B,1,0,,,
305,Ukip are doing well for the very simple reason folk have at last realized that they are being lied to by LibLabCon and now have somewhere else to go.,"UKIP backed my candidacy and that was great, Mr Hollobone said.",1,Support,B,0,1,,,
250,"I would say it's the anti-ukip brigade who have no substance to their argument (or facts), they simply shout ""racist"" with nothing to substantiate this slur, or become crude and insulting.","At the local elections last week, the UKIP - which campaigns for the UK to leave the EU - made substantial gains, while the Conservatives lost control of 10 councils.",1,Support,B,0,1,,,
1307,an underlying assumption of id is that intelligence is a property which we can generally understand through our observations of intelligent agents in the natural world, without a scientific definition of natural scientists cannot distinguish between natural explanations and supernatural ones,0,Attack,B,1,0,,,
930,okay lets start with how id tries to infer design namely by using the design inference,pvm i am sure that highlander is familiar with the  foundational works of behe and dembski  both rely on the absence of science being  able to explain a particular feature to infer design,0,Attack,B,0,1,,,
1842,to me this is a simple one evolution all the way,you say the bible is the only proof of creationism,0,Attack,B,0,1,,,
1493,i must admit this would all go a lot smoother if there were no word count limits or rules about how many posts you could make at a given time,i take it your also a closet fan of hugh ross am i right dnot really he tries hard but fails,0,Attack,B,1,0,,,
1605,you cant prove anything using that same thing you have to use evidences outside of that,there is no proof that there even exists a god to begin with so in that case you cant really use that either,0,Attack,B,0,1,,,
2222,the most practical triumph of science over religion is not the acceptance of the fact of evolution by the pope or of the acknowledgement of a heliocentric solar system it was in the seventeenth century when churches began to put up lightning conductors,i was reminded of this also,1,Support,B,0,1,,,
2523,We should negotiate with terrorists,Negotiation encourages more terrorism,0,Attack,B,1,0,,,
402,Cameron had it right and UKIP could tip the balance towards Labour in the crucial marginal seats in the GE where the battle will take place .,"UKIP, which campaigns for the UK to leave the European Union, has performed well in recent Westminster by-elections and polls have suggested it has enjoyed a surge in support.",1,Support,B,0,1,,,
2553,Transparency is necessary for security,Transparency helps reduce international tension,1,Support,B,0,1,,,
2382,no the area is a visual area and needs to be thinner that two millimeter,yes an aesthetical area needs a smaller thickness,1,Support,B,0,1,,,
1749,but i can see she didnt teach you much,i didnt respond to a word of your post because you didnt give me a word to respond to that wasnt an attack itself,1,Support,B,1,0,,,
527,UKIP's sole aim at the general election is to get a smallish number of MPs elected but enough to hold the balance of power and do a deal with the Tories.,"David Cameron should consider a pact with UKIP, his elections adviser has said.",1,Support,B,0,1,,,
1060, jay intelligent design id has scientific merit in paleontology because in many instances it can be applied to the fossil record to detect where design has occurred in the history of life by finding the rapid introduction of large amounts of complex and specified information csi,since we proposed punctuated equilibria to explain trends it is infuriating to be quoted again and again by creationists  whether through design or stupidity i do not know  as admitting that the fossil record includes no transitional forms,1,Support,B,1,0,,,
500,It is because of UKIP that we are finally discussing the European question and about immigration and thank goodness for that.,Mr Fabricant said an electoral pact with UKIP - in which the Tories would promise a referendum on European Union membership after 2015 and in return UKIP would not stand against Tory candidates - could help the Conservatives win an extra 20-40 seats at the next election.,1,Support,B,0,1,,,
623,The more the 'mainstream' parties smear and lie about UKIP the more their support rises.,"He also suggested that his party might get its first seats in the UK Parliament at the general election in 2015, and argued it was not just taking votes from the right wing of British politics.",1,Support,B,0,1,,,
2117,they sneer down at anyone like me who does not agree with them instead of debating the facts evolutionists will often resort to attacking the intelligence or lack of it in their opponent,actually i do not sneer at you i laugh at you and i do not attack your intelligence but your knowledge,0,Attack,B,1,0,,,
239,Big business will not support UKIP given the devastation that withdrawal from the EU would cause.,"YouGov polling guru Peter Kellner warned people around Ed Miliband, who were contemplating a referendum pledge, that it would be a foolish move.",1,Support,B,0,1,,,
1025,the response to my comment id contradicts itself is a series of peculiarly unclear assertions,guided by a larger force,0,Attack,B,0,1,,,
2415,We should grant politicians immunity from prosecution,In the event of major abuses of power it should be the public that holds politicians to account,1,Support,B,0,1,,,
2187,i wonder how it is that giannas mother was able to obtain an abortion at  months gestation,i agree that is one very important question the article does not address ,1,Support,B,0,1,,,
884, teaching creationism is dangerous to science and reason  if a theory that does not follow the scientific method is taught in schools as science science and reasoning will be undermined, creationism is not scientifically testable,1,Support,B,0,1,,,
247,"I think Farage makes a much better leader than any of the other parties, he's full of enthusiasm and is not a PR man like the current leaders of the 3 main parties.",Farage insisted that leading a serious party did not mean becoming a cardboard cut out politician and that he would maintain his fervour.,1,Support,B,0,1,,,
1363,bowman arguesthe board members werent even aware of the wedge document a dated ten years internal document of di and neither relevant to dover v kitzmiller nor to the id hypothesis,ids designer wink wink is just an evolved concept just like creationist became cdesign proponentist to design proponent,0,Attack,B,1,0,,,
840,"I don't think most people realise the benefits of free trade at all, and UKIP capitalise on peoples ignorance of the benefits of free trade as much as they can.","They say it would lead to legislative gridlock, a failure of the single market and an end to free trade as national parliaments adopted protectionist policies across the union.",1,Support,B,0,1,,,
1781,ok so youre saying since youve never seen an ape which is the wrong animal again evolve into a human and never seen god create a human god wins this debate so just because we havent proven were from chimpanzees gives grounds to say god made us theres a huger spectrum out there,she said shes never seen an ape evolve into a human,1,Support,B,0,1,,,
2026, there is absolutely no proof for evolution, i didnt see it so it cant be true,1,Support,B,0,1,,,
1844,actully uncomplext compunds bonded to geather to create chemicals and very very uncomplect cell fragments that then banded to geather with otherthings for survival and formed the first very simple cells that then became more complext,god was created by people who needed faith in something,1,Support,B,0,1,,,
394,A forensic examination of UKIP's policies would nail once and for all the Establishment lie that they're a bunch of swivel-eyed lunatics.,UKIP Councillor David Silvester said floods had happened after David Cameron acted arrogantly against the gospel.,0,Attack,B,1,0,,,
774,It is more likely that Tory voters would vote tactically for UKIP to keep Labour out and that means Labour are at a real disadvantage. ,It was a very comfortable win for Labour who secured over 50% of the vote.,0,Attack,B,1,0,,,
2480,We should use torture to obtain information from suspected terrorists,Terrorist organisations such as Al Qaida do not respect the rights of individuals and the only way to fight fire is with fire,1,Support,B,0,1,,,
2556,Transparency is necessary for security,In security too much transparency endangers lives,0,Attack,B,1,0,,,
1606,there is no proof that there even exists a god to begin with so in that case you cant really use that either,read romans chapter ,0,Attack,B,1,0,,,
494,UKIP's sole aim at the general election is to get a smallish number of MPs elected but enough to hold the balance of power and do a deal with the Tories.,"We're not going to do a pact with UKIP anymore than I'm going to do a pact with the Lib Dems and go into the next election with them, said Mr Shapps.",0,Attack,B,1,0,,,
985,im hardly the authority for all the great questions in life,im hardly the authority for all the great questions in life,0,Attack,B,0,1,,,
775,"The sooner we are out of the EU, the sooner we can start making this country great again.","In a separate interview with BBC Radio 5 live, he warned of the possible consequences of an in-out referendum on the UK's relationship with the EU.",0,Attack,B,1,0,,,
2130,the no brainers gun nuts have a modicum of brain though enough to show them that without guns there can be no shootings,and without a limited lifespan there would be no death but we do not live in such a world so shut up and get onto a more relevant topic,0,Attack,B,1,0,,,
1355,he was a judge,as explained on that page some of the scientific journals and other prestigious academic sources that have published peerreviewed scientific publications by id proponents supporting core id arguments includeand then the discovery institute continues to claim some journals without providing much of any reference to the actual papers,0,Attack,B,1,0,,,
539,UKIP will not improve public services.,"She will add that the bill will further reform the immigration system by tightening immigration law, strengthening our enforcement powers and clamping down on those from overseas who abuse our public services.",0,Attack,B,1,0,,,
1953, evolution is just logic, hahaha theres always one that slips through the net,1,Support,B,1,0,,,
866,UKIP are in no way a single issue party and if Labour or the Conservatives were to give us a referendum UKIP would still have a full manifesto that would attract many voters.,Mr Farage has successfully broadened UKIP's appeal away from Europe.,1,Support,B,0,1,,,
933,naming two well known id proponents does not a citation make to support pvms twisted version of id arguments,seems highlander was somewhat quick in his response as i am more than willing to support my claims,0,Attack,B,1,0,,,
94,"I agree with UKIP on the EU, but the rest of their policies are dangerous right wing bile.","No matter how uncomfortable it makes our metropolitan elite, we have to deal properly with fears over immigration.",0,Attack,B,1,0,,,
997,oasthadare we machines choosing between incorrect and correct responses or are we sentient being choosing between good and evil how could you not teach thisthats a good topic for sunday school,id is offered as an explanation for the complexity of life on earth which according to id proponents cannot be explained by random chance and survival of the fittest,1,Support,B,1,0,,,
125,"I agree with UKIP on the EU, but the rest of their policies are dangerous right wing bile.","Restrictions on movement of Bulgarians and Romanians within the EU are due to end on 1 January and there have been warnings that the UK could see an influx of migrants, so UKIP might be right to address this problem.",0,Attack,B,0,1,,,
55,"UKIP are not the answer, they are simply an annoying addition to the problem.",David Silvester of UKIP blamed recent flooding on the government's decision to legalise gay marriage - he was then suspended from the party.,1,Support,B,0,1,,,
2325,you can always check booking dot com it is always a safe choice i have been using it for several years now,indeed booking dot com is the best choice,1,Support,B,0,1,,,
1510,stop eating at creationists heads and settle down a tad,it is not entirely clear to me who you are inditing for being rude so i wont attempt to defend them,0,Attack,B,1,0,,,
1335,well isnt that what the whole debate here is about,tjagain you may have faith that methodological materialism will solve all of these problems in the distant future,0,Attack,B,1,0,,,
2172,a well regulated militia being necessary to the security of a free state the right of the people to keep and bear arms shall not be infringed the individual right to keep and bear arms shall not be denied or infringed by the state or a political subdivision of the state,other states have made similar revisions i would encourage people in states that have not to push their elected officials to do so,1,Support,B,0,1,,,
2563,Governments should be allowed to disrupt Internet service on grounds of national security,Disrupting internet service is a form of repression,0,Attack,B,1,0,,,
118,Intellectually I rate Farage much higher than Cameron; he has a very sharp and quick wit and is an excellent public speaker.,"To steal Lib Dem support, UKIP is trying to establish a more youthful base, helped by Nigel Farage's appeal.",1,Support,B,0,1,,,
679,"I don't necessarily think Nigel Farage is worthy of PM, I think they need a new leader.","In 2006, the lower-key Knapman retired, to be replaced by Nigel Farage, an eye-catching media performer who pledged to make UKIP a truly representative party, ending its image as a single-issue pressure group.",0,Attack,B,1,0,,,
169,It is because of UKIP that we are finally discussing the European question and about immigration and thank goodness for that.,The committee said the EU had helped to transform Europe from a continent of war to a continent of peace.,0,Attack,B,1,0,,,
1481,i appreciate that you are making attempts to answer all these issues,but i certainly do believe that nature exhibits intelligence and design not to mention beauty and love,0,Attack,B,1,0,,,
115,"The momentum is with UKIP; Labour, Conservative and Liberal areas are all now vulnerable to them. ","And he said that when it comes to being against Europe people prefer the original, UKIP, to the copy, everyone else.",1,Support,B,0,1,,,
1695,using logic to apply consistent artistry to the mass of creation we may assert the existence of the artist almighty god  if we exercise faith toward god by believing that he exists in the very manner that he says that he does then we may logically apply his consistent character including his artistic signature in creation to all things that god the artist creates,your argument breaks down if your audience rejects the notion that adam was created ex nihilo with the appearance of age,0,Attack,B,1,0,,,
2233,the age of  is an arbitrary designation,that is the premise of my question,1,Support,B,0,1,,,
2649,i turned this movie off halfway through because i was bored out of my skull then i come here and its got a high rating granted its got a good storyline good acting nice cinematography but somehow still managed to bore me to tears,too bad you turned it off halfway through because the ending totally rocks,0,Attack,B,1,0,,,
1818,prove it my good fellowdont proven itby the way,the process of evolution is fact,0,Attack,B,1,0,,,
1891,evolution does not neccasarilly contradict intellegent design,your right,0,Attack,B,0,1,,,
886, evolution is an observable fact  while creationists often attempt to describe evolution as merely a theory this is not exactly the case,teaching creationisms truth is necessary in upholding the truth of the bible,0,Attack,B,1,0,,,
2460,All nations have a right to nuclear weapons,Humanitarian intervention becomes impossible in states that possess nuclear weapons,0,Attack,B,1,0,,,
2508,I believe that opinion polls harm the democratic process,Opinion polls are harmful to the democratic process because they stifle debate,1,Support,B,0,1,,,
2088,evolution is the method that god used to create all things,well the point about evolution is that it does not need a god to tinker with it,0,Attack,B,1,0,,,
1047,ufcarazy although it is clear that id has led to some successful predictionsreally  what predictions has id made  and along those lines how exactly would id be falsifiable  without valid answers to these two questions it does not even begin to qualify as   science  , features that appear vestigial and functionless actually serve a function eg,0,Attack,B,1,0,,,
875,UKIP are not a single issue party anymore; UK Sovereignty is the crux of their party political platform but they've certainly expanded from that singular issue in recent years.,Mr Farage has successfully broadened UKIP's appeal away from Europe.,1,Support,B,0,1,,,
718,UKIP are in no way a single issue party and if Labour or the Conservatives were to give us a referendum UKIP would still have a full manifesto that would attract many voters.,"In 2006, the lower-key Knapman retired, to be replaced by Nigel Farage, an eye-catching media performer who pledged to make UKIP a truly representative party, ending its image as a single-issue pressure group.",1,Support,B,0,1,,,
1383,by the logic of the antiidists the current theory of evolution is an atheistic theory because richard dawkins once stated it allows for one to be an intellectually fulfilled atheist,joe gthe only way to label intelligent design religious is to change the definition of religion,0,Attack,B,0,1,,,
1571,yes im fully aware what a solar eclipse is,actually im not simply looking backwards,0,Attack,B,1,0,,,
1191,anybody that thinks there is currently a healthy scientific debate over intelligent design has missed the history of the last  years,theology it says in his profile,1,Support,B,0,1,,,
183,A strong UKIP vote suggests there's a lot of the British public who aren't on board with the current set-up.,Nigel Farage and UKIP are the last best hope for Britain.,1,Support,B,0,1,,,
1213,remember this is about islands claim and carters arguments,islandpvm sayslets see what we can track down via wikipedia which is always a good start for any researchnot where this subject is concerned,1,Support,B,1,0,,,
505,If there are enough Ukip votes it should frighten all the parties sufficiently to make them realise they can't just ignore the electorate.,He said the level of interest showed rivals and the media were scared witless of UKIP's recent successes.,1,Support,B,0,1,,,
224,"The momentum is with UKIP; Labour, Conservative and Liberal areas are all now vulnerable to them. ",The safest way to protect Britain's interests is to vote Conservative.,0,Attack,B,1,0,,,
249,"UKIP are a fairly right wing group as I'm sure will become clear when they actually produce some policies other than the ""its all the eu's"" fault.",A UKIP candidate in Somerset was suspended from the party on Tuesday after a photo of him apparently making a Nazi-style salute appeared on his Facebook page.,1,Support,B,0,1,,,
911,laurie goodstein, public opinion is unimportant to whether creationism belongs in science classes  public opinion does not determine whether creationism qualifies as science,0,Attack,B,1,0,,,
2333,maybe you could have a cake sale,indeed a cake sale sounds like a good idea,1,Support,B,0,1,,,
823,"It feels like UKIP is anti most things and base their politics on this: Anti-aid, Anti-immigrant – at times even anti-politics; it is therefore difficult to understand what they actually stand for and want to work towards.",UKIP leader Nigel Farage said any members proven to have extreme right wing views would be expelled.,0,Attack,B,1,0,,,
2514,I believe that opinion polls harm the democratic process,Citizens have a fundamental right to vote on whatever the basis they choose,0,Attack,B,1,0,,,
2067,so in conclusion as the alleged science of evolution is based solely on predetermined assumptions so is the myth of global warming,in short you have nothing but faith and seek to project it where it has no place,0,Attack,B,1,0,,,
1585,this thread has been kept going by three people who have voted no to the question of a six day creation,there are two possibilities about the origin of the universe it blinked into existence,1,Support,B,1,0,,,
2215,is not it amazing how quickly creationists will accept natural selection and superfast evolution when it supports their beliefs,another of my favorites is how they loudly criticize radiometric dating most commonly radiocarbon dating because they know no other kind then shout from the rooftops that radiometric dating confirms the genuineness of two tousand year old manuscripts,1,Support,B,0,1,,,
9,A vote for UKIP would be a vote for a Tory-UKIP alliance that would be more right-wing than a Tory government.,"UKIP also backed a flat rate tax, favouring the well off, although they admitted that the party was having an internal debate about whether this should have two-tiers.",1,Support,B,0,1,,,
1456,the following statement by the employee of ncse is the exact form of inference to the best explanation that id scientists use to demonstrate that there is intelligence behind life,idnetthe following statement by the employee of ncse is the exact form of inference to the best explanation that id scientists use to demonstrate that there is intelligence behind life,0,Attack,B,0,1,,,
202,"Even a UKIP European candidate, Janice Atkinson, another ex-Tory, admits leaving the EU would be problematic.","Speaking on The World At One Nigel Farage, leader of the UKIP party, told presenter Shaun Ley that he believes that UKIP are offering a real alternative, and leaving the EU is at the heart of it.",0,Attack,B,1,0,,,
1794,therefore your usurpation of supposed assumption of stated opinion cannot be proven or supported by evidence but is not substantial enough to answer the question specifically,what evidence is there that universal evolution doesnt exist the universe constantly changes,1,Support,B,1,0,,,
287,"For many UKIP voters, it does not particularly matter what the party's policies are, but that UKIP is not Labour or Conservative.",UKIP made gains in local elections as the Tories lost control of 10 councils.,1,Support,B,0,1,,,
266,The more the 'mainstream' parties smear and lie about UKIP the more their support rises.,"UKIP recorded their best ever Westminster election performance and brought humiliation to the Conservative candidate, in the process triggering a debate within the party about how to deal with their rivals.",1,Support,B,0,1,,,
1531,um this thread is months old and no one is reading it,i know this sounds crazy but in a weird way im honored to get a response from you,0,Attack,B,1,0,,,
39,I'm no fan of UKIP but well done to them for initiating a much needed shake up of British politics.,"He told the BBC that UKIP, which wants Britain to leave the EU, was making its cause more mainstream among Labour and Tory MPs via its campaigning.",1,Support,B,0,1,,,
1371,instead this appears to be an abuse of copyright without an argument on crowthers part,the u,1,Support,B,1,0,,,
731,UKIP isn't committed exclusively to either right-wing or left-wing ideology and that’s a very good place to be.,He said UKIP was clearly taking a very right wing position which pandered to an obvious anti-Europeanism.,0,Attack,B,1,0,,,
480,It is because of UKIP that we are finally discussing the European question and about immigration and thank goodness for that.,"Mr Cameron also said he did not think it would be right for Britain - or in the national interest - to leave the EU entirely, pointing out that some 50% of nation's trade was with the EU.",0,Attack,B,1,0,,,
468,UKIP actually wants to repeal the Human Rights act which is in place to guarantee basic human rights and would be disastrous if they ever were successful with this.,"I believe that what UKIP is doing is vital for this country, and of course the party's financial management is crucial.",0,Attack,B,1,0,,,
533,"It feels like UKIP is anti most things and base their politics on this: Anti-aid, Anti-immigrant – at times even anti-politics; it is therefore difficult to understand what they actually stand for and want to work towards.","He also warned that if a proposed referendum led to the UK leaving the EU, there would be dire consequences for the country's global influence.",1,Support,B,0,1,,,
1472,i appreciate he way you have taken time to methodically object,but most of it seems to be in the responsesuch as  because the ncse thinks science should be a voting contestthats just plain silly its the dissent from darwinism which attempts to create a controversy where there is none,0,Attack,B,1,0,,,
529,A strong UKIP vote suggests there's a lot of the British public who aren't on board with the current set-up.,"Britain would prosper outside the EU, he argued, and talk of its losing trade was not credible.",1,Support,B,0,1,,,
2539,We should allow voting at 16 in European Parliament elections,This would complicate elections,0,Attack,B,1,0,,,
2199,when evidence is interpreted it is interpreted by flawed and failed humans with biases just like everyone elses,right that certainly explains the many many versions of christianity,1,Support,B,0,1,,,
1740,you said tentacles could become legs,because you cant imagine a reason why both chimps and humans have a chunk of dna that has the same viral code doesnt mean its   evolution  ,1,Support,B,1,0,,,
826,UKIP will continue to grow as will the arrogance of the other parties.,Small parties have a habit of disintegrating into internal warfare or being wiped out by the vagaries of the electoral system and political fashion - British politics has seen a few come and go over the years.,0,Attack,B,1,0,,,
1332,tjit is the scientific evidence that is important,ok you are right on this point as well,0,Attack,B,0,1,,,
744,"UKIP are a fairly right wing group as I'm sure will become clear when they actually produce some policies other than the ""its all the eu's"" fault.",It is not clear how well the eurosceptics will get along - UKIP has said it will not work with the far right parties from France and the Netherlands,0,Attack,B,1,0,,,
688,UKIP is the only party that has understood the damage immigration does to the UK and its policies aim at repairing this.,"Mr Farage, speaking to the BBC's Len Tingle, said the election result represented significant progress.",1,Support,B,0,1,,,
2251,i think ps is better,on the xbox the graphics and controls are way better could not disagree more,0,Attack,B,1,0,,,
593,UKIP is a vessel through which a protest is being delivered. ,"He said it was proof that UKIP is no longer just a protest party and is broadening its appeal across the country, not just the south of England.",0,Attack,B,1,0,,,
52,The only reason we are even having a sensible debate about Europe are UKIP.,UKIP said it was reflecting real public concerns about the issue.,1,Support,B,0,1,,,
704,"UKIP specifically targets and stigmatises people from specific nations, mostly eastern Europeans, arguing these comments are ‚Äúfine‚Äù because they only represent national not racial stereotypes. They are being extremely racist with their political approach in a way that may be borderline legal, but definitely not okay.","Mr Dimitrov said UKIP leader Nigel Farage was usually very feeble in presenting solid arguments, suggesting he preferred to engage in propaganda which deviates markedly from the essence of the debate.",1,Support,B,0,1,,,
1143,design is recognized in the purposeful arrangement of parts storms  tornadoes hurricanes etc,im sorry but this argument of design is apparent not real always make me scratch my head in bewilderment,0,Attack,B,1,0,,,
1862,that if you look into all beliefs and theories you will find a flawthis is very true for almost all theories,the list practically goes on,1,Support,B,0,1,,,
1867,ok,wow,1,Support,B,0,1,,,
1053,there was much that darwin did not know at that time that we now know and his original theory has since been supplanted by more modern versions of his theory,yet it demonstrated a radical   change   over the comparatively short span of twenty years,1,Support,B,0,1,,,
1757,i really feel sorry for you,the history of the bible including its compilation by the early church is quite well known,1,Support,B,1,0,,,
2542,We should force think tanks to reveal all of their sources for resource funding,Think tanks??? power of objectivity is the best form of marketing for biased views,1,Support,B,0,1,,,
2237,it is my understanding that the rules are if you are banned you can not simply create a new id and return under it this happened when terral was banned and returned using a new id,oh thanks for pointing that out i did not recall reading that rule but it certainly makes sense,1,Support,B,0,1,,,
2279,high vehicle cost,that is only a short term problem these vehicles will get cheaper in time,0,Attack,B,1,0,,,
1021,my other comment focused more on my atheist background but i wanted to respond to your scientific misconceptions,the name intelligent design is itself a hoax,1,Support,B,0,1,,,
1853,no scientific evidence of course,the existence of the universe and life itself is considered mathematically impossibleim curious who other than yourself considers this to be the case,1,Support,B,0,1,,,
1789,oh boy here we go again,i could argue the many reasons i dont believe in creationism but i would never be able to end my list,1,Support,B,0,1,,,
821,"If we leave the EU we will save billions of pounds which can then be invested in our ailing national infrastructure, notably the NHS.","He also warned that if a proposed referendum led to the UK leaving the EU, there would be dire consequences for the country's global influence.",0,Attack,B,1,0,,,
322,The momentum is with UKIP; Conservative areas are all now vulnerable to them. ,"Peter Kellner, president of survey organisation YouGov, said he expects UKIP to worry the Tories by potentially wrecking their chances of winning an overall majority.",1,Support,B,0,1,,,
127,"In UKIP, we have a new political force which looks likely to poll very well in a national election.",Mr Aker said messages on the EU and immigration were getting through to disillusioned voters.,1,Support,B,0,1,,,
1109,the following is a quote from your points quote the more parts that appear to be arranged for a purpose and the more precisely they fit each other to achieve that purpose the more and more confident we can be in our conclusion of design,behe says intelligent agents can plan ahead and act on their plans,0,Attack,B,0,1,,,
1649,after the entire cain and able thing the brother left to another group of people to find a wife,aig argues that pretexts brought by the reader are to blame for difficulties accepting the bible as literal truth,1,Support,B,1,0,,,
674,"UKIP are a two trick pony, Europe and immigration that's it.","The charge put by its deputy leader David Campbell Bannerman when he defected to the Conservatives in the wake of the May elections was that UKIP remained, at heart, a single issue pressure group.",1,Support,B,0,1,,,
2538,We should allow voting at 16 in European Parliament elections,This would be a slippery slope to forcing all countries to allow the vote at sixteen for all votes,0,Attack,B,1,0,,,
1089,the only reason there would be more research into junk dna would be because id supporters have misunderstood what id has to say about junk dna  which is precisely nothing,i am always tickled by claims of id advocates that darwinism stifles inquiry and that only id creationism will break the shackles that darwinism puts on the mind that id creationism will open avenues of insight into practically everything,1,Support,B,0,1,,,
675,"If UKIP took all their anti-establishment guff and turned it on the banks and financial institutions then they would have more legitimacy, but instead they turn on Polish and Roma fruit pickers who do unskilled work for minimum wage.","On Friday the Advertising Standards Authority (ASA) announced that it was investigating, following 60 complaints, a scheme which saw vans drive through London calling on illegal immigrants to go home or face arrest.",1,Support,B,0,1,,,
2449,The voting age should be lowered to sixteen years,Voting at 16 would help rebalance voting ages,1,Support,B,0,1,,,
171,If anyone seriously thinks that UKIP will offer some kind of answer to our current problems then I think that they are going to be sadly disappointed.,"Mr Wheeler, who has criticised David Cameron's attitude to the EU, said UKIP's success was vital.",0,Attack,B,1,0,,,
1086,ian asksif a prominent id advocate cant even get the description of one basic paper right how are they going to handle more complicated papers on the evolution of the immune systemin other words its not just the ignorance of science but the ignorance of the id proponent which seems to trigger design inferences,id has legal and educational merit because it is a bona fide scientific theory ,1,Support,B,1,0,,,
582,A strong UKIP vote suggests there's a lot of the British public who aren't on board with the current set-up.,"He said the UK should quit the EU, with the referendum being moved forward.",1,Support,B,0,1,,,
870,"If UKIP don't like being smeared, then they need to stop smearing, stigmatising, and fear mongering about others.",UKIP leader Nigel Farage said any members proven to have extreme right wing views would be expelled.,0,Attack,B,1,0,,,
1835,no evolution has yet to proven,evolution has not ceased in any animal,0,Attack,B,1,0,,,
838,The people and media that are criticising UKIP are highlighting the genuine concerns about UKIP and their policies towards immigrants.,"UKIP, which has called for withdrawal from the European Union and greater restrictions on immigration, has seen improved poll ratings this year.",0,Attack,B,0,1,,,
427,"It feels like UKIP is anti most things and base their politics on this: Anti-aid, Anti-immigrant ‚Äì at times even anti-politics; it is therefore difficult to understand what they actually stand for and want to work towards.","He also warned that if a proposed referendum led to the UK leaving the EU, there would be dire consequences for the country's global influence.",1,Support,B,0,1,,,
1525,purelabor claims that there is no proof for either side,you cant offer anymore than theory for one or the other,0,Attack,B,0,1,,,
549,"The People's Army is on the march and UKIP will get Britain back from the Liblabcon, Establishment and MSM political abusers of our country.",UKIP has won 42 seats so far and is averaging 26 per cent of the vote in the wards where it is standing.,1,Support,B,0,1,,,
1641,i do not believe in science,all this is hard to understand,0,Attack,B,0,1,,,
2070,no its not that is a strawman i have never stated anything of the sort,strawman argument obviously you never said it your inferior intellect cannot articulate what you really mean it requires articulation by a superior being such as i ,0,Attack,B,0,1,,,
467,"UKIPs main issue has always been the EU, immigration has just been the bit that highlights what a failure the project has been.","UKIP's local election manifesto, concentrates on its flagship policy of ending open door immigration and putting pressure on the government not to lift restrictions on workers from Bulgaria and Romania on 1 January, which proved a successful formula in Eastleigh.",1,Support,B,1,0,,,
541,UKIP getting a large chunk of the vote in the EU elections sends a message to Europe that they cannot take the UK membership for granted.,"In his keynote speech at the UKIP conference on Friday, Mr Farage predicted UKIP would cause a political earthquake at next year's European elections.",1,Support,B,0,1,,,
1176,months later and i think we can agree pandas did not advocate religion,is   intelligent design   sciencemost definitely yes otherwise no one could argue it was wrong in the first place,0,Attack,B,0,1,,,
1638,i dont see what is so hard about it,your stating what you believe not what can be demonstrated scientifically,0,Attack,B,1,0,,,
520,"Europe is no longer fit for purpose and we'd do better to be out than in, plus save a whole load of cash.",Former Europe Minister Denis MacShane said the EU was Britain's biggest trading partner.,0,Attack,B,1,0,,,
1714,imagine you found a grain of rice and you wanted to measure its length,calling the ort cloud a guess is disingenuous at best,1,Support,B,0,1,,,
2570,im not saying its a bad movie but its no where near as special as it has been made out to be,the pacing can be slow at times but overall watch it again and think about it yeah this film is pretty awesome is what will come to mind,0,Attack,B,1,0,,,
977,i fail to see how id can help us here,it allows some people to scientifically believe in   god   ,0,Attack,B,1,0,,,
2253,nobody buys books anymore,lots of people buy books now a lot of people still prefer the feel of paper,0,Attack,B,1,0,,,
295,I suspect when people do start to focus and the election is close UKIPs incoherent policies will be exposed.,"UKIP appears to have struck a chord with many voters on the issue of immigration, campaigning against the relaxation of working restrictions on Bulgarians and Romanians due to come into force in January.",0,Attack,B,1,0,,,
157,"If UKIP don't like being smeared, then they need to stop smearing, stigmatising, and fear mongering about others.",Mr Nattrass said this was untrue and accused theUKIP leadership of stupid and childish behaviour.,1,Support,B,0,1,,,
1004,as much as i might believe that there is some sort of creator and that a creation occurred you cannot justifiably intermingle science and religion,id has no merit except as a religious idea,1,Support,B,0,1,,,
1439,you continue to quote dishonest sources,the ncses response to id is that about  scientist dont believe in id and you shouldnt either,0,Attack,B,0,1,,,
969,if youre tired of debating pandas fine,if intelligent design is a valid scientific concept why is it that we have examples of idiotic design in so many organism including vertbrates all their eyes are wired backwards making their retinas vulnerable to damage,0,Attack,B,0,1,,,
1308, without a scientific definition of natural scientists cannot distinguish between natural explanations and supernatural ones,youre right much if not all of the claims about supernatural claimspremises of id make it invalid rest on some faulty views on what supernatural actually means,1,Support,B,0,1,,,
1784,i agree totally with what you said cerin,the theory behind evolution is not that an organism evolves during its lifetime but that the species evolves over thousands if not millions of years or generations,0,Attack,B,0,1,,,
1985, being an atheist in a catholic school i can tell you that catholicism or christianity does not dispel the idea of evolution, you have to consider the alternative explanations for our existence and the evidence for and against each  oh by the way  year long consensus doesnt count as evidence      i dont think theres any need to go too deeply into the evidence for evolution by natural selection but as most people will know there is some although controversially scarce evidence in the fossil records for common ancestry as well as similarities of existing species physiological and genetic makeup,1,Support,B,0,1,,,
2369,bryan cranston and the support cast make breaking bad one of my all time favourites,perhaps the most quality consistent series with a stellar character development,1,Support,B,0,1,,,
2126,the only obsession i see is the obsession gays have in seeking acceptance for their lifestyles,you keep starting all these threads on gays called obsession,0,Attack,B,1,0,,,
1600,is god all powerful no because he gave that up when he gave mankind free will,so if god is not all powerful and all knowing then god is fallible,1,Support,B,0,1,,,
1976, as a general common sense rule you really shouldnt get into a debate against evolution unless you have some basic understanding of the process of evolution, i find it relevant to point out that the answers in the against evolution is wrong column are nearly twice as long as those in the for evolution is wrong,1,Support,B,0,1,,,
2452,The voting age should be lowered to sixteen years,Young people would be more likely to misuse their vote,0,Attack,B,1,0,,,
865,"UKIP are a fairly right wing group as I'm sure will become clear when they actually produce some policies other than the ""its all the eu's"" fault.",You all think euroscepticism is a right-wing view - it is not.,0,Attack,B,1,0,,,
1088,none of these promises have much relevance to id as a concept nor have few if any come to fruition,the only reason there would be more research into junk dna would be because id supporters have misunderstood what id has to say about junk dna  which is precisely nothing,1,Support,B,0,1,,,
2574,animal kingdom is better than the town and winters bonei have just seen animal kingdom and wow what an awesome movie it was,i just watched last night and id have to disagree the leads performance in winters bone is on a completely different level,0,Attack,B,1,0,,,
1390,joe gnow you are just lying,einsteinit was of course a lie what you read about my religious convictions a lie which is being systematically repeated,1,Support,B,0,1,,,
864,A vote for UKIP would be a vote for a Tory-UKIP alliance that would be more right-wing than a Tory government.,He said UKIP was clearly taking a very right wing position which pandered to an obvious anti-Europeanism.,1,Support,B,0,1,,,
683,"I don't necessarily think Nigel Farage is worthy of PM, I think they need a new leader.",For Nigel Farage convincing his fiercest critics among UKIP's members and its estranged onetime supporters that he remains the right man to lead the party may be difficult.,1,Support,B,0,1,,,
1069,the di is correct to point out that a lack of merit of id should not be confused with its religious implications however the combinations of its religious foundations with a lack of scientific content provides a strong argument against id having merit scientifically and delegates it to the realm of theology,but i think you dont realize the importance of your concession that the di is correct to point out that a lack of merit of id should not be confused with its religious implications,1,Support,B,0,1,,,
1401,the  commandments are not the sole source of morality,what i am saying is if we teach laws,0,Attack,B,0,1,,,
1771,no but the point remains the same,so how is that not stupid if you can see the evidence for something and you continue to believe something else based on no evidence that is stupid,0,Attack,B,1,0,,,
967, pvm why would materialists impose the supernatural this just does not make sense,jumpstarti reckon well have to take your word on your christianity,0,Attack,B,1,0,,,
1214,islandpvm sayslets see what we can track down via wikipedia which is always a good start for any researchnot where this subject is concerned,whats there left to do,1,Support,B,1,0,,,
1792,therefore evolution has not been scientifically proven,i agreed with you up until reasonable doubt,0,Attack,B,1,0,,,
2423,European Parliament elections should involve only one voting district all of Europe and not separate country seats,One person one vote that will count in exactly the same way as everyone elses,1,Support,B,0,1,,,
406,"I suspect that even if political parties addressed many of the concerns that UKIP raise, it wouldn't make any difference - the UKIP voter would still find something about modern Britain objectionable.",But Mr Farage said he believed the number of Tory MPs committed to EU withdrawal was really rather small and those that were should consider whether they were in the right party.,0,Attack,B,1,0,,,
2035, darwin observed species and wrote it down  evidence, i think youll find there is,1,Support,B,0,1,,,
784,People are not voting for UKIP because of immigration propaganda but because of their direct experience of immigration.,"Meanwhile, the Bulgarian President Rosen Plevneliev has warned that Britain's immigration policy could harm its image as a great global power that pioneered integration.",0,Attack,B,1,0,,,
2471,We should create a United Nations standing army,A United Nations Standing Army would solve the problem of American military hegemony,1,Support,B,0,1,,,
1282,the reason we dont teach literature in home economics is because those two subject have seemingly absolutely nothing to do with one another,well since they do not it is a true statement,0,Attack,B,0,1,,,
2138,yes i believe in a young earth however at the end of the creation week it was fully mature i can easily see why men can say it looks old,but because your book of mythology tells you about a week of creation you prefer that because it requires less thought to examining reality,0,Attack,B,1,0,,,
659,"The problem with popularism but no substance, like UKIP represent, is that it just results in things getting worse and worse.",I believe that what UKIP is doing is vital for this country.,0,Attack,B,1,0,,,
1903, creationism is absurd and wrong and so its fellowtraveller intelligent design, to me there is no proof of a greater hand other than from the word of believers whose faith is based in belief and not in any form of evidence at all,1,Support,B,0,1,,,
409,Support for UKIP simply indicates that people have noticed that the major parties do not represent their interests.,"Our previous best-ever by-election result, a fortnight ago, was 14.3% and this one is comfortably over 20%, so, whichever way you look at it, UKIP is on the rise.",1,Support,B,0,1,,,
1274,intelligent design has been misrepresented as some kackamamy religiously motivated scheme by those who are afraid to challenge what they believe in,first off the human eye did not pop into existence by chance it is the result of billions of years worth of   evolution  ,0,Attack,B,1,0,,,
2166,in my lifetime we have made huge strides but there is a lot more to learn,agreed that is why a sensible interpretation of new data is so important ,1,Support,B,0,1,,,
796,"In UKIP, we have a new political force which looks likely to poll very well in a national election on thursday.",Mr Farage says he will give up as leader if UKIP doesn't win seats at Westminster at next year's general election.,1,Support,B,0,1,,,
937,your cites are worthless as defenses of your claims behe  dembski define id as an absence of science  what pages  what wordsdo you really think thats a clever proof of anything  you are not being very honest here pvm,i am not sure why highlander accuses me of not being honest when i provide the information and my explanation,0,Attack,B,1,0,,,
2640,this film is easily one of the best movies ive ever seen yes it is pretty easy to guess the ending but it still wasnt ruined by that fact it is a work of art it is rewatchable,i wholeheartedly agree ive just seen it tonight and was blown away by it i will be thinking of this movie for a long time,1,Support,B,0,1,,,
1300,even the antiidists require something beyond nature to explain the origin of nature,so id is about complexity and function but that merely describes what i outlined already,0,Attack,B,0,1,,,
2021, its not falling apart its evolving as new data arrives, people like you should be banned from this website,1,Support,B,1,0,,,
1564,as one commenter has already touched on,the bible is the most published and most wide spread book of all times,0,Attack,B,0,1,,,
682,"I think Farage makes a much better leader than any of the other parties, he's full of enthusiasm and is not a PR man like the current leaders of the 3 main parties.",But the peer said the choice for British voters at a general election was between David Cameron and Ed Miliband as prime minister.,0,Attack,B,1,0,,,
2269,community is my favourite,not one of my favourites,0,Attack,B,1,0,,,
2286,nothing is more important than my research time and i just think this is a distraction,but if we get this right we will waste less research time with dodgy students we wish we had rejected at interview,0,Attack,B,1,0,,,
2593,i read the book which is subtle philosophical and nuanced at the beginning of the year and last night i watched the dvd of this film what utter rubbish the film is a boring sweary standard thriller,i agree with about ninety percent of what you said i was also let down by this movie with all the hype this movie got before it was released i was expecting a masterpiece but no it was just puppet theater,1,Support,B,0,1,,,
1457,idnetthe following statement by the employee of ncse is the exact form of inference to the best explanation that id scientists use to demonstrate that there is intelligence behind life,when there was a move to distribute unlocking the mystery of life dvd to australian schools a few worried scientists headed by michael archer from unsw got together and signed a letter on behalf of  scientists and educators,0,Attack,B,1,0,,,
350,"In UKIP, we have a new political force which looks likely to poll very well in a national election.",He also insisted his party was not a pressure group anymore andhas a fully fledged manifesto.,1,Support,B,0,1,,,
339,The success Ukip had in the european elections will be sufficient to galvanise one or preferably all the other parties to rid us of the EU's political influence.,"It is doing the country serious damage because there are large numbers of potential investors in the UK who would bring employment here, who are being warned off because of the uncertainty all of this is creating.",0,Attack,B,1,0,,,
1725,if the   bible   is to be taken literally then wouldnt a literal interpretation include a literal interpretation of genesis,by supporting the idea that the bible stands or falls on a  day creation you have proven dr,1,Support,B,0,1,,,
739,UKIP is a vessel through which a protest is being delivered. ,"It is a disappointing result for the Conservative Party, but it is clear that, in mid-term by-elections, people want to register a protest.",1,Support,B,0,1,,,
2123,creation scientists read the sedimentary record of the placement of strata as evidence of the great flood while evo scientists read the same evidence very differently as evidence of an old earth,and creationists who can not tell the difference between cats and nuclear reactors do not understand fluid mechanics,0,Attack,B,1,0,,,
2044, it is only belief, youre right there isnt a shred of positive evidence for creationism and creationists dont even try,1,Support,B,0,1,,,
1655,the absence of a creator is not an assumption of the sciences,the notion that science assumes that theirsic is no creator and then prove it is plainly ridiculous,1,Support,B,0,1,,,
835,UKIP want to get us out of the EU to make the British people much worse off then they already are.,But UKIP said leaving the EU was the only way to fully take control of the UK's borders.,0,Attack,B,1,0,,,
490,"Ukip is the only party advocating withdrawal from the failing EU, a sensible idea for a lot of people!","UKIP's local election manifesto, concentrates on its flagship policy of ending open door immigration and putting pressure on the government not to lift restrictions on workers from Bulgaria and Romania on 1 January, which proved a successful formula in Eastleigh.",1,Support,B,0,1,,,
504,"In UKIP, we have a new political force which looks likely to poll very well in a national election on thursday.",But the peer said the choice for British voters at a general election was between David Cameron and Ed Miliband as prime minister.,0,Attack,B,1,0,,,
1832,if man evolved from apes then why is there still apes to evolve is to change and the ape didnt,just like pluto orbiting the sun completely and gravity theyre theories but in the scientific way of using the word,0,Attack,B,1,0,,,
101,"I voted Tory for 30 years and started supporting UKIP because I want a sovereign, democratic , well governed Britain with Britain put first and its getting clearer by the day that the old Liblabcon parties will not do that.",A shrinking economy in the final three months of 2012 meant that the Conservatives faced the prospect of a triple dip recession at the start of the year.,1,Support,B,0,1,,,
107,"I sense that Farage is a total megalomaniac, a charlatan, someone who is in it for the attention and the glory and that in a strange way, that many UKIP voters know this but don't seem to mind.",There's an attitude that either you keep silent about everything that's been going on in UKIP and wit Farage or suffer the consequences.,1,Support,B,0,1,,,
1314,the cause of the big bang is currently unknown but it is also undergoing investigation,the ayn rand center and i agree for once about the fact that id is nothing more than bait and switch and that id at best is a religiously motivated attack on science as the di seems to admit in their own wedge document,1,Support,B,0,1,,,
1172,its funny because i already named some provided resources to find them and yet you seemed to dodge the argument altogetherfollowed by the usual nonsense,not all this link was identified in my last reply    httpwww,0,Attack,B,1,0,,,
791,"UKIP will lead the UK to independence from the oppressive EU, which is the only chance Britain has at restoring its former glory.","Deputy Prime Minister Nick Clegg, whose Liberal Democrats oppose a referendum, said leaving altogether would make us less safe because we co-operate in the European Union to go after criminal gangs that cross borders.",0,Attack,B,1,0,,,
179,"The sooner we are out of the EU, the sooner we can start making this country great again.",Britain needs to be free to set its own trading relationships with the rest of the world.,1,Support,B,0,1,,,
1424, what predictions has id made and have they so far proven truesee the above links,some kind of entity capable of guiding ends to means and preplanning events or features before they happen or come into   existence   ,0,Attack,B,0,1,,,
2371,friends best comedy series ever nothing comes close to that,friends is my favourite television series it has a great sense of humor and very entertaining,1,Support,B,0,1,,,
1665,i have found that most web sights about religion and   evolution   are bunk and are promoted by an agenda not open to reason,why does any one think god is limited to time,0,Attack,B,1,0,,,
948,joegbtw pvm the scientific answer to ucd is we dont know,and as with all scientific inferences further research can either confirm or refute that inference,1,Support,B,0,1,,,
1747,the bible is in fact useless,at the risk of sounding like my mother i dont know what happened to you that caused you to hate christianity so but it is evident that you absolutely hate it,1,Support,B,1,0,,,
1289,i recommend this bookgod in the foxhole by charles sasser not that youll read it but hey its worth a try,in case you didnt see it their was an atheist or two in those foxholes but not for very long hahahasounds like a collection of anecdotal stories made by a biased source,0,Attack,B,1,0,,,
1411,some places do seem more open to honest debate over evolution rather than just trying to brainwash kids,you are confusing mn with is a methodology with a worldview again,0,Attack,B,1,0,,,
1487,the smoking guns are well established,jon buell the president of the foundation for thought and ethics testified in court enjoyby mr,0,Attack,B,0,1,,,
2364,increase in wall thickness and gradual angle reduction in pin area,i agree on that,1,Support,B,0,1,,,
622,UKIP is the only party that has understood the damage immigration does to the UK and its policies aim at repairing this.,"And he accused the government of burying their head in the sand over the size of the Roma community living in the UK, which he said was revealed in a recent study by Salford University.",1,Support,B,0,1,,,
2216,i thought the idea of starting threads on a topic was to start a discussion on that matter,yes that is logical,1,Support,B,0,1,,,
2357,electric vehicles,low co emissions ,1,Support,B,0,1,,,
782,UKIP doesn't need to win power to force the changes people want.,I can categorically rule out any form of electoral pact with UKIP or anyone else.,0,Attack,B,1,0,,,
267,"In UKIP, we have a new political force which looks likely to poll very well in a national election.","UKIP has gradually seen its poll ratings rise, overtaking the Lib Dems on a number of occasions, and putting in strong showings in recent by-elections.",1,Support,B,0,1,,,
849,"The UKIP party is a populist party at the right end of the spectrum, which exploits people's fears of the foreign and unknown.","The responsibility of politicians in this situation when people are getting anxious is to try to reassure them and give the facts, not panic and resort to populist measures that do harm.",1,Support,B,0,1,,,
2163,sounds great it is this aspect of our lives that the conservatives will not see but anyway more power to you and i hope that you and your partner have many long and happy years together,thank you i think we will,1,Support,B,0,1,,,
2487,The US should ban cluster bombs,Rejecting the Ban on Cluster Bombs Hurts the international image of the US,1,Support,B,0,1,,,
1908, creationism is not out of the picture, i do believe in creationism,1,Support,B,0,1,,,
1077, and this site says it better than i could,should we just reject the bigbang as being unscientific since it would require a supernatural cause according to the nd premise you list is the best you can really come up with is who designed the designer,1,Support,B,1,0,,,
2272,why not london has it all culture fun exhibitions parks what more do you want,better weather,0,Attack,B,1,0,,,
61,"In UKIP, we have a new political force which looks likely to poll very well in a national election.",But it has been criticised for relying too heavily on leader Nigel Farage to promote its policies.,0,Attack,B,1,0,,,
1701,if you believe in god which one and god gave you the brains to think then use your brains and follow the evidence,evolutionary theories the big bang hypothesis for instancethe big bang theory is not an evolutionary theory,1,Support,B,1,0,,,
314,If the other parties do tackle the issues of EU and immigration I'll be more than happy to see UKIP disappear.,"It is doing the country serious damage because there are large numbers of potential investors in the UK who would bring employment here, who are being warned off because of the uncertainty all of this is creating.",0,Attack,B,1,0,,,
2479,We should use torture to obtain information from suspected terrorists,In the event of an imminent attack it is only reasonable to use force to find information,1,Support,B,0,1,,,
1618,but how does the bible self authenticate the verses about four rivers coming out of eden it doesntyou must be joking,youre missing the point about the four rivers,0,Attack,B,1,0,,,
2360,go by bike,great idea,1,Support,B,0,1,,,
1223,and again the design inference is based on our current knowledge that being we have an understanding of what nature operating freely is capable of and we couple that with our knowledge of what designing agencies are capable of,if we dont know then no one can say that a designer was not involved or not required,0,Attack,B,0,1,,,
1911, yes yes yes the bible so contradicts that, you are under the mistaken impression that complexity and ability to buy washing machines equals more evolved,0,Attack,B,1,0,,,
2167,this is where the competition really occurs this is why natural selection the ability to go on to breed on the level of the population is actually nonrandom,wow supersport got something right,1,Support,B,0,1,,,
71,"The People's Army is on the march and UKIP will get Britain back from the Liblabcon, Establishment and MSM political abusers of our country.","Peter Kellner, president of survey organisation YouGov, said he expects UKIP to worry the Tories by potentially wrecking their chances of winning an overall majority.",1,Support,B,0,1,,,
792,"Ukip has British values, wants to get British industry kick started back to the fore front again, become more self-sufficient.",The committee said the EU had helped to transform Europe from a continent of war to a continent of peace.,0,Attack,B,1,0,,,
1530,your friend pvm gave out in this discussion  httpwww,um this thread is months old and no one is reading it,0,Attack,B,1,0,,,
1333,ok you are right on this point as well,tjok you are right on this point as well,0,Attack,B,0,1,,,
1904, to me there is no proof of a greater hand other than from the word of believers whose faith is based in belief and not in any form of evidence at all, amusing is all i can really say to cancers response,1,Support,B,1,0,,,
869,People are not voting for UKIP because of immigration propaganda but because of their direct experience of immigration.,"UKIP's local election manifesto, concentrates on its flagship policy of ending open door immigration and putting pressure on the government not to lift restrictions on workers from Bulgaria and Romania on 1 January, which proved a successful formula in Eastleigh.",1,Support,B,0,1,,,
511,"The problem with popularism but no substance, like UKIP represent, is that it just results in things getting worse and worse.",The group suggest that within five years UKIP will have more members than the Tories at the current rate of attrition.,0,Attack,B,1,0,,,
333,I suspect when people do start to focus and the election is close UKIPs incoherent policies will be exposed.,The scale of the UKIP threat will be tested in May's European elections.,0,Attack,B,0,1,,,
357,UKIP and the Greens are the only parties to date that haven't screwed us all over.,"In contrast, the Conservatives have seen their membership levels fall.",1,Support,B,0,1,,,
1474,i do not wish to begin to defend the di as i am not familiar enough with their theory,i am glad that someone is trying to oppose the paradigm of undirected chancenonintelligent necessity,0,Attack,B,0,1,,,
652,Plenty of survey's have shown UKIP to be the most hated of the main parties.,"UKIP appears to have struck a chord with many voters on the issue of immigration, campaigning against the relaxation of working restrictions on Bulgarians and Romanians due to come into force in January.",0,Attack,B,1,0,,,
1534,heres some links to actual passages something nick failed to provide as requested,debates like this do nothing more but cause problems for people who are trying to pursue legitimate alternatives to neodarwinian theory,0,Attack,B,1,0,,,
1248,how was catastrophism closer then the original darwinian theory  catastrophism offered no mechanism for the changes that we see was completely wrong as to what catastrophes occurred  how severe they were and when they took place,richard dawkins and victor stenger argue that the existence of a creative superintelligence or god are scientific questions,0,Attack,B,0,1,,,
537,"In UKIP, we have a new political force which looks likely to poll very well in a national election on thursday.","Mr Farage, speaking to the BBC's Len Tingle, said the election result represented significant progress.",1,Support,B,0,1,,,
853,"UKIP is a not a real party, with a clear global ideology and vision addressing all aspects of society: it is focusing on a handful of issues (all centered around membership in the EU and migrants), mostly ignoring global financial issues, health, education, security etc.",He said UKIP was clearly taking a very right wing position which pandered to an obvious anti-Europeanism.,1,Support,B,0,1,,,
515,UKIP are in no way a single issue party and if Labour or the Conservatives were to give us a referendum UKIP would still have a full manifesto that would attract many voters.,"But it is also one which means people often dismiss it as a single issue party, unlikely to become a force in Westminster politics.",0,Attack,B,1,0,,,
2045, youre right there isnt a shred of positive evidence for creationism and creationists dont even try, how com everyone here is bickering try the flood,0,Attack,B,1,0,,,
2250,i would suggest just buying a tablet either an ipad or any android tablet no need to pay the cost of a laptop,some tablets are more expensive than laptops so i propose to buy a laptop or a netbook,0,Attack,B,1,0,,,
1062,discovery institute quote mines mayrwhat one actually found was nothing but discontinuities,i was going to post a long reply discussing each quote in detail but i decided this was so much simpler,1,Support,B,0,1,,,
1675,the earth is not billions of years old because that would mean your ancient holy book and everything you believe in would be wrongim sorry but this took serious cahones to write as a defense of your beliefs,all aig is showing is that the author of one part of the bible took the author of another part of the bible literally not that either one knew what they were talking about,1,Support,B,0,1,,,
1445,how do we observe   evolution   occurring i do not see one creature evolving into another one,when i read casey luskins article he made some very good points,0,Attack,B,0,1,,,
1328, lets see would these titles copied from the table of contents of the house of representatives report entitled intolerance and the politicization of science at the smithsonian back up you or me  ,have you read the original emails based on which the conclusions were madeyou do understand the meaning of a congressional report by the majority party dont you,0,Attack,B,1,0,,,
1115,and one still wonders why id is considered to be scientifically vacuous by so many people including many christians,behe claims that that is not the sort of process one needs to build complex molecular systems,0,Attack,B,1,0,,,
599,"In UKIP, we have a new political force which looks likely to poll very well in a national election on thursday.","Since then, UKIP's fortunes have improved and it recorded its best performance in a parliamentary by-election in Rotherham in December.",1,Support,B,0,1,,,
2232,that is the opinion i hold that ccws should not be required but this thread assumes that ccws are required,that is why i voted as i did as well ideally i would prefer the none required policy,1,Support,B,0,1,,,
621,UKIP doesn't need to win power to force the changes people want.,"David Cameron should consider a pact with UKIP, his elections adviser has said.",1,Support,B,0,1,,,
1555,its not that cut and dried,its not that cut and dried,0,Attack,B,0,1,,,
1094,if theres something on    evolution   news its irrelevant to intelligent design andor distorted beyond all scientific recognition,if biology leads to new design if it is viewed in that contextand it never has and never will,0,Attack,B,1,0,,,
1301,so id is about complexity and function but that merely describes what i outlined already,how does the antiid position explain the bacterial flagellum it just evolved,0,Attack,B,1,0,,,
109,The success Ukip had in the european elections will be sufficient to galvanise one or preferably all the other parties to rid us of the EU's political influence.,"And with UKIP riding high in national opinion polls and coming second in the recent Eastleigh by-election, Mr Farage predicted his party would win seats in each of the 34 councils where elections are being held.",1,Support,B,0,1,,,
982,psyop asks rhetorically if the universe is expanding what happens when that expansion ceases first of all the expansion of our universe is an observed fact,the expansion of the universe is biblically supported,0,Attack,B,0,1,,,
2590,movies should be fun entertaining this movie is not waste of my time ,did you not see that last  minutes of the movie,0,Attack,B,1,0,,,
1718,you get a gold star there has to be a first cause and within chaos theory there is a possibility of artificial intelligence but self awareness that is the real problem,since when speaking to one of the other posters did chance become a word to bias any argument against   evolution    doesnt make sense unless the poster is reading into something that probably isnt inferred and possibly feels an affront to his or her sensibilities,1,Support,B,1,0,,,
509,"UKIP is certainly NOT racist or xenophobic - if you, as I'm you have done, read our policies on the website there is no suggestion of this at all, it is more a rumour and conspiracy of the lefties. ",Amjad Bashir was responding to comments on Wednesday's Daily Politics from ex-deputy PM Lord Heseltine that UKIP was a racist party.,0,Attack,B,1,0,,,
670,UKIP is a vessel through which a protest is being delivered. ,"The Conservatives have argued the surge in support for UKIP was essentially a protest vote, but Mr Farage dismissed this as the default position of the political establishment.",0,Attack,B,1,0,,,
2236,sometimes the state of the education system in the usa makes me cry,sometimes the state of the public education system in the us is downright criminally neglectful,1,Support,B,0,1,,,
164,A forensic examination of UKIP's policies would nail once and for all the Establishment lie that they're a bunch of swivel-eyed racists.,"When initially questioned over his comments, Mr Bloom told BBC News it would be absurd and ridiculous to label UKIP racist.",1,Support,B,0,1,,,
140,Cameron had it right and UKIP could tip the balance towards Labour in the crucial marginal seats in the GE where the battle will take place .,"Because when it comes to being against Europe, the people prefer, between the original and the copy, they prefer the original.",1,Support,B,0,1,,,
811,Plenty of survey's have shown UKIP to be the most hated of the main parties.,"Explaining his decision to swap sides, Mr Campbell Bannerman - MEP for the East of England - said UKIP had become obsessed with single issue politics, internal fighting and shouting from the sidelines.",1,Support,B,0,1,,,
1521,the national center for science education has a good reason to be concerned about intelligent design,perhaps what is needed is to distinguish between academic freedom and peer review,1,Support,B,1,0,,,
1861,aristotle socrates and plato,that if you look into all beliefs and theories you will find a flawthis is very true for almost all theories,1,Support,B,1,0,,,
609,A vote for UKIP would be a vote for a Tory-UKIP alliance that would be more right-wing than a Tory government.,UKIP leader Nigel Farage said any members proven to have extreme right wing views would be expelled.,0,Attack,B,1,0,,,
837,"UKIP will lead the UK to independence from the oppressive EU, which is the only chance Britain has at restoring its former glory.","In contrast, the Liberal Democrat's Bill Newton Dunn quit the Tories in protest at its increasing hostility to Europe.",0,Attack,B,1,0,,,
2314,i believe he overused the hero type of comic movies,i totally agree but do you not think that this is a characteristic that distinguishes all of tarantinos characters the exaggerated behavior,1,Support,B,0,1,,,
926,science is ultimately based on the scientific method which is used to support and confirm physical and chemical laws,grayling explains in his review of fullers latest book quite well how id is doomed to remain scientifically vacuousfuller has written about popper he seems to forget poppers killer point namely a theory that explains everything explains nothing,1,Support,B,0,1,,,
1387,as for scientific evidence for id start with the genetic code,as for scientific evidence for id start with the genetic code,0,Attack,B,0,1,,,
1698,therefore i dont have time to explore any other world viewsin other words religion is easy and science is hard,scientific evidence do you need i mean weve got writing from before  years ago evidence of mankinds making things over  years old,1,Support,B,1,0,,,
1501,you argue based on the ftes claims that the term creation and creationism had nothing to do with religion,in other words the terms as defined clearly mirrored what we know as creationism and that it was an inherently religious concept,1,Support,B,1,0,,,
1226,the only way that design could be detected in nature is if there were objects around that werent designed,and one of the reasons why id appears to be lousy theology but what the heck  i am sure iders can find yet another ad hoc explanation for this,1,Support,B,0,1,,,
592,The people and media that are criticising UKIP are highlighting the genuine concerns about UKIP and their policies towards immigrants.,"There needs to be a clearer narrative on immigration, stressing not only the need to restrict numbers, but also to determine which individuals, with what skills, enter our country, he said.",0,Attack,B,0,1,,,
709,The success Ukip had in the european elections will be sufficient to galvanise one or preferably all the other parties to rid us of the EU's political influence.,"UKIP, which has called for withdrawal from the European Union and greater restrictions on immigration, has seen improved poll ratings this year.",1,Support,B,0,1,,,
255,UKIP are not a single issue party anymore; UK Sovereignty is the crux of their party political platform but they've certainly expanded from that singular issue in recent years.,"We have fundamentally changed the national debate on Europe, immigration, education and I really believe that given the trajectory UKIP's on there is a real opportunity for us to get significant representation in 2015.",1,Support,B,0,1,,,
281,"I voted Tory for 30 years and started supporting UKIP because I want a sovereign, democratic , well governed Britain with Britain put first and its getting clearer by the day that the old Liblabcon parties will not do that.","Mr Cameron had given away too many powers and too much money to Europe, Farage said.",1,Support,B,0,1,,,
2625,the themes and the dark tragedy to life wrapped around a child is so realistic to how kids are raised now it is truly amazing and a feat to behold to see,i would never have thought pans labyrinth would be my sort of film but i was overwhelmed by it and i cant stop thinking about it it brought a tear to my eye on several occasions i agree one of my new favourite films of all time,1,Support,B,0,1,,,
570,UKIP is not at all taking into account the financial effects of leaving the EU: Europe is the main market for the UK. ,UKIP has evolved over the two decades since it was created from an anti-EU pressure group into a fully fledged party which has now proved that it can succeed beyond European elections.,0,Attack,B,1,0,,,
2125,the medical establishment has convinced people that we are what we are because what our genes say we are,which is why the medical establishment endorses smoking drinking heavily and a fatty diet with no excercise because they believe we are predestined by our genes right why do you persist with these blatant lies,0,Attack,B,1,0,,,
452,UKIP is a vessel through which a protest is being delivered. ,"Ahead of May's local elections, Conservative cabinet minister Ken Clarke dismissed UKIP as a protest party and a collection of clowns.",1,Support,B,0,1,,,
1031,in order to better understand intelligent design it is important to appreciate how it abuses and conflates terminologies,how does science explain information in life versus intelligent design proponents and why do id proponents misrepresent science when describing for instance neodarwinismcasey luskin writesproponents of neodarwinism contend that the information in life arose via purposeless blind and unguided processes,1,Support,B,0,1,,,
2326,i stayed a couple of times at the londa beach hotel it is fantastic friendly stuff great service and beautiful location,i went to its website and indeed it looks like a magnificent place to stay in,1,Support,B,0,1,,,
854,"Ukip has British values, wants to get British industry kick started back to the fore front again, become more self-sufficient.","That said, Lord Davies told peers the bill was an excellent idea, because he was quite confident that any such inquiry would decide that the benefits of EU membership outweigh the costs.",0,Attack,B,1,0,,,
1662,it is unfortuanate that creationists cannot be persuaded by facts,kent hovind is where he belongs  both of his ministries creation science evangelism and his dinosaur theme park were forprofit organizations,1,Support,B,0,1,,,
384,"I would say it's the anti-ukip brigade who have no substance to their argument (or facts), they simply shout ""racist"" with nothing to substantiate this slur, or become crude and insulting.","In an interview with The Times, Mr Farage accepted UKIP had struggled to attract talent in its early days, ofte ending up with members holding questionable views.",0,Attack,B,1,0,,,
787,UKIP's proposals on membership in the EU and migrants are at best purely demagogic: they do not take into account facts and more general issues.,He said people voted for UKIP because they were offering policy solutions and common sense ideas.,0,Attack,B,1,0,,,
1685,aig doesnt believe the geological data,there are some answers in there,1,Support,B,1,0,,,
1897, what i feel in this context is creationism is nothing but a wrong assumption, yes evolution has hard scientific fact and the creationists put all of their faith in a book that is supposed to be the word of god but it was written by people,1,Support,B,0,1,,,
2547,We should force think tanks to reveal all of their sources for resource funding,Overregulating think tanks sets a dangerous precedent,0,Attack,B,1,0,,,
2259,no it is athens mate,i like athens but it is definitely not the best,0,Attack,B,1,0,,,
1727,dr,a six day creation is a literal interpretation of genesis but it is not the only literal interpretation,1,Support,B,0,1,,,
279,"Any of the ""working class"" who believe UKIP will represent them have not read a UKIP manifesto!",The party's leader Nigel Farage has promised to cause a political earthquake at next year's polls after a strong showing in local elections.,0,Attack,B,1,0,,,
2499,I support the truth and reconciliation commission,The South African reconciliation commission has proven itself to be ineffective,0,Attack,B,1,0,,,
1179,the theory of   intelligent design   holds that certain features of the universe and of living things are best explained by an intelligent causefine,fine,0,Attack,B,0,1,,,
218,A vote for UKIP would be a vote for a Tory-UKIP alliance that would be more right-wing than a Tory government.,"The Conservative leadership was more committed to membership of the EU and more committed to denying us a referendum than ever before, Farage said.",0,Attack,B,1,0,,,
418,"As far as immigration is concerned all Ukip want is a level playing field for non EU migrants and to control the numbers so, if anything, Ukip are too soft on immigration.","Mr Farage will tell members at the conference in London that, by the 2015 general election, UKIP will overtake the Lib Dems in terms of its support base.",1,Support,B,0,1,,,
1587,read genesis chapter ,im going to ask both creationists and evolutionists to look at the following with a completely open mind for just one minute,0,Attack,B,0,1,,,
1378,unfortunately for them they have failed,why should i waste more than  seconds attempting to communicate with an ignoramusthere is a wonderful world wide web out there with a lot of substance,0,Attack,B,0,1,,,
571,The people and media that are criticising UKIP are highlighting the genuine concerns about UKIP and their policies towards immigrants.,"UKIP appears to have struck a chord with many voters on the issue of immigration, campaigning against the relaxation of working restrictions on Bulgarians and Romanians due to come into force in January.",0,Attack,B,0,1,,,
1434,the ncse says that    intelligent design    is a religiously motivated attack on science but the ncse does not claim that is why it should be rejected,id is not science because it can never make a prediction that is meaningful,0,Attack,B,0,1,,,
2496,I support the truth and reconciliation commission,Truth and reconciliation are more important than retribution following violent and long term conflicts,1,Support,B,0,1,,,
2203,if we bankrupt the country the war on terror will not be the reason,you are right it will be fighting the war in iraq,1,Support,B,0,1,,,
2470,We should promote democratisation,The immense cost and effort involved in sustaining democracy across the world in countries that are not prepared to fully accept responsibility themselves does not equal the benefits,0,Attack,B,1,0,,,
334,"As far as immigration is concerned all Ukip want is a level playing field for non EU migrants and to control the numbers so, if anything, Ukip are too soft on immigration.",Godfrey Bloom's and other UKIP party members' actions are an insult to all those who have fought against fascism.,0,Attack,B,1,0,,,
1503,in pandas we read creation means that the various forms of life began abruptly through the agency of an intelligent creator with their distinctive features already intact,   httpwww,0,Attack,B,0,1,,,
557,UKIP are a joke outfit full of small-minded Neanderthals who think the 1950s are the future.,Mr Farage has successfully broadened UKIP's appeal away from Europe.,0,Attack,B,1,0,,,
219,"My observation is that UKIP often are reluctant to directly answer any questions of substance, which can be accounted for by the fact that they really have no policies.","Mr Farage has abjectly failed to develop coherent policies and is not leading the party on the course to victory, she said.",1,Support,B,0,1,,,
328,If the other parties do tackle the issues of EU and immigration I'll be more than happy to see UKIP disappear.,"And at by elections voters are not choosing a government - they can shout loudly and protest, safe in the knowledge that it won't change the person who lives in Downing Street.",1,Support,B,0,1,,,
935,highlanderthe exact same is true when modern science reveals an ic structure such as the flagellar motor  assembly,highlanderi am sure that highlander is familiar with the  foundational works of behe and dembskiboth rely on the absence of science being  able to explain a particular feature to infer design,1,Support,B,1,0,,,
2073,with all the debt obama has generated for our nation he deserves to be filibustered into the ground ,which planet in your parallel uni haverse did this happen on you should stick to topics on which you know something,0,Attack,B,1,0,,,
2461,All nations have a right to nuclear weapons,Possessing nuclear weapons will be counter to the peaceful interests of states,0,Attack,B,1,0,,,
793,"ukip's policies on health, education, taxation and all the things that affect peoples lives are non-existent.",The two-day conference is also set to discuss the UKIP leadership's plans to ensure migrants have private health insurance and for social housing to be prioritised for people whose parents or grandparents were born locally.,0,Attack,B,1,0,,,
1161,i was using your rhetorical question to attempt to get a discussion going,it always devolves to this when talking to id proponents,1,Support,B,1,0,,,
1402,caseyas evidence that teaching id promotes religion auscs claims that phillip johnson the socalled father of intelligent design once told a religious audience that his goal is to use id to instill doubt about evolution in peoples minds and then introduce them to the truth of jesus christ,good arguments are worth far more than vehement objections,1,Support,B,1,0,,,
812,UKIP will not improve public services.,"UKIP warn that long-term youth unemployment is already among the highest in Europe and pressure on job markets from further migration could lead to social unrest, with local authorities and public services unable to cope.",0,Attack,B,1,0,,,
1244,funny how being completely wrong about the earth revolving around the sun can make the catholic church a bit gun shy about claiming that   science   is incorrect without evidence to back it up,in the th century fundamentalist supported the idea that new species appear abruptly catastrophism,0,Attack,B,0,1,,,
2546,We should force think tanks to reveal all of their sources for resource funding,Think tanks should be able to choose not to know who funds them,0,Attack,B,1,0,,,
355,Support for UKIP simply indicates that people have noticed that the major parties do not represent their interests.,"Thatcher was wrong then and Cameron is wrong now, neither have ever represented their populace.",1,Support,B,0,1,,,
2414,We should grant politicians immunity from prosecution,Politicians should be able to make difficult decisions without fear that selecting one option will lead to their incarceration,1,Support,B,0,1,,,
1315,the ayn rand center and i agree for once about the fact that id is nothing more than bait and switch and that id at best is a religiously motivated attack on science as the di seems to admit in their own wedge document,if id is bait and switch then so is   evolution   considering that its proponents tend to sell it off starting with the least extreme definition and just move on up from there  httpintelligentdesign,0,Attack,B,1,0,,,
1764,first even as a biblebelieving creationist i want to say thanks for bring attention to genesis ,the study of science is intriguing but it shouldnt get in the way of ruling out the creator,0,Attack,B,0,1,,,
1317,in science testing a hypothesis or theory means deriving predictions from them,you are using the common tactic of forcing someone to disprove a negative,0,Attack,B,1,0,,,
631,"ukip's policies on health, education, taxation and all the things that affect peoples lives are non-existent.","He suggested that as many as 20 Conservative MPs shared common ground with UKIP on tax, energy and education and there was a whole list of areas where they agree with us.",0,Attack,B,1,0,,,
813,"Europe is no longer fit for purpose and we'd do better to be out than in, plus save a whole load of cash.",The Lib Dem leader also argued that being in the EU meant that we keep ourselves safer because we can go after cross-border crime and terrorism and that we can look after the environment in a way which we can't on our own.,0,Attack,B,1,0,,,
1362,bowman arguesthe board members werent even aware of the wedge document a dated ten years internal document of di and neither relevant to dover v kitzmiller nor to the id hypothesis,bowman arguesthe board members werent even aware of the wedge document a dated ten years internal document of di and neither relevant to dover v kitzmiller nor to the id hypothesis,1,Support,B,0,1,,,
815,Young people have the most to lose by the UK leaving the EU yet UKIP have the nerve to believe that their view should prevail.,But UKIP claims to be winning support among younger voters and students.,0,Attack,B,1,0,,,
16,A forensic examination of UKIP's policies would nail once and for all the Establishment lie that they're a bunch of swivel-eyed racists.,They have a remarkably bad track record of keeping their word.,0,Attack,B,1,0,,,
965,  when materialist impose the supernatural all they are doing is saying somethings are beyond being explained through nature and by science,jumpstartwhen materialist impose the supernatural all they are doing is saying somethings are beyond being explained through nature and by science,0,Attack,B,0,1,,,
946,joewe look at the options,joewe look at the options,0,Attack,B,0,1,,,
1040,from wikipedia the scientific method,specifically the theory predicts that we will find large amounts of specified complexity in natural objects,1,Support,B,0,1,,,
315,"I voted Tory for 30 years and started supporting UKIP because I want a sovereign, democratic , well governed Britain with Britain put first and its getting clearer by the day that the old Liblabcon parties will not do that.","At the local elections last week, the UKIP - which campaigns for the UK to leave the EU - made substantial gains, while the Conservatives lost control of 10 councils.",1,Support,B,0,1,,,
1756,i really feel sorry for you,i really feel sorry for you,0,Attack,B,0,1,,,
1961, we have similar dna to a cabbage is that just because god was having a good joke with his angel mates, evolution is true im a christian but im not in denial adam and eve is a load of sh   its probably meant to be symbolic and easy to understand for the people of the day remember that was over  years ago,1,Support,B,0,1,,,
2387,it should be blue,blue is a good colour,1,Support,B,0,1,,,
2285,nothing is more important than my research time and i just think this is a distraction,are you an empire builder,0,Attack,B,1,0,,,
565,It's a protest vote because (most) people know that UKIP will never net in power.,"Ahead of May's local elections, Conservative cabinet minister Ken Clarke dismissed UKIP as a protest party and a collection of clowns.",1,Support,B,0,1,,,
2578,animal kingdom is better than the town and winters bonei have just seen animal kingdom and wow what an awesome movie it was,this was a good movie but frankly the lead character was about as wooden as it gets winters bone and the town had much more engaging lead actors,0,Attack,B,1,0,,,
516,"I suspect the main reason a new Left party hasn't emerged with similar prominence to UKIP is because UK politics has, like that in the USA, become the plaything of the wealthy.","UKIP appears to have struck a chord with many voters on the issue of immigration, campaigning against the relaxation of working restrictions on Bulgarians and Romanians due to come into force in January.",0,Attack,B,1,0,,,
1692,one thing for sure time was and continues to be passing differently in different parts of the universe,but what have ancient scriptures ultimately proven,1,Support,B,1,0,,,
1262,to sneer at aynrandinstitute and ayn rands philosophy is to fail to address the growing primary reason why people are deciding god is not an explanation of anything,youre lucky not enough people know or care enough about your religion to throw out opinions based on it presented as science philosophy logic or fact on the spot,0,Attack,B,0,1,,,
799,"It feels like UKIP is anti most things and base their politics on this: Anti-aid, Anti-immigrant ‚Äì at times even anti-politics; it is therefore difficult to understand what they actually stand for and want to work towards.",UKIP leader Nigel Farage said any members proven to have extreme right wing views would be expelled.,0,Attack,B,1,0,,,
1960, i believe there was some sort of evolution but the question is what made that evolution take place, we have similar dna to a cabbage is that just because god was having a good joke with his angel mates,1,Support,B,1,0,,,
756,UKIP's sole aim at the general election is to get a smallish number of MPs elected but enough to hold the balance of power and do a deal with the Tories.,"Earlier this year, UKIP leader Nigel Farage said he was open to the idea of a pact but demanded a referendum pledge written in blood.",1,Support,B,0,1,,,
1254,ps including creationism as a n option and stopping hypnosis on students would bring up their iqs immediately if we include   creationism   we should include all the creationist stories,just when you think you have seen and heard it all the landons  eonic effect pops up again,1,Support,B,0,1,,,
2645,i really liked this movie a lot loved the performances of all the actors and even the story but was not quite convinced with the ending,no i loved the ending killing eden fletcher would have been satisfying but perhaps a little too satisfying if you get my drift,0,Attack,B,1,0,,,
421,A forensic examination of UKIP's policies would nail once and for all the Establishment lie that they're a bunch of swivel-eyed racists.,Farage told the BBC the Conservatives were virtually indistinguishable from Labour and the Lib Dems on many issues and that UKIP was offering a real alternative.,1,Support,B,0,1,,,
2663,after all the attention and awards etc and an imdb rating of  i was so shocked to finally see this film and have it be so bad,i liked it but i did find it quite underwhelming,1,Support,B,1,0,,,
934,seems highlander was somewhat quick in his response as i am more than willing to support my claims,highlanderthe exact same is true when modern science reveals an ic structure such as the flagellar motor  assembly,1,Support,B,0,1,,,
615,"The country faces more than two big issues, which is where Ukip come apart at the seams in an incoherent bunch of right wing horse shit from whatever Think Tank came along at the time.","The responsibility of politicians in this situation when people are getting anxious is to try to reassure them and give the facts, not panic and resort to populist measures that do harm.",1,Support,B,0,1,,,
1283,well since they do not it is a true statement,while it is true that   science   and   religion   have little to do with one another that has never stopped teachers from pointing out that science refutes religion,0,Attack,B,0,1,,,
2142,there are several fallacies with darwins theory of evolution,but i will bet that you do not know what any of them are,0,Attack,B,1,0,,,
586,UKIP language tends to portray the real experiences of UKIP people not the politically correct fantasy construct that too many people on here seem comfortable with.,"UKIP are certainly trying to professionalise, to move away from its more amateurish origins.",1,Support,B,0,1,,,
135,"Any of the ""working class"" who believe UKIP will represent them have not read a UKIP manifesto!","Demetri Marchessini, who has made two donations totalling £10,000 to UKIP, is a conservative nut case who wrote a book arguing women who wear trousers are demonstrating hostile behaviour.",1,Support,B,0,1,,,
2616,this movie absolutely fell flat after the discovery at the crash site was made,the movie isnt about the twist its about the interactions between the two clones its about character and character development i know twist endings are the thing now but thats not what this movie is,0,Attack,B,1,0,,,
1151,im not a cell expert either and understanding what behe wrote in his argument doesnt require it because he didnt say anything except cellular machinery is complex therefore it must be designed,but dont try to lead me astayi wanted to try and lead to the truth from being astrayactually,0,Attack,B,1,0,,,
358,"UKIP are a two trick pony, Europe and immigration that's it.","UKIP's views are very different compared to the three main parties, and not just on immigration and the EU!",0,Attack,B,1,0,,,
805,If anyone seriously thinks that UKIP will offer some kind of answer to our current problems then I think that they are going to be sadly disappointed.,"More people were considering voting for UKIP at a general election than ever before, he suggested, and this current poll surge was different from previous spikes in support which were linked to European elections.",0,Attack,B,1,0,,,
449,"The sooner we are out of the EU, the sooner we can start making this country great again.","He said the UK should quit the EU, with the referendum being moved forward.",1,Support,B,0,1,,,
2119,you snipped most of my remarks because you were unable to address them you have no answers and have been reduced to insult,actually i snipped your remarks because you twisted what i said and i am already spending too much time arguing with random complainers and i was in a hurry to do something more important at the time,0,Attack,B,1,0,,,
2390,the best way to protect Scottish interests in the EU is to vote for independence,Scotland is more pro EU than the rest of the UK,1,Support,B,0,1,,,
1924, im voting no based on the title of the debate and its relationship to the explanation, no we were put here by aliens as an alternative food source,1,Support,B,0,1,,,
265,Many racists and especially xenophobes find the UKIP message appealing.,A UKIP spokesman said these kinds of people did not dictate its policy.,0,Attack,B,1,0,,,
1568,you are exactly right  evidence is all around you mountains of it in fact,consider the observation of a solar eclipse,0,Attack,B,0,1,,,
860,"In UKIP, we have a new political force which looks likely to poll very well in a national election on thursday.","UKIP had increased its vote by 50% in the general election and had many exciting plans for the future, he said, but it was time for a younger leader to show how liberating and enriching life would be outside the EU, saying he was confident one would emerge.",1,Support,B,0,1,,,
1443,creationism has more solid evidence than   evolution   does, we can observe it occuring  the fossil record shows changes in lifeforms separated by time  genetic analysis shows similarities at the dna level between similar lifeforms,0,Attack,B,1,0,,,
578,Labour won't have anything to do with UKIP as they are more right-wing than the Tories. ,He said UKIP was clearly taking a very right wing position which pandered to an obvious anti-Europeanism.,1,Support,B,0,1,,,
1652,everything i say is correct regardless of logic or evidence that attempts to prove me wrong,while aig tries to defend genesis with the weakest possible argument answers in creation explain genesis i in a way that gives it a literal interpretation that is still in line with   science  ,1,Support,B,1,0,,,
88,"The sooner we are out of the EU, the sooner we can start making this country great again.","Isolating Britain and damaging Britain's reputation is not the right history to write, he said.",0,Attack,B,1,0,,,
1375,the auscs claim that court cases settle all debates reminds me of how futile roe v,just what if there is a creator  isnt science after truth  has science proven that there is no creator why is recognizing the possibility that there was intelligence behind the emergence of life a nonscientific idea  basically what you are saying is that if there was a creator or intelligence behind the emergence of life science will never be able to come up with the right answer rightso your whole premise for id being nonscientific is the unproven worldview of naturalismyou start off right from the get go with the assumption that there is no creator or any intelligence involved in the emergence of life and go and try and prove your idea with science,1,Support,B,0,1,,,
897,teaching darwinism is comparable to teaching flying spaghetti monsterism,teaching the creationismevolution controversy is important to student learning,1,Support,B,0,1,,,
971,i recently read that after careful study the backwards wiring is essential,if you are going to comment on something in   science   you need to back it up with actual data,0,Attack,B,1,0,,,
2428,European Parliament elections should involve only one voting district all of Europe and not separate country seats,Big countries will dominate,0,Attack,B,1,0,,,
1295,debater jay richards answers this question quite clearly in a short video  at     www,we may disagree as to the ability of id proponents to explain the ultimate source of complexity,0,Attack,B,1,0,,,
668,The hate campaign against Eastern Europeans that was and is run by UKIP legitimises anything said against them.,The prime minister said there were UK factories where more than half the workforce were from eastern Europe.,0,Attack,B,1,0,,,
1885,your definition of faith is atheistic it actually denotes the essence of the term foolish,i thought evolution is a naturally occurring process not a consequence of a controlled experiment in a lab,0,Attack,B,1,0,,,
19,"If UKIP want to retain these voters and attract more in a general election then they need to come up with policies other than ""leave the EU"" and ""its all the immigrants fault"".","The Eurosceptic party is aiming to show broader appeal by capitalising on concerns over immigration, HS2 rail and wind farms.",0,Attack,B,0,1,,,
149,Ukip are doing well for the very simple reason folk have at last realized that they are being lied to by LibLabCon and now have somewhere else to go.,"The Conservative Party is bringing in people who want to work in the national interest to sort out Britain's problems, he said.",0,Attack,B,1,0,,,
277,"Much of UKIP's meteoric rise has to do with political correctness, and the fact that ordinary people are sick of it.","While UKIP is on the rise the Conservatives have lost more than 300 councillors and the Lib Dems, more than a hundred.",1,Support,B,0,1,,,
2567,this was just an amateurish hodgepodge of the departed the town and we own the night and sopranos,completely agree swing and a miss on this one kept waiting for something to happen maybe i wasnt in the right mood for it but it just didnt deliver at all more limp than month old lettuce,1,Support,B,0,1,,,
108,If UKIP is really the best our country can do for an alternative then we are all doomed.,"Deputy Prime Minister Nick Clegg, whose Liberal Democrats oppose a referendum, said leaving altogether would make us less safe because we co-operate in the European Union to go after criminal gangs that cross borders.",1,Support,B,0,1,,,
2341,but there are very nice beaches nearby,this is true for example baratti is lovely,1,Support,B,0,1,,,
2647,i really liked this movie a lot loved the performances of all the actors and even the story but was not quite convinced with the ending,i liked the ending as well sort of like the ending of the graduate no point in adding a coda it is best left with loose ends,0,Attack,B,1,0,,,
700,"If we leave the EU we will save billions of pounds which can then be invested in our ailing national infrastructure, notably the NHS.","That said, Lord Davies told peers the bill was an excellent idea, because he was quite confident that any such inquiry would decide that the benefits of EU membership outweigh the costs.",0,Attack,B,1,0,,,
34,"UKIP are an independent party and have shown that their appeal is broad, making big dents in staunchly Labour voting areas as well as the recent bi-election successes.","UKIP, which campaigns for the UK to leave the EU, averaged 25% of the vote in the wards where it was standing in Thursday's elections and won more than 140 seats.",1,Support,B,0,1,,,
2475,We should create a United Nations standing army,A United Nations standing army is simply impossible to form,0,Attack,B,1,0,,,
2353,among the best for sure,yes i agree on that,1,Support,B,0,1,,,
311,"I voted Tory for 30 years and started supporting UKIP because I want a sovereign, democratic , well governed Britain with Britain put first and its getting clearer by the day that the old Liblabcon parties will not do that.","Ex-Tory councillor Suzanne Evans, who has just switched to UKIP, said she felt her residents were not being properly represented by her old party and ended up delivering leaflets that were wishy-washy and Labour light.",1,Support,B,0,1,,,
786,UKIP getting a large chunk of the vote in the EU elections sends a message to Europe that they cannot take the UK membership for granted.,"UKIP defied the odds again at last year's European elections, beating Labour into third place, much to the dismay of those, on the left and right, who had written the party off as a busted flush.",1,Support,B,0,1,,,
1631,answers in genesis avoids doing the one thing that might actually lead them to understand the biblical text studying genuine uptodate biblical scholarship that reflects a genuine desire to understand the text rather than impose ones predetermined conclusions on it,i would like your oppinion of my remarks    httpwww,1,Support,B,0,1,,,
1716,the scientific investigation into the question of the age of the earth and of the universe has been going on for hundreds of years,maybe get someone to do your studies who doesnt pay a tithe  someone who perhaps doesnt own a   bible  ,1,Support,B,0,1,,,
1860,and i guess those differences bring us right back to the atheist vs,aristotle socrates and plato,1,Support,B,0,1,,,
2254,how many goals can you score in an amount of time,that would be very simple unimaginative etc,0,Attack,B,1,0,,,
733,"The sooner we are out of the EU, the sooner we can start making this country great again.","Over three million jobs in this country, directly or indirectly, depend on us being in the EU, so that is a big choice.",0,Attack,B,1,0,,,
814,"UKIP is a one man's party: its leader, Nigel Farage is running the show - I cannot think of any other party member having expressed any opinion publicly and I wonder whether this is because none of the other party member is ""presentable"".",And they also seemed very thankful to have the colourful Nigel Farage back as party leader.,1,Support,B,0,1,,,
1583,the point of the debate is to set up a straw man that the world was created in six days that antichristians can knock down,then why does this argument always seem to come from the creationists  aig was not founded and is not funded by the scientific community,1,Support,B,1,0,,,
319,"Marketing UKIP as ""the people's army"" is a bitter irony.","Mr Wheeler, a former Conservative Party donor who was expelled from the party by David Cameron over his support for UKIP, said the anti-EU party was attracting more people of all stripes.",0,Attack,B,1,0,,,
2564,worst movie i have seen in a while or didnt see i fell asleep before the end and couldnt give a toss it was crap,exactly this movie tried to fashion itself like the departed but came way short what were the directors writers and editors thinking,1,Support,B,0,1,,,
2412,I prefer trade to aid,The global economy is not welcoming to African players,0,Attack,B,1,0,,,
1927, it is very wrong we didnt evolve from apes, the bible says all will proclaim the name of the creator and acknowledge him as lord i want to point out the key word creator in there,1,Support,B,0,1,,,
924,archfilejockey quoted kent hovind as saying asking an atheist why he cant find god is like asking a thief why he cant find a police officer,einsteins quotes are not supportive of id he was talking about the fabric of the universe not the means by which species evolve,1,Support,B,1,0,,,
285,"UKIP are an independent party and have shown that their appeal is broad, making big dents in staunchly Labour voting areas as well as the recent bi-election successes.",UKIP's deputy leader Paul Nuttall said the performance - which followed the party's second place in March's Eastleigh by-election - showed it was on an upward trajectory.,1,Support,B,0,1,,,
2025, i dont believe in evolution or anything contemporary beyond the dictionary definition of it, there is absolutely no proof for evolution,1,Support,B,0,1,,,
546,"The ratio of nutters in UKIP is far higher than in other parties, especially so since they seem determined to take all the Tories' fruitcakes off them.",Farage admitted the party had not had time to properly vet all of its new recruits and he was forced to suspend a handful of them following newspaper reports of alleged racist comments.,1,Support,B,0,1,,,
142,Support for UKIP simply indicates that people have noticed that the major parties do not represent their interests.,"But if you're looking for a serious politician, with a strategic brain, who is able to lead a party and develop and expand a party, well,you won't find them at UKIP",0,Attack,B,1,0,,,
204,If anyone seriously thinks that UKIP will offer some kind of answer to our current problems then I think that they are going to be sadly disappointed.,They might be voting for UKIP because they want to have a referendum on Europe.,0,Attack,B,1,0,,,
2266,people who eat at such places every week will not be really bothered personally i try to stay away from it for many reasons not just because of the stories,care to share those reasons,0,Attack,B,0,1,,,
1778,first of all there have been writings in hebrew ,theres no point arguing against evolution when you dont understand it in the first place,0,Attack,B,1,0,,,
2146,you do get critized for talking about god any other god other than the christian god that is,in your own little fantasy world,0,Attack,B,1,0,,,
1361,nothing wrong with quoting from a well argued submission by the aclu,bowman arguesthe board members werent even aware of the wedge document a dated ten years internal document of di and neither relevant to dover v kitzmiller nor to the id hypothesis,0,Attack,B,1,0,,,
1672,is it me or is it you only time will tell,if the existence of a fossil record contradicting parts of the bible then that does not disprove in and of itself the fossil record,0,Attack,B,1,0,,,
581,UKIP's proposals on membership in the EU and migrants are at best purely demagogic: they do not take into account facts and more general issues.,UKIP says it is campaigning on a pro democracy message - aiming to rejuvenate local politics.,0,Attack,B,1,0,,,
1681,why should we just stop  why not keep trying to understand the universe  i could never imagine being satisfied with a god did it,there are some things human beings were not meant to understand because the god who created this universe is a being who is greater than all of his creation,0,Attack,B,1,0,,,
1890,a theory as the word is used by scientists is a detailed description of some aspect of the universes workings that is based on longcontinued observation and where possible experiment that is the result of careful reasoning from those oservations and experiments and that has survived the critical studies of scientists generally,evolution does not neccasarilly contradict intellegent design,0,Attack,B,0,1,,,
720,"UKIP are a fairly right wing group as I'm sure will become clear when they actually produce some policies other than the ""its all the eu's"" fault.",It has been a key part of his strategy to distance the party from the far right - its constitution bans former BNP members from joining.,0,Attack,B,1,0,,,
1160,i asked the questions to give mr behe a hint about how to formulate a proper argument,i was using your rhetorical question to attempt to get a discussion going,1,Support,B,0,1,,,
2148,that can be proven,no it can not scientific theories are not proven,0,Attack,B,1,0,,,
1772,a lot of them are stupid and come up with outright stupid ignorant arguments against it,not stupid but ignorant and perhaps even foolish,1,Support,B,1,0,,,
2366,the nexus  has everything fast processor big screen and the latest version of android,definitely better than a shiny iphone,1,Support,B,0,1,,,
580,UKIP's sole aim at the general election is to get a smallish number of MPs elected but enough to hold the balance of power and do a deal with the Tories.,"Foreign Secretary William Hague has meanwhile ruled out an electoral pact with UKIP, after a BBC poll suggested nearly 25% of Conservative councillors were in favour of such a deal.",0,Attack,B,1,0,,,
619,UKIP are the only party willing to have a sensible open debate on the key issues affecting the country. ,"Conservative party vice chairman Michael Fabricant said the party had struggled to present a distinctive message during the Eastleigh election, saying UKIP had managed to connect with traditional blue-collar Tory voters on issues such as crime and immigration in a way the Conservatives had not.",1,Support,B,0,1,,,
1437,common descent neither supports nor refutes id,because of course id really does not mean anything significant,0,Attack,B,0,1,,,
222,"On voting day, this week the vast majority of the British public will not vote for UKIP.","At the 2010 general election,  support dwindled to 3.1% and UKIP did not win a Westminster seat.",1,Support,B,0,1,,,
2595,i read the book which is subtle philosophical and nuanced at the beginning of the year and last night i watched the dvd of this film what utter rubbish the film is a boring sweary standard thriller,i had heard nothing but praise for this movie and was also fairly letdown aside from the cinematography i didnt see anything unique about it,1,Support,B,0,1,,,
724,"If UKIP want to retain these voters and attract more in a general election then they need to come up with policies other than ""leave the EU"" and ""its all the immigrants fault"".","Explaining his decision to swap sides, Mr Campbell Bannerman - MEP for the East of England - said UKIP had become obsessed with single issue politics, internal fighting and shouting from the sidelines.",1,Support,B,0,1,,,
710,"The problem with popularism but no substance, like UKIP represent, is that it just results in things getting worse and worse.",UKIP says it is campaigning on a pro democracy message - aiming to rejuvenate local politics.,0,Attack,B,1,0,,,
816,UKIP's sole aim at the general election is to get a smallish number of MPs elected but enough to hold the balance of power and do a deal with the Tories.,It comes as William Hague ruled out an electoral pact with UKIP.,0,Attack,B,1,0,,,
2524,We should negotiate with terrorists,Negotiation provides more resources to terrorists,0,Attack,B,1,0,,,
1020,with belief,my other comment focused more on my atheist background but i wanted to respond to your scientific misconceptions,0,Attack,B,1,0,,,
2291,the iphone is the best smartphone,it is far too expensive,0,Attack,B,1,0,,,
998,id is offered as an explanation for the complexity of life on earth which according to id proponents cannot be explained by random chance and survival of the fittest,on pandasthumb nick matzke whose contributions to dover v kitzmiller were instrumental in the stunning defeat of intelligent design and whose contributions to exposing the fallacies in behes arguments as well as the extent of ignorance of science amongst id proponents has caused much concern amongst id proponents so much that in general they have chosen to pretend in a typical creationist fashion that matzkes arguments do not exist,1,Support,B,1,0,,,
2437,Bribery is sometimes acceptable,Bribery is morally wrong,0,Attack,B,1,0,,,
414,"There's an election next month, UKIP are campaigning on the streets right now, and candidate upon candidate keeps churning out ridiculous (often racist, sexist or homophobic) views.","Responding to the success of UKIP, Prime Minister David Cameron said It's no good insulting a political party that people have chosen to vote for.",0,Attack,B,1,0,,,
2082,however the bible does say i create you before i placed you in the womb this would imply that god created you before you are even conceived,so god also says he made you out of dirt and then supernaturally lifting the dirt from the ground into the womans uterus oh well i suppose it is all beliefs no matter how silly it sounds,0,Attack,B,1,0,,,
862,UKIP do have more than Nigel Farage able to deal with media interviews.,It is Nigel Farage's future that will interest UKIP watchers now.,0,Attack,B,1,0,,,
1024,the response to my comment id contradicts itself is a series of peculiarly unclear assertions,the response to my comment id contradicts itself is a series of peculiarly unclear assertions,0,Attack,B,0,1,,,
2003, actually most leading scientists nowadays support evolution and of course its going to have massive holes in it thats what makes it a theory, well maybe there are some mistakes in the theory but as a whole concept is quite right and logical no,1,Support,B,0,1,,,
2029, evolution is just an excuse for biology to occupy the adolescent young mind, go read on the origin of species,0,Attack,B,1,0,,,
1882,intelligent design is the conclusion of deductive reasoning,faith is believeing in something without evidence,0,Attack,B,1,0,,,
712,Young people have the most to lose by the UK leaving the EU yet UKIP have the nerve to believe that their view should prevail.,"Mr Farage had an upbeat message for activists at his local elections campaign launch on Wednesday, saying UKIP was attracting more young members - the party says more than 100 of its candidates are under 25.",0,Attack,B,1,0,,,
879,The success Ukip had in the european elections will be sufficient to galvanise one or preferably all the other parties to rid us of the EU's political influence.,I believe that what UKIP is doing is vital for this country.,1,Support,B,0,1,,,
646,It is because of UKIP that we are finally discussing the European question and about immigration and thank goodness for that.,UKIP leader Nigel Farage said the UK had no real control over either the number or the type of migrants that were settling from elsewhere in the EU.,1,Support,B,0,1,,,
1760,i wish i could express my support for your comment more fully,not only do i think the young earth creationists are wrong in their opinions i think their teachings should be regarded as blasphemous to god himself,1,Support,B,0,1,,,
2483,We should use torture to obtain information from suspected terrorists,Introducing the use of violence into the justice system means that liberties that have taken centuries to secure are lost,0,Attack,B,1,0,,,
