orig_idx,arg1,arg2,support [true value],support_label,strategy,pred_attack,pred_support,pred_neither,pred_relevance
2036,"The sooner we are out of the EU, the sooner we can start making this country great again.","I think people should look at Bradgate Park to see how council-owned places can be run, he added.",2,No Relation,C,0,0,1,
219,A forensic examination of UKIP's policies would nail once and for all the Establishment lie that they're a bunch of swivel-eyed racists.,I must repeat my predecessor's statement that you are not and have never been a Member of the House of Lords.,2,No Relation,C,0,0,1,
1850,"UKIP do not bear scrutiny either as a coherent policy offer or a group of potential ministers , they are an insurgent party of protest with one message.",And the chancellor also comes under renewed pressure to scrap higher rate tax relief for people paying into a pension.,2,No Relation,C,0,0,1,
457,Should ukip get into government it would be fair to assume that we'll see a whole raft of right-wing policies as actual government policy.,"Asked whether he would seek re-election as leader, he said he would have to decide whether he had the strength to do the job.",2,No Relation,C,0,0,1,
2243,"UKIP is certainly NOT racist or xenophobic - if you, as I'm you have done, read our policies on the website there is no suggestion of this at all, it is more a rumour and conspiracy of the lefties. ","He said his party was fighting a particularly difficult corner because it was pro-European in a country where the majority of people still like to see us, as it were, having a go at our European neighbours.",2,No Relation,C,1,0,0,
1142,If anyone seriously thinks that UKIP will offer some kind of answer to our current problems then I think that they are going to be sadly disappointed.,Voters go to the polls on Thursday.,2,No Relation,C,0,0,1,
2741,so tj you seem to have made quite a few foolish arguments how familiar are you with augustinetj  well i know that he believed the earth was created instantaneously not progressively and was according to scripture less than  years old,i will address the post by americans united for separation of church and state here and then address the question of constitutionality in another post,1,Support,C,0,0,1,
393,I suspect when people do start to focus and the election is close UKIPs incoherent policies will be exposed.,He stepped aside as leader to allow himself more time to fight the Speaker of the House of Commons John Bercow for his Buckingham seat at the general election.,2,No Relation,C,0,0,1,
773,"The Tory party has been ruptured, for 20 years anyway, even without UKIP.",An interim leader will be chosen at UKIP's annual conference next month.,2,No Relation,C,0,0,1,
442,Cameron had it right and UKIP could tip the balance towards Labour in the crucial marginal seats in the GE where the battle will take place .,"In the end, I think it will strengthen our role in Europe and our continued membership and the opportunities it gives Britain as a country.",1,Support,C,1,0,0,
2009,UKIP are blatantly disregarding the possibility of man made climate change.,"Mr Farage was challenged on a number of issues - including the party's attitude towards climate change, maternity leave and small businesses, diversity in the party and the European Union.",1,Support,C,0,1,0,
1966,UKIP are a joke outfit full of small-minded Neanderthals who think the 1950s are the future.,"And there's quite a lot of them, he added.",2,No Relation,C,0,1,0,
1342,"On voting day, this week the vast majority of the British public will not vote for UKIP.",They might be voting for UKIP because they want to have a referendum on Europe.,0,Attack,C,1,0,0,
2214,"UKIP is a not a real party, with a clear global ideology and vision addressing all aspects of society: it is focusing on a handful of issues (all centered around membership in the EU and migrants), mostly ignoring global financial issues, health, education, security etc.",He said UKIP was clearly taking a very right wing position which pandered to an obvious anti-Europeanism.,1,Support,C,0,1,0,
1287,"For many UKIP voters, it does not particularly matter what the party's policies are, but that UKIP is not Labour or Conservative.","Ex-leader Lord Pearson announced his intention to quit in August, saying he was not much good at party politics.",2,No Relation,C,0,0,1,
2596,   httpwww,the wmap data does not indicate we are at the center of the universe nor does the goldilock enigma really predict such,1,Support,C,0,0,1,
3704,nuclear energy is the most efficient once all potential hazards are eliminated,i tend to disagree the main problem with the nuclear power is that the plant cannot be switched off fast we are not able to control this process,0,Attack,C,1,0,0,
2978,then why does this argument always seem to come from the creationists  aig was not founded and is not funded by the scientific community,this thread has been kept going by three people who have voted no to the question of a six day creation,1,Support,C,0,1,0,
2341,joewe look at the options,joegbtw pvm the scientific answer to ucd is we dont know,0,Attack,C,0,0,1,
2223,"UKIP will lead the UK to independence from the oppressive EU, which is the only chance Britain has at restoring its former glory.","In contrast, the Liberal Democrat's Bill Newton Dunn quit the Tories in protest at its increasing hostility to Europe.",0,Attack,C,1,0,0,
3831,Bribery is sometimes acceptable,Bribery is morally wrong,0,Attack,C,1,0,0,
1797,UKIP want to get us out of the EU to make the British people much worse off then they already are.,We need to strike out as a political party rather than a partner in the coalition and say to people that an 'in/out' referendum on polling day would be the best way forward.,2,No Relation,C,0,0,1,
1160,"The momentum is with UKIP; Labour, Conservative and Liberal areas are all now vulnerable to them. ","She had the whip withdrawn last November when the leadership said it had not granted her permission to appear on the ITV reality show I'm a Celebrity, Get Me Out of Here.",2,No Relation,C,0,0,1,
3354, i believe there was some sort of evolution but the question is what made that evolution take place, we have similar dna to a cabbage is that just because god was having a good joke with his angel mates,1,Support,C,0,0,1,
3385, i really do not know where to start with this one at the time of writing this response apparently evolution is incorrect, has anyone got a more rational explanation,1,Support,C,1,0,0,
3266,i think you have some misconceptions about what evolution actually is,answers answers answersthanks,1,Support,C,0,0,1,
3817,European Parliament elections should involve only one voting district all of Europe and not separate country seats,One person one vote that will count in exactly the same way as everyone elses,1,Support,C,0,1,0,
1872,"UKIP’s popularity is mainly founded on the likeability of its leader Nigel Farage, who manages to obscure its racist policies in clever rhetoric.","He has talked in the past about forging a career in the media and if the rules on political balance in broadcasting were ever relaxed, he could see himself becoming a right wing radio shock jock.",2,No Relation,C,0,1,0,
1697,"UKIP advocates for the UK leaving the European Union which would be a bad idea ‚Äì but they are trying to leverage on the british people‚Äôs need to belong and pride to be british, which further sparks their anti-foreigner standpoint.","UKIP appears to have struck a chord with many voters on the issue of immigration, campaigning against the relaxation of working restrictions on Bulgarians and Romanians due to come into force in January.",0,Attack,C,0,1,0,
3730,or cycle,what about a swim,1,Support,C,0,0,1,
1908,"I don't think most people realise the benefits of free trade at all, and UKIP capitalise on peoples ignorance of the benefits of free trade as much as they can.",It comes as William Hague ruled out an electoral pact with UKIP.,2,No Relation,C,0,0,1,
1824,I would hazard that it‚Äôs UKIP‚Äôs appeal to tradition and ‚ÄúBritish values‚Äù that appeals ‚Äì it‚Äôs a cosy reimagining of a glorious past and taps into the Little England mentality of a large swathe of tory supporters.,"Conservative chairman Baroness Warsi said the result was disappointing for her party, although not unexpected.",2,No Relation,C,0,0,1,
547,"The Green Party stands out as different, UKIP are just another bunch of neo-cons, although further out to the right.","Labour leader Ed Miliband said earlier this month that his MPs would not take part in the vote on Friday, describing the bill as a gimmick.",2,No Relation,C,0,0,1,
3767,i have to go for apple it did introduce the iphone the applications market and mobile social networking,i agree apple has also been voted as the worlds number one brand,1,Support,C,0,1,0,
3693,i have had some bad experience with the reliability of samsung products,i am really satisfied with my samsung television and i did not have any problems until now it has the best image quality and great customer support,0,Attack,C,1,0,0,
3237,you say the bible is the only proof of creationism,actully uncomplext compunds bonded to geather to create chemicals and very very uncomplect cell fragments that then banded to geather with otherthings for survival and formed the first very simple cells that then became more complext,0,Attack,C,1,0,0,
1216,"The UKIP mainstay vote is in normal working people because they never voted for 4 million immigrants, they never voted for Multiculturalism.","They support us working class folks, so I was delighted to cast my vote for [UKIP leader] Nigel Farage's team in Sussex, where I live, said Lynam.",1,Support,C,0,1,0,
2918,teachers have no freedom to misinform and miseducate students,purelabor claims that there is no proof for either side,0,Attack,C,0,0,1,
2522,why not what qualities does the designers have that make them beyond studynot being able to directly observe it,lets look at this to counter the malarial parasite presumably another creation of this benevolent intelligent designer a designer tinkers over the millennia with our genes to confer partial immunity but with the sideeffect of lethal sicklecell disease,1,Support,C,1,0,0,
2351,the purpose of the spiritual realm has never been to say how but why,the purpose of the spiritual realm has never been to say how but why,1,Support,C,0,1,0,
2823,instead of a bolt of lightning hitting a pool of   chemicals   and making a cell pop outwhere did i say thatit was most likely a slow process taking place along the ancient shores,where did i say thatit was livvy that originally said it,0,Attack,C,0,0,1,
234,"The momentum is with UKIP; Labour, Conservative and Liberal areas are all now vulnerable to them. ","I think it is very interesting that, when Mr Silvester was saying these things in 2012 and 2013 as a Conservative town councillor in Henley, it was not a news story.",2,No Relation,C,1,0,0,
2119,"If UKIP want to retain these voters and attract more in a general election then they need to come up with policies other than ""leave the EU"" and ""its all the immigrants fault"".",UKIP says it is campaigning on a pro democracy message - aiming to rejuvenate local politics.,0,Attack,C,0,1,0,
2107,"In UKIP, we have a new political force which looks likely to poll very well in a national election on thursday.",Mr Farage says he will give up as leader if UKIP doesn't win seats at Westminster at next year's general election.,1,Support,C,1,0,0,
2357,  this will and is already descending into a debate about the philosophy of science,jumpstartthe anti id crowd will insist on a strict materialistic cause and effect definition of science,0,Attack,C,0,1,0,
306,"The sooner we are out of the EU, the sooner we can start making this country great again.","Isolating Britain and damaging Britain's reputation is not the right history to write, he said.",0,Attack,C,1,0,0,
1661,UKIP isn't committed exclusively to either right-wing or left-wing ideology and that’s a very good place to be.,You all think euroscepticism is a right-wing view - it is not.,1,Support,C,1,0,0,
1562,UKIP is a vessel through which a protest is being delivered. ,"Well, that's poppycock but I don't think Nick Clegg, who is a charming young man, has ever purported to know anything at all about economics.",2,No Relation,C,0,0,1,
2344,as i said earlier experience demonstrates that it matters a great deal to an investigation whether or not that which is being investigated occurred via agency involvement or by nature operating freely,we dont know but we do know a designer wasnt involved,0,Attack,C,0,1,0,
1567,"Arguably, UKIP & co. aspire to destroy the culture created in Europe after WWII, which has been based on openness, free travel, migration and cross-geographic access to goods and labour markets.","Britain would prosper outside the EU, he argued, and talk of its losing trade was not credible.",2,No Relation,C,1,0,0,
3459,it ought but it will not at least not the gun fetishists in this forum who in my humble opinion are prisoners of their ignorance their fears their insecurity,look what is talking about insane immune to reason a prisnor of his own giant ignorance slavery fetishist and one of the comic relief  stooges,0,Attack,C,1,0,0,
417,"The Green Party stands out as different, UKIP are just another bunch of neo-cons, although further out to the right.",All seats on Hertfordshire County Council are to be contested on Thursday.,2,No Relation,C,0,0,1,
3040,you are an intellectual and people like you have the hardest time believing anything let alone trying to intellectualize the bible or god or anything like it,tell me have you ever read the origin of the species i have and i find it to be a pretty far stretch,0,Attack,C,1,0,0,
1311,"The sooner we are out of the EU, the sooner we can start making this country great again.","Some Tory strategists believe it was a mistake for Mr Cameron to agree to them, arguing that they allowed Lib Dem leader Nick Clegg to seize the initiative from the Tory leader.",2,No Relation,C,0,0,1,
2679,how are science teachers pointing out that science refutes   religion    it is true that science does refute certain religious teachings but that is incidental to the science itself,religion requires some kind of theology,0,Attack,C,0,0,1,
2126,"If we leave the EU we will save billions of pounds which can then be invested in our ailing national infrastructure, notably the NHS.","In a separate interview with BBC Radio 5 live, he warned of the possible consequences of an in-out referendum on the UK's relationship with the EU.",0,Attack,C,1,0,0,
1589,"In fact, all UKIP seems to talk about now is withdrawl from the EU without any genuine policy around UK's domestic economy.",Surveys of grassroots members are rare because it is almost impossible to get hold of party membership lists.,2,No Relation,C,0,0,1,
3348, hahaha theres always one that slips through the net, i remember bumping into a jehovahs witness and he was blabbing on about some bullshit that the earth is in a stage called its last days,1,Support,C,0,0,1,
67,If UKIP is really the best our country can do for an alternative then we are all doomed.,UKIP Oxfordshire councillor David Silvester was suspended recently after he said in an interview that changing the law to allow gay people to marry had caused floods.,1,Support,C,0,1,0,
2732,tji agree with you though that darwinism does not automatically lead a person to atheism,tjthe dover verdict was a farce,1,Support,C,0,0,1,
1768,UKIP and the Greens are the only parties to date that haven't screwed us all over.,UKIP say it proves their message is cutting through regularly.,1,Support,C,0,1,0,
741,The success Ukip had in the european elections will be sufficient to galvanise one or preferably all the other parties to rid us of the EU's political influence.,"For a man with a pretty damaged back following his plane crash in 2010, with a pretty unhealthy beer-and-fags lifestyle, he has extraordinary energy.",2,No Relation,C,0,0,1,
1138,UKIP are a joke outfit full of small-minded Neanderthals who think the 1950s are the future.,Labour won more than 20% of the vote in Eastleigh in the 2001 and 2005 elections.,2,No Relation,C,0,0,1,
649,I'm no fan of UKIP but well done to them for initiating a much needed shake up of British politics.,Some earlier polls have had UKIP snapping at the heels of the Liberal Democrats - and leader Nigel Farage has said its aim must be to overtake Nick Clegg's Liberal Democrats to become the third force in British politics.,1,Support,C,0,1,0,
3295, the prospect of creationism is pretty absurd, as an archaeologist i have to say that creationism is wrong,1,Support,C,0,1,0,
2585,anybody that thinks there is currently a healthy scientific debate over intelligent design has missed the history of the last  years,theology it says in his profile,1,Support,C,0,0,1,
2982,im going to ask both creationists and evolutionists to look at the following with a completely open mind for just one minute,why would god explain this only to a semiliterate group of ancient nomads with no understanding of the cosmos or the world outside of their little   society   why not give an updated version to modern jewish or christian or islamic scholars surely all three groups today include people who understand  geology astronomy and biology on a rather more comprehensive level than the ironage authors of genesisin fact being allpowerful why be limited to the understanding of the writers at least if you can create the world surely you can inspire sentences like and the quickness of light shall be found to be always the same relative to the one who looketh and behold the quickness of the light when multiplied by itself and the true weight of matter equals the amount of force that went into its making,1,Support,C,0,1,0,
2854,lets talk about cricks statement biologist must constantly keep in mind that what they see was not designed but rather evolved,the bottom line is some interpretations of evolution leave little room for a caring god,0,Attack,C,0,1,0,
1863,"If we leave the EU we will save billions of pounds which can then be invested in our ailing national infrastructure, notably the NHS.",Former Europe Minister Denis MacShane said the EU was Britain's biggest trading partner.,0,Attack,C,1,0,0,
502,Ukip are doing well for the very simple reason folk have at last realized that they are being lied to by LibLabCon and now have somewhere else to go.,"Lord Willoughby said the country's remedy in Greece was austerity macht frei - echoing the German phrase arbeit macht frei, which means work sets you free.",2,No Relation,C,0,0,1,
4030,this film is easily one of the best movies ive ever seen yes it is pretty easy to guess the ending but it still wasnt ruined by that fact it is a work of art it is rewatchable,ok so i thought it was only me but after watching this movie i had a massive headache also i thought the movie was terrible it was all over the damn place and difficult to follow,0,Attack,C,1,0,0,
3867,We should create a United Nations standing army,A United Nations standing army would be more effective in operations themselves,1,Support,C,0,1,0,
282,"I don't think most people realise the benefits of free trade at all, and UKIP capitalise on peoples ignorance of the benefits of free trade as much as they can.","David Cameron, Ed Miliband and Nick Clegg said the fate of a Syrian generation hangs in the balance with four million children caught up in the civil conflict.",2,No Relation,C,0,0,1,
3453,the father deserves nothing but scorn and derision he is a murderous cretin whose stupidity killed his child,well that is a stupid statement stupid enough that i can not even wrap my head around it and make a proper comparison,0,Attack,C,1,0,0,
3756,but if we get this right we will waste less research time with dodgy students we wish we had rejected at interview,i fully agree,1,Support,C,0,1,0,
369,Intellectually I rate Farage much higher than Cameron; he has a very sharp and quick wit and is an excellent public speaker.,"Farage recovered from his injuries and returned to head the party later in the year, in the latest instalment of the colourful story of UKIP's leadership.",1,Support,C,0,0,1,
1645,"If UKIP want to retain these voters and attract more in a general election then they need to come up with policies other than ""leave the EU"" and ""its all the immigrants fault"".","I believe that what UKIP is doing is vital for this country, and of course the party's financial management is crucial.",2,No Relation,C,1,0,0,
3986,movies should be fun entertaining this movie is not waste of my time,actually i thought it was very uplifting whenever there is life and hope its no longer depressing,0,Attack,C,0,0,1,
631,"Even a UKIP European candidate, Janice Atkinson, another ex-Tory, admits leaving the EU would be problematic.","For their own part, if results do not go their way, the Tories will plead mid-term blues.",2,No Relation,C,0,0,1,
3051,it is consistent but,science is based on what can be observed  tested,0,Attack,C,0,0,1,
3132,  science   always wants to separate that messy first cell from   evolution   theory,  science   always wants to separate that messy first cell from   evolution   theory,0,Attack,C,0,1,0,
3946,Transparency is necessary for security,Citizens have a right to know what is done in their name,1,Support,C,0,1,0,
972,UKIP are a joke outfit full of small-minded Neanderthals who think the 1950s are the future.,He said it must redouble its effort to appeal to voters who were not traditional supporters.,2,No Relation,C,0,0,1,
538,"The country faces more than two big issues, which is where Ukip come apart at the seams in an incoherent bunch of right wing horse shit from whatever Think Tank came along at the time.",Conservative Party Chairman Grant Shapps said he was delighted to welcome her to his party.,2,No Relation,C,0,0,1,
3081,usher got a bad rap,well once you accept the existence of an all powerful deity then anything is possible,1,Support,C,0,0,1,
1452,Beyond leaving the EU and migration what policies do ukip have?,"I fear that on climate change and energy policy, UKIP have nothing to offer.",1,Support,C,0,1,0,
2072,"I think Farage makes a much better leader than any of the other parties, he's full of enthusiasm and is not a PR man like the current leaders of the 3 main parties.",The party's leader Nigel Farage has promised to cause a political earthquake at next year's polls after a strong showing in local elections.,1,Support,C,0,1,0,
3903,I believe that opinion polls harm the democratic process,Opinion polls are subject to bias and often produce faulty information on which decision are made,1,Support,C,0,1,0,
104,UKIP and the Greens are the only parties to date that haven't screwed us all over.,You never say never in politics when Andrew Neil asked if the two parties could work together.,2,No Relation,C,1,0,0,
288,"UKIP are a two trick pony, Europe and immigration that's it.",Conservative MEP Daniel Hannan said the Tories and UKIP should start having conversations and stop calling each other names.,2,No Relation,C,0,0,1,
1964,UKIP are blatantly disregarding the possibility of man made climate change.,"Indeed if UKIP threatens investment in low-carbon generation, it could represent a step back for the climate.",1,Support,C,0,1,0,
1786,Plenty of survey's have shown UKIP to be the most hated of the main parties.,I believe that what UKIP is doing is vital for this country.,0,Attack,C,1,0,0,
3740,i guess it might change your habits for a couple of days or maybe weeks but after that you will probably forget the whole thing and continue eating junk food,i was about to post the same thing you get hesitant for a while but then forget all about it,1,Support,C,0,1,0,
776,"UKIP are just another bunch of freeloaders, using peoples fears and prejudice to gain votes so that they can get their snouts into the trough.","While it was easy to accuse the Commission of waste, he said nearly 95% of the Budget was spent directly in the member states.",2,No Relation,C,0,0,1,
262,The success Ukip had in the european elections will be sufficient to galvanise one or preferably all the other parties to rid us of the EU's political influence.,"But in a chat with younger UKIP members it was grammar schools and university that came up most, and not questions of EU membership.",0,Attack,C,1,0,0,
827,"The momentum is with UKIP; Labour, Conservative and Liberal areas are all now vulnerable to them. ",He promised that his party would sing Mr Lynam's humorous version of Send in the Clowns at its South East conference on 8 June.,2,No Relation,C,0,0,1,
3781,it should be blue,blue is a good colour,1,Support,C,0,1,0,
3707,i believe a phd is still not really required if you aim a position in the corporate world you should only do a phd if you aim at a career at a univeristy,i would also say that phd could help in industry career i guess it really depends on the company and the particular position though,0,Attack,C,1,0,0,
2935,feel free to respond,to start with with i think the wikipedia page  httpen,1,Support,C,0,1,0,
1857,"In UKIP, we have a new political force which looks likely to poll very well in a national election on thursday.",She also dismissed suggestions she had left because her political career was not advancing quickly enough.,2,No Relation,C,0,0,1,
714,"Much of UKIP's meteoric rise has to do with political correctness, and the fact that ordinary people are sick of it.","The UKIP leader said he had not called for a deal with the Tories, but said it would be crazy not to consider it if an offer on independence from Europe was on offer.",2,No Relation,C,0,0,1,
1846,"The whole UKIP-for-the-working-class narrative is utterly insane since, if we left the EU, the poor would still be competing with cheap foreign labor.","In contrast, the Liberal Democrat's Bill Newton Dunn quit the Tories in protest at its increasing hostility to Europe.",2,No Relation,C,0,0,1,
485,The only reason we are even having a sensible debate about Europe are UKIP.,The UKIP MEP reckoned a number of Conservatives who want a referendum on the EU in the current Parliament need to grow a backbone and do something about it.,1,Support,C,0,1,0,
982,"I think Farage makes a much better leader than any of the other parties, he's full of enthusiasm and is not a PR man like the current leaders of the 3 main parties.",But on camera today he told me that the party will not change its policies to accommodate UKIP.,2,No Relation,C,1,0,0,
1931,"Marketing UKIP as ""the people's army"" is a bitter irony.","Deputy Prime Minister Nick Clegg, whose Liberal Democrats oppose a referendum, said leaving altogether would make us less safe because we co-operate in the European Union to go after criminal gangs that cross borders.",2,No Relation,C,1,0,0,
1671,UKIP isn't committed exclusively to either right-wing or left-wing ideology and that’s a very good place to be.,He said his views were nothing to do with UKIP and were expressed before he became involved with the party.,2,No Relation,C,0,0,1,
2384,science can never conclusively prove that there is no god unless proof of another   god   is somehow found,  intelligent design does have merit,0,Attack,C,1,0,0,
2560,behe assertsdesign is recognized in the purposeful arrangement of partswho decides if an arrangement of parts is purposeful  what does purposeful really mean in that statement  do the parts have purpose  does the arrangement have purpose  did the designer have purpose  if i take an old wristwatch and remove all the springs and gears and arrange them in a circle is the circle designed  if i throw them in a heap are all of the parts of the watch no longer designed  if i pick up some metal shavings off of the floor from under the lathe in the machine shop and arrange them into a complicated mathematical pattern that i generated using a computer program can you tell if this is a purposeful design or just a random designis a virus designed  a prion  a fragment of rna a benzene molecule  how can you tellwaving your hands and saying i know design when i see it and all life was obviously designed just wont cut it,who decides if an arrangement of parts is purposeful what does purposeful really mean in that statement do the parts have purposeif there is some form of synergy in the arrangement then yes that would be purposeful,0,Attack,C,0,1,0,
1109,"I would say it's the anti-ukip brigade who have no substance to their argument (or facts), they simply shout ""racist"" with nothing to substantiate this slur, or become crude and insulting.",It took place before Labour fell out with the Unite union and before Abu Qatada left the country and so on.,2,No Relation,C,0,0,1,
2791, i have been a christian most of my life and the ten years i lived outside the community was hell on earth,poblic schools are not to promote   religion  ,1,Support,C,0,0,1,
966,UKIP are not a single issue party anymore; UK Sovereignty is the crux of their party political platform but they've certainly expanded from that singular issue in recent years.,"Original leader and UKIP founder Alan Sked quit before the 1999 European elections, after arguing the party should refuse seats in the gravy train of the Strasbourg Parliament.",2,No Relation,C,0,0,1,
843,A forensic examination of UKIP's policies would nail once and for all the Establishment lie that they're a bunch of swivel-eyed racists.,"Asked if this meant he was calling UKIP racist, he replied of course it is racist, of course, who doubts that?",0,Attack,C,1,0,0,
2275, creationism is scientifically testable, evolution is unobserved it is an unproven theory  the term evolution can describe a number of things some of which are directly observable while others are not,1,Support,C,0,0,1,
84,"I don't see UKIP as being far right, they're just further right than the rest who have congregated arund the middle ground.","The Conservatives and Labour were contesting most local election seats, with 2,263 and 2,168 candidates respectively.",2,No Relation,C,0,0,1,
3611,i will post another in the next couple of days,bless your heart,1,Support,C,0,0,1,
4025,this film is the poster child for hollywood greed at work its a depressing plot devoid of compassionate characters i mean they kill a child in this movie who finds that entertaining,i started posting a riposte to your ridiculous message then i stopped and deleted it either youre taking the mick or you are an idiot either way i dont care,0,Attack,C,0,0,1,
3505,i have not studied evolution according to your way of thinking,really what a surprise so tell me if you do not know what it is or how it works how do you know that you are opposed to it,0,Attack,C,1,0,0,
495,"The People's Army is on the march and UKIP will get Britain back from the Liblabcon, Establishment and MSM political abusers of our country.",Mr Farage said it was very important that UKIP gets a voice in Westminster.,1,Support,C,0,1,0,
3289,aithiesm constitutes that nothing created the universe, god does exist he created evolution,0,Attack,C,1,0,0,
3168,i agree with your definition of ignorance but i feel that ignorance crosses into stupidity when those who are ignorant but have the means to inform themselves fail to do so,yeah thats kinda true,0,Attack,C,0,1,0,
1595,UKIP are in no way a single issue party and if Labour or the Conservatives were to give us a referendum UKIP would still have a full manifesto that would attract many voters.,"But it is also one which means people often dismiss it as a single issue party, unlikely to become a force in Westminster politics.",0,Attack,C,1,0,0,
36,People are not voting for UKIP because of immigration propaganda but because of their direct experience of immigration.,"The Conservatives back like-for-like renewal, but the Lib Dems want a slimmed-down version, with a maximum of three submarines.",2,No Relation,C,0,0,1,
625,People are not voting for UKIP because of immigration propaganda but because of their direct experience of immigration.,"Isolating Britain and damaging Britain's reputation is not the right history to write, he said.",0,Attack,C,0,0,1,
1980,"In UKIP, we have a new political force which looks likely to poll very well in a national election on thursday.","The Green Party, so often the fourth contender in local election races, now faces a very serious rival for that spot in UKIP.",1,Support,C,0,1,0,
1535,"UKIP's position is not reasonable, but racists and proto-fascist, considering they have nothing to say about the finance capital bombing of the economy, but to put all the blame for Europe's woes onto immigration.",UKIP say their message is cutting through regularly.,0,Attack,C,1,0,0,
541,"My observation is that UKIP often are reluctant to directly answer any questions of substance, which can be accounted for by the fact that they really have no policies.",A UKIP spokesman described the row with Mr Farage as an internal party matter that would be dealt with in an appropriate fashion.,2,No Relation,C,0,1,0,
584,The current smear strategy against UKIP is not pulling people back but pushing them towards UKIP and if this carries on then things are going to be a lot tighter by the time the general election comes.,"He discussed its chances of a breakthrough in English local elections, and for parliaments and assemblies in Wales, Scotland and Northern Ireland.",2,No Relation,C,0,1,0,
128,"I don't believe Farage is a racist and I don't believe the UKIP policies are racist, but I do think they will be the party that attracts most support from racists.","We certainly need to improve women's place at senior level on those companies that are running the major organisations in this country, she added.",2,No Relation,C,0,0,1,
3996,rarely have i watched and rewatched a movie with such spectacular cinematography,great post the cinematography is outstanding in this film my jaw hit the floor at some parts as the camera just rolls making you feel like youre there,1,Support,C,0,1,0,
2490,and it never has and never will,the biologic institutemy my what nonsense,0,Attack,C,1,0,0,
1609,"UKIP's position is not reasonable, but racists and proto-fascist, considering they have nothing to say about the finance capital bombing of the economy, but to put all the blame for Europe's woes onto immigration.","The charge put by its deputy leader David Campbell Bannerman when he defected to the Conservatives in the wake of the May elections was that UKIP remained, at heart, a single issue pressure group.",1,Support,C,0,1,0,
2050,"If we leave the EU we will save billions of pounds which can then be invested in our ailing national infrastructure, notably the NHS.","Mr Cameron also said he did not think it would be right for Britain - or in the national interest - to leave the EU entirely, pointing out that some 50% of nation's trade was with the EU.",0,Attack,C,1,0,0,
2697,i understand the ad hominem approach chosen by joe after all what is the alternative showing that id really lives up to what joe claims it isjoe gand again the design inference relies on observations data and experience,dias i explained in my fourth opening statement design can be inferred regardless of whether the designer is natural or supernatural,1,Support,C,0,1,0,
3735,but there are very nice beaches nearby,this is true for example baratti is lovely,1,Support,C,0,1,0,
2583,could evidence against design perhaps be evidence against the case brought in favor of it,the universe is under no obligation to conform to anyones definition of science,0,Attack,C,0,1,0,
568,"If you want an insight into just how mad and bad UKIP are, go and read what their members, candidates and supporters write on the Telegraph.","For the moment, that's true, he says, the first-past-the-post system is a nightmare for us.",2,No Relation,C,0,0,1,
1775,"UKIP is a not a real party, with a clear global ideology and vision addressing all aspects of society: it is focusing on a handful of issues (all centered around membership in the EU and migrants), mostly ignoring global financial issues, health, education, security etc.","In their leaflets, UKIP says that 29 million Bulgarian and Romanians will have the right to live, work and draw benefits in the UK and while many will be fine, hard-working people, suggests the country may struggle to cope with another influx of people needing jobs, housing schools, hospitals and benefits.",2,No Relation,C,0,1,0,
514,UKIP and the Greens are the only parties to date that haven't screwed us all over.,A poll showed that only 26% said the PM was in touch with the lives of ordinary voters.,1,Support,C,0,0,1,
1920,UKIP is not at all taking into account the financial effects of leaving the EU: Europe is the main market for the UK. ,"Conservative party vice chairman Michael Fabricant said the party had struggled to present a distinctive message during the Eastleigh election, saying UKIP had managed to connect with traditional blue-collar Tory voters on issues such as crime and immigration in a way the Conservatives had not.",2,No Relation,C,0,0,1,
1477,"UKIP are an independent party and have shown that their appeal is broad, making big dents in staunchly Labour voting areas as well as the recent bi-election successes.","I think people should look at Bradgate Park to see how council-owned places can be run, he added.",2,No Relation,C,0,0,1,
3744,suits is good but certainly not the best characters are pretty cool but plot and dialogue can be a bit cheesy sometimes unless dwight is a senior partner,and also bad acting,1,Support,C,0,1,0,
96,"The country faces more than two big issues, which is where Ukip come apart at the seams in an incoherent bunch of right wing horse shit from whatever Think Tank came along at the time.","In some cases, they have confirmed and illustrated what we believed already, he said.",2,No Relation,C,0,0,1,
1845,UKIP is an opportunistic party that exploits the unpopular European Union for political gain.,The Electoral Commission said it accepted the Supreme Court's judgement and it would carefully consider the implications of the judgment for how impermissible donations are dealt with in future.,2,No Relation,C,0,0,1,
1497,"UKIP do not bear scrutiny either as a coherent policy offer or a group of potential ministers , they are an insurgent party of protest with one message.","In contrast, the Liberal Democrat's Bill Newton Dunn quit the Tories in protest at its increasing hostility to Europe. And now?",2,No Relation,C,1,0,0,
619,"The country faces more than two big issues, which is where Ukip come apart at the seams in an incoherent bunch of right wing horse shit from whatever Think Tank came along at the time.","Relations between Ms Andreasen and Mr Farage had been strained for some time, with Ms Andreasen calling for Mr Farage to quit after the party's poor performance in council elections in 2011.",2,No Relation,C,0,1,0,
482,I would hazard that it’s UKIP’s appeal to tradition and “British values” that appeals – it’s a cosy reimagining of a glorious past and taps into the Little England mentality of a large swathe of tory supporters.,He suggested the three main parties could learn from last time and stage the 2015 debates in a slightly different way.,2,No Relation,C,0,0,1,
415,I think it's far too simplistic to argue all UKIP supporters are racist - there is a real groundswell against the political establishment which over the past 20 years or so has started to converge in terms of image and policies.,"The responsibility of employers is to the communities they live in as well as to making a pure profit, he said.",2,No Relation,C,0,0,1,
1351,I suspect when people do start to focus and the election is close UKIPs incoherent policies will be exposed.,"Earlier this year, it emerged that the Conservatives' constituency membership had nearly halved since David Cameron became leader in 2005.",2,No Relation,C,0,1,0,
3109,calling the ort cloud a guess is disingenuous at best,the scientific investigation into the question of the age of the earth and of the universe has been going on for hundreds of years,1,Support,C,0,0,1,
3234,to each their own as a personal belief i have nothing against those that subscribe to creationism but feel strongly that it does not belong in schools,life consist of nothing but creations,0,Attack,C,0,1,0,
499,"In fact, all UKIP seems to talk about now is withdrawl from the EU without any genuine policy around UK's domestic economy.","Relations between Ms Andreasen and Mr Farage had been strained for some time, with Ms Andreasen calling for Mr Farage to quit after the party's poor performance in council elections in 2011.",2,No Relation,C,0,0,1,
2889,while i did feel for some time that id had merit i also must admit that i believed for some time that it was religious due to those early pandas drafts,i changed my mind and felt somewhat angry when i realized just what those early drafts meantyou mean you accepted the attempt to reconcile the early drafts while ignoring the facts sadly you seem to have fallen victim of di propaganda,0,Attack,C,1,0,0,
4023,as far as acting and cinematography go this film was great but the content and plot were horrible,the acting was great cinematography was great the villain was one of the all time most relentlessly evil antagonists the plot was gripping enough that you intensely worried for the characters,0,Attack,C,1,0,0,
2041,Whether UKIP can deliver on their promises if they were to win power at the next general election is a moot point because they will not win power.,"He has vowed to scrap all speed cameras in the region, arguing that they sour police relations with law-abiding citizens and fail to cut road accidents.",2,No Relation,C,0,0,1,
1880,"On voting day, this week the vast majority of the British public will not vote for UKIP.",The parties in government will comfort themselves that it's mid-term - people wanted to give them a bloody nose.,2,No Relation,C,0,1,0,
3111,maybe get someone to do your studies who doesnt pay a tithe  someone who perhaps doesnt own a   bible  ,consider reading chance or purposeat any rate chance is an obviously derogatory word to try to bias the argument against   evolution   and purpose is obviously meant to imply that some intelligence is involved,1,Support,C,0,0,1,
2640,like all theories evolution has changed over the years because of new evidence was discovered,you are ignoring my main point that catastrophism was closer to the truth then darwin,0,Attack,C,1,0,0,
3152,the history of the bible including its compilation by the early church is quite well known,i didnt realize how crazy some people were,1,Support,C,0,0,1,
2926,i know this sounds crazy but in a weird way im honored to get a response from you,the full drafts were all entered as evidential exhibits with the court and are on file there,0,Attack,C,1,0,0,
146,Cameron had it right and UKIP could tip the balance towards Labour in the crucial marginal seats in the GE where the battle will take place .,"But it caused tensions in the Tory ranks, with Mr Cameron accused of being out of touch with his grassroots.",0,Attack,C,1,0,0,
2611,having been asked to contribute a discussion of the anthropic principle for a colloquium on cosmology i would start by recalling that although its original formulation  was motivated by a problem of cosmology diracs and although many of its most interesting subsequent applications such as the recent evaluation  of the dark energy density in the universe have also been concerned with large scale global effects the principle for which i introduced the term anthropic is not intrinsically cosmological but just as relevant on small local scales as at a global level,in my discussions with island i have come to the conclusion that i was mistaken in calling island an id supporter,1,Support,C,0,0,1,
1983,"In fact, all UKIP seems to talk about now is withdrawl from the EU without any genuine policy around UK's domestic economy.","Among the 31% of respondents who said immigration is good for the economy, half wanted to see it reduced anyway.",2,No Relation,C,0,0,1,
168,The reason why UKIP has gained so many votes is because the main parties refuse to deal with immigration and the EU.,The decision to push ahead with the legalisation of same sex marriage met furious opposition from religious groups and some of Mr Cameron's own MPs.,2,No Relation,C,0,0,1,
516,"I don't think most people realise the benefits of free trade at all, and UKIP capitalise on peoples ignorance of the benefits of free trade as much as they can.","Some Tory strategists believe it was a mistake for Mr Cameron to agree to them, arguing that they allowed Lib Dem leader Nick Clegg to seize the initiative from the Tory leader.",2,No Relation,C,0,0,1,
2454, jay intelligent design id has scientific merit in paleontology because in many instances it can be applied to the fossil record to detect where design has occurred in the history of life by finding the rapid introduction of large amounts of complex and specified information csi,since we proposed punctuated equilibria to explain trends it is infuriating to be quoted again and again by creationists  whether through design or stupidity i do not know  as admitting that the fossil record includes no transitional forms,1,Support,C,1,0,0,
1114,"I don't necessarily think Nigel Farage is worthy of PM, I think they need a new leader.","Labour selected comedy writer, broadcaster and author John O'Farrell as its candidate.",2,No Relation,C,0,0,1,
2047,If anyone seriously thinks that UKIP will offer some kind of answer to our current problems then I think that they are going to be sadly disappointed.,"UKIP appears to have struck a chord with many voters on the issue of immigration, campaigning against the relaxation of working restrictions on Bulgarians and Romanians due to come into force in January.",0,Attack,C,1,0,0,
473,It's a protest vote because (most) people know that UKIP will never net in power.,"The europhile claimed his former party has forgotten the legacy of Churchill, Macmillan and Thatcher, with the PM in terror of the right of his party.",2,No Relation,C,0,0,1,
2712,you are using the common tactic of forcing someone to disprove a negative,there is nothing wrong with asking someone to disprove a negative that is with asking someone to provide evidence contrary to a claim,0,Attack,C,0,1,0,
1162,The more the 'mainstream' parties smear and lie about UKIP the more their support rises.,"The BBC's deputy political editor James Landale said senior Conservatives were preparing for the party to lose 350 seats they won in 2009, the last time the seats were contested.",2,No Relation,C,0,1,0,
3501,that is really simplified it is not like a woman body is a suitcase and the fetus is biologically selfreliant,picture an astronaut connected to a spaceshuttle without that cord he wouldnt be able to live so is he really able to live on his own or is he depending on something else to live i really do not see your point,0,Attack,C,1,0,0,
250,"I don't believe Farage is a racist and I don't believe the UKIP policies are racist, but I do think they will be the party that attracts most support from racists.","On the current trajectory, I do believe MPs will cross the floor, he said.",2,No Relation,C,0,0,1,
224,UKIP are not a single issue party anymore; UK Sovereignty is the crux of their party political platform but they've certainly expanded from that singular issue in recent years.,"Once the results are in, his party is highly unlikely to have gained control of a council.",2,No Relation,C,0,0,1,
1322,UKIP are in no way a single issue party and if Labour or the Conservatives were to give us a referendum UKIP would still have a full manifesto that would attract many voters.,Labour say the council elections are taking place in what they call Tory heartlands - the shires where Conservatives should expect to win.,2,No Relation,C,0,1,0,
648,"The momentum is definitely with UKIP at the moment, hopefully that will continue with the up and coming by-elections.","The leader of the UK Independence Party, Nigel Farage, has said early gains in council elections across England are remarkable for the party.",1,Support,C,0,1,0,
3698,no what makes economics tick is unfairness of trade you do not need to fix something that is still not broken,on the other hand prices in usa are much lower for example for electronic devices that could be a way to reduce prices in europe,0,Attack,C,1,0,0,
3187,i agreed with you up until reasonable doubt,therefore your usurpation of supposed assumption of stated opinion cannot be proven or supported by evidence but is not substantial enough to answer the question specifically,1,Support,C,1,0,0,
2692,by the very nature of its approach intelligent design cannot be satisfied with a designer who is part of the natural world,bowmanid addresses evidences for designed structures mechanisms and synergistic systems in biology,0,Attack,C,0,0,1,
617,"There's an election next month, UKIP are campaigning on the streets right now, and candidate upon candidate keeps churning out ridiculous (often racist, sexist or homophobic) views.",The nature of the modern Conservative Party Conference reflects its crisis in willing support.,2,No Relation,C,0,0,1,
3323, god created the world we did not evolve from monkeys its in the good book, the evolution that i believe in is not the kind you think,1,Support,C,1,0,0,
2185,If anyone seriously thinks that UKIP will offer some kind of answer to our current problems then I think that they are going to be sadly disappointed.,"Mr Farage will tell members at the conference in London that, by the 2015 general election, UKIP will overtake the Lib Dems in terms of its support base.",2,No Relation,C,1,0,0,
29,"The Green Party stands out as different, UKIP are just another bunch of neo-cons, although further out to the right.",Let us send an earthquake through Westminster politics and let's say we want our country back.,2,No Relation,C,0,0,1,
2794,why dont you tell meare they needed to for   health   and safety of the country,the  commandments are not the sole source of morality,0,Attack,C,0,0,1,
2944,i recall somewhere in genesis when   god   banished and marked cain some sort of reference to other people being alive other than just the first family ie adamevecain and abel and that the only reason that he would have marked abel was to protect him but protect him from whom if they are indeed the only other people so that logically leads to the assumption that there were other people living along side the first family,they too present some very compelling evidence to their side of this one,1,Support,C,0,1,0,
1464,"I think Farage makes a much better leader than any of the other parties, he's full of enthusiasm and is not a PR man like the current leaders of the 3 main parties.",But Dr North does have other reservations about Nigel Farage - including what he sees as his lack of political acumen.,0,Attack,C,1,0,0,
2862,but its more than we dont understand thus designed,but its more than we dont understand thus designed,0,Attack,C,0,1,0,
1737,Plenty of survey's have shown UKIP to be the most hated of the main parties.,"The responsibility of politicians in this situation when people are getting anxious is to try to reassure them and give the facts, not panic and resort to populist measures that do harm.",2,No Relation,C,0,0,1,
859,The more the 'mainstream' parties smear and lie about UKIP the more their support rises.,"UKIP recorded their best ever Westminster election performance and brought humiliation to the Conservative candidate, in the process triggering a debate within the party about how to deal with their rivals.",1,Support,C,0,1,0,
1971,It is because of UKIP that we are finally discussing the European question and about immigration and thank goodness for that.,"Over three million jobs in this country, directly or indirectly, depend on us being in the EU, so that is a big choice.",0,Attack,C,1,0,0,
50,Should ukip get into government it would be fair to assume that we'll see a whole raft of right-wing policies as actual government policy.,"The BBC's deputy political editor James Landale said senior Conservatives were preparing for the party to lose 350 seats they won in 2009, the last time the seats were contested.",2,No Relation,C,0,0,1,
1831,"The problem with popularism but no substance, like UKIP represent, is that it just results in things getting worse and worse.",I believe that what UKIP is doing is vital for this country.,0,Attack,C,1,0,0,
3259,ok,evolution has basically been proven there is no evidence for the biblical story common claims made by evolutionists,0,Attack,C,0,0,1,
474,UKIP and the Greens are the only parties that haven't screwed us all over yet,"Both the UK Independence Party, which is fielding a record number of candidates, and the Green Party of England and Wales are hoping to make notable gains.",1,Support,C,0,1,0,
3620,did anyone else expect anything less these evil fundie christians can have affairs    or even  marriages yet gay people are a threat to marriage by wanting to get married,you hear that cry allowing gays to marry will cause the downfall of civilization but you never hear how or why,1,Support,C,1,0,0,
486,Cameron had it right and UKIP could tip the balance towards Labour in the crucial marginal seats in the GE where the battle will take place .,"Because when it comes to being against Europe, the people prefer, between the original and the copy, they prefer the original.",1,Support,C,0,1,0,
1202,Many racists and especially xenophobes find the UKIP message appealing.,"UKIP beat us in 2009; a year later we won 24% of the vote in the general election and UKIP were nowhere, the deputy prime minister told Channel 4 News.",2,No Relation,C,1,0,0,
176,"I and many others will be voting UKIP not because of a handful of people that have said stupid things, it will be because I identify and agree with their overarching principles.",Past party leaders who have taken part in Mumsnet chats have been quizzed about their favourite biscuit.,2,No Relation,C,0,0,1,
2362,jumpstarti reckon well have to take your word on your christianity,if youre tired of debating pandas fine,0,Attack,C,0,0,1,
2180,UKIP getting a large chunk of the vote in the EU elections sends a message to Europe that they cannot take the UK membership for granted.,Mr Farage also insisted he believes his party can win May's European elections.,1,Support,C,0,1,0,
3606,sadly policy needs no law for justification the va is a law unto themselves as anyone who has delt with them finds out,well then there is grounds for a lawsuit find a group of veterans and get them to sue the va funded by the nra and take the whole organizaton to court on charges of violating federal standards,1,Support,C,1,0,0,
2197,"UKIP do not bear scrutiny either as a coherent policy offer or a group of potential ministers , they are an insurgent party of protest with one message.",Mr Cameron dismissed UKIP's showing as a protest by voters and promised to stay true to his principles.,1,Support,C,0,0,1,
1090,"The momentum is definitely with UKIP at the moment, hopefully that will continue with the up and coming by-elections.","Open-minded, doesn't throw abuse around and thinks issues through - he would be the right kind of person.",2,No Relation,C,0,0,1,
3066,is it me or is it you only time will tell,if the existence of a fossil record contradicting parts of the bible then that does not disprove in and of itself the fossil record,0,Attack,C,0,0,1,
3102,i am not disputing god and i hardly think the difference between a day and a billion years or so is splitting hairs,mike my apologies to you but i am surprised at the numbers of people here who appear to be somewhat hostile towards the existence of a supreme being namely god yahweh yahwah yhwh the i am that i am and so forth,0,Attack,C,0,1,0,
1873,"I don't necessarily think Nigel Farage is worthy of PM, I think they need a new leader.","They will each have plenty of opportunities to publicly debate the party's performance, and to make the case against the return of Nigel Farage.",1,Support,C,0,1,0,
2879,so i decided to check out the actual articles in question and much to my dismay i came to realize that this seemed to be a blatant quote out of context,after reading the points between the ncse and the discovery institute on that claim i am still skeptical of this as well,0,Attack,C,0,1,0,
1760,UKIP's proposals on membership in the EU and migrants are at best purely demagogic: they do not take into account facts and more general issues.,"The Conservatives have argued the surge in support for UKIP was essentially a protest vote, but Mr Farage dismissed this as the default position of the political establishment.",2,No Relation,C,0,0,1,
2032,"If UKIP want to retain these voters and attract more in a general election then they need to come up with policies other than ""leave the EU"" and ""its all the immigrants fault"".","UKIP's local election manifesto, concentrates on its flagship policy of ending open door immigration and putting pressure on the government not to lift restrictions on workers from Bulgaria and Romania on 1 January, which proved a successful formula in Eastleigh.",2,No Relation,C,1,0,0,
428,"In fact, all UKIP seems to talk about now is withdrawl from the EU without any genuine policy around UK's domestic economy.","Ms Andreasen had been UKIP's sole remaining female MEP, after Nikki Sinclaire was expelled from the party in 2010.",2,No Relation,C,0,0,1,
4026,this film is the poster child for hollywood greed at work its a depressing plot devoid of compassionate characters i mean they kill a child in this movie who finds that entertaining,you are right this movie sucks i dont understand why is it liked so much someone here says its supposed to be thought provoking and not entertaining,1,Support,C,0,1,0,
1782,"The whole UKIP-for-the-working-class narrative is utterly insane since, if we left the EU, the poor would still be competing with cheap foreign labor.","I'm feeling pretty sore, Mr Farage told the Today programme, having had bone grafts, and all the rest of it.",2,No Relation,C,0,0,1,
3047,while aig tries to defend genesis with the weakest possible argument answers in creation explain genesis i in a way that gives it a literal interpretation that is still in line with   science  ,the only assuption we make in science is that the nature of the universe is consistant and rational,1,Support,C,0,1,0,
1217,A strong UKIP vote suggests there's a lot of the British public who aren't on board with the current set-up.,"Contests took place in 27 English county councils and seven unitary authorities, as well as in Anglesey.",2,No Relation,C,0,1,0,
1459,UKIP doesn't need to win power to force the changes people want.,But he said there were still major differences such as grammar schools and windmills dividing the Conservatives and UKIP as he spoke to Jo Coburn about talks of a pact suggested by Conservative MP Michael Fabricant.,1,Support,C,1,0,0,
420,UKIP are not a single issue party anymore; UK Sovereignty is the crux of their party political platform but they've certainly expanded from that singular issue in recent years.,"Labour's candidate, Mr O'Farrell, has said the campaign re-invigorated the party in the area, which Ed Miliband has visited to campaign several times.",2,No Relation,C,0,0,1,
2976,is often confused for rhetoric,the point of the debate is to set up a straw man that the world was created in six days that antichristians can knock down,1,Support,C,0,1,0,
1965,"In fact, all UKIP seems to talk about now is withdrawl from the EU without any genuine policy around UK's domestic economy.","He said he had been advised to make the arrangement for inheritance purposes, on the basis that it could be used to pay for things such as schools fees for grandchildren.",2,No Relation,C,0,0,1,
322,A vote for UKIP is a vote to leave the EU and recover power over our national life.,"We do need a reformed relationship with Europe, and that's exactly what we're proposing.",1,Support,C,1,0,0,
1069,"I don't see UKIP as being far right, they're just further right than the rest who have congregated arund the middle ground.",Labour significantly increased its share of the vote in Croydon North and Middlesbrough to over 60%.,2,No Relation,C,0,0,1,
3095,if you believe in god which one and god gave you the brains to think then use your brains and follow the evidence,evolutionary theories the big bang hypothesis for instancethe big bang theory is not an evolutionary theory,1,Support,C,0,1,0,
755,"I and many others will be voting UKIP not because of a handful of people that have said stupid things, it will be because I identify and agree with their overarching principles.",Eurosceptic Paul Sykes said UKIP was the last best hope for Britain and he would help fund its election campaign.,1,Support,C,0,1,0,
213,"UKIP are a fairly right wing group as I'm sure will become clear when they actually produce some policies other than the ""its all the eu's"" fault.","High up in the Staffordshire Moorlands in the village of Endon, Liberal Democrat candidate Christina Jebb has her campaign leaflets set out on the dining table.",2,No Relation,C,0,0,1,
623,Big business will not support UKIP given the devastation that withdrawal from the EU would cause.,"What you are not free to do, and what only an Almighty God is free to do, is to control the divine consequences of your proposed action.",2,No Relation,C,0,0,1,
1641,UKIP are a joke outfit full of small-minded Neanderthals who think the 1950s are the future.,"Essentially we are saying to the party don't panic, and trust us, one Cameron adviser said.",2,No Relation,C,0,0,1,
1155,UKIP and the Greens are the only parties to date that haven't screwed us all over.,"In contrast, the Conservatives have seen their membership levels fall.",1,Support,C,0,1,0,
2970,some people see it as a day to the lord is a  years,isnt one of those choices objectively true,0,Attack,C,1,0,0,
1506,UKIP are blatantly disregarding the possibility of man made climate change.,"And when married to the Europhobia innate to parts of the Conservative party, you have a diabolical cocktail that threatens the whole long-term structure of UK climate change and energy policy.",1,Support,C,0,1,0,
1925,Plenty of survey's have shown UKIP to be the most hated of the main parties.,"UKIP, which has called for withdrawal from the European Union and greater restrictions on immigration, has seen improved poll ratings this year.",0,Attack,C,1,0,0,
1056,"If UKIP do hold the balance of power and get into government, their only condition will be an in/out EU referendum.",It's not unreasonable to say she wasn't exactly overwhelmed by support from the party nationally in this campaign.,2,No Relation,C,0,0,1,
3812,We should grant politicians immunity from prosecution,The ability to prosecute politicians is the ultimate protection against the abuse of power,0,Attack,C,1,0,0,
172,"UKIP are just another bunch of freeloaders, using peoples fears and prejudice to gain votes so that they can get their snouts into the trough.","We see large and growing Muslim communities which are set against integration with the rest of us, and UKIP are the only ones willing to discuss these things.",0,Attack,C,0,0,1,
185,Many racists and especially xenophobes find the UKIP message appealing.,UKIP said Mr Neville was at odds with the party on a number of policies and was not adhering to the requirements of being an official party spokesman.,2,No Relation,C,0,0,1,
1007,"Marketing UKIP as ""the people's army"" is a bitter irony.","Mr McMillan-Scott rejected his complaint and suspended the sitting for five minutes, while Mr Bloom and a small group of MEPs were escorted from the chamber, to applause from some members.",2,No Relation,C,0,0,1,
1136,"UKIP advocates for the UK leaving the European Union which would be a bad idea – but they are trying to leverage on the british people’s need to belong and pride to be british, which further sparks their anti-foreigner standpoint.","James Morris said there were lots of practical ideas for the future of the Conservative Party, but denied it was an alternative group.",2,No Relation,C,0,0,1,
2187,"If we leave the EU we will save billions of pounds which can then be invested in our ailing national infrastructure, notably the NHS.","Over three million jobs in this country, directly or indirectly, depend on us being in the EU, so that is a big choice.",0,Attack,C,1,0,0,
3561,this is where the competition really occurs this is why natural selection the ability to go on to breed on the level of the population is actually nonrandom,wow supersport got something right,1,Support,C,0,0,1,
2327,naming two well known id proponents does not a citation make to support pvms twisted version of id arguments,seems highlander was somewhat quick in his response as i am more than willing to support my claims,0,Attack,C,0,0,1,
3412, this sounds like religious faith speaking, evolution is one of the most strongly supported theories in all of science,1,Support,C,1,0,0,
1444,"Europe is no longer fit for purpose and we'd do better to be out than in, plus save a whole load of cash.","Mr Cameron also said he did not think it would be right for Britain - or in the national interest - to leave the EU entirely, pointing out that some 50% of nation's trade was with the EU.",0,Attack,C,1,0,0,
3138,it is only the closest science can come to explaining the origin of human existence and how things developed over timeyes,so would you say that the those in the bible lied about jesus doing miracles and god showing himself through signs or etc,1,Support,C,0,0,1,
2188,"I don't think most people realise the benefits of free trade at all, and UKIP capitalise on peoples ignorance of the benefits of free trade as much as they can.",The result is expected to be announced at about 02:00 on Friday.,2,No Relation,C,0,0,1,
2081,UKIP is not at all taking into account the financial effects of leaving the EU: Europe is the main market for the UK. ,"Conservative party vice chairman Michael Fabricant said the party had struggled to present a distinctive message during the Eastleigh election, saying UKIP had managed to connect with traditional blue-collar Tory voters on issues such as crime and immigration in a way the Conservatives had not.",2,No Relation,C,0,0,1,
1414,If UKIP is really the best our country can do for an alternative then we are all doomed.,"I think of the volunteers in my own constituency, they are not just my friends and my supporters, I feel I am one of them.",2,No Relation,C,0,0,1,
1525,People are not voting for UKIP because of immigration propaganda but because of their direct experience of immigration.,"He said his party had fundamentally changed the national debate on Europe, immigration and education.",1,Support,C,0,1,0,
1350,I would hazard that it’s UKIP’s appeal to tradition and “British values” that appeals – it’s a cosy reimagining of a glorious past and taps into the Little England mentality of a large swathe of tory supporters.,"A by-election will also be held for the Westminster seat of South Shields, vacated by Labour's David Miliband.",2,No Relation,C,0,0,1,
3941,We should force think tanks to reveal all of their sources for resource funding,Overregulating think tanks sets a dangerous precedent,0,Attack,C,1,0,0,
3676,go by bike,people are too lazy,0,Attack,C,0,0,1,
3153,i didnt realize how crazy some people were,i wish i could express my support for your comment more fully,1,Support,C,0,0,1,
1672,UKIP isn't committed exclusively to either right-wing or left-wing ideology and that’s a very good place to be.,He suggested they had worked last time because the three broadcasters had come forward with a simple idea and not proposed rival or different approaches.,2,No Relation,C,0,0,1,
1637,UKIP's sole aim at the general election is to get a smallish number of MPs elected but enough to hold the balance of power and do a deal with the Tories.,One Conservative MP has suggested his party consider a pact with UKIP at the next election.,1,Support,C,0,1,0,
2541,icdesig,we absolutely exclude natural selection as a designerthe real trick is convincing the public that macroevolution is a scientific fact when it has never been observed which is a requirement for sciencei dont know where you get your information but i dont know any id people who include nonid as part of their belief systemlets do this sir lets bring it home to where we live if the human body is not an intelligent design then you tell me what is the definition for an intelligent designwhat is a intelligent design and why is your example an intelligent design   simple straight forward questionwhat is your simple straight forward answer                   bet you cant do it,0,Attack,C,1,0,0,
3748,london surely is a better city than vienna,i think it depends on the individual,1,Support,C,1,0,0,
1208,People are not voting for UKIP because of immigration propaganda but because of their direct experience of immigration.,"On most issues, he is on-message with the national Conservative campaign and is evangelical about the scale of the changes he has led in his four years in the top job at the council.",2,No Relation,C,0,0,1,
3799,I prefer trade to aid,Trade provides developing countries with an important basis for their own improvement,1,Support,C,0,1,0,
2285,evolution has no implications for morality it describes what has happened making no judgement about whether what has happened is good nonreligious ethicists are perfectly capable of making moral judgements and they regularly do so,creationism makes a false historicalscientific claim that is detached from the broader precepts of belief in god,1,Support,C,0,0,1,
3755,go by bike,yeah really great idea bikes rock,1,Support,C,0,1,0,
633,The people and media that are criticising UKIP are highlighting the genuine concerns about UKIP and their policies towards immigrants.,"If the party needed a heads-up that it was in for a thrashing in the 2010 general election, the results in the local elections here in Staffordshire the year before provided it rather starkly.",2,No Relation,C,1,0,0,
2743,in my previous post i discussed by the auscss arguments were flawedboth factually and logically,schen,0,Attack,C,0,0,1,
3957,Governments should be allowed to disrupt Internet service on grounds of national security,Disrupting internet service is a form of repression,0,Attack,C,1,0,0,
4017,although the production was executed competently this dark fantasy did not suit my taste at all it felt as if a lot of effort was put into telling a story that wasnt worth telling,it a very good horror story to me i like the fantasy story more than the fascist story telling but fusing the two allows us to remember history,0,Attack,C,1,0,0,
2971,isnt one of those choices objectively true,yes it is,0,Attack,C,1,0,0,
1856,"UKIP advocates for the UK leaving the European Union which would be a bad idea ‚Äì but they are trying to leverage on the british people‚Äôs need to belong and pride to be british, which further sparks their anti-foreigner standpoint.",Their debate followed a Daily Politics flim looking at a possible pact between UKIP and the Tories.,2,No Relation,C,0,0,1,
3784,the best way to protect Scottish interests in the EU is to vote for independence,Scotland is more pro EU than the rest of the UK,1,Support,C,0,1,0,
2668,intelligent design has been misrepresented as some kackamamy religiously motivated scheme by those who are afraid to challenge what they believe in,first off the human eye did not pop into existence by chance it is the result of billions of years worth of   evolution  ,0,Attack,C,1,0,0,
3945,Transparency is necessary for security,Transparency is a good in and of itself,1,Support,C,0,0,1,
751,A forensic examination of UKIP's policies would nail once and for all the Establishment lie that they're a bunch of swivel-eyed racists.,UKIP have just selected someone to run for Orpington as our potential MP and he's of Indonesian origin and Muslim.,1,Support,C,1,0,0,
2777,by the logic of the antiidists the current theory of evolution is an atheistic theory because richard dawkins once stated it allows for one to be an intellectually fulfilled atheist,joe gthe only way to label intelligent design religious is to change the definition of religion,0,Attack,C,1,0,0,
544,"UKIP appeal to the 'working class' and many of the those who have not bothered voting for a long time, come the general election it won't just be the Tories who feel the hit.","Before her appearance on I'm a Celebrity, Ms Dorries annoyed senior figures in her party when she said UKIP was run by arrogant posh boys.",0,Attack,C,0,0,1,
2193,"The sooner we are out of the EU, the sooner we can start making this country great again.","That said, Lord Davies told peers the bill was an excellent idea, because he was quite confident that any such inquiry would decide that the benefits of EU membership outweigh the costs.",0,Attack,C,1,0,0,
3189,what evidence is there that universal evolution doesnt exist the universe constantly changes,this is not a debate on whether you can disprove it or not this is a debate on if in your mind its been proved,0,Attack,C,0,0,1,
1453,"UKIP is certainly NOT racist or xenophobic - if you, as I'm you have done, read our policies on the website there is no suggestion of this at all, it is more a rumour and conspiracy of the lefties. ",Mr Hague also said he would set out more detail on the government's plans to renegotiate Britain's relationship with the European Union before next year's European elections.,2,No Relation,C,0,0,1,
1072,"I and many others will be voting UKIP not because of a handful of people that have said stupid things, it will be because I identify and agree with their overarching principles.",We need to show respect for people who have taken the choice to support this party and we are going to work really hard to win them back.,1,Support,C,0,1,0,
951,It is because of UKIP that we are finally discussing the European question and about immigration and thank goodness for that.,"He joined the UK Independence Party in 2009, as its chief spokesman on climate change.",2,No Relation,C,0,0,1,
2784,joe gnow you are just lying,einsteinit was of course a lie what you read about my religious convictions a lie which is being systematically repeated,1,Support,C,1,0,0,
391,"Even a UKIP European candidate, Janice Atkinson, another ex-Tory, admits leaving the EU would be problematic.","The result, he added, showed Labour needed to redouble its efforts to increase its appeal to voters, in the south of England and elsewhere, who were not traditional supporters.",2,No Relation,C,0,0,1,
1479,A strong UKIP vote suggests there's a lot of the British public who aren't on board with the current set-up.,"The voters have understood that EU membership is making us poorer and less democratic and less free, he said.",1,Support,C,0,1,0,
1792,"ukip's policies on health, education, taxation and all the things that affect peoples lives are non-existent.","He suggested that as many as 20 Conservative MPs shared common ground with UKIP on tax, energy and education and there was a whole list of areas where they agree with us.",0,Attack,C,1,0,0,
3836,We should fear the power of government over the internet,Internet regulation is an attempt by big interest groups to regulate the internet in their favour,1,Support,C,1,0,0,
3528,gay marriage does have a drastic affect on our society,prove it got any credible scientific or sociological studies,0,Attack,C,1,0,0,
3556,these so called pro lifers do not care if women die because of forced pregnancies,of course they do not care being selfish is a cornerstone of who they are they think that all women are invisible,1,Support,C,0,1,0,
612,Big business will not support UKIP given the devastation that withdrawal from the EU would cause.,"Nearly 10,000 candidates were battling for seats in councils across England - they are top-tier authorities in charge of schools, roads, refuse collection, fire and rescue and other local services.",2,No Relation,C,0,0,1,
335,"As far as immigration is concerned all Ukip want is a level playing field for non EU migrants and to control the numbers so, if anything, Ukip are too soft on immigration.",He became the party's deputy leader last year.,2,No Relation,C,0,0,1,
3964,im not saying its a bad movie but its no where near as special as it has been made out to be,the pacing can be slow at times but overall watch it again and think about it yeah this film is pretty awesome is what will come to mind,0,Attack,C,0,1,0,
512,A vote for UKIP is a vote to leave the EU and recover power over our national life.,UKIP Councillor David Silvester said floods had happened after David Cameron acted arrogantly against the gospel.,2,No Relation,C,0,0,1,
4009,i actually really loved moon i was invested the entire way through,for some reason i was bored endlessly by moon i found myself uninterested and disorientated from the central character who could not connect with and had zero interest in,0,Attack,C,1,0,0,
3734,lots and lots of things to see i loved the kitchens at the royal palace the egyptian museum and the museum of cinema such a variety of things to see,sounds lovely,1,Support,C,0,1,0,
3180,hey razza for i wanna say thanks for standing up for what u believe in most people want hard evidence that will prove gods existence when really we ourselves are evidence that god exists,i have never seen an ape evolve into a human and although i have never seen god that makes more sense than evolution,0,Attack,C,1,0,0,
558,"I voted Tory for 30 years and started supporting UKIP because I want a sovereign, democratic , well governed Britain with Britain put first and its getting clearer by the day that the old Liblabcon parties will not do that.","Business for New Europe director Phillip Souta, which organised the letter, said reform of the EU was needed and claimed We are better off in, in many, many ways indeed.",0,Attack,C,1,0,0,
2427,taxiboundi must say that pvm has a way with words,from mr,1,Support,C,0,0,1,
2449,so what using   intelligent design    is the purpose of the appendixid simply predicted that the appendix would have a function,do you know that there is a god youre  on this,0,Attack,C,0,0,1,
2171,"Marketing UKIP as ""the people's army"" is a bitter irony.","Deputy Prime Minister Nick Clegg, whose Liberal Democrats oppose a referendum, said leaving altogether would make us less safe because we co-operate in the European Union to go after criminal gangs that cross borders.",2,No Relation,C,0,0,1,
2429,i have yet to read a single sentence from any id proponent that provides testable predictions about the type of informational properties we expect to find in nature if an intelligent agent were at work in designing a natural object,when held to the standards of proof required for all other scientific theories id fails,1,Support,C,0,1,0,
4024,as far as acting and cinematography go this film was great but the content and plot were horrible,i respect your opinion but i feel like every reason you give is missing the point completely,0,Attack,C,0,0,1,
1606,It is more likely that Tory voters would vote tactically for UKIP to keep Labour out and that means Labour are at a real disadvantage. ,"Labour leader Ed Miliband said the victory of the party's candidate Dan Jarvis, a 38-year-old former soldier who served in Afghanistan and Iraq, was fantastic and accused the Lib Dem leader of complacency.",0,Attack,C,0,0,1,
2259,"I think Farage makes a much better leader than any of the other parties, he's full of enthusiasm and is not a PR man like the current leaders of the 3 main parties.","I was delighted to cast my vote for [UKIP leader] Nigel Farage's team in Sussex, where I live, said Lynam.",1,Support,C,0,1,0,
2267,"I think Farage makes a much better leader than any of the other parties, he's full of enthusiasm and is not a PR man like the current leaders of the 3 main parties.","Despite the strong performances at the recent by-elections, it is true that Nigel Farage, in terms of electoral success, remains a political minnow.",0,Attack,C,1,0,0,
1894,"In UKIP, we have a new political force which looks likely to poll very well in a national election on thursday.","And with UKIP riding high in national opinion polls and coming second in the recent Eastleigh by-election, Mr Farage predicted his party would win seats in each of the 34 councils where elections are being held.",1,Support,C,0,1,0,
3309, look there is no proof that god or any thing in the bible existed where as there is proof to suggest that we are related to monkeys as we have the same arm structure and the same bioorganisms, its impossible to argue with you people,1,Support,C,0,0,1,
2547,icdesigni think behe has made the case for obvious design within the cell and i dont think you will findanyone who could put it any more clear,hi pvm they finally got things straightened out,0,Attack,C,0,0,1,
593,If there are enough Ukip votes it should frighten all the parties sufficiently to make them realise they can't just ignore the electorate.,UK Independence Party leader Nigel Farage has urged MPs to vote in favour of further debate on Europe.,1,Support,C,0,1,0,
1561,UKIP doesn't need to win power to force the changes people want.,"When asked about the alleged swivel eyed loon comment on BBC Radio 4's Today programme, Mr Cameron said It is not what I think, it is not what people around me think.",2,No Relation,C,0,0,1,
3526,i wonder if you would think differently if those two guys got away raped your wife killed your kids burned your house and you somehow knew that they could have been stopped back in texas,dreaming up imaginary what if situations does not prove anything,0,Attack,C,1,0,0,
270,If UKIP is really the best our country can do for an alternative then we are all doomed.,"The Labour candidate Emma Lewell-Buck won the South Shields contest with 12,493 votes - the vote was triggered by the resignation of former Labour foreign secretary David Miliband as an MP.",2,No Relation,C,0,0,1,
607,If the other parties do tackle the issues of EU and immigration I'll be more than happy to see UKIP disappear.,"Prime Minister David Cameron, Labour leader Ed Miliband and UKIP leader Nigel Farage have all visited the constituency since the campaign began.",2,No Relation,C,0,0,1,
2337,joe argues that the design inference is disallowed and we agree to the extent that it fails to be scientifically relevant a posteriori but of course it is never disallowed a priori,joewe look at the options,0,Attack,C,0,0,1,
1196,"The problem with popularism but no substance, like UKIP represent, is that it just results in things getting worse and worse.","It says there should still be a free trade agreement with other European countries, without the existing political links.",2,No Relation,C,0,0,1,
2969,and what of those who having studied the bible and the physical world determine that the bible has no basis in fact,some people see it as a day to the lord is a  years,0,Attack,C,1,0,0,
783,The only reason we are even having a sensible debate about Europe are UKIP.,"Labour got 14,724 votes in the by-election, extending their majority slightly to 11,771, but the turnout fell to 36.5%, compared with 56.4% at the last general election.",2,No Relation,C,1,0,0,
1825,UKIP is an opportunistic party that exploits the unpopular European Union for political gain.,UKIP leader Nigel Farage said any members proven to have extreme right wing views would be expelled.,2,No Relation,C,0,0,1,
1649,"UKIP are a two trick pony, Europe and immigration that's it.","Explaining his decision to swap sides, Mr Campbell Bannerman - MEP for the East of England - said UKIP had become obsessed with single issue politics, internal fighting and shouting from the sidelines.",1,Support,C,0,1,0,
2803,agreed that religious belief should not necessarily compel the rejection of wellestablished results from welldeveloped scientific fields,tjopen debate is all we are asking for,0,Attack,C,0,0,1,
2149,UKIP's proposals on membership in the EU and migrants are at best purely demagogic: they do not take into account facts and more general issues.,"Mr Cameron once described UKIP as a party of fruitcakes, loonies and closet racists.",1,Support,C,0,1,0,
236,"For many UKIP voters, it does not particularly matter what the party's policies are, but that UKIP is not Labour or Conservative.","We are in a democracy, this is a democratic era and I would ask you to make an official apology.",2,No Relation,C,0,0,1,
63,The more the 'mainstream' parties smear and lie about UKIP the more their support rises.,"In 2009, Lord Pearson's predecessor Nigel Farage was one of 13 UKIP politicians who became MEPs, as the party came second in the popular vote.",2,No Relation,C,0,1,0,
2221,UKIP getting a large chunk of the vote in the EU elections sends a message to Europe that they cannot take the UK membership for granted.,Mr Farage has a network of unofficial party offices embedded in every community in the country.,2,No Relation,C,0,0,1,
3613,in a proper debate the parties make belief statements with support in the second part you both ask examining questions of each others belief in the thrid part you both address those questions in the final part you conclude your debate with a closing statement now on the count of three you guys,sounds like a good plan to me,1,Support,C,0,1,0,
3581,i wonder how it is that giannas mother was able to obtain an abortion at  months gestation,i agree that is one very important question the article does not address ,1,Support,C,0,1,0,
403,"There's an election next month, UKIP are campaigning on the streets right now, and candidate upon candidate keeps churning out ridiculous (often racist, sexist or homophobic) views.","Other parties standing included the Trade Unionist and Socialist Coalition, which fought 120 seats, the BNP, with 99 candidates and the English Democrats, with 38 candidates.",2,No Relation,C,0,0,1,
2511,behe claims that that is not the sort of process one needs to build complex molecular systems,i dont follow dr,0,Attack,C,0,0,1,
725,"I agree with UKIP on the EU, but the rest of their policies are dangerous right wing bile.","They could underperform, but a decent clutch of councillors will be enough for Mr Farage to claim another victory.",2,No Relation,C,0,0,1,
1307,UKIP are not a single issue party anymore; UK Sovereignty is the crux of their party political platform but they've certainly expanded from that singular issue in recent years.,"Alluding to the comments, he will refer to public pronouncements that I would not always choose myself.",2,No Relation,C,0,0,1,
1502,If anyone seriously thinks that UKIP will offer some kind of answer to our current problems then I think that they are going to be sadly disappointed.,"He promised, in March, to strengthen the test which determines whether migrants get benefits by the end of the year.",2,No Relation,C,0,0,1,
787,"If you want an insight into just how mad and bad UKIP are, go and read what their members, candidates and supporters write on the Telegraph.","After pursuing a career in the media, Mr Hamilton returned to the political spotlight earlier this year when he joined UKIP - which campaigns for the UK to leave the EU.",2,No Relation,C,0,0,1,
4034,this film is easily one of the best movies ive ever seen yes it is pretty easy to guess the ending but it still wasnt ruined by that fact it is a work of art it is rewatchable,i wholeheartedly agree ive just seen it tonight and was blown away by it i will be thinking of this movie for a long time,1,Support,C,0,1,0,
2475, this is really your argument thats really unimpressive,that argument is using a trick of semantics,0,Attack,C,0,1,0,
1043,"There's an election next month, UKIP are campaigning on the streets right now, and candidate upon candidate keeps churning out ridiculous (often racist, sexist or homophobic) views.","And last autumn, MEP Godfrey Bloom embarrassed the party when he used the phrase bongo bongo land and joked that some female activists were sluts.",1,Support,C,0,1,0,
652,"I voted Tory for 30 years and started supporting UKIP because I want a sovereign, democratic , well governed Britain with Britain put first and its getting clearer by the day that the old Liblabcon parties will not do that.","On the whole it's been a good year, Farage says.",1,Support,C,0,0,1,
3260,evolution has basically been proven there is no evidence for the biblical story common claims made by evolutionists,ok,0,Attack,C,0,0,1,
373,"The People's Army is on the march and UKIP will get Britain back from the Liblabcon, Establishment and MSM political abusers of our country.",Mr Helmer had been due to quit on 31 December over disagreements with Conservative policies but later indicated he would not do so until the position over his successor had been clarified.,2,No Relation,C,0,0,1,
2534,science did not design the functionality scientists observed the functionality and developed theories on how it function  how that function came about,beheif scientific merit is judged by the correspondence between theory and physical reality then the theory of intelligent design rates very strongly,1,Support,C,1,0,0,
2359,  when materialist impose the supernatural all they are doing is saying somethings are beyond being explained through nature and by science,jumpstartwhen materialist impose the supernatural all they are doing is saying somethings are beyond being explained through nature and by science,0,Attack,C,0,1,0,
896,Ukip are doing well for the very simple reason folk have at last realized that they are being lied to by LibLabCon and now have somewhere else to go.,"He said he was in agreement with UKIP leader Nigel Farage on David Cameron's handling of talks on the future of the EU, and their effect on the City of London.",2,No Relation,C,0,0,1,
3305, yes yes yes the bible so contradicts that, you are under the mistaken impression that complexity and ability to buy washing machines equals more evolved,0,Attack,C,0,0,1,
263,"In fact, all UKIP seems to talk about now is withdrawl from the EU without any genuine policy around UK's domestic economy.","No-one denies that you are, by virtue of your letters patent, a peer.",2,No Relation,C,0,0,1,
1166,"The momentum is with UKIP; Labour, Conservative and Liberal areas are all now vulnerable to them. ",Photographs posted to Bhutto's deleted Facebook account show his active support of the Conservative Party before he joined UKIP.,2,No Relation,C,0,0,1,
803,The hate campaign against Eastern Europeans that was and is run by UKIP legitimises anything said against them.,I think that's up to the people organising the television debates - I think the three major parties is the way it's normally been done.,2,No Relation,C,0,0,1,
483,"I would say it's the anti-ukip brigade who have no substance to their argument (or facts), they simply shout ""racist"" with nothing to substantiate this slur, or become crude and insulting.","Commentators have predicted success for UKIP in the forthcoming European elections, but the borderline racist views of some of its outspoken members have caused a headache for the party leader.",0,Attack,C,1,0,0,
2718,for goodness sakes guys very few people are advocating the mandatory teaching of id in schools,tjlook what happened to richard stenburg when he had the courage to allow an id piece get published scientists and his peers jumped all over him,0,Attack,C,0,1,0,
716,If UKIP is really the best our country can do for an alternative then we are all doomed.,A UKIP candidate in Somerset was suspended from the party on Tuesday after a photo of him apparently making a Nazi-style salute appeared on his Facebook page.,1,Support,C,0,1,0,
2091,UKIP is a vessel through which a protest is being delivered. ,"I have absolutely no sympathy for the rent-a-mob protesters, the Swampies and the Occupy Movement and the anti-capitalists and eco-freaks who have sought to hijack the Balcombe protest, he said to cheers from supporters.",2,No Relation,C,0,0,1,
1211,"If UKIP do hold the balance of power and get into government, their only condition will be an in/out EU referendum.",The meeting at the community hall in Watersfield near Pulborough was packed.,2,No Relation,C,0,0,1,
3492,you want to talk pain i wish the proinfanticide zealots could experience being dismembered and having their skulls collapsed and their brains sucked out so theyll know what an innocent baby feels when its being aborted,you mean like how you suck any rationale thought or discourse from a debate topic,0,Attack,C,1,0,0,
1117,I think it's far too simplistic to argue all UKIP supporters are racist - there is a real groundswell against the political establishment which over the past 20 years or so has started to converge in terms of image and policies.,"Adam Fleming spoke to Tory councillors Tom Pursglove, Louisa Thomas, David Simms and Simon Fawthrop as they approached the party conference in Manchester, and looked at the ComRes results.",2,No Relation,C,0,0,1,
1098,I'm no fan of UKIP but well done to them for initiating a much needed shake up of British politics.,Labour are not going to win - they have said so themselves - and UKIP are running a very colourful campaign but they are not going to win.,1,Support,C,0,0,1,
1923,UKIP are in no way a single issue party and if Labour or the Conservatives were to give us a referendum UKIP would still have a full manifesto that would attract many voters.,The prime minister said any vote would happen within five years.,2,No Relation,C,0,0,1,
854,Many racists and especially xenophobes find the UKIP message appealing.,A UKIP spokesman said these kinds of people did not dictate its policy.,0,Attack,C,1,0,0,
2995,so if god is not all powerful and all knowing then god is fallible,if you take a basic biology course at the high school level just a reminder biology is accepted by almost all religions regarding contentthere would be a detailed explanation of how life was created by chemical compounds and reactions,1,Support,C,0,0,1,
3279,your definition of faith is atheistic it actually denotes the essence of the term foolish,i thought evolution is a naturally occurring process not a consequence of a controlled experiment in a lab,0,Attack,C,0,0,1,
1868,UKIP are a joke outfit full of small-minded Neanderthals who think the 1950s are the future.,The latest debate over a vote was prompted by David Cameron penning a Daily Telegraph article.,2,No Relation,C,0,0,1,
1762,UKIP are not a single issue party anymore; UK Sovereignty is the crux of their party political platform but they've certainly expanded from that singular issue in recent years.,"Sushil Patel, whose daughter Priti Patel has been in Parliament since 2010, will stand in Hertfordshire on Thursday.",2,No Relation,C,0,0,1,
476,Plenty of survey's have shown UKIP to be the most hated of the main parties.,"At the final tour stop, in Tunbridge Wells, Kent, he told supporters in the town centre UKIP was drawing support from across the political spectrum, not just disaffected Tory voters as the media assumed.",0,Attack,C,1,0,0,
2011,"UKIPs main issue has always been the EU, immigration has just been the bit that highlights what a failure the project has been.",He said his views were nothing to do with UKIP and were expressed before he became involved with the party.,2,No Relation,C,0,0,1,
740,"I voted Tory for 30 years and started supporting UKIP because I want a sovereign, democratic , well governed Britain with Britain put first and its getting clearer by the day that the old Liblabcon parties will not do that.","But he played down recent polls, saying UKIP will come, UKIP will go.",0,Attack,C,0,0,1,
1651,"The UKIP party is a populist party at the right end of the spectrum, which exploits people's fears of the foreign and unknown.","More people were considering voting for UKIP at a general election than ever before, he suggested, and this current poll surge was different from previous spikes in support which were linked to European elections.",2,No Relation,C,1,0,0,
3151,i really feel sorry for you,the history of the bible including its compilation by the early church is quite well known,1,Support,C,0,0,1,
897,"In fact, all UKIP seems to talk about now is withdrawl from the EU without any genuine policy around UK's domestic economy.",There's more to UKIP than our policy of wanting to withdraw from the European Union and we will show that.,0,Attack,C,1,0,0,
1599,UKIP are not a single issue party anymore; UK Sovereignty is the crux of their party political platform but they've certainly expanded from that singular issue in recent years.,UKIP has evolved over the two decades since it was created from an anti-EU pressure group into a fully fledged party which has now proved that it can succeed beyond European elections.,1,Support,C,0,1,0,
2997,if the bible is the inspired word of the infinite creator god then it must be selfauthenticating and selfattestingand it is,i dont care how many times you say it,1,Support,C,1,0,0,
2245,"As far as immigration is concerned all Ukip want is a level playing field for non EU migrants and to control the numbers so, if anything, Ukip are too soft on immigration.",Small parties have a habit of disintegrating into internal warfare or being wiped out by the vagaries of the electoral system and political fashion - British politics has seen a few come and go over the years.,2,No Relation,C,0,0,1,
1754,"Arguably, UKIP & co. aspire to destroy the culture created in Europe after WWII, which has been based on openness, free travel, migration and cross-geographic access to goods and labour markets.","He said the UK should quit the EU, with the referendum being moved forward.",2,No Relation,C,0,1,0,
2389,what always gets me with the intelligent design crowd is that in their aim of inserting an external designer into the mix of biological science they seem to miss or deliberately avoid one glaring fact  once life exists with varying degrees of success life designs itself according to the rules established by its environment and its own specific nature,this is the age old question,0,Attack,C,0,0,1,
3841,The voting age should be lowered to sixteen years,No taxation without representation,1,Support,C,0,0,1,
241,"UKIP are an independent party and have shown that their appeal is broad, making big dents in staunchly Labour voting areas as well as the recent bi-election successes.","In his letter the Clerk of Parliaments says his predecessor also wrote to Viscount Monckton twice, in July 2010, asking him to stop claiming to be a member of the House either directly or by implication.",2,No Relation,C,0,0,1,
2617,and again the design inference is based on our current knowledge that being we have an understanding of what nature operating freely is capable of and we couple that with our knowledge of what designing agencies are capable of,if we dont know then no one can say that a designer was not involved or not required,0,Attack,C,0,1,0,
1271,"I and many others will be voting UKIP not because of a handful of people that have said stupid things, it will be because I identify and agree with their overarching principles.",Mr Farage said his party was making huge progress towards achieving that goal going in one year from 4.5% in the polls to a high of 16%.,1,Support,C,0,1,0,
1800,It is because of UKIP that we are finally discussing the European question and about immigration and thank goodness for that.,UKIP leader Nigel Farage said the UK had no real control over either the number or the type of migrants that were settling from elsewhere in the EU.,1,Support,C,0,0,1,
599,"Much of UKIP's meteoric rise has to do with political correctness, and the fact that ordinary people are sick of it.",He faced angry internal opposition to his policy of supporting Eurosceptic candidates from rival parties at the Westminster elections.,2,No Relation,C,0,0,1,
3937,We should force think tanks to reveal all of their sources for resource funding,The status quo promotes nontransparency,1,Support,C,0,1,0,
816,"If UKIP have a good general election and manage to take a few seats then that can only benefit Labour, because all of the seats that UKIP can possibly, conceivably win - well they are all Tory seats.","Mr Farage stood down before the last general election in a failed bid to win a Westminster seat, but regained the job in last year's leadership contest.",2,No Relation,C,0,0,1,
1976,"UKIP is a not a real party, with a clear global ideology and vision addressing all aspects of society: it is focusing on a handful of issues (all centered around membership in the EU and migrants), mostly ignoring global financial issues, health, education, security etc.",He said UKIP was clearly taking a very right wing position which pandered to an obvious anti-Europeanism.,1,Support,C,0,1,0,
1851,"UKIP is a not a real party, with a clear global ideology and vision addressing all aspects of society: it is focusing on a handful of issues (all centered around membership in the EU and migrants), mostly ignoring global financial issues, health, education, security etc.","I believe that what UKIP is doing is vital for this country, and of course the party's financial management is crucial.",0,Attack,C,1,0,0,
2486,i assert that they have been heard and their arguments have been refuted and thus they are legitimately ignored until they come up with some actual scientific evidence and arguments,if theres something on    evolution    news its irrelevant to intelligent design andor distorted beyond all scientific recognition,0,Attack,C,0,1,0,
808,UKIP are a joke outfit full of small-minded Neanderthals who think the 1950s are the future.,"Party officials are hoping for wins in the two mayoral contests that were also being held on Thursday, in Doncaster and North Tyneside, but there is talk of Labour seeing their majority reduced in South Shields.",2,No Relation,C,0,0,1,
3249,id doesnt undermine evolution,id does undermine evolution because supporters of id wish to put a sticker in every textbook that says something along the lines of evolution is just a theory,1,Support,C,1,0,0,
1837,UKIP's sole aim at the general election is to get a smallish number of MPs elected but enough to hold the balance of power and do a deal with the Tories.,He also said he would consider a electoral pact with another party if it meant moving closer to leaving the EU.,1,Support,C,0,1,0,
3870,We should create a United Nations standing army,There are better alternatives to solving the problems of contemporary warfare,0,Attack,C,1,0,0,
2636,the fact that the   evolution   lobby is trying to cite statements by ucc ministers to bolster support against id shows just how out of touch they really are,the problem with the catholic church is that it has been unable to disagree with any scientific theory ever since they got burned condemning galileo,1,Support,C,0,0,1,
427,Many racists and especially xenophobes find the UKIP message appealing.,"According to fellow eurosceptic Dr Richard North, this colourful side of Farage's personality hides something steelier.",2,No Relation,C,1,0,0,
3672,hybrid electric vehicle,high vehicle cost,0,Attack,C,0,0,1,
3577,see here you have seperated mind spirit soul the bible did not do this unless zechariah is being misinterpreted it basically said in your interpretation that the spirit and the soul are the same thing,yes it is very hard even for theologians to explain,1,Support,C,0,1,0,
2763,here is the response to irons which was also published in the montana law review,pt,1,Support,C,0,0,1,
1042,"The country faces more than two big issues, which is where Ukip come apart at the seams in an incoherent bunch of right wing horse shit from whatever Think Tank came along at the time.","UKIP MEP candidate Diane James, who came close to winning the Eastleigh by-election in March, said Mr Wheeler's comments had been taken totally out of context and the party was being picked on.",2,No Relation,C,1,0,0,
3158,first even as a biblebelieving creationist i want to say thanks for bring attention to genesis ,the study of science is intriguing but it shouldnt get in the way of ruling out the creator,0,Attack,C,0,1,0,
3022,for the bible to be divinely inspired all the persons writing the bible or translating the bible had to be listening to god all the time,now the trick is to prove that all of the authors were free of stray thoughts and theological spin,1,Support,C,1,0,0,
1080,"The country faces more than two big issues, which is where Ukip come apart at the seams in an incoherent bunch of right wing horse shit from whatever Think Tank came along at the time.","The party said Mr Campbell Bannerman had agreed, when he was chosen as a candidate in 2008, to represent UKIP for the full five-year parliamentary term or stand down.",2,No Relation,C,0,0,1,
1283,"If UKIP don't like being smeared, then they need to stop smearing, stigmatising, and fear mongering about others.","His team sell a rather low-grade tea towel bearing the face of Herman Van Rompuy, the president of the EU council, with the slogan genuine Belgian damp rag.",1,Support,C,0,1,0,
2358,jumpstartthe anti id crowd will insist on a strict materialistic cause and effect definition of science,  when materialist impose the supernatural all they are doing is saying somethings are beyond being explained through nature and by science,0,Attack,C,1,0,0,
1718,"If UKIP want to retain these voters and attract more in a general election then they need to come up with policies other than ""leave the EU"" and ""its all the immigrants fault"".","UKIP are certainly trying to professionalise, to move away from its more amateurish origins.",0,Attack,C,0,1,0,
2365,i recently read that after careful study the backwards wiring is essential,if you are going to comment on something in   science   you need to back it up with actual data,0,Attack,C,1,0,0,
879,"The UKIP party is a populist party at the right end of the spectrum, which exploits people's fears of the foreign and unknown.",A UKIP spokesman said Mr Patel remains the UKIP candidate for the Bushey South Division in the Hertfordshire County Council elections.,2,No Relation,C,0,0,1,
2222,A strong UKIP vote suggests there's a lot of the British public who aren't on board with the current set-up.,We've seen over and over again even safe seats change hands against the governing party in a by-election and that's when they didn't have to contend with the sitting MP leaving for family reasons.,2,No Relation,C,0,1,0,
570,People are not voting for UKIP because of immigration propaganda but because of their direct experience of immigration.,"Party figures point out that where the party has a substantial local presence, they perform much better.",2,No Relation,C,0,0,1,
3399, of course theyre nonsense, i see the creation story as one perspective from one group of people,1,Support,C,1,0,0,
1420,UKIP getting a large chunk of the vote in the EU elections sends a message to Europe that they cannot take the UK membership for granted.,The by-election was called after a special court found ex-Labour minister Phil Woolas had lied about Mr Watkins in May's general election and invalidated the result.,2,No Relation,C,0,0,1,
196,If UKIP is really the best our country can do for an alternative then we are all doomed.,"Lord Alexander Hesketh said he had been greatly angered by the prime minister's position, adding that UKIP's views chimed with his own.",0,Attack,C,1,0,0,
1293,A vote for UKIP would be a vote for a Tory-UKIP alliance that would be more right-wing than a Tory government.,Going goat is still a phrase used in Whitehall to describe the moment when the Queen's Speech has to be finalised and sent to the Palace for Her Majesty's approval.,2,No Relation,C,0,0,1,
2779,as you have been told already what phil says is irrelevant to id,i guess this means that what id proponents say about id is irrelevant even though said proponents are the ones who started idfascinating indeed,0,Attack,C,1,0,0,
1570,It's a protest vote because (most) people know that UKIP will never net in power.,"In contrast, the Liberal Democrat's Bill Newton Dunn quit the Tories in protest at its increasing hostility to Europe. And now?",2,No Relation,C,0,1,0,
2877,fundamental pointsthere are wellcredentialed scientists who support intelligent design idso what  there are many many more wellcredentialed scientists who say intelligent design is nonsense,i happened to drop by the discoverys institutes website which claims to be interested in improving the accuracy in reporting and read an interesting blurb titled ncse promotes shrill editorial suggesting students be forced to consider the possibility that there is no god,1,Support,C,0,1,0,
636,"My observation is that UKIP often are reluctant to directly answer any questions of substance, which can be accounted for by the fact that they really have no policies.",UKIP's leader has spoken of running joint candidates at future elections after talks with some Conservative associations and one local Labour party.,2,No Relation,C,1,0,0,
3159,the study of science is intriguing but it shouldnt get in the way of ruling out the creator,in a literal translation genesis  and  state that god created the heavens and the earth in six days,1,Support,C,1,0,0,
1134,"The momentum is definitely with UKIP at the moment, hopefully that will continue with the up and coming by-elections.",He said the UKIP had never been more important for our freedom as a self-governing democracy and had to go on telling the truth about Europe.,1,Support,C,0,1,0,
325,UKIP are not rabid racist and not another incarnation of the BNP.,If you accept defectors from the Conservative Party you will always have embarrassments.,2,No Relation,C,0,0,1,
378,If UKIP is really the best our country can do for an alternative then we are all doomed.,"The party's then-leader, Lord Pearson, actively campaigned for Mr Hollobone in his constituency, Kettering.",2,No Relation,C,0,0,1,
2369,pvm those are merely my opinions,i cannot argue with your opinions as to what you want to believe,0,Attack,C,0,1,0,
1986,UKIP want to get us out of the EU to make the British people much worse off then they already are.,"UKIP appears to have struck a chord with many voters on the issue of immigration, campaigning against the relaxation of working restrictions on Bulgarians and Romanians due to come into force in January.",0,Attack,C,0,1,0,
2878,i happened to drop by the discoverys institutes website which claims to be interested in improving the accuracy in reporting and read an interesting blurb titled ncse promotes shrill editorial suggesting students be forced to consider the possibility that there is no god,so i decided to check out the actual articles in question and much to my dismay i came to realize that this seemed to be a blatant quote out of context,0,Attack,C,1,0,0,
249,"In UKIP, we have a new political force which looks likely to poll very well in a national election.","While Mr Farage did not put a figure on the estimated nine million Syrians displaced by war who should be allowed in the UK, Labour wants to accept 400 to 500.",2,No Relation,C,0,0,1,
2388,saying there are experts on intelligent design is like saying there are experts on astrology,what always gets me with the intelligent design crowd is that in their aim of inserting an external designer into the mix of biological science they seem to miss or deliberately avoid one glaring fact  once life exists with varying degrees of success life designs itself according to the rules established by its environment and its own specific nature,1,Support,C,1,0,0,
1537,It is because of UKIP that we are finally discussing the European question and about immigration and thank goodness for that.,"UKIP are certainly trying to professionalise, to move away from its more amateurish origins.",2,No Relation,C,0,0,1,
2170,A strong UKIP vote suggests there's a lot of the British public who aren't on board with the current set-up.,"Over three million jobs in this country, directly or indirectly, depend on us being in the EU, so that is a big choice.",0,Attack,C,1,0,0,
2715,this objection highlights one of the problems with public education the government should not be in the position of deciding what people ought to believe about science anymore than they should decide what people ought to believe about religion,your half right ,0,Attack,C,0,1,0,
425,"I would say it's the anti-ukip brigade who have no substance to their argument (or facts), they simply shout ""racist"" with nothing to substantiate this slur, or become crude and insulting.",We need to show respect for people who have taken the choice to support UKIP.,1,Support,C,0,1,0,
2961,i agree he didnt want to confuse us,you are exactly right  evidence is all around you mountains of it in fact,0,Attack,C,0,1,0,
758,"It's true that UKIP dont have ideas to suit everyone, but at the moment they are heads above the pillocks at No 10 today.",UKIP's Nigel Farage said the PM was a problem for Tories and some Tory MPs said there were lessons for the party.,1,Support,C,0,1,0,
921,"UKIP are a two trick pony, Europe and immigration that's it.","Yes, it was the party's best by election performance ever, but it was also its fourth second place finish inside two years in a race for a Westminster seat.",2,No Relation,C,1,0,0,
3107,the fact that we do not know i believe only gives more power to godyes  our ignorance proves that there is a god  or maybe not,imagine you found a grain of rice and you wanted to measure its length,1,Support,C,0,0,1,
1834,If anyone seriously thinks that UKIP will offer some kind of answer to our current problems then I think that they are going to be sadly disappointed.,He claimed the document was nothing more a collection of disparate policy papers.,2,No Relation,C,0,0,1,
1755,It is because of UKIP that we are finally discussing the European question and about immigration and thank goodness for that.,Opponents say the new system risks politicising the police.,2,No Relation,C,0,0,1,
3990,i read the book which is subtle philosophical and nuanced at the beginning of the year and last night i watched the dvd of this film what utter rubbish the film is a boring sweary standard thriller,this film is a masterpiece it pains me that you consider it a mere simplistic thriller maybe you should watch it again a good five years from now,0,Attack,C,1,0,0,
671,"Marketing UKIP as ""the people's army"" is a bitter irony.","I believe I can lead the party from the front as a campaigning organisation, he said.",2,No Relation,C,0,0,1,
2196,"UKIP is a not a real party, with a clear global ideology and vision addressing all aspects of society: it is focusing on a handful of issues (all centered around membership in the EU and migrants), mostly ignoring global financial issues, health, education, security etc.","In their leaflets, UKIP says that 29 million Bulgarian and Romanians will have the right to live, work and draw benefits in the UK and while many will be fine, hard-working people, suggests the country may struggle to cope with another influx of people needing jobs, housing schools, hospitals and benefits.",2,No Relation,C,0,1,0,
438,"In UKIP, we have a new political force which looks likely to poll very well in a national election.",UKIP's Nigel Farage said the surge in support for his party was not a freak result but a continuation of a trend which had seen it rise in the national polls.,1,Support,C,0,1,0,
2349,the question is somewhat meaningless because you can believe that we were created by design and still conclude that intelligent design as proposed by the discovery institute and its fellows  is a scientifically vacuous concept,all too often the terms of this debate dont get defined,0,Attack,C,0,1,0,
678,Plenty of survey's have shown UKIP to be the most hated of the main parties.,She added that there were clear marginal seats where her party would be a driving force and a candidate could take that vote and ultimately be an MP representing UKIP in the House of Commons.,2,No Relation,C,1,0,0,
3282,its called the theory of evolution for a reason,ignorance of terminology,0,Attack,C,1,0,0,
1488,UKIP isn't committed exclusively to either right-wing or left-wing ideology and that’s a very good place to be.,"Therefore no learning takes place - that is not right because it just cannot be, he told an event in London.",2,No Relation,C,0,0,1,
3808,We should grant politicians immunity from prosecution,Politicians should be able to make difficult decisions without fear that selecting one option will lead to their incarceration,1,Support,C,0,1,0,
1788,If anyone seriously thinks that UKIP will offer some kind of answer to our current problems then I think that they are going to be sadly disappointed.,Mr Farage has successfully broadened UKIP's appeal away from Europe.,0,Attack,C,1,0,0,
2442, features that appear vestigial and functionless actually serve a function eg, features that appear vestigial and functionless actually serve a function eg,0,Attack,C,0,1,0,
3643,awful hotel bad service bad location and very over priced,i did a small search and i found that it is not far from the city centre so that means that the location is not so bad,0,Attack,C,1,0,0,
1332,"I suspect that even if political parties addressed many of the concerns that UKIP raise, it wouldn't make any difference - the UKIP voter would still find something about modern Britain objectionable.",But Mr Farage said he believed the number of Tory MPs committed to EU withdrawal was really rather small and those that were should consider whether they were in the right party.,0,Attack,C,0,0,1,
49,"Marketing UKIP as ""the people's army"" is a bitter irony.","The by-election was triggered by the resignation of former Lib Dem minister Chris Huhne, after he pleaded guilty to perverting the course of justice.",2,No Relation,C,0,0,1,
1411,"Any of the ""working class"" who believe UKIP will represent them have not read a UKIP manifesto!",Olly Neville said that if UKIP wanted to make a real difference it is by representing the people in Westminster politics.,0,Attack,C,0,0,1,
2949,its not that cut and dried,its not that cut and dried,0,Attack,C,0,1,0,
2269,"The UKIP party is a populist party at the right end of the spectrum, which exploits people's fears of the foreign and unknown.",Mr Cameron has promised an in/out referendum after he has negotiated the return of some powers - so far unspecified - from Brussels.,2,No Relation,C,0,0,1,
114,UKIP are asking the questions that haven't been asked by the opposition or the media.,"I think of the volunteers in my own constituency, they are not just my friends and my supporters, I feel I am one of them.",2,No Relation,C,0,0,1,
1099,"If UKIP have a good general election and manage to take a few seats then that can only benefit Labour, because all of the seats that UKIP can possibly, conceivably win - well they are all Tory seats.","Turnout was 52.7%, down from 69.3% at the 2010 general election.",2,No Relation,C,0,0,1,
1419,UKIP are not a single issue party anymore; UK Sovereignty is the crux of their party political platform but they've certainly expanded from that singular issue in recent years.,"But he also took a swipe at Labour, who he said don't really have the courage of their convictions on this.",2,No Relation,C,0,0,1,
1435,The people and media that are criticising UKIP are highlighting the genuine concerns about UKIP and their policies towards immigrants.,"Among the 31% of respondents who said immigration is good for the economy, half wanted to see it reduced anyway.",0,Attack,C,0,1,0,
2123,It's a protest vote because (most) people know that UKIP will never net in power.,"He said it was proof that UKIP is no longer just a protest party and is broadening its appeal across the country, not just the south of England.",0,Attack,C,1,0,0,
2539,it always has been and always will be impossible to have a design without a designer,all design is intelligent it takes thought to construct any type of design when you see things take place in science they happen because of all the laws that were put into place by an intelligent designergoing back to the idea of a storm and engines when you get in a car and turn the key you have a spontaneous violent storm erupt inside the engine it all takes place because of all the elements of the design working in concert to produce the effect this and all design requireintelligent thought ,0,Attack,C,0,1,0,
641,The reason why UKIP has gained so many votes is because the main parties refuse to deal with immigration and the EU.,Mr Wheeler said he had been explaining why companies should not be forced to appoint more women to their boards.,2,No Relation,C,0,0,1,
791,A forensic examination of UKIP's policies would nail once and for all the Establishment lie that they're a bunch of swivel-eyed racists.,"That, he said, would present a real challenge to Labour leader Ed Miliband to make it known where he stood.",2,No Relation,C,0,1,0,
2520,why are these two questions always independentbecause   science   as we know it today can only answer one of them,because   science   as we know it today can only answer one of them,0,Attack,C,0,1,0,
1288,The only reason we are even having a sensible debate about Europe are UKIP.,"The whole political scene is changing; it's changing because of the strength of UKIP, and I'm pleased about that.",1,Support,C,0,1,0,
3254,and i guess those differences bring us right back to the atheist vs,aristotle socrates and plato,1,Support,C,0,1,0,
3973,everything about this was perfect i cried so hard when i watched it,the movie was perfect many people complain because they compare it to the novel and say it couldve been better but by that logic the novel is poor as anything could have been better the movie on its own is incredible,1,Support,C,0,1,0,
264,If anyone seriously thinks that UKIP will offer some kind of answer to our current problems then I think that they are going to be sadly disappointed.,It's sad how anybody can be offended by a reference to a country that doesn't exist.,2,No Relation,C,0,0,1,
2320,science is ultimately based on the scientific method which is used to support and confirm physical and chemical laws,grayling explains in his review of fullers latest book quite well how id is doomed to remain scientifically vacuousfuller has written about popper he seems to forget poppers killer point namely a theory that explains everything explains nothing,1,Support,C,0,0,1,
1015,If UKIP are wise they will alter their attitude about the NHS and public services in general.,"Under UKIP's plans, migrants would have to provide their insurance details when they registered with a GP and the costs of any treatment would be recovered from insurers by the NHS, which seems like just more admin work",1,Support,C,0,1,0,
1639,UKIP will not improve public services.,"She will add that the bill will further reform the immigration system by tightening immigration law, strengthening our enforcement powers and clamping down on those from overseas who abuse our public services.",0,Attack,C,1,0,0,
960,A vote for UKIP is a vote to leave the EU and recover power over our national life.,"Nigel Farage was never really interested in toys, says his mother Barbara.",2,No Relation,C,0,0,1,
361,UKIP are in no way a single issue party and if Labour or the Conservatives were to give us a referendum UKIP would still have a full manifesto that would attract many voters.,"No 10 said that while free movement was a principle of the EU, it could not be a completely unqualified one.",2,No Relation,C,0,1,0,
3654,i think that there should be something that judges the percentage of people that are satisfied with your answer ,how would this be different to the rating of a particular replyanswer that it currently has,0,Attack,C,1,0,0,
2151,UKIP are in no way a single issue party and if Labour or the Conservatives were to give us a referendum UKIP would still have a full manifesto that would attract many voters.,"UKIP are certainly trying to professionalise, to move away from its more amateurish origins.",1,Support,C,0,1,0,
2100,"If you think that the Tories are nasty, heaven help us if UKIP get in because they would be nastier, more cruel, and more bigoted.","In 2006, the lower-key Knapman retired, to be replaced by Nigel Farage, an eye-catching media performer who pledged to make UKIP a truly representative party, ending its image as a single-issue pressure group.",2,No Relation,C,1,0,0,
3401, i interpret the creation story as a metaphor with science as how god made humans, then again i often wondered as a child why and how the whole universe was created in the first place,0,Attack,C,0,0,1,
2352,the purpose of the spiritual realm has never been to say how but why,science is about how things work,1,Support,C,0,1,0,
1278,"I and many others will be voting UKIP not because of a handful of people that have said stupid things, it will be because I identify and agree with their overarching principles.",Mr Farage will address party members in Birmingham later on Friday.,2,No Relation,C,0,0,1,
3000,there is no proof that there even exists a god to begin with so in that case you cant really use that either,read romans chapter ,0,Attack,C,1,0,0,
3751,electric vehicles,low co emissions ,1,Support,C,0,1,0,
3651,maybe it is a bit too industrialised,but there are very nice beaches nearby,0,Attack,C,1,0,0,
717,"The country faces more than two big issues, which is where Ukip come apart at the seams in an incoherent bunch of right wing horse shit from whatever Think Tank came along at the time.","UKIP have nothing to say on the single market, health, overseas aid, foreign policy, animal health and welfare and tax.",1,Support,C,0,1,0,
2045,"UKIP are indeed far from perfect, but they have grown as a party because the Establishment Parties have deceived the public for so long on informing and educating on WHAT IS THE EU SUPERSTATE project.","Explaining his decision to swap sides, Mr Campbell Bannerman - MEP for the East of England - said UKIP had become obsessed with single issue politics, internal fighting and shouting from the sidelines.",2,No Relation,C,1,0,0,
2883,you still have yet to provide any passages within pandas which state that god is directly implicated saying that the fte is religious therefore so is pandas,you still have yet to provide any passages within pandas which state that god is directly implicated saying that the fte is religious therefore so is pandas,0,Attack,C,0,0,1,
2626,contribution from joe gjoe ggeez pvm your position that everything comes down to sheer dumb luck is totally vacuous,intelligent design is an idea not a theory,1,Support,C,1,0,0,
2943,werent covered under mosaic   law  ,i recall somewhere in genesis when   god   banished and marked cain some sort of reference to other people being alive other than just the first family ie adamevecain and abel and that the only reason that he would have marked abel was to protect him but protect him from whom if they are indeed the only other people so that logically leads to the assumption that there were other people living along side the first family,1,Support,C,0,0,1,
690,"I don't believe Farage is a racist and I don't believe the UKIP policies are racist, but I do think they will be the party that attracts most support from racists.",UKIP reacted to coming second by saying they were the winners in the poll.,2,No Relation,C,0,0,1,
1128,"Even a UKIP European candidate, Janice Atkinson, another ex-Tory, admits leaving the EU would be problematic.","Mr Miliband said the party had never come close to winning Eastleigh before, even in 1997 when it won a landslide general election victory, and the campaign was always going to be a challenge.",2,No Relation,C,0,0,1,
1094,"Much of UKIP's meteoric rise has to do with political correctness, and the fact that ordinary people are sick of it.",He said he had been impressed by David Cameron's leadership while UKIP was beset by internal fighting and was not a credible political force.,0,Attack,C,0,0,1,
664,"Even a UKIP European candidate, Janice Atkinson, another ex-Tory, admits leaving the EU would be problematic.","Speaking on The World At One Nigel Farage, leader of the UKIP party, told presenter Shaun Ley that he believes that UKIP are offering a real alternative, and leaving the EU is at the heart of it.",0,Attack,C,1,0,0,
3618,as it stands in the uk a father has no sat whatsoever in the welfare of the fetus if his partner wants to terminate he need never even be told,same in the us the father does not have the right to choose,1,Support,C,0,1,0,
3542,that can be proven,no it can not scientific theories are not proven,0,Attack,C,1,0,0,
511,I'm no fan of UKIP but well done to them for initiating a much needed shake up of British politics.,I have to say I think David Cameron is not sure whether he wants to these debates.,2,No Relation,C,0,0,1,
2181,"UKIP will lead the UK to independence from the oppressive EU, which is the only chance Britain has at restoring its former glory.","They will each have plenty of opportunities to publicly debate the party's performance, and to make the case against the return of Nigel Farage.",2,No Relation,C,1,0,0,
3384, this is pure ignorance, i really do not know where to start with this one at the time of writing this response apparently evolution is incorrect,1,Support,C,0,0,1,
3476,however the bible does say i create you before i placed you in the womb this would imply that god created you before you are even conceived,so god also says he made you out of dirt and then supernaturally lifting the dirt from the ground into the womans uterus oh well i suppose it is all beliefs no matter how silly it sounds,0,Attack,C,1,0,0,
3451,most pro lifers do not care about women hence why they are pro life,it is idiotic thinking like this that makes me respect you less and less,0,Attack,C,0,0,1,
2805,some places do seem more open to honest debate over evolution rather than just trying to brainwash kids,you are confusing mn with is a methodology with a worldview again,0,Attack,C,1,0,0,
3072,i believe that the day creation of the universe as we know it today has to be taken literally even though scripture does say that one day in the eyes of the heavenly father is like a thousand years,if the sevenday week is relevant shouldnt the names of the days be relevant as well specifically the days named after pagan godsodins day thors day freyas day etc,0,Attack,C,0,0,1,
2968,this is open your interpretation of the bible,and what of those who having studied the bible and the physical world determine that the bible has no basis in fact,0,Attack,C,1,0,0,
2029,UKIP do have more than Nigel Farage able to deal with media interviews.,He held positions in the governments of Margaret Thatcher and John Major before becoming treasurer in 2003.,2,No Relation,C,0,0,1,
1009,The success Ukip had in the european elections will be sufficient to galvanise one or preferably all the other parties to rid us of the EU's political influence.,"Mr Farage poses as the everyman politician, a ordinary man who fell into politics almost accidently.",2,No Relation,C,0,0,1,
2376,psyop asks rhetorically if the universe is expanding what happens when that expansion ceases first of all the expansion of our universe is an observed fact,the expansion of the universe is biblically supported,0,Attack,C,0,1,0,
3666,why not london has it all culture fun exhibitions parks what more do you want,better weather,0,Attack,C,0,0,1,
815,I suspect when people do start to focus and the election is close UKIPs incoherent policies will be exposed.,"Many of our members are those who have never been a member of any political party before but who see that it is UKIP who is challenging the establishment on issues such as open door immigration, grammar schools and green taxes, he said.",0,Attack,C,1,0,0,
1926,"UKIP advocates for the UK leaving the European Union which would be a bad idea ‚Äì but they are trying to leverage on the british people‚Äôs need to belong and pride to be british, which further sparks their anti-foreigner standpoint.",He told the BBC that he has not proposed a pact with anybody and insisted the speculation was coming from members of the Conservative party who are saying 'we must do a deal with UKIP'.,2,No Relation,C,0,0,1,
2157,"I don't necessarily think Nigel Farage is worthy of PM, I think they need a new leader.","The former defence secretary, who was forced to resign over a lobbying scandal, said the party leadership had to show more emotion.",2,No Relation,C,0,0,1,
1790,A strong UKIP vote suggests there's a lot of the British public who aren't on board with the current set-up.,UKIP leader Nigel Farage said the UK had no real control over either the number or the type of migrants that were settling from elsewhere in the EU.,1,Support,C,0,1,0,
1956,A strong UKIP vote suggests there's a lot of the British public who aren't on board with the current set-up.,UKIP said leaving the EU was the only way to fully take control of the UK's borders.,1,Support,C,0,1,0,
1465,It's a protest vote because (most) people know that UKIP will never net in power.,"He said the UK should quit the EU, with the referendum being moved forward.",2,No Relation,C,0,0,1,
1247,I think a lot of UKIP supporters would be outraged if one of the consequences of leaving the EU was to price them out of buying virtually any of today's niceties.,The last two years' local elections have seen pretty awful results for the Liberal Democrats.,2,No Relation,C,0,0,1,
3664,community is my favourite,i think community has dropped downhill after season ,0,Attack,C,0,0,1,
3005,on the origin of species is out of date,which do you believe they are after all both based on books written by men,1,Support,C,0,1,0,
1761,"The country faces more than two big issues, which is where Ukip come apart at the seams in an incoherent bunch of right wing horse shit from whatever Think Tank came along at the time.","The responsibility of politicians in this situation when people are getting anxious is to try to reassure them and give the facts, not panic and resort to populist measures that do harm.",1,Support,C,1,0,0,
3844,The voting age should be lowered to sixteen years,Parents are guardians and should be trusted to vote in their childrens interests,0,Attack,C,1,0,0,
4042,i really liked this movie a lot loved the performances of all the actors and even the story but was not quite convinced with the ending,i agree as i wanted to see him get his also charlie should have killed stanley and not his brother they could have gone their separate ways but that would have been too predictable i suppose,1,Support,C,0,1,0,
933,The current smear strategy against UKIP is not pulling people back but pushing them towards UKIP and if this carries on then things are going to be a lot tighter by the time the general election comes.,He said he was disappointed Ed Miliband had not mentioned Europe in his big speech on Tuesday.,2,No Relation,C,0,0,1,
1979,"UKIP do not bear scrutiny either as a coherent policy offer or a group of potential ministers , they are an insurgent party of protest with one message.","And at by elections voters are not choosing a government - they can shout loudly and protest, safe in the knowledge that it won't change the person who lives in Downing Street.",2,No Relation,C,0,1,0,
53,"If UKIP want to retain these voters and attract more in a general election then they need to come up with policies other than ""leave the EU"" and ""its all the immigrants fault"".","The party, as Mr Snell puts it, was obliterated.",2,No Relation,C,0,0,1,
110,Intellectually I rate Farage much higher than Cameron; he has a very sharp and quick wit and is an excellent public speaker.,"Natalie Bennett gave him a name check in her speech, dismissing Mr Farage as just waving a pint and a cigarette and grinning.",0,Attack,C,1,0,0,
3728,maybe you could have a cake sale,of course everything is better when there is cake,1,Support,C,0,1,0,
3887,Terrorism can sometimes be justified,Harm to others is never legitimate,0,Attack,C,1,0,0,
1329,"If UKIP have a good general election and manage to take a few seats then that can only benefit Labour, because all of the seats that UKIP can possibly, conceivably win - well they are all Tory seats.","It's obsession now is on immigration, race and Islam, all of which I deplore.",2,No Relation,C,1,0,0,
319,"UKIP are just another bunch of freeloaders, using peoples fears and prejudice to gain votes so that they can get their snouts into the trough.","Liberal Democrat Chief Whip Alistair Carmichael will move the writ to trigger the contest on Thursday, meaning it will take place just over three weeks after Huhne stood down.",2,No Relation,C,0,0,1,
2313,you are missing the point the ad hominem is not that i did not understand your argument i can see why given your limited exposure to id you may have come to that conclusion,i wrote a good philosophical question and i think you and i would agree that this adaptation could have been guided by some higher agency of course by using a fully natural mechanism such questions remain scientifically vacuous,1,Support,C,0,1,0,
3971,animal kingdom is better than the town and winters bonei have just seen animal kingdom and wow what an awesome movie it was,it certainly is and its a crime this didnt get a bigger push i think mainstream audiences would have loved it easily one of the best films of the year,1,Support,C,0,1,0,
3400, i see the creation story as one perspective from one group of people, i interpret the creation story as a metaphor with science as how god made humans,1,Support,C,0,1,0,
470,"On voting day, this week the vast majority of the British public will not vote for UKIP.",In a wide reaching interview he also talked about immigration and the European elections.,2,No Relation,C,0,0,1,
3794,We should ban religious symbols in public buildings,Banning religious symbols is just a way of unfairly targeting people,0,Attack,C,1,0,0,
60,A forensic examination of UKIP's policies would nail once and for all the Establishment lie that they're a bunch of swivel-eyed racists.,They have a remarkably bad track record of keeping their word.,0,Attack,C,0,0,1,
2892,nothing in the early drafts state that the creator was specifically god or anything supernatural something the di is already emphasizing on this site,the term creation and creationists have very clear and religious meanings,0,Attack,C,1,0,0,
770,If UKIP is really the best our country can do for an alternative then we are all doomed.,"In 2010 it was led into the general election by Lord Pearson of Rannoch but again lost out, with just 3% of the vote across the UK, although there were signs of progress as it saved its deposit in 100 seats.",2,No Relation,C,0,1,0,
3569,i apologise if i have offended you jason furthermore i must admit that i do not actually own a camel,apology accepted i kind of figured you did not,1,Support,C,0,1,0,
3516,where were the french on dday and the normandy invasion when hitler was burglaring their nation i do not recall history mentioning a frenchman around but the americans were saving their rears once again,are you really this historically ignorant,0,Attack,C,1,0,0,
2927,the full drafts were all entered as evidential exhibits with the court and are on file there,heres some links to actual passages something nick failed to provide as requested,0,Attack,C,0,1,0,
1207,"The greens and ukip provide encouragement for labour and conservatives alike to address some issues people care about, albeit only lip service to retain votes mainly.",But Conservative Party chairman Grant Shapps categorically ruled out a deal with UKIP.,0,Attack,C,1,0,0,
2512,i dont follow dr,it seems that so far id has focused on malaria and on the bacterial flagellum which shares homology with the type three secretory system used by bacteria responsible for the bubonic plague,1,Support,C,0,1,0,
1624,UKIP are the only party willing to have a sensible open debate on the key issues affecting the country. ,"Separately, the Department of Health is reviewing how hospitals can more effectively recover money and enforce charges - with ministers acknowledging that current procedures are flawed.",2,No Relation,C,0,0,1,
1421,"UKIP's position is not reasonable, but racists and proto-fascist, considering they have nothing to say about the finance capital bombing of the economy, but to put all the blame for Europe's woes onto immigration.","He debated with journalist and historian Sir Max Hastings who said Britain can't stay in Europe on any terms, but said leaving could mean the UK could find a very tough time out there.",1,Support,C,0,0,1,
2017,People are not voting for UKIP because of immigration propaganda but because of their direct experience of immigration.,Sir Menzies Campbell suggested the government was worried about a political backlash amid public concerns about immigration levels in general.,1,Support,C,0,1,0,
1116,Cameron had it right and UKIP could tip the balance towards Labour in the crucial marginal seats in the GE where the battle will take place .,"In her interview with the Spectator she said the Conservatives were in a similar position to Sir John Major's government in 1997, when the party was heavily defeated by Tony Blair's Labour.",2,No Relation,C,0,0,1,
2898,   httpwww,i am not welcome at ucd a site which takes pride in ignorance over arguments,0,Attack,C,0,0,1,
4049,i turned this movie off halfway through because i was bored out of my skull then i come here and its got a high rating granted its got a good storyline good acting nice cinematography but somehow still managed to bore me to tears,have to agree brian theres a whole half hour of boring as he goes across the expanse of the desert that could be edited out,1,Support,C,0,1,0,
1816,"Arguably, UKIP & co. aspire to destroy the culture created in Europe after WWII, which has been based on openness, free travel, migration and cross-geographic access to goods and labour markets.","I was delighted to cast my vote for [UKIP leader] Nigel Farage's team in Sussex, where I live, said Lynam.",0,Attack,C,1,0,0,
398,The reason why UKIP has gained so many votes is because the main parties refuse to deal with immigration and the EU.,That is probably why they are going to vote more for UKIP than the LibDems,1,Support,C,0,1,0,
1793,UKIP is a vessel through which a protest is being delivered. ,He argued that his party was on a journey from a party of protest to a party of government.,0,Attack,C,1,0,0,
3922,US intervention in Libya lacking congressional approval was illegal,US intervention is not consistent with other aspects of US law,1,Support,C,1,0,0,
2645,you have such books written as the consipiracy of ignorance by martin gross,it should readtruth is probably the best factor in determining intelligence and one cannot have it without gd,1,Support,C,0,0,1,
1148,"Marketing UKIP as ""the people's army"" is a bitter irony.","In opposition, Mr Cameron promised to hold a referendum on the Lisbon Treaty amending the EU constitution but, once in power, said he was unable to do so because it had already been ratified.",2,No Relation,C,0,0,1,
2244,"The sooner we are out of the EU, the sooner we can start making this country great again.",UKIP leader Nigel Farage said the UK had no real control over either the number or the type of migrants that were settling from elsewhere in the EU.,1,Support,C,0,1,0,
247,"UKIP are just another bunch of freeloaders, using peoples fears and prejudice to gain votes so that they can get their snouts into the trough.","With his typically pugnacious sense of fun, the UK Independence Party leader Nigel Farage offered his analysis of that second place finish in the Eastleigh by election in February.",2,No Relation,C,0,0,1,
1750,"I think Farage makes a much better leader than any of the other parties, he's full of enthusiasm and is not a PR man like the current leaders of the 3 main parties.",Mike Nattrass left UKIP last month after a row with leader Nigel Farage.,2,No Relation,C,0,0,1,
3408, i agree that it is slowly falling apart, you know a debate like this can be put up to get intelligent information exchange,1,Support,C,0,0,1,
1403,It's a protest vote because (most) people know that UKIP will never net in power.,Instead of disappearing off the opinion poll radar - as it has tended to do between European elections - UKIP's support has held up reasonably well.,0,Attack,C,1,0,0,
2061,The success Ukip had in the european elections will be sufficient to galvanise one or preferably all the other parties to rid us of the EU's political influence.,"Conservative party vice chairman Michael Fabricant said the party had struggled to present a distinctive message during the Eastleigh election, saying UKIP had managed to connect with traditional blue-collar Tory voters on issues such as crime and immigration in a way the Conservatives had not.",2,No Relation,C,0,1,0,
3864,We should promote democratisation,The immense cost and effort involved in sustaining democracy across the world in countries that are not prepared to fully accept responsibility themselves does not equal the benefits,0,Attack,C,1,0,0,
3390, i believe in evolution, nothing in biology makes sense except in light of evolution,1,Support,C,0,1,0,
310,The more the 'mainstream' parties smear and lie about UKIP the more their support rises.,"Party membership has historically been regarded as an important barometer of the health of democracy, while a strong activist base is important to help candidates campaign in elections.",2,No Relation,C,0,0,1,
1969,UKIP and the Greens are the only parties to date that haven't screwed us all over.,"I was delighted to cast my vote for [UKIP leader] Nigel Farage's team in Sussex, where I live, said Lynam.",1,Support,C,0,1,0,
2872,oibopen your mind and your brains will fall out,sologosi dont believe that there is a significant controversy about the concept of natural selection,0,Attack,C,0,0,1,
3906,I believe that opinion polls harm the democratic process,Opinion polls are a forum for public expression and should be protected,0,Attack,C,1,0,0,
218,"In fact, all UKIP seems to talk about now is withdrawl from the EU without any genuine policy around UK's domestic economy.","He said he did not believe the Tories had to start sounding like UKIP, who he dismissed as isolationists, in order to win the next election, saying the only way to win was to get on with the serious business of governing the country.",1,Support,C,0,1,0,
3796,We should ban religious symbols in public buildings,If you ban one thing you have to ban lots of things,0,Attack,C,1,0,0,
3015,no it means that the word of god is internally consistentnonsense,the bible is no more self authenticating then any other irrational fantasy,1,Support,C,0,1,0,
1722,"I think Farage makes a much better leader than any of the other parties, he's full of enthusiasm and is not a PR man like the current leaders of the 3 main parties.",Mr Marchessini said he had met UKIP leader Nigel Farage on two occasions but would make no more donations.,2,No Relation,C,0,0,1,
3706,i believe a phd is still not really required if you aim a position in the corporate world you should only do a phd if you aim at a career at a univeristy,i disagree with that most of the phd students pursue a career in industry after they finish i read somewhere that only a small percentage of phd students stay,0,Attack,C,1,0,0,
2722, lets see would these titles copied from the table of contents of the house of representatives report entitled intolerance and the politicization of science at the smithsonian back up you or me  ,have you read the original emails based on which the conclusions were madeyou do understand the meaning of a congressional report by the majority party dont you,0,Attack,C,1,0,0,
3416, people like you should be banned from this website, there is positive evidence against macroevolution,0,Attack,C,0,0,1,
3209,contra the evolutionary theory which is the selection of the fittestis the antievolutionary theory which is the antiselection of the unfittest,charles darwin wrote about the theory of biological evolution not antievolution just because the word anti is in front of something it does not make it correct mate,0,Attack,C,1,0,0,
4055,after all the attention and awards etc and an imdb rating of  i was so shocked to finally see this film and have it be so bad,i agree did not like this either in fact i stopped watching once waltz was killed because i just didnt care anymore,1,Support,C,0,1,0,
257,Plenty of survey's have shown UKIP to be the most hated of the main parties.,I think Mr Cable's always had a rather creative interpretation of what collective responsibility ought to look like.,2,No Relation,C,0,0,1,
1046,"The momentum is with UKIP; Labour, Conservative and Liberal areas are all now vulnerable to them. ","Mr Farage suffered back injuries sustained in an air crash on election day 2010, and had had a couple of discs removed from my neck and replaced last week, he told the BBC.",2,No Relation,C,0,0,1,
164,A vote for UKIP is a vote to leave the EU and recover power over our national life.,The BBC has also seen a series of emails to Bhutto which appear to suggest his attempt to rejoin the party was approved.,2,No Relation,C,0,0,1,
1320,"In UKIP, we have a new political force which looks likely to poll very well in a national election.","It was agreed with the UN and even through the European Court, which sadly has changed its role.",2,No Relation,C,0,0,1,
2381,that one is from isaiah ,yes god is by his nature  supernatural,0,Attack,C,0,1,0,
860,"In UKIP, we have a new political force which looks likely to poll very well in a national election.","UKIP has gradually seen its poll ratings rise, overtaking the Lib Dems on a number of occasions, and putting in strong showings in recent by-elections.",1,Support,C,0,1,0,
954,The people and media that are criticising UKIP are highlighting the genuine concerns about UKIP and their policies towards immigrants.,Some might dismiss this as wishful thinking from a leader who has always talked a good fight.,2,No Relation,C,1,0,0,
2703,youre right much if not all of the claims about supernatural claimspremises of id make it invalid rest on some faulty views on what supernatural actually means,natural pertaining to or part of the observable world,0,Attack,C,0,1,0,
3827,Bribery is sometimes acceptable,Individuals may have no choice,1,Support,C,0,1,0,
3795,We should ban religious symbols in public buildings,Religious symbols are personal therefore they should not matter to others,0,Attack,C,1,0,0,
1714,A strong UKIP vote suggests there's a lot of the British public who aren't on board with the current set-up.,"Nobody below the age of 60 has ever had a chance to have a say on this issue, he said.",1,Support,C,0,0,1,
1716,UKIP doesn't need to win power to force the changes people want.,UKIP leader Nigel Farage has demanded a written in blood guarantee of a referendum on EU membership before entering any pact with another party.,1,Support,C,1,0,0,
156,"The momentum is definitely with UKIP at the moment, hopefully that will continue with the up and coming by-elections.",Mr Farron said he was expecting it to be a tough fight but said UKIP was determined to win.,1,Support,C,0,1,0,
2564,intelligent design works off positive predictions about where experience tells us that   intelligent design   is the cause at work,meaningless nonsense of course,0,Attack,C,1,0,0,
2111,"UKIP advocates for the UK leaving the European Union which would be a bad idea – but they are trying to leverage on the british people’s need to belong and pride to be british, which further sparks their anti-foreigner standpoint.","The Conservatives have argued the surge in support for UKIP was essentially a protest vote, but Mr Farage dismissed this as the default position of the political establishment.",2,No Relation,C,0,1,0,
2690,we may disagree as to the ability of id proponents to explain the ultimate source of complexity,who designed the designer is a valid and important point and ids fatal flaw,1,Support,C,1,0,0,
1010,UKIP are not rabid racist and not another incarnation of the BNP.,"I'm feeling pretty sore, Mr Farage told the Today programme, having had bone grafts, and all the rest of it.",2,No Relation,C,0,0,1,
2628,it is a fact that design can be determined in the absence of a designer,btw you people continue to ignore the fact that natural processes cannot account for the origins of nature because natural processes only exist in nature,0,Attack,C,1,0,0,
2894,you argue based on the ftes claims that the term creation and creationism had nothing to do with religion,you argue based on the ftes claims that the term creation and creationism had nothing to do with religion,0,Attack,C,0,1,0,
21,Intellectually I rate Farage much higher than Cameron; he has a very sharp and quick wit and is an excellent public speaker.,"Having spent the day talking to senior members of the party, the analysis seems to be to repeat ad nauseam what the Conservatives have achieved in office.",2,No Relation,C,0,0,1,
364,A forensic examination of UKIP's policies would nail once and for all the Establishment lie that they're a bunch of swivel-eyed racists.,"We have got to get more professional to seize the opportunities of the future, he told BBC Radio 4's Today programme.",2,No Relation,C,0,0,1,
2492,so your argument is by pushing scientists to find more junk dna it is in fact useless to the organism vestigial limbs my tailbone does nothing and has no purpose and i could have it removed with no damage to my functioning and other disproofs of intelligent design id serves the purpose of annoying scientists into progresscouldnt you just advance the cause of science by doing experiments and recording data,unfortunately dr,1,Support,C,0,0,1,
68,If the other parties do tackle the issues of EU and immigration I'll be more than happy to see UKIP disappear.,"Many hospitals are overburdened with long waiting times and do not want to act as immigration officials while the NHS is already buckling under the weight of administration, Tim Aker, the head of the party's policy unit said.",2,No Relation,C,0,1,0,
3483,he was not discussing abortion nor was he promoting it,and you fail to answer the question,0,Attack,C,0,0,1,
2739,so tj you seem to have made quite a few foolish arguments how familiar are you with augustinetj  well i know that he believed the earth was created instantaneously not progressively and was according to scripture less than  years old,after some diversions to point out that augustine himself held some inconsistent positions tj finally comes to the quote i providedtji understand what he is saying but for this to be valid the unbeliever has to accurate in what he believes,0,Attack,C,1,0,0,
764,"I agree with UKIP on the EU, but the rest of their policies are dangerous right wing bile.",Both will hope to appeal to a taste for something different and the anti-politics mood.,2,No Relation,C,0,0,1,
2960,people tend to focus on the trees,i agree he didnt want to confuse us,0,Attack,C,0,1,0,
3222,evolution has never been proven and will never be proven because it never happened,although i firmly believe in evolution it is only a theory and even though theories have evidence and are backed up with facts they are not  true and can probably never really be proven like the big bang theory,1,Support,C,1,0,0,
1582,UKIP are not a single issue party anymore; UK Sovereignty is the crux of their party political platform but they've certainly expanded from that singular issue in recent years.,Douglas Alexander accused the PM of a shambolic and ill-judged negotiation strategy.,2,No Relation,C,0,0,1,
3026,i would like your oppinion of my remarks    httpwww,obviously you havent done much reading on the aig website,0,Attack,C,1,0,0,
3494,i also think it is noteworthy that the pro life movement is really making a difference if anything to hit the polls in elections and send the message that we are tired of a cheap view of life in this nation,funny did not hear them complaining about the iraqis dying in the street also they did not seem to mind that the abortion rate which was declining under clinton has been rising under bush,0,Attack,C,1,0,0,
1601,"UKIP do not bear scrutiny either as a coherent policy offer or a group of potential ministers , they are an insurgent party of protest with one message.","I have absolutely no sympathy for the rent-a-mob protesters, the Swampies and the Occupy Movement and the anti-capitalists and eco-freaks who have sought to hijack the Balcombe protest, he said to cheers from supporters.",2,No Relation,C,0,0,1,
1487,"I think Farage makes a much better leader than any of the other parties, he's full of enthusiasm and is not a PR man like the current leaders of the 3 main parties.","Mr Dimitrov said UKIP leader Nigel Farage was usually very feeble in presenting solid arguments, suggesting he preferred to engage in propaganda which deviates markedly from the essence of the debate.",0,Attack,C,1,0,0,
1508,UKIP seems overwhelmingly to be staffed by racists who want to keep people not born in this country outside this country.,"Over three million jobs in this country, directly or indirectly, depend on us being in the EU, so that is a big choice.",2,No Relation,C,0,0,1,
2642,how was catastrophism closer then the original darwinian theory  catastrophism offered no mechanism for the changes that we see was completely wrong as to what catastrophes occurred  how severe they were and when they took place,richard dawkins and victor stenger argue that the existence of a creative superintelligence or god are scientific questions,0,Attack,C,0,0,1,
2677,well since they do not it is a true statement,while it is true that   science   and   religion   have little to do with one another that has never stopped teachers from pointing out that science refutes religion,0,Attack,C,1,0,0,
2283,it is not appropriate to teach creationism as a means for upholding the bible, allowing creationism in schools would violate the separation of church and state a separation of church and state necessitates that public schools not be a forum for upholding the validity or truth of certain faiths,1,Support,C,0,1,0,
465,"The Green Party stands out as different, UKIP are just another bunch of neo-cons, although further out to the right.",He remains the public face of UKIP - still in demand from political discussion programmes and probably the only member of the party most members of the public would recognise - but he is no longer its leader.,2,No Relation,C,0,0,1,
3007,i actively attend the origins conferences hosted by a variety of different organizations including christian universities reasons to believe and most recently the skeptic society,have you been to the icr facility to watch their presentationicr teaches hilarious nonsense,1,Support,C,0,0,1,
99,"I would say it's the anti-ukip brigade who have no substance to their argument (or facts), they simply shout ""racist"" with nothing to substantiate this slur, or become crude and insulting.",He said the law allowed for a joint candidate to run with two party logos on a ballot paper.,2,No Relation,C,0,0,1,
2115,"The ratio of nutters in UKIP is far higher than in other parties, especially so since they seem determined to take all the Tories' fruitcakes off them.","Mr Cameron once described UKIP as a party of fruitcakes, loonies and closet racists.",1,Support,C,0,0,1,
2662,discovery institute writes ,the informational signaturesonly conscious beings produce signatures,0,Attack,C,0,1,0,
1875,"Ukip has British values, wants to get British industry kick started back to the fore front again, become more self-sufficient.","Over three million jobs in this country, directly or indirectly, depend on us being in the EU, so that is a big choice.",0,Attack,C,1,0,0,
418,The only reason we are even having a sensible debate about Europe are UKIP.,"The Bow group, which bills itself as the Conservative Party's oldest think tank, says under David Cameron party membership has halved, with the average age being 68.",2,No Relation,C,0,0,1,
895,If anyone seriously thinks that UKIP will offer some kind of answer to our current problems then I think that they are going to be sadly disappointed.,"But, at the 2010 general election, support dwindled to 3.1% and UKIP did not win a Westminster seat.",1,Support,C,0,1,0,
2840,when i read casey luskins article he made some very good points, it seems to me that luskin is being more scientific in that he talks about a method for testing idthats ironic because luskin presents no testable id,0,Attack,C,1,0,0,
3417, there is positive evidence against macroevolution, there is eye witness reproducable evidence for micro evolution or change within a species which is irrefutable,1,Support,C,1,0,0,
3230,evolution has not ceased in any animal,again we hit walls of diction but its a great debate and im on your side evolutionists,1,Support,C,0,1,0,
2713,there is nothing wrong with asking someone to disprove a negative that is with asking someone to provide evidence contrary to a claim,casey luskinfirst the ayn rand institutes arguments offend the first amendments protections on religious freedom scientists have freedom of religion and their scientific views should not be disqualified due to their alleged religious motives or beliefs,0,Attack,C,0,0,1,
2518,id is ridiculously and obviously not   science   ,so are we asking if a telic force exists or are we trying to psychoanalyze the intentions behind itwhy are these two questions always independent  i would think that any theory of id that made no attempt to identify and analyze the designer was an incomplete theory,0,Attack,C,1,0,0,
699,"There's an election next month, UKIP are campaigning on the streets right now, and candidate upon candidate keeps churning out ridiculous (often racist, sexist or homophobic) views.","In his state of the union address, in Strasbourg, Mr Barroso said the EU must not ease off on reform as growth edges back to the economy.",2,No Relation,C,0,0,1,
226,If UKIP are wise they will alter their attitude about the NHS and public services in general.,A UKIP spokesman said the party's donors did not dictate its policy.,2,No Relation,C,0,0,1,
2863,but its more than we dont understand thus designed,i am fast drawing to the conclusion that this discussion will never end,0,Attack,C,0,0,1,
488,I think it's far too simplistic to argue all UKIP supporters are racist - there is a real groundswell against the political establishment which over the past 20 years or so has started to converge in terms of image and policies.,The exchange took place in a House of Lords debate on Europe.,2,No Relation,C,0,0,1,
3788,the best way to protect Scottish interests in the EU is to vote for independence,The Scottish relationship with the EU is likely to change after independence,0,Attack,C,1,0,0,
2789,but they do,how do public schools support hate of   religion  ,0,Attack,C,1,0,0,
105,Big business will not support UKIP given the devastation that withdrawal from the EU would cause.,We cannot have any control over who comes to Britain while we are members of the EU.,0,Attack,C,0,0,1,
2132,"UKIP is a one man's party: its leader, Nigel Farage is running the show - I cannot think of any other party member having expressed any opinion publicly and I wonder whether this is because none of the other party member is ""presentable"".",And they also seemed very thankful to have the colourful Nigel Farage back as party leader.,1,Support,C,0,1,0,
1002,"If UKIP want to retain these voters and attract more in a general election then they need to come up with policies other than ""leave the EU"" and ""its all the immigrants fault"".","Alongside that central desire to get out of the European Union, the party is now pushing a broader range of ideas, from being anti-gay marriage to pro-grammar school.",0,Attack,C,1,0,0,
798,"I would say it's the anti-ukip brigade who have no substance to their argument (or facts), they simply shout ""racist"" with nothing to substantiate this slur, or become crude and insulting.","At the local elections last week, the UKIP - which campaigns for the UK to leave the EU - made substantial gains, while the Conservatives lost control of 10 councils.",1,Support,C,1,0,0,
1458,I would hazard that it’s UKIP’s appeal to tradition and “British values” that appeals – it’s a cosy reimagining of a glorious past and taps into the Little England mentality of a large swathe of tory supporters.,"Conservative chairman Baroness Warsi said the result was disappointing for her party, although not unexpected.",2,No Relation,C,0,0,1,
2248,"The success of UKIP is based more or less on this single factor, or perhaps this and the fact there is no working class voice amongst mainstream parties.","UKIP are certainly trying to professionalise, to move away from its more amateurish origins.",2,No Relation,C,0,0,1,
3389, people who believe that god created the earth keep saying that they got this from the bible, i believe in evolution,1,Support,C,1,0,0,
2444,so what using   intelligent design    is the purpose of the appendixid simply predicted that the appendix would have a function,id simply predicted that the appendix would have a function,0,Attack,C,1,0,0,
3310, its impossible to argue with you people, all animals share the same dna so we must be related if you look at the evidence something religious people dont do you will see that there is more evidence for it than against it,1,Support,C,1,0,0,
1977,"In UKIP, we have a new political force which looks likely to poll very well in a national election on thursday.","The UK Independence Party, which has long campaigned for the UK to pull out of the European Union, failed to make its hoped-for breakthrough in May's election.",0,Attack,C,1,0,0,
2604,islandcontrary to modern and variant interpretations the anthropic principle was originally formalized by carter as an ideological statement against the dogmatic nonscientific prejudices that scientists commonly harbor that cause them to consciously deny anthropic relevance in the physics so they instead tend to be willfully ignorant of just enough pertinent facts to maintain an irrational cosmological bias that leads to absurd copernicanlike projections of mediocrity that contradict what is actually observed,carter points out that the coincidence found by bondi belonged to three classes the traditional kind  without use of the anthropic principle  those which only require the use of a weak anthropic principle and  those which require the invocation of an extended and hence rather more questionable strong anthropic principle,1,Support,C,0,1,0,
1240,UKIP are not a single issue party anymore; UK Sovereignty is the crux of their party political platform but they've certainly expanded from that singular issue in recent years.,And on a broader platform UKIP claims to be winning support among younger voters and students.,1,Support,C,0,1,0,
3686,it is far too expensive,other phones are more expensive,0,Attack,C,0,0,1,
2413,your argument is compelling until we expand the question of how did we get here to encompass the divine,with belief,0,Attack,C,0,1,0,
3218,if what you say is true then nothing at all is scientific fact,it has not been proven and i dont think it can be,0,Attack,C,1,0,0,
2852,when there was a move to distribute unlocking the mystery of life dvd to australian schools a few worried scientists headed by michael archer from unsw got together and signed a letter on behalf of  scientists and educators,idnetto comment on whether id has merit or not it is minimally necessary that people be properly informed of the arguments involved,0,Attack,C,0,0,1,
2421,just look around,intelligent design is a dishonest way for   creationism   to try to appear scientific,0,Attack,C,1,0,0,
221,UKIP are not rabid racist and not another incarnation of the BNP.,"Because what we have done, we have thrown clothes off and they have picked them up and put them on.",2,No Relation,C,0,0,1,
924,If the other parties do tackle the issues of EU and immigration I'll be more than happy to see UKIP disappear.,"Isolating Britain and damaging Britain's reputation is not the right history to write, he said.",0,Attack,C,0,0,1,
2303,teaching creationism is akin to childabuse,preventing creationism to be taught is not violating freedom of religion,1,Support,C,1,0,0,
957,"The sooner we are out of the EU, the sooner we can start making this country great again.",But Conservative former Deputy Prime Minister Lord Heseltine described Mr Clegg's challenge as a misjudgement.,2,No Relation,C,0,0,1,
2923,after all he is just trying to compete with your legacy nick,your friend pvm gave out in this discussion  httpwww,0,Attack,C,0,0,1,
635,People are not voting for UKIP because of immigration propaganda but because of their direct experience of immigration.,"In a show of hands, half the audience said they were not UKIP members.",2,No Relation,C,0,0,1,
1003,"There's an election next month, UKIP are campaigning on the streets right now, and candidate upon candidate keeps churning out ridiculous (often racist, sexist or homophobic) views.","We do sometimes refer to them as 'bottlefield tours', says fellow forager and UKIP MEP Godfrey Bloom.",2,No Relation,C,0,0,1,
2848,you give interesting and complex answers,take your time id rather have you think about it digest it and respond than give a hasty response which would not help us resolve these issues,0,Attack,C,0,1,0,
454,"Marketing UKIP as ""the people's army"" is a bitter irony.",A UKIP candidate in Somerset was suspended from the party on Tuesday after a photo of him apparently making a Nazi-style salute appeared on his Facebook page.,1,Support,C,0,1,0,
2670,the whole point of bringing up the eye example is to demonstrate that id is an actual theory and not a simple example in which someone proclaims that something is too complex based on their own judgements,the whole point of bringing up the eye example is to demonstrate that id is an actual theory and not a simple example in which someone proclaims that something is too complex based on their own judgements,0,Attack,C,0,1,0,
2052,"On voting day, this week the vast majority of the British public will not vote for UKIP.","UKIP appears to have struck a chord with many voters on the issue of immigration, campaigning against the relaxation of working restrictions on Bulgarians and Romanians due to come into force in January.",0,Attack,C,1,0,0,
3934,We should allow voting at 16 in European Parliament elections,EU elections would put young people off voting,0,Attack,C,1,0,0,
1600,"In UKIP, we have a new political force which looks likely to poll very well in a national election on thursday.","UKIP recorded their best ever Westminster election performance and brought humiliation to the Conservative candidate, in the process triggering a debate within the party about how to deal with their rivals.",1,Support,C,0,1,0,
1051,"If UKIP want to retain these voters and attract more in a general election then they need to come up with policies other than ""leave the EU"" and ""its all the immigrants fault"".","The party's leader, Robin Tilbrook, has used his blog to release a series of emails between Mr Nattrass and the English Democrats.",2,No Relation,C,0,0,1,
3879,The US should ban cluster bombs,Cluster Bombs Cause Unacceptable Harm to Civilians,1,Support,C,0,1,0,
2108,"Even a UKIP European candidate, Janice Atkinson, another ex-Tory, admits leaving the EU would be problematic.","He debated with journalist and historian Sir Max Hastings who said Britain can't stay in Europe on any terms, but said leaving could mean the UK could find a very tough time out there.",1,Support,C,0,0,1,
3520,the only obsession i see is the obsession gays have in seeking acceptance for their lifestyles,you keep starting all these threads on gays called obsession,0,Attack,C,1,0,0,
2145,"UKIP advocates for the UK leaving the European Union which would be a bad idea – but they are trying to leverage on the british people’s need to belong and pride to be british, which further sparks their anti-foreigner standpoint.","UKIP, which has called for withdrawal from the European Union and greater restrictions on immigration, has seen improved poll ratings this year.",2,No Relation,C,0,0,1,
3283,ignorance of terminology,a theory as the word is used by scientists is a detailed description of some aspect of the universes workings that is based on longcontinued observation and where possible experiment that is the result of careful reasoning from those oservations and experiments and that has survived the critical studies of scientists generally,1,Support,C,1,0,0,
16,"The People's Army is on the march and UKIP will get Britain back from the Liblabcon, Establishment and MSM political abusers of our country.",He said he had been impressed by David Cameron's leadership while UKIP was beset by internal fighting and was not a credible political force.,0,Attack,C,1,0,0,
4000,you are right it should be a nine stars hands down,that was my rating this film is superior in every respect and most of all its ideas,1,Support,C,0,1,0,
2817,if the institution in question does not feel that id is a valid line of inquiry then i dont see why it would give tenure to people who subscribe to the theory, what predictions has id made and have they so far proven truesee the above links,1,Support,C,0,1,0,
1132,"Despite their best efforts at pretending otherwise, UKIP are still widely disliked and untrusted by the majority of the population.","Instead, they propose making a visa conditional on having health cover to reduce the burden on the NHS.",2,No Relation,C,0,0,1,
3786,the best way to protect Scottish interests in the EU is to vote for independence,Scottish independence might be a faster route out of the EU than a referendum,0,Attack,C,0,1,0,
1721,Ukip are doing well for the very simple reason folk have at last realized that they are being lied to by LibLabCon and now have somewhere else to go.,"The pair spoke to Andrew Neil and Jo Coburn on the Daily Politics ahead of Tuesday afternoon's Liberal Democrat conference debate on a motion about the EU,",2,No Relation,C,0,0,1,
3898,The International Criminal Court should be recognised,It may be in the best interests of victims and their state for war criminals not to be brought to trial,0,Attack,C,1,0,0,
1096,UKIP are asking the questions that haven't been asked by the opposition or the media.,Mr Hollobone said he had not been involved in any discussions about the 2015 poll.,2,No Relation,C,0,0,1,
3596,no biggy i am happy though that you did take more than reasonable precautions to prevent pregnancy in the first place,yep that is someting that many pro lifers also never take into account,1,Support,C,0,0,1,
86,A vote for UKIP is a vote to leave the EU and recover power over our national life.,"Reform had, he says, a good slogan - A common sense revolution - that reflected Reform's anti-establishment, blue collar agenda.",2,No Relation,C,0,0,1,
1190,"Much of UKIP's meteoric rise has to do with political correctness, and the fact that ordinary people are sick of it.","Former TV Apprentice Katie Hopkins, from the new I Want a Referendum Party, claimed UKIP talked a lot, but did not deliver.",0,Attack,C,0,0,1,
1888,"I don't necessarily think Nigel Farage is worthy of PM, I think they need a new leader.",For Nigel Farage convincing his fiercest critics among UKIP's members and its estranged onetime supporters that he remains the right man to lead the party may be difficult.,1,Support,C,0,1,0,
2347,id can be scientifically relevant if it were to take the scientific approaches used by real science such as criminology which uses means motives opportunities etc,in a recent article casey luskin addresses the recent findings that changes in a regulatory gene can help explain the morphological differences between the chimpansee and humans,1,Support,C,0,1,0,
2020,UKIP isn't committed exclusively to either right-wing or left-wing ideology and that’s a very good place to be.,UKIP leader Nigel Farage said any members proven to have extreme right wing views would be expelled.,1,Support,C,1,0,0,
1103,Big business will not support UKIP given the devastation that withdrawal from the EU would cause.,There'd always be a very politically incorrect atmosphere that just relaxed everybody.,2,No Relation,C,0,0,1,
630,"I suspect that even if political parties addressed many of the concerns that UKIP raise, it wouldn't make any difference - the UKIP voter would still find something about modern Britain objectionable.",He talks about his own life as a former financier - I worked hard in the City for 20 years up until lunch time.,2,No Relation,C,0,0,1,
2165,It's a protest vote because (most) people know that UKIP will never net in power.,"And at by elections voters are not choosing a government - they can shout loudly and protest, safe in the knowledge that it won't change the person who lives in Downing Street.",2,No Relation,C,0,1,0,
3489,yes i have read these things,but did not understand them,0,Attack,C,1,0,0,
87,Support for UKIP is just growing because people are sick of the Tories and want to register protest.,Nigel Farage will tell activists at their spring conference later that the party has an appeal beyond disaffected Conservative voters.,0,Attack,C,1,0,0,
1198,"UKIP are a fairly right wing group as I'm sure will become clear when they actually produce some policies other than the ""its all the eu's"" fault.",He argues such a deal could give the Tories 20-40 additional marginal seats.,2,No Relation,C,0,0,1,
3409, you know a debate like this can be put up to get intelligent information exchange, yes if what you are saying is true then im for it,1,Support,C,0,1,0,
948,"Arguably, UKIP & co. aspire to destroy the culture created in Europe after WWII, which has been based on openness, free travel, migration and cross-geographic access to goods and labour markets.",I am proud of being a UKIP candidate and very proud of the achievements of my daughter who represents the people of Witham in an exemplarily fashion.,0,Attack,C,0,0,1,
1961,"UKIP are a fairly right wing group as I'm sure will become clear when they actually produce some policies other than the ""its all the eu's"" fault.",It has been a key part of his strategy to distance the party from the far right - its constitution bans former BNP members from joining.,0,Attack,C,0,0,1,
2766,the u,here is irons response to the so called rebuttalreply to rebuttalby peter ironsthe pages of a respected law review are rarely filled with such pejorative terms as smear and innuendo poisoning the well and personal attacks,1,Support,C,0,0,1,
1960,"I would say it's the anti-ukip brigade who have no substance to their argument (or facts), they simply shout ""racist"" with nothing to substantiate this slur, or become crude and insulting.","All [the prime minister's] doing is trying to curry favour, he continued.",2,No Relation,C,0,0,1,
2716,your half right ,the di is quick to argue that jones overstepped its bound by declaring id not be scientific even though both the plaintiffs and the defendants insisted that the judge address this because the existence of a valid secular purpose which is not a sham is an important aspect in determining if something is unconstitutionaljudge jonesdefendants presented no convincing evidence that they were motived by any valid secular purposealthough defendants attempt to persuade this court that each board member who voted for the biology curriculum change did so for the secular purposed of improving science education and to exercise critical thinking skills their contentions are simply irreconcilable with the record evidence,0,Attack,C,0,0,1,
1970,"I think the view of many supporters (not, necessarily, voters) of UKIP is that they see the Establishment, Labour, Conservatives, a lot of the media, industrialists, globalists, and the culture of political correctness, apology and neo-liberalism all as sides of the same coin.",The BBC understands that the prime minister's new policy chief Jo Johnson has had early sight of the pamphlet and it has been passed on to some of his policy groups.,2,No Relation,C,0,0,1,
1073,I think it's far too simplistic to argue all UKIP supporters are racist - there is a real groundswell against the political establishment which over the past 20 years or so has started to converge in terms of image and policies.,UKIP's rise in national opinion polls and recent strong performances at Westminster by-elections have led some Tories to warn a split in the centre-right vote would make it easier for Labour to form the next government.,1,Support,C,0,1,0,
2593,jay richards says theres especially intriguing evidence of design in cosmology physics and astronomy,islandthe wmap anamoly indicates that we are at the center of the universe   httpcerncourier,1,Support,C,0,1,0,
955,People are not voting for UKIP because of immigration propaganda but because of their direct experience of immigration.,An above-inflation 4.9% rise would take the commission's total funding for 2012 to 132.7bn euros (Â£117bn).,2,No Relation,C,0,0,1,
898,"I don't believe Farage is a racist and I don't believe the UKIP policies are racist, but I do think they will be the party that attracts most support from racists.","I have absolutely no doubt that in the run up to the European elections we will hear a speech from Ed Miliband pledging to hold a referendum on the European question, he said.",2,No Relation,C,0,0,1,
952,The success Ukip had in the european elections will be sufficient to galvanise one or preferably all the other parties to rid us of the EU's political influence.,The party currently has 19 councillors in local authorities in England - not including town and parish councils.,2,No Relation,C,0,1,0,
3858,We should promote democratisation,Democracies are more peaceful countries both domestically and internationally and so it is in our interests to promote it worldwide,1,Support,C,0,1,0,
1826,UKIP are the only party willing to have a sensible open debate on the key issues affecting the country. ,UKIP say it proves their message is cutting through regularly.,1,Support,C,0,1,0,
2277,the theory of evolution is not falsifiable, teaching creationism is dangerous to science and reason  if a theory that does not follow the scientific method is taught in schools as science science and reasoning will be undermined,0,Attack,C,1,0,0,
2491,the biologic institutemy my what nonsense,so your argument is by pushing scientists to find more junk dna it is in fact useless to the organism vestigial limbs my tailbone does nothing and has no purpose and i could have it removed with no damage to my functioning and other disproofs of intelligent design id serves the purpose of annoying scientists into progresscouldnt you just advance the cause of science by doing experiments and recording data,1,Support,C,1,0,0,
3921,US intervention in Libya lacking congressional approval was illegal,The United States engaged in hostilities under War Powers,1,Support,C,1,0,0,
2231,"If UKIP want to retain these voters and attract more in a general election then they need to come up with policies other than ""leave the EU"" and ""its all the immigrants fault"".","In 2006, the lower-key Knapman retired, to be replaced by Nigel Farage, an eye-catching media performer who pledged to make UKIP a truly representative party, ending its image as a single-issue pressure group.",0,Attack,C,0,0,1,
2431,i grant your point sir,i appreciate your contributions as they provide an independent view into why so many have come to accept the scientific vacuity of id,1,Support,C,0,1,0,
2857,couldnt atheism be the main reason people have come to embrace a certain type of evolution and object to id the emotions so commonly seen in the rejection of id support this,id may assert but as a science their contributions remain largely with content,0,Attack,C,0,0,1,
1654,"The sooner we are out of the EU, the sooner we can start making this country great again.",Voters in Oldham East and Saddleworth will vote in the first by-election of the coalition era on Thursday.,2,No Relation,C,0,0,1,
437,"If UKIP want to retain these voters and attract more in a general election then they need to come up with policies other than ""leave the EU"" and ""its all the immigrants fault"".",UKIP's 2010 manifesto called for Trident to be retained and ultimately be replaced by four British-built submarines armed with US missiles.,2,No Relation,C,0,1,0,
2753,pvmfirst of all the judge observed that the school board was strongly motivated by religious beliefs and the fact that they believed that id presented a scientific hypothesis and thus a valid secular purpose was their downfall ,bowmanmore on the aclus rubber stamped ruling by a practicing attorneynothing wrong with quoting from a well argued submission by the aclubowmanthat said none of this relates to the id ruling since the board members were not id advocates except perhaps superficially,0,Attack,C,1,0,0,
2934,you say this and yet you use a computer,feel free to respond,1,Support,C,0,0,1,
587,"Arguably, UKIP & co. aspire to destroy the culture created in Europe after WWII, which has been based on openness, free travel, migration and cross-geographic access to goods and labour markets.","Only 33% said they would never consider voting UKIP, with many people seemingly taken by their message.",0,Attack,C,1,0,0,
2445,id simply predicted that the appendix would have a function,if it cannot make predictions then it is not a viable theory,0,Attack,C,0,1,0,
1796,"I think Farage makes a much better leader than any of the other parties, he's full of enthusiasm and is not a PR man like the current leaders of the 3 main parties.",The party's leader Nigel Farage has promised to cause a political earthquake at next year's polls after a strong showing in local elections.,1,Support,C,0,1,0,
2544,im not a cell expert but lets expand out to the human body,im not a cell expert either and understanding what behe wrote in his argument doesnt require it because he didnt say anything except cellular machinery is complex therefore it must be designed,0,Attack,C,0,0,1,
3300, im against it   ahh i love the arguments in everyone the against it section, you see a building and you have proof there is a builder,1,Support,C,0,0,1,
1324,If anyone seriously thinks that UKIP will offer some kind of answer to our current problems then I think that they are going to be sadly disappointed.,"Some of the money had gone on buying Ray-Ban sunglasses, apartments in Paris, Ferraris and all the rest of it, he added.",2,No Relation,C,0,1,0,
3911,We should negotiate with terrorists,Negotiation saves lives,1,Support,C,0,1,0,
228,For what its worth I think UKIP is a one trick pony and is unelectable in a general election.,Mr Wood told police his account had been hijacked but said he would continue to stand for election.,2,No Relation,C,0,0,1,
2671,the whole point of bringing up the eye example is to demonstrate that id is an actual theory and not a simple example in which someone proclaims that something is too complex based on their own judgements,natural selection isnt random,1,Support,C,0,0,1,
2582,seems to me like dawkins and weinberg were claiming that there is no evidence for design at least according to richards,could evidence against design perhaps be evidence against the case brought in favor of it,0,Attack,C,0,1,0,
785,"The UKIP mainstay vote is in normal working people because they never voted for 4 million immigrants, they never voted for Multiculturalism.",It is not something I would consider until after the next election.,2,No Relation,C,0,0,1,
812,"UKIP are an independent party and have shown that their appeal is broad, making big dents in staunchly Labour voting areas as well as the recent bi-election successes.","He said the party would consider other measures including the legal route if it did not get redress from the council, which he said was continually backtracking.",2,No Relation,C,0,0,1,
2379,im hardly the authority for all the great questions in life,im hardly the authority for all the great questions in life,0,Attack,C,0,1,0,
3993,rarely have i watched and rewatched a movie with such spectacular cinematography,loved the blood splatter on the camera too gave it that feel of being right there with a war correspondent the timing of everything was incredible,1,Support,C,0,1,0,
65,"UKIP are an independent party and have shown that their appeal is broad, making big dents in staunchly Labour voting areas as well as the recent bi-election successes.","David has expressed his admiration for David Cameron, who has announced that he will not give the people of this country a referendum on Europe because he believes we should stay in.",2,No Relation,C,0,0,1,
927,UKIP are asking the questions that haven't been asked by the opposition or the media.,It had poured more resources - and candidates - into Thursday's contest in the hope of capitalising on strong performances in recent Westminster by-elections.,2,No Relation,C,0,0,1,
2920,you cant offer anymore than theory for one or the other,you cant offer anymore than theory for one or the other,0,Attack,C,0,1,0,
873,UKIP are in with the City as much as the other three and I don't like the way they are whipping people up into a frenzy.,"In his letter the Clerk of Parliaments says his predecessor also wrote to Viscount Monckton twice, in July 2010, asking him to stop claiming to be a member of the House either directly or by implication.",2,No Relation,C,0,0,1,
2177,"The UKIP party is a populist party at the right end of the spectrum, which exploits people's fears of the foreign and unknown.",Mr Cameron has promised an in/out referendum after he has negotiated the return of some powers - so far unspecified - from Brussels.,2,No Relation,C,0,0,1,
18,Hopefully we will see our first UKIP MP before the general elections next year.,I frankly thought it was so funny that when a journalist friend rang me and I told them about it they said they would write the story.,2,No Relation,C,0,0,1,
3273,the aftermath of evolution has been witnessed but never the actual process itself,i have no patience for people like you,0,Attack,C,0,0,1,
1881,Whether UKIP can deliver on their promises if they were to win power at the next general election is a moot point because they will not win power.,Mr Cameron wants to negotiate the return of some powers to Britain before a promised referendum by 2017.,2,No Relation,C,0,0,1,
3013,youre missing the point about the four rivers,you are opening the door to a nonliteral explanation of the text,1,Support,C,1,0,0,
727,"Even a UKIP European candidate, Janice Atkinson, another ex-Tory, admits leaving the EU would be problematic.",The Tory peer's comments came after rows involving their former European Parliament member Godfrey Bloom.,2,No Relation,C,0,0,1,
548,The reason why UKIP has gained so many votes is because the main parties refuse to deal with immigration and the EU.,You also mention that I consider unwed mothers as 'naughty girls'.,2,No Relation,C,0,0,1,
2447,there was much that darwin did not know at that time that we now know and his original theory has since been supplanted by more modern versions of his theory,yet it demonstrated a radical   change   over the comparatively short span of twenty years,1,Support,C,0,0,1,
117,"If you think that the Tories are nasty, heaven help us if UKIP get in because they would be nastier, more cruel, and more bigoted.","Ms Andreasen had been UKIP's sole remaining female MEP, after Nikki Sinclaire was expelled from the party in 2010, hinting what a terrible standing women have in the party.",1,Support,C,0,0,1,
578,UKIP are not rabid racist and not another incarnation of the BNP.,"Bhutto's gang were behind a high-profile kidnapping in Karachi in 2004 and he then took a Â£56,000 ransom payment in Manchester.",2,No Relation,C,0,0,1,
3819,European Parliament elections should involve only one voting district all of Europe and not separate country seats,There would be much more choice,1,Support,C,0,1,0,
188,If UKIP is really the best our country can do for an alternative then we are all doomed.,"The private member's bill, from Tory MP James Wharton, paves the way for an in-out referendum on the EU in 2017.",2,No Relation,C,0,0,1,
222,Should ukip get into government it would be fair to assume that we'll see a whole raft of right-wing policies as actual government policy.,"Mr Hancock's comments are totally, utterly meaningless rubbish, while we remain part of the EU's single market, he told the BBC News Channel.",2,No Relation,C,0,0,1,
2650,may as well get to work on it,landonevolutionary science may have progressed but it has not explained the evolution of man or history,1,Support,C,0,0,1,
3854,All nations have a right to nuclear weapons,Humanitarian intervention becomes impossible in states that possess nuclear weapons,0,Attack,C,0,0,1,
3199,ive studied a lot of biology and to me evolution has indeed been proved,maths is the only branch of science that offers  proof of its arguments,1,Support,C,1,0,0,
1016,"There's an election next month, UKIP are campaigning on the streets right now, and candidate upon candidate keeps churning out ridiculous (often racist, sexist or homophobic) views.","He likes people to understand what Britain went through in two world wars and what our position is in Europe - he's passionately interested, Spencer says.",2,No Relation,C,0,0,1,
2014,"I don't think most people realise the benefits of free trade at all, and UKIP capitalise on peoples ignorance of the benefits of free trade as much as they can.",He added that he welcomed the attention Lord Lawson had brought to his plans to renegotiate the UK's relations with the EU.,2,No Relation,C,0,0,1,
2755,nothing wrong with quoting from a well argued submission by the aclu,bowman arguesthe board members werent even aware of the wedge document a dated ten years internal document of di and neither relevant to dover v kitzmiller nor to the id hypothesis,0,Attack,C,0,1,0,
332,"I and many others will be voting UKIP not because of a handful of people that have said stupid things, it will be because I identify and agree with their overarching principles.",The last two years' local elections have seen pretty awful results for the Liberal Democrats.,2,No Relation,C,0,0,1,
3648,how many goals can you score in an amount of time,that would be very simple unimaginative etc,0,Attack,C,1,0,0,
1529,A strong UKIP vote suggests there's a lot of the British public who aren't on board with the current set-up.,"He debated with journalist and historian Sir Max Hastings who said Britain can't stay in Europe on any terms, but said leaving could mean the UK could find a very tough time out there.",2,No Relation,C,1,0,0,
2875,i appreciate that you are making attempts to answer all these issues,but i certainly do believe that nature exhibits intelligence and design not to mention beauty and love,0,Attack,C,0,0,1,
1365,"The momentum is with UKIP; Labour, Conservative and Liberal areas are all now vulnerable to them. ",But Ms Dorries is the first to say she would consider the move.,2,No Relation,C,1,0,0,
2764,pt,instead this appears to be an abuse of copyright without an argument on crowthers part,0,Attack,C,0,0,1,
144,A forensic examination of UKIP's policies would nail once and for all the Establishment lie that they're a bunch of swivel-eyed racists.,"We call on him to resign so that we can get a real Eurosceptic to take his place, the spokesman added.",2,No Relation,C,0,0,1,
2945,they too present some very compelling evidence to their side of this one,only someone who does not beleive in god would have to ask how the world was created in six days,0,Attack,C,0,0,1,
469,UKIP are asking the questions that haven't been asked by the opposition or the media.,"He now plans to help raise funds for the party, founded in 1993, and act as spokesman on defence procurement.",2,No Relation,C,0,0,1,
3096,evolutionary theories the big bang hypothesis for instancethe big bang theory is not an evolutionary theory,i think you hit the nail on the head here,0,Attack,C,0,1,0,
686,"The momentum is definitely with UKIP at the moment, hopefully that will continue with the up and coming by-elections.","Talking of the EU, Godfrey Bloom said UKIP was the only game in town, the only party that is going to get us out.",1,Support,C,0,1,0,
1911,UKIP doesn't need to win power to force the changes people want.,"Earlier this year, UKIP leader Nigel Farage said he was open to the idea of a pact but demanded a referendum pledge written in blood.",1,Support,C,0,0,1,
3695,i think nokia is reaching its end unless it adopts android,if windows gets their act together i do believe that nokia has one more chance at a comeback,0,Attack,C,1,0,0,
2252,UKIP do have more than Nigel Farage able to deal with media interviews.,"The pair spoke to Andrew Neil and Jo Coburn on the Daily Politics ahead of Tuesday afternoon's Liberal Democrat conference debate on a motion about the EU,",2,No Relation,C,0,0,1,
673,"UKIP are an independent party and have shown that their appeal is broad, making big dents in staunchly Labour voting areas as well as the recent bi-election successes.","The prime minister has said he would like to repatriate powers in certain areas before holding a referendum, although he has not spelt out in detail what they are.",2,No Relation,C,0,0,1,
3924,US intervention in Libya lacking congressional approval was illegal,The intervention was necessary in order to protect US interests in the region,0,Attack,C,1,0,0,
1001,"UKIP advocates for the UK leaving the European Union which would be a bad idea – but they are trying to leverage on the british people’s need to belong and pride to be british, which further sparks their anti-foreigner standpoint.",Former Labour minister Denis MacShane has quit as an MP after a watchdog ruled he had fiddled his expenses.,2,No Relation,C,0,0,1,
1026,If UKIP are wise they will alter their attitude about the NHS and public services in general.,But they propose making a visa conditional on having health cover to reduce the burden on the NHS.,0,Attack,C,0,1,0,
3701,of course not are you crazy a drug is always a drug other than for medicinal purposes keep it away from my country,antibiotics are drugs drugs that save lives,0,Attack,C,1,0,0,
73,"If UKIP want to retain these voters and attract more in a general election then they need to come up with policies other than ""leave the EU"" and ""its all the immigrants fault"".","The Eurosceptic party is aiming to show broader appeal by capitalising on concerns over immigration, HS2 rail and wind farms.",0,Attack,C,1,0,0,
2346,pvm the quotewe dont know but we do know a designer wasnt involved,id can be scientifically relevant if it were to take the scientific approaches used by real science such as criminology which uses means motives opportunities etc,0,Attack,C,1,0,0,
1389,"Labour should be running scared of UKIP, now the working class are starting to realise that Labour is for middle class socialists and the public sector.",Ms Dorries is the first to say she would consider the move.,2,No Relation,C,0,0,1,
3452,do you believe in purple unicorns on uranus have you or anyone been to uranus to check,uranus is a ball of gas genius,0,Attack,C,1,0,0,
2448,yet it demonstrated a radical   change   over the comparatively short span of twenty years,so what using   intelligent design    is the purpose of the appendixid simply predicted that the appendix would have a function,1,Support,C,0,0,1,
3227,just like pluto orbiting the sun completely and gravity theyre theories but in the scientific way of using the word,aha exactly and we now know that pluto is a planetoid not a planet,0,Attack,C,0,1,0,
571,"Even a UKIP European candidate, Janice Atkinson, another ex-Tory, admits leaving the EU would be problematic.",I think we should really consider bringing forward the legislation in this parliament that would enable the referendum on EU membership.,0,Attack,C,0,0,1,
3477,this seems to conflict with some of your earlier posts wherein you support terrorists,you show me the post where i said i thought terrorists killing children was a good idea and i will eat my keyboard,0,Attack,C,1,0,0,
823,A vote for UKIP would be a vote for a Tory-UKIP alliance that would be more right-wing than a Tory government.,"They will each have plenty of opportunities to publicly debate the party's performance, and to make the case against the return of Nigel Farage.",2,No Relation,C,0,0,1,
1615,"The whole UKIP-for-the-working-class narrative is utterly insane since, if we left the EU, the poor would still be competing with cheap foreign labor.","I'm feeling pretty sore, Mr Farage told the Today programme, having had bone grafts, and all the rest of it.",2,No Relation,C,0,0,1,
2382,yes god is by his nature  supernatural,first of all the bible is not a   science   book,1,Support,C,0,1,0,
2647,i think that is what is called a freudian slip,ps including creationism as a n option and stopping hypnosis on students would bring up their iqs immediately if we include   creationism   we should include all the creationist stories,1,Support,C,0,0,1,
3544,do you believe that you will hear an understanding of god that you have not heard before or are you of the belief you are openminded on the subject and might well have an epiphany,what possible concern is any of that to you some actually search for knowledge through debate this is a debate forum if you recall do not play if you are not so inclined but to post warnings not to fall in this trap come on,0,Attack,C,1,0,0,
2250,People are not voting for UKIP because of immigration propaganda but because of their direct experience of immigration.,"UKIP's local election manifesto, concentrates on its flagship policy of ending open door immigration and putting pressure on the government not to lift restrictions on workers from Bulgaria and Romania on 1 January, which proved a successful formula in Eastleigh.",1,Support,C,0,1,0,
794,Big business will not support UKIP given the devastation that withdrawal from the EU would cause.,"There is a big gap in UKIP's armoury and that is a foundation, Farage says.",2,No Relation,C,0,0,1,
237,The people and media that are criticising UKIP are highlighting the genuine concerns about UKIP and their policies towards immigrants.,"They spoke about pay levels, maternity leave and gardening leave in the financial world in a Daily Politics debate with Andrew Neil and Jo Coburn.",2,No Relation,C,1,0,0,
876,If there are enough Ukip votes it should frighten all the parties sufficiently to make them realise they can't just ignore the electorate.,"This was preferable to a party made up of a bland lot of ghastly people whose names I don't even know, he said.",2,No Relation,C,0,0,1,
1268,If the other parties do tackle the issues of EU and immigration I'll be more than happy to see UKIP disappear.,Ms Champion said the result tells David Cameron what Rotherham thinks of the Tories.,2,No Relation,C,0,0,1,
3265,the bacteria mutated,i think you have some misconceptions about what evolution actually is,0,Attack,C,1,0,0,
326,Hopefully we will see our first UKIP MP before the general elections next year.,UKIP leader Nigel Farage said the party had made had made ''good steady progress''.,1,Support,C,0,1,0,
3320, i do not believe that we evolved from monkeys or any other animal i believe that god created us in his own image, it is very wrong we didnt evolve from apes,1,Support,C,1,0,0,
3713,usually the best city in every country is the capital so i would go for madrid ,i agree if you were to visit only one city in spain madrid would be it,1,Support,C,0,1,0,
3851,All nations have a right to nuclear weapons,Public acknowledgement of the right to nuclear deterrence will benefit the public regulation of nuclear weapons generally,1,Support,C,0,1,0,
409,"Arguably, UKIP & co. aspire to destroy the culture created in Europe after WWII, which has been based on openness, free travel, migration and cross-geographic access to goods and labour markets.","Relations between the two have been strained for some time, with Ms Andreasen calling for Mr Farage to quit after the party's poor performance in council elections in 2011.",2,No Relation,C,0,0,1,
3146,what does random premarital sex lead toa number of possible outcomes based on a number of factors,i believe that the first chapters of genesis including the ancient history of the hebrew people should be understood within the context of covenant,1,Support,C,0,0,1,
2621,and one of the reasons why id appears to be lousy theology but what the heck  i am sure iders can find yet another ad hoc explanation for this,yes jim we see objects on a daily basis that were not designed,0,Attack,C,0,1,0,
3714,usually the best city in every country is the capital so i would go for madrid ,i have never been there but a friend of mine went last summer and she said that madrid is really wonderful,1,Support,C,0,1,0,
3578,it is helpful if one understands evolution before one attempts to debunk it,i know what you mean you should see some of the other books he has at his site as well,1,Support,C,0,1,0,
2515,i am debating it mainly to create a faq sheet for ithilarious,hilarious,0,Attack,C,0,0,1,
3286,your right,so what is the difference in saying god is nothing and there is no god and god is nonexistent there is no difference all of the above statements have the same meaning,0,Attack,C,0,0,1,
515,"I and many others will be voting UKIP not because of a handful of people that have said stupid things, it will be because I identify and agree with their overarching principles.",Nigel Farage and UKIP are the last best hope for Britain.,1,Support,C,0,1,0,
964,"I don't think most people realise the benefits of free trade at all, and UKIP capitalise on peoples ignorance of the benefits of free trade as much as they can.","Speaking ahead of the party's annual conference, he said UKIP would become the third force in British politics and top the poll at the European elections in 2014.",0,Attack,C,0,0,1,
296,If UKIP are wise they will alter their attitude about the NHS and public services in general.,"Many hospitals are overburdened with long waiting times and do not want to act as immigration officials while the NHS is already buckling under the weight of administration, Tim Aker, the head of the party's policy unit said.",0,Attack,C,0,1,0,
1076,"I would say it's the anti-ukip brigade who have no substance to their argument (or facts), they simply shout ""racist"" with nothing to substantiate this slur, or become crude and insulting.",And ex-Labour Martin Salter said he is glad to he left Parliament and is happy with his new job working with the Angling Trust.,2,No Relation,C,0,0,1,
3458,perhaps you should go get a bit of education on the subject bud embalming is not fossilization nor are they comparable,the egyptians were trying to preserve the bodies and under the best of circumstances look how they deteriorate now ask yourself this genius how long does it take for a bone to fossilize and does a fossilized bone become immune to the elements and deterioration over millions of years when even steel corrodes from the alkali in the earth,0,Attack,C,0,1,0,
1658,"Much of UKIP's meteoric rise has to do with political correctness, and the fact that ordinary people are sick of it.",I believe that what UKIP is doing is vital for this country.,1,Support,C,0,1,0,
3572,concepts do not come from somewhere they are not physical entities and do not have physical properties such as locations beginnings or ends they do not require a creator physical the universe or imaginary god,this is my thinking exactly,1,Support,C,0,1,0,
1330,UKIP are not a single issue party anymore; UK Sovereignty is the crux of their party political platform but they've certainly expanded from that singular issue in recent years.,"And when asked if he could see the MEP appearing in UKIP election leaflets for next year's European elections, Mr Farage replied no.",2,No Relation,C,0,0,1,
2899,i am not welcome at ucd a site which takes pride in ignorance over arguments,i am not welcome at ucd a site which takes pride in ignorance over arguments,0,Attack,C,0,1,0,
2731,tji agree with you though that darwinism does not automatically lead a person to atheism,tji agree with you though that darwinism does not automatically lead a person to atheism,1,Support,C,0,1,0,
1942,It is because of UKIP that we are finally discussing the European question and about immigration and thank goodness for that.,"We're not going to do a pact with UKIP anymore than I'm going to do a pact with the Lib Dems and go into the next election with them, said Mr Shapps.",2,No Relation,C,1,0,0,
2572,but we are not arguing that it is wrong,the theory of   intelligent design   holds that certain features of the universe and of living things are best explained by an intelligent causefine,0,Attack,C,0,0,1,
720,"Any of the ""working class"" who believe UKIP will represent them have not read a UKIP manifesto!",UKIP says it is campaigning on a pro democracy message - aiming to rejuvenate local politics.,0,Attack,C,0,1,0,
309,"In UKIP, we have a new political force which looks likely to poll very well in a national election.","Mr Miliband has said there must be no no-go areas for his party and it must make inroads in the south of England, where it won a swathe of seats in 1997 and 2001, if it is to return to government.",2,No Relation,C,0,0,1,
52,"UKIP are a fairly right wing group as I'm sure will become clear when they actually produce some policies other than the ""its all the eu's"" fault.","UKIP are probably a flash in the pan and they are a protest vote for disaffected voters who think Tories aren't right wing enough, Green activist Andrew Murray tells me.",1,Support,C,0,1,0,
3609,is not it amazing how quickly creationists will accept natural selection and superfast evolution when it supports their beliefs,another of my favorites is how they loudly criticize radiometric dating most commonly radiocarbon dating because they know no other kind then shout from the rooftops that radiometric dating confirms the genuineness of two tousand year old manuscripts,1,Support,C,0,1,0,
3626,that is the opinion i hold that ccws should not be required but this thread assumes that ccws are required,that is why i voted as i did as well ideally i would prefer the none required policy,1,Support,C,0,1,0,
200,I think it's far too simplistic to argue all UKIP supporters are racist - there is a real groundswell against the political establishment which over the past 20 years or so has started to converge in terms of image and policies.,"I am not going to sell this party short over any political deal, there is absolutely no way on earth I would do that, he told activists.",2,No Relation,C,0,1,0,
3028,obviously you havent done much reading on the aig website,first of all you are sriritualy diserned from understanding until god moves upon your heart mind  core being,0,Attack,C,0,0,1,
2778,joe gthe only way to label intelligent design religious is to change the definition of religion,as you have been told already what phil says is irrelevant to id,0,Attack,C,0,1,0,
2721,tjthe government report on the issue validates the charges against the smithsonian institute, lets see would these titles copied from the table of contents of the house of representatives report entitled intolerance and the politicization of science at the smithsonian back up you or me  ,0,Attack,C,1,0,0,
3257,the list practically goes on,evolution has more supporting details than the theory of intelligent design,1,Support,C,0,0,1,
1607,UKIP are the only party willing to have a sensible open debate on the key issues affecting the country. ,"In many, many cases, women make different choices in life to the ones that men make simply for biological reasons, he said.",2,No Relation,C,0,0,1,
2383,first of all the bible is not a   science   book,science can never conclusively prove that there is no god unless proof of another   god   is somehow found,0,Attack,C,0,1,0,
1473,UKIP is a vessel through which a protest is being delivered. ,"And at by elections voters are not choosing a government - they can shout loudly and protest, safe in the knowledge that it won't change the person who lives in Downing Street.",2,No Relation,C,0,1,0,
3877,We should use torture to obtain information from suspected terrorists,Introducing the use of violence into the justice system means that liberties that have taken centuries to secure are lost,0,Attack,C,1,0,0,
1613,"In UKIP, we have a new political force which looks likely to poll very well in a national election on thursday.","More people were considering voting for UKIP at a general election than ever before, he suggested, and this current poll surge was different from previous spikes in support which were linked to European elections.",1,Support,C,0,1,0,
254,"If UKIP have a good general election and manage to take a few seats then that can only benefit Labour, because all of the seats that UKIP can possibly, conceivably win - well they are all Tory seats.","I have absolutely no sympathy for the rent-a-mob protesters, the Swampies and the Occupy Movement and the anti-capitalists and eco-freaks who have sought to hijack the Balcombe protest, he said to cheers from supporters.",2,No Relation,C,0,0,1,
85,"The Green Party stands out as different, UKIP are just another bunch of neo-cons, although further out to the right.",He rejected a suggestion from Conservative Defence Secretary Philip Hammond that the defence budget should be protected and more cuts made to welfare.,2,No Relation,C,0,0,1,
2850,the following statement by the employee of ncse is the exact form of inference to the best explanation that id scientists use to demonstrate that there is intelligence behind life,idnetthe following statement by the employee of ncse is the exact form of inference to the best explanation that id scientists use to demonstrate that there is intelligence behind life,0,Attack,C,0,1,0,
689,The only reason we are even having a sensible debate about Europe are UKIP.,"Isolating Britain and damaging Britain's reputation is not the right history to write, he said.",0,Attack,C,0,0,1,
2578,the actual limitations that creationists try to bring to light are nonsense,from a review of explore evolutioncounterclaims follow that seek to undermine the earlier conclusions including the circular reasoning of the molecular clock the potential fabrications of haeckels ontogeny recapitulates phylogeny how differing family trees are created via anatomical and molecular patterns of relationships and the meaning of gaps in fossil evidence,0,Attack,C,0,1,0,
2234,UKIP actually wants to repeal the Human Rights act which is in place to guarantee basic human rights and would be disastrous if they ever were successful with this.,"It is essential that parties should be defined in such a way that a party like UKIP, which obtained nearly a million votes in the last general election, and which came second, beating both Labour and the LibDems in the European election in 2009, should be included.",2,No Relation,C,1,0,0,
2710,if id is bait and switch then so is   evolution   considering that its proponents tend to sell it off starting with the least extreme definition and just move on up from there  httpintelligentdesign,in science testing a hypothesis or theory means deriving predictions from them,1,Support,C,0,0,1,
193,"I and many others will be voting UKIP not because of a handful of people that have said stupid things, it will be because I identify and agree with their overarching principles.","I think that it's a misjudgement frankly to equate the leadership of a party which is part of government with a protest group, particularly a protest group which frankly is more about immigration than it is about Europe.",0,Attack,C,0,1,0,
2093,UKIP want to get us out of the EU to make the British people much worse off then they already are.,Mr Crowther said the phrase should not have been used and was lazy and old-fashioned.,2,No Relation,C,0,0,1,
1178,"UKIP are a fairly right wing group as I'm sure will become clear when they actually produce some policies other than the ""its all the eu's"" fault.",Lord Pearson argued that this strain (of Islam) is not the province of a few extremists.,2,No Relation,C,0,0,1,
3498,i enjoy written debates very much and i am trying to show how evolution can establish atheism in the us government,and you have been failing miserably partly because your definition of atheism is asinine,0,Attack,C,1,0,0,
3630,sometimes the state of the education system in the usa makes me cry,sometimes the state of the public education system in the us is downright criminally neglectful,1,Support,C,0,1,0,
1246,If there are enough Ukip votes it should frighten all the parties sufficiently to make them realise they can't just ignore the electorate.,What they are interested in is the effect of those treaties on their lives.,2,No Relation,C,1,0,0,
402,I'm no fan of UKIP but well done to them for initiating a much needed shake up of British politics.,I have got an open mind and there is still two-and-a-half years to go before we have to really think about it.,2,No Relation,C,0,0,1,
3406, i dont attempt to defend either intelligent design or creationism, b tr  tr valigntop ,1,Support,C,0,0,1,
3457,if you think we can not rise up against tyranny then you must support dictatorship,your twisted logic strikes again i realise that if a group of you were to take your guns and rise up against the current administration you would all be labelled terrorists this is not evidence that i support the current regime how you could twist it to seem so is beyond me,0,Attack,C,1,0,0,
235,The people and media that are criticising UKIP are highlighting the genuine concerns about UKIP and their policies towards immigrants.,"We've got a lot of work to do on that, and to build up our stronger areas, but who's to say that in 2015 UKIP may well be needed in a coalition?",2,No Relation,C,0,1,0,
243,It is because of UKIP that we are finally discussing the European question and about immigration and thank goodness for that.,The anti-EU party also came second in the last European elections in 2009.,1,Support,C,0,1,0,
1399,"If you think that the Tories are nasty, heaven help us if UKIP get in because they would be nastier, more cruel, and more bigoted.","The penny is beginning to drop with the British people and British businesses that we are no longer a self-governing nation, and UKIP are here to remedy this.",0,Attack,C,1,0,0,
3631,it is my understanding that the rules are if you are banned you can not simply create a new id and return under it this happened when terral was banned and returned using a new id,oh thanks for pointing that out i did not recall reading that rule but it certainly makes sense,1,Support,C,0,1,0,
1027,UKIP are in no way a single issue party and if Labour or the Conservatives were to give us a referendum UKIP would still have a full manifesto that would attract many voters.,"He spoke later against those who offer easy answers where there are none, such as those who offer the comfort blanket of British destiny - as though we'll always just muddle through.",2,No Relation,C,0,0,1,
2472,should we just reject the bigbang as being unscientific since it would require a supernatural cause according to the nd premise you list is the best you can really come up with is who designed the designer,why would consideration of the designer necessarily introduce religious discussions about theological questions clearly it is because his concept of the designer is a supernatural onewhich was exactly what i was arguing,1,Support,C,0,1,0,
2284, allowing creationism in schools would violate the separation of church and state a separation of church and state necessitates that public schools not be a forum for upholding the validity or truth of certain faiths,evolution has no implications for morality it describes what has happened making no judgement about whether what has happened is good nonreligious ethicists are perfectly capable of making moral judgements and they regularly do so,1,Support,C,0,0,1,
3815,We should grant politicians immunity from prosecution,Immunity for politicians hurts the image of their office,0,Attack,C,1,0,0,
3530,you did not ask for a quote which says we should ban guns and you posed the question to anti gunners you did not ask for anti gun comments,so if you quoted ted kennedy when he said to his wife in an event that was not even publicized good morning sweetie that would be an answer,0,Attack,C,0,0,1,
1223,"The momentum is definitely with UKIP at the moment, hopefully that will continue with the up and coming by-elections.","Mr Farage shared a platform with John Howard, the former Australian prime minister, before an audience of 1,000 people at a conference run by Mr Manning's political foundation.",2,No Relation,C,0,0,1,
90,"UKIP are a two trick pony, Europe and immigration that's it.","UKIP is branching out on its policy focus, currently focusing its local election campaign on fat cat executives who are currently directing cuts at vital front line services while protecting trendy non-jobs.",0,Attack,C,1,0,0,
1340,"If UKIP do hold the balance of power and get into government, their only condition will be an in/out EU referendum.","I think there is an argument that, in tight times, we could go down from four to three submarines, but I think we need to maintain the independent nuclear deterrent.",2,No Relation,C,0,0,1,
205,The success Ukip had in the european elections will be sufficient to galvanise one or preferably all the other parties to rid us of the EU's political influence.,But faith minister Baroness Warsi said Lord Pearson was either ignorant or attempting to distort views of Islam.,2,No Relation,C,0,0,1,
3708,i believe he overused the hero type of comic movies,i totally agree but do you not think that this is a characteristic that distinguishes all of tarantinos characters the exaggerated behavior,1,Support,C,0,1,0,
2938,if it is then only a malicious god would tell it out of order use terms we cannot understand or have other traps while holding us to its words,the order of events in genesis i agree with   science  ,1,Support,C,0,0,1,
2633,as a final blow to the discovery institutes attempts to get intelligent design into the catholic door the church announced an evolution congress which failed to invited creationists and intelligent design   httpwww,for years now the intelligent design proponents and the discovery institute have been working the catholic angle getting some of its cardinals into trouble,1,Support,C,0,1,0,
2849,take your time id rather have you think about it digest it and respond than give a hasty response which would not help us resolve these issues,the following statement by the employee of ncse is the exact form of inference to the best explanation that id scientists use to demonstrate that there is intelligence behind life,0,Attack,C,0,0,1,
2403,and i was just the reverse,i find much more animosity spouted by the atheist,0,Attack,C,0,1,0,
1859,"I don't necessarily think Nigel Farage is worthy of PM, I think they need a new leader.","So constraining solar and onshore makes good value for money sense, it lets us move quicker than expected to market forces, and enables us to ensure that the one renewable technology that can go to scale in the 2020s - offshore wind - gets the early support that an immature technology needs.",2,No Relation,C,0,0,1,
1183,"The momentum is with UKIP; Labour, Conservative and Liberal areas are all now vulnerable to them. ","He claimed UKIP could top the polls in the 2014 European elections if it could could take 27% of the vote, and recalled it has risen from third to second in last euro elections.",1,Support,C,0,1,0,
2744,schen,first thanks for the reply,0,Attack,C,0,0,1,
1481,"Arguably, UKIP & co. aspire to destroy the culture created in Europe after WWII, which has been based on openness, free travel, migration and cross-geographic access to goods and labour markets.",You all think euroscepticism is a right-wing view - it is not.,0,Attack,C,1,0,0,
3466,and do you not get a kick out of sp calling herself a rational christian as she blasphemes god and attempts to disprove him in every post,actually he does not believe in a liar god like you so really its you who is the blasphemer and he is a christian you are a biblist,0,Attack,C,1,0,0,
1145,"UKIP are just another bunch of freeloaders, using peoples fears and prejudice to gain votes so that they can get their snouts into the trough.","The Conservatives failed here because traditional Tory voters look at Cameron and they ask themselves 'Is he a Conservative?' and they conclude 'No, he's not'.",2,No Relation,C,0,0,1,
566,Beyond leaving the EU and migration what ukip have no policies!,"And, alongside that central desire to get out of the European Union, the party is now pushing a broader range of ideas, from being anti-gay marriage to pro-grammar school.",0,Attack,C,1,0,0,
3823,European Parliament elections should involve only one voting district all of Europe and not separate country seats,It punishes apathy,0,Attack,C,0,0,1,
1532,"The ratio of nutters in UKIP is far higher than in other parties, especially so since they seem determined to take all the Tories' fruitcakes off them.","He also suggested that his party might get its first seats in the UK Parliament at the general election in 2015, and argued it was not just taking votes from the right wing of British politics.",2,No Relation,C,1,0,0,
2010,"I suspect the main reason a new Left party hasn't emerged with similar prominence to UKIP is because UK politics has, like that in the USA, become the plaything of the wealthy.","He said it was proof that UKIP is no longer just a protest party and is broadening its appeal across the country, not just the south of England.",2,No Relation,C,0,0,1,
2298,attempts to teach the creationismevolution controversy to students are disingenuous promotions of activist christians,teaching creationism is comparable to teaching flat earthism,1,Support,C,0,1,0,
1885,"I think Farage makes a much better leader than any of the other parties, he's full of enthusiasm and is not a PR man like the current leaders of the 3 main parties.",But the peer said the choice for British voters at a general election was between David Cameron and Ed Miliband as prime minister.,0,Attack,C,1,0,0,
3645,i think ps is better,on the xbox the graphics and controls are way better could not disagree more,0,Attack,C,1,0,0,
3363, the simplest way to prove it is this, i am a christian and i do believe in evolution because there are quite an amount of amazing proofs for it,1,Support,C,1,0,0,
1953,"UKIP's position is not reasonable, but racists and proto-fascist, considering they have nothing to say about the finance capital bombing of the economy, but to put all the blame for Europe's woes onto immigration.","There needs to be a clearer narrative on immigration, stressing not only the need to restrict numbers, but also to determine which individuals, with what skills, enter our country, he said.",0,Attack,C,0,0,1,
118,"Labour should be running scared of UKIP, now the working class are starting to realise that Labour is for middle class socialists and the public sector.",If you accept defectors from the Conservative Party you will always have embarrassments.,2,No Relation,C,0,0,1,
3589,unfortunately it is funny because its true,oh boy you said it,1,Support,C,0,1,0,
2131,"Europe is no longer fit for purpose and we'd do better to be out than in, plus save a whole load of cash.",The Lib Dem leader also argued that being in the EU meant that we keep ourselves safer because we can go after cross-border crime and terrorism and that we can look after the environment in a way which we can't on our own.,0,Attack,C,1,0,0,
315,"If UKIP don't like being smeared, then they need to stop smearing, stigmatising, and fear mongering about others.",This time they managed 17.9% of the vote.,2,No Relation,C,0,0,1,
252,"The sooner we are out of the EU, the sooner we can start making this country great again.","If they perform in May's European Parliament elections anywhere near as well as is widely predicted, that will begin to change.",2,No Relation,C,1,0,0,
2992,if god knew how it would turn out when he created the world the whole thing would be kind of pointless,so god is not omniscient,1,Support,C,0,1,0,
1290,"The greens and ukip provide encouragement for labour and conservatives alike to address some issues people care about, albeit only lip service to retain votes mainly.",The Tories said an application to rejoin them had been rejected.,2,No Relation,C,0,0,1,
2299,teaching creationism is comparable to teaching flat earthism,schools should not teach theories that are completely at odds with each other,1,Support,C,0,1,0,
3436, god is just an imaginary friend for adults, creation is fantasy and you cant prove a fantasy,1,Support,C,0,1,0,
1794,"I don't necessarily think Nigel Farage is worthy of PM, I think they need a new leader.","Oh and if the last few minutes of reading this article has felt like the Nigel Farage Show, he still dominates this political party.",0,Attack,C,1,0,0,
523,"The core of UKIP seem pretty much right wing, so you can expect those polices to be similar to the current conservative ones which will drive the left leaning voters away in droves. ","He debated with journalist and historian Sir Max Hastings who said Britain can't stay in Europe on any terms, but said leaving could mean the UK could find a very tough time out there.",2,No Relation,C,0,0,1,
1631,The Ukip is only an effect of years and years of fake politics and a lot of radical chic talking nonsense through editorials.,"UKIP, which has called for withdrawal from the European Union and greater restrictions on immigration, has seen improved poll ratings this year.",1,Support,C,1,0,0,
3847,The voting age should be lowered to sixteen years,There needs to be a cut off,0,Attack,C,0,0,1,
2325,pvm i am sure that highlander is familiar with the  foundational works of behe and dembski  both rely on the absence of science being  able to explain a particular feature to infer design,highlanderpvm seems unaware randomness and design are mutually exclusive concepts,0,Attack,C,1,0,0,
46,"The sooner we are out of the EU, the sooner we can start making this country great again.","The Conservatives are poised to declare the council elections a test of whether Mr Miliband can win in the south, and to announce that he has failed.",2,No Relation,C,0,0,1,
3774,nuclear energy is the most efficient once all potential hazards are eliminated,zero co emissions and can now be produced much safer than previous generations,1,Support,C,0,1,0,
1277,"The UKIP mainstay vote is in normal working people because they never voted for 4 million immigrants, they never voted for Multiculturalism.","My first impression of Nigel is an unorthodox, happy, cheerful guy - outspoken and humorous, says Spencer, speaking to Radio 4's Profile.",2,No Relation,C,0,0,1,
969,"I think Farage makes a much better leader than any of the other parties, he's full of enthusiasm and is not a PR man like the current leaders of the 3 main parties.",Mention Farage and the facial expression you're met with is one of crumpled disgust.,0,Attack,C,1,0,0,
2487,if theres something on    evolution    news its irrelevant to intelligent design andor distorted beyond all scientific recognition,if theres something on    evolution   news its irrelevant to intelligent design andor distorted beyond all scientific recognition,0,Attack,C,0,1,0,
1141,"UKIP are just another bunch of freeloaders, using peoples fears and prejudice to gain votes so that they can get their snouts into the trough.","Huhne, who had held the seat since 2005, quit the Commons after pleading guilty to perverting the course of justice.",2,No Relation,C,0,0,1,
505,"If UKIP do hold the balance of power and get into government, their only condition will be an in/out EU referendum.","The Department of Health has said the cost of treating foreigners is at least Â£30m a year for the NHS in England alone, although practitioners have said the figure could be much higher.",2,No Relation,C,0,0,1,
1744,"UKIP will lead the UK to independence from the oppressive EU, which is the only chance Britain has at restoring its former glory.","UKIP defied the odds again at last year's European elections, beating Labour into third place, much to the dismay of those, on the left and right, who had written the party off as a busted flush.",1,Support,C,0,1,0,
394,UKIP are asking the questions that haven't been asked by the opposition or the media.,But the PM has previously described the eurosceptic UKIP as containing loonies and closet racists.,0,Attack,C,1,0,0,
3737,this website has so much potential all it needs is a bit of advertising and when the word is spread and maybe you have made an app then it will become popular,i agree with a few functionality improvements it can be one of the best available debating websites,1,Support,C,0,1,0,
1315,Should ukip get into government it would be fair to assume that we'll see a whole raft of right-wing policies as actual government policy.,"Asked what he would do if the British people voted to remain in the EU, Mr Farage joked that he would have to get a proper job.",2,No Relation,C,0,1,0,
907,"Labour should be running scared of UKIP, now the working class are starting to realise that Labour is for middle class socialists and the public sector.",The latest debate over a vote was prompted by David Cameron penning a Daily Telegraph article.,2,No Relation,C,0,0,1,
1233,"UKIP are just another bunch of freeloaders, using peoples fears and prejudice to gain votes so that they can get their snouts into the trough.","I think UKIP is a party that is really on the up, now that we have got the positive bit between our teeth, we are really going to go places.",0,Attack,C,1,0,0,
3777,app based to do list is the way to go you can synchronise your lists on all your devices and have them everywhere you go ,i agree additionally mind maps can serve as a to do list and it might be hard to create and update it on paper,1,Support,C,0,1,0,
3019, do you read books other than those produced by humanists just askingi am not a biblical scholar so i had to look for this but according to the catholic encyclopedia article on the canon of the new testament the idea of a complete and clearcut canon of the new testament existing from the beginning that is from apostolic times has no foundation in history,andrew holt heres my take on your question,0,Attack,C,0,0,1,
189,Many racists and especially xenophobes find the UKIP message appealing.,"UKIP said Bhutto, 35, had recently resigned his party membership.",2,No Relation,C,0,0,1,
1638,"I think Farage makes a much better leader than any of the other parties, he's full of enthusiasm and is not a PR man like the current leaders of the 3 main parties.","Mr Campbell Bannerman, one of UKIP's 12 MEPs in the European Parliament and deputy leader, lost out to Nigel Farage in a leadership contest in November.",2,No Relation,C,0,0,1,
392,"There's an election next month, UKIP are campaigning on the streets right now, and candidate upon candidate keeps churning out ridiculous (often racist, sexist or homophobic) views.","Reacting to the result, Mr Clegg said there had been an abysmally low turnout and all the parties had been left to pick up the pieces.",2,No Relation,C,0,0,1,
2199,"Ukip is the only party advocating withdrawal from the failing EU, a sensible idea for a lot of people!",The Lib Dem leader also argued that being in the EU meant that we keep ourselves safer because we can go after cross-border crime and terrorism and that we can look after the environment in a way which we can't on our own.,0,Attack,C,1,0,0,
2751, we focus only on the constitutional aspects to this issue,lets just cut to the chase id does not perform any empirical and statistical verifications at best they could perform statistical falsifications of a particular scientific hypothesis but even the simplest hypotheses are not easily captured in statistics and thus id has found that most examples of supposedly designed systems cannot really be tested using id methodology,0,Attack,C,0,0,1,
3316, the one that suits its current environment surveys and grow up to breed, evolution is an embarrassment to science,0,Attack,C,1,0,0,
121,"If UKIP do hold the balance of power and get into government, their only condition will be an in/out EU referendum.",But I am confident that at the general election we can win those people back by demonstrating that we are delivering for everyone who wants to work hard and wants to get on.,2,No Relation,C,1,0,0,
1004,If anyone seriously thinks that UKIP will offer some kind of answer to our current problems then I think that they are going to be sadly disappointed.,"Prime Minister David Cameron has promised, if the Conservatives win the 2015 general election, to hold an in/out referendum on the UK's EU membership by the end of 2017.",2,No Relation,C,0,0,1,
1665,It is because of UKIP that we are finally discussing the European question and about immigration and thank goodness for that.,Labour accused the PM of trying to ditch the TV debates simply because he is too scared to defend his record.,2,No Relation,C,0,0,1,
564,"If you think that the Tories are nasty, heaven help us if UKIP get in because they would be nastier, more cruel, and more bigoted.","And there's quite a lot of them, he added.",2,No Relation,C,0,1,0,
109,"Arguably, UKIP & co. aspire to destroy the culture created in Europe after WWII, which has been based on openness, free travel, migration and cross-geographic access to goods and labour markets.","Liberal Democrat Tim Farron said the result for his party, which held on to the seat despite a drop in its vote share, showed that Lib Dem fortresses are firm.",2,No Relation,C,0,0,1,
3739,no joined is the date a user registered to the website and visited is the date of his or her last visit do you think the names are not clear,yes they are for some reason they used to be the same for a few days it is ok now,1,Support,C,0,1,0,
4046,i turned this movie off halfway through because i was bored out of my skull then i come here and its got a high rating granted its got a good storyline good acting nice cinematography but somehow still managed to bore me to tears,im with you on this one brian both my husband and i sat there tempted to turn it off though there was nothing better on at the time so we sat it out,1,Support,C,0,1,0,
2035,"Even a UKIP European candidate, Janice Atkinson, another ex-Tory, admits leaving the EU would be problematic.","The opposition can oppose the writ when it is moved but if they were to succeed in voting it down, it would not be moved again this session - leaving the constituency without an MP for more than a year.",2,No Relation,C,0,0,1,
1282,It's a protest vote because (most) people know that UKIP will never net in power.,"We started with TV debates that were easy to agree, because they were quite controlled, Mr Cameron said.",2,No Relation,C,0,0,1,
1770,UKIP are the only party willing to have a sensible open debate on the key issues affecting the country. ,"Conservative party vice chairman Michael Fabricant said the party had struggled to present a distinctive message during the Eastleigh election, saying UKIP had managed to connect with traditional blue-collar Tory voters on issues such as crime and immigration in a way the Conservatives had not.",1,Support,C,0,1,0,
2977,the point of the debate is to set up a straw man that the world was created in six days that antichristians can knock down,then why does this argument always seem to come from the creationists  aig was not founded and is not funded by the scientific community,1,Support,C,0,1,0,
1499,"UKIP are a two trick pony, Europe and immigration that's it.","Its centre-right President Jose Manuel Barroso says he has cut 5,000 regulations in recent years.",2,No Relation,C,0,0,1,
1036,I would hazard that it’s UKIP’s appeal to tradition and “British values” that appeals – it’s a cosy reimagining of a glorious past and taps into the Little England mentality of a large swathe of tory supporters.,Former prime minister Gordon Brown told the Labour Party conference in 2007 that the government would be drawing on the talents of all to create British jobs for British workers.,2,No Relation,C,0,0,1,
2236,"I think Farage makes a much better leader than any of the other parties, he's full of enthusiasm and is not a PR man like the current leaders of the 3 main parties.","However, the public needed greater certainty that a referendum would happen, she added.",2,No Relation,C,0,0,1,
987,"The sooner we are out of the EU, the sooner we can start making this country great again.",And that is because we are talking about issues that the other parties would like to brush under the carpet.,2,No Relation,C,0,1,0,
1500,"UKIPs main issue has always been the EU, immigration has just been the bit that highlights what a failure the project has been.","UKIP's local election manifesto, concentrates on its flagship policy of ending open door immigration and putting pressure on the government not to lift restrictions on workers from Bulgaria and Romania on 1 January, which proved a successful formula in Eastleigh.",1,Support,C,0,1,0,
2941,how can anyone believe that the human race began with just one pair adam and eve and refuse to face the logical consequence that the human race would have to have with brothersister incest  if god wanted to start the human race with just one pair of biological ancestors then he must have ordained incestuous marriage for at least the first generation of humans,actually i meant to say that if adam and eves children had to practice incest in order to go forth and multiply then it meant that god ordained it,1,Support,C,0,1,0,
2399,id has no merit except as a religious idea,what i desire to beleive is totally irrelevant,1,Support,C,0,0,1,
321,UKIP are blatantly disregarding the possibility of man made climate change.,And he dismissed wind power and other renewables as playground technology.,1,Support,C,0,1,0,
1676,UKIP are the only party willing to have a sensible open debate on the key issues affecting the country. ,The group suggest that within five years UKIP will have more members than the Tories at the current rate of attrition.,1,Support,C,0,0,1,
899,The current smear strategy against UKIP is not pulling people back but pushing them towards UKIP and if this carries on then things are going to be a lot tighter by the time the general election comes.,He later joined UKIP and acted as its Commonwealth spokesman in 2013 but quit the party in December.,2,No Relation,C,0,0,1,
115,"I think Farage makes a much better leader than any of the other parties, he's full of enthusiasm and is not a PR man like the current leaders of the 3 main parties.",Nigel Farage seems to be on remarably good form these days.,1,Support,C,0,1,0,
3488,in the latter case that is because more fornicators are shacking up rather than getting married which is why there is fewer divorces if a state allows gay marriages their spirituality is in the toilet,good the less moronic spirituality in each state the better lets move out of the dark ages as fast as we can,0,Attack,C,0,1,0,
901,"UKIP are an independent party and have shown that their appeal is broad, making big dents in staunchly Labour voting areas as well as the recent bi-election successes.","I believe I can lead the party from the front as a campaigning organisation, he said.",2,No Relation,C,0,0,1,
984,"The sooner we are out of the EU, the sooner we can start making this country great again.","He also rejected calls by UKIP leader Nigel Farage to be allowed to take part, saying they should be restricted to potential future prime ministers.",2,No Relation,C,0,0,1,
2581,i agree  one of the main purposes of science is to discover truth or should be anyway,seems to me like dawkins and weinberg were claiming that there is no evidence for design at least according to richards,0,Attack,C,0,0,1,
2980,there are two possibilities about the origin of the universe it blinked into existence,read genesis chapter ,0,Attack,C,1,0,0,
3350, you dont need to believe in evolution you just need to understand it, you shouldnt just blindly repeat things you hear,1,Support,C,0,1,0,
2459,perhaps the author can explain why of all of the thousands of researchers in geology biology particularly evolutionary biologists and paleontology,the problem with your argument is that it simply depends on a certain kind of fossil not being found and you have been repeatedly proven wrong over the last  or  decades when such a fossil is found,1,Support,C,1,0,0,
724,People are not voting for UKIP because of immigration propaganda but because of their direct experience of immigration.,"It is doing the country serious damage because there are large numbers of potential investors in the UK who would bring employment here, who are being warned off because of the uncertainty all of this is creating.",0,Attack,C,0,0,1,
889,"Any of the ""working class"" who believe UKIP will represent them have not read a UKIP manifesto!",The party's leader Nigel Farage has promised to cause a political earthquake at next year's polls after a strong showing in local elections.,0,Attack,C,0,1,0,
445,"UKIP are an independent party and have shown that their appeal is broad, making big dents in staunchly Labour voting areas as well as the recent bi-election successes.",David Cameron has pledged to hold a referendum on Europe in 2017 if the Conservatives win the next election.,2,No Relation,C,0,0,1,
3710,no it did not a lot of bits were too far fetched and the whole story was very americanized,it was indeed a bit tacky at times,1,Support,C,0,1,0,
116,"If UKIP have a good general election and manage to take a few seats then that can only benefit Labour, because all of the seats that UKIP can possibly, conceivably win - well they are all Tory seats.","The United Kingdom Independence Party (UKIP) is now a significant contributory factor in costing the Conservative Party victories in marginal seats, his report says.",1,Support,C,1,0,0,
2536,the physical reality to which behe so proudly points is a stylized cartoon of reality,design is recognized in the purposeful arrangement of parts storms  tornadoes hurricanes etc,1,Support,C,0,0,1,
2117,"If we leave the EU we will save billions of pounds which can then be invested in our ailing national infrastructure, notably the NHS.",The committee said the EU had helped to transform Europe from a continent of war to a continent of peace.,0,Attack,C,1,0,0,
3368, theres really no way yet to prove it but the precedence of the evolution of all other species including our own has led to a conclusion that we most likely came from something else, as far as evolution god and the creation of man is concerned maybe evolution is an explanation of how and not why,1,Support,C,0,1,0,
3961,this was just an amateurish hodgepodge of the departed the town and we own the night and sopranos,completely agree swing and a miss on this one kept waiting for something to happen maybe i wasnt in the right mood for it but it just didnt deliver at all more limp than month old lettuce,1,Support,C,0,1,0,
1164,It's a protest vote because (most) people know that UKIP will never net in power.,So I am very honoured to have been appointed Treasurer and I shall do my very best in both helping to raise money for the party and in the management of its financial affairs under Nigel Farage as leader and Steve Crowther as executive chairman.,2,No Relation,C,0,0,1,
1462,It is more likely that Tory voters would vote tactically for UKIP to keep Labour out and that means Labour are at a real disadvantage. ,"The BBC's projected national share of the vote put Labour in the lead with 29% of the vote and the Conservatives in second place with 25%, UKIP in third place with 23% of votes and the Lib Dems fourth with 14%.",2,No Relation,C,1,0,0,
706,The hate campaign against Eastern Europeans that was and is run by UKIP legitimises anything said against them.,UKIP simply want to stop an unrestricted flow of a very large number of unskilled people coming into Britain at a time when we have a million young unemployed people.,0,Attack,C,0,0,1,
112,UKIP are not rabid racist and not another incarnation of the BNP.,"Labour's biggest single donation was Â£649,092 from the GMB union.",2,No Relation,C,0,0,1,
663,"On voting day, this week the vast majority of the British public will not vote for UKIP.",The Liberal Democrat - and former Conservative - MEP Edward McMillan-Scott said it was in Britain's interest for David Cameron to deal with his party's UKIP tendency.,2,No Relation,C,0,0,1,
3049,the absence of a creator is not an assumption of the sciences,the notion that science assumes that theirsic is no creator and then prove it is plainly ridiculous,1,Support,C,1,0,0,
93,Many racists and especially xenophobes find the UKIP message appealing.,"Illsley - who quit as an MP in January - held Barnsley Central with a majority of just over 11,000 in last year's general election and 47% of the vote, with the Liberal Democrats in second place.",2,No Relation,C,0,0,1,
735,"I agree with UKIP on the EU, but the rest of their policies are dangerous right wing bile.","UK Independence Party leader Nigel Farage has launched his party's local election manifesto, saying he expects a big increase in its vote.",0,Attack,C,0,0,1,
2213,"I voted Tory for 30 years and started supporting UKIP because I want a sovereign, democratic , well governed Britain with Britain put first and its getting clearer by the day that the old Liblabcon parties will not do that.","If, on the other hand, others would not accede to our requests for a rebalancing in the light of the response to the euro crisis, then we would recommend rejection and potential departure from the EU.",2,No Relation,C,0,1,0,
563,UKIP are in no way a single issue party and if Labour or the Conservatives were to give us a referendum UKIP would still have a full manifesto that would attract many voters.,"Mr Farage said he would instead run for a seat in the Commons - specifically the seat of Commons Speaker John Bercow, which, by convention, other major parties do not fight.",2,No Relation,C,0,0,1,
1866,UKIP seems overwhelmingly to be staffed by racists who want to keep people not born in this country outside this country.,Downing Street said the prime minister's views about Europe were clear and he believed it was important the public had the evidence and analysis to consider the question of the UK's membership.,2,No Relation,C,0,0,1,
2084,It is because of UKIP that we are finally discussing the European question and about immigration and thank goodness for that.,"UKIP had increased its vote by 50% in the general election and had many exciting plans for the future, he said, but it was time for a younger leader to show how liberating and enriching life would be outside the EU, saying he was confident one would emerge.",1,Support,C,0,1,0,
581,"The People's Army is on the march and UKIP will get Britain back from the Liblabcon, Establishment and MSM political abusers of our country.","UKIP, which campaigns for the UK to leave the European Union, said numbers had increased by more than 13,000 to about 32,500 in 2013.",1,Support,C,0,1,0,
82,The success Ukip had in the european elections will be sufficient to galvanise one or preferably all the other parties to rid us of the EU's political influence.,"Thirdly the party wants to introduce binding local referendums on issues of particular local concern, such as controversial planning decisions.",2,No Relation,C,0,1,0,
639,I think it's far too simplistic to argue all UKIP supporters are racist - there is a real groundswell against the political establishment which over the past 20 years or so has started to converge in terms of image and policies.,"The UKIP candidate Richard Elvin came second with 5,988 votes, marking an impressive result for the party.",1,Support,C,0,1,0,
2745,first thanks for the reply,schenfinally to claim that id has no secular purposes that are not shams is quite a claim to make,0,Attack,C,0,0,1,
3004,this is so because it has been proven,at their very foundation theorems are based on a set of assumptions known as axioms,1,Support,C,0,1,0,
598,"I don't see UKIP as being far right, they're just further right than the rest who have congregated arund the middle ground.","Labour got 14,724 votes in the by-election, extending their majority slightly to 11,771, but the turnout fell to 36.5%, compared with 56.4% at the last general election.",2,No Relation,C,0,0,1,
467,"The country faces more than two big issues, which is where Ukip come apart at the seams in an incoherent bunch of right wing horse shit from whatever Think Tank came along at the time.","Before joining UKIP in 2004, Mr Campbell Bannerman was a Conservative activist and former special adviser to the Conservative Northern Ireland Secretary Sir Patrick Mayhew.",2,No Relation,C,0,0,1,
3640,indeed walking at a fast pace has the same and probably more benefits than jogging,this could not be more far from the truth because running is more intense the general health benefits are higher within reason more pain is more gain,0,Attack,C,1,0,0,
2178,The people and media that are criticising UKIP are highlighting the genuine concerns about UKIP and their policies towards immigrants.,"UKIP, which has called for withdrawal from the European Union and greater restrictions on immigration, has seen improved poll ratings this year.",0,Attack,C,0,1,0,
580,"If you think that the Tories are nasty, heaven help us if UKIP get in because they would be nastier, more cruel, and more bigoted.",Continue reading the main story Nigel Farage talks about his party growing up.,2,No Relation,C,0,0,1,
3398, well maybe there are some mistakes in the theory but as a whole concept is quite right and logical no, of course theyre nonsense,1,Support,C,1,0,0,
2392,id is offered as an explanation for the complexity of life on earth which according to id proponents cannot be explained by random chance and survival of the fittest,on pandasthumb nick matzke whose contributions to dover v kitzmiller were instrumental in the stunning defeat of intelligent design and whose contributions to exposing the fallacies in behes arguments as well as the extent of ignorance of science amongst id proponents has caused much concern amongst id proponents so much that in general they have chosen to pretend in a typical creationist fashion that matzkes arguments do not exist,1,Support,C,1,0,0,
938,"The UKIP party is a populist party at the right end of the spectrum, which exploits people's fears of the foreign and unknown.",The party members were asked about their views on UKIP.,2,No Relation,C,0,0,1,
2105,UKIP are in no way a single issue party and if Labour or the Conservatives were to give us a referendum UKIP would still have a full manifesto that would attract many voters.,"In a wide-ranging interview, Mr Davis also warned about the electoral challenge posed by the UK Independence Party, which campaigns for the UK to leave the European Union.",2,No Relation,C,1,0,0,
2824,where did i say thatit was livvy that originally said it,caseylate last night i posted my final rebuttals to the ncse on opposingviews,1,Support,C,0,0,1,
3263,the flu virus doesnt evolve it mutates,mutation and natural selection are the two driving forces behind evolution,0,Attack,C,0,0,1,
1560,A strong UKIP vote suggests there's a lot of the British public who aren't on board with the current set-up.,"Deputy Prime Minister Nick Clegg, whose Liberal Democrats oppose a referendum, said leaving altogether would make us less safe because we co-operate in the European Union to go after criminal gangs that cross borders.",0,Attack,C,1,0,0,
2930,you have got to be kidding me,there are two and they are fundamentally different,1,Support,C,0,0,1,
1657,"The only people who should be voting for UKIP are Conservatives who believe that the Conservative Party isn't defending the rich enough, or that the Conservative Party isn't denying global warming enough.","UKIP's local election manifesto, concentrates on its flagship policy of ending open door immigration and putting pressure on the government not to lift restrictions on workers from Bulgaria and Romania on 1 January, which proved a successful formula in Eastleigh.",2,No Relation,C,0,1,0,
1632,If there are enough Ukip votes it should frighten all the parties sufficiently to make them realise they can't just ignore the electorate.,"Asked about his party's policy on regulating banks during a BBC interview, he said he had not come on the programme to deal with the minutiae.",2,No Relation,C,0,1,0,
2112,"It feels like UKIP is anti most things and base their politics on this: Anti-aid, Anti-immigrant ‚Äì at times even anti-politics; it is therefore difficult to understand what they actually stand for and want to work towards.",UKIP leader Nigel Farage said any members proven to have extreme right wing views would be expelled.,0,Attack,C,0,0,1,
1905,A strong UKIP vote suggests there's a lot of the British public who aren't on board with the current set-up.,I think Labour will endeavour to manipulate the issue by offering a referendum and that will obviously cause the government to think how it responds.,2,No Relation,C,0,1,0,
3585,i know an atheist who is far more logical than anyone else i have heard to date,well one can not be truly logical and not be an atheist or at least agnostic as any religion simply flys in the face of logic,1,Support,C,0,1,0,
1123,"UKIP are a two trick pony, Europe and immigration that's it.",Lord Mandelson said Ed Miliband and the Labour Party was 'refreshing their thinking' after the breakdown in trust with the general public over the financial crisis.,2,No Relation,C,0,0,1,
386,Support for UKIP simply indicates that people have noticed that the major parties do not represent their interests.,"The Middlesbrough Lib Dem candidate, George Selmer, came third with 1,672 votes, or nearly 10% of the vote.",2,No Relation,C,0,0,1,
2207,"Ukip is the only party advocating withdrawal from the failing EU, a sensible idea for a lot of people!",The Lib Dem leader also argued that being in the EU meant that we keep ourselves safer because we can go after cross-border crime and terrorism and that we can look after the environment in a way which we can't on our own.,0,Attack,C,1,0,0,
174,"If you think that the Tories are nasty, heaven help us if UKIP get in because they would be nastier, more cruel, and more bigoted.","Viscount Monckton, who served as an adviser to the Thatcher government between 1982 and 1986, is a former journalist and is well known as a climate change sceptic.",2,No Relation,C,0,0,1,
869,UKIP are asking the questions that haven't been asked by the opposition or the media.,"Europe had in the last few years become a huge issue due to the euro crisis and the bailouts, and UKIP was the only party addressing this problem head on.",1,Support,C,0,1,0,
318,"The momentum is definitely with UKIP at the moment, hopefully that will continue with the up and coming by-elections.","And for supporters on the right, UKIP can claim to offer the real deal Conservative cordial, rather than what they see as the diluted squash of coalition.",1,Support,C,0,1,0,
998,Only an idiot would think a UKIP win would result in withdrawal from the EU the day after.,But Mr Davis called for this to be held ahead of next year's European elections.,2,No Relation,C,1,0,0,
1889,"The Green Party stands out as different, UKIP are just another bunch of neo-cons, although further out to the right.","Stuart Wheeler has denied being sexist by saying women were nowhere near as good as men at games like chess, bridge and poker.",2,No Relation,C,0,0,1,
416,"The Green Party stands out as different, UKIP are just another bunch of neo-cons, although further out to the right.","In fact, Downing Street have already briefed that David Cameron was actually too busy running the country he said.",2,No Relation,C,0,0,1,
1813,The more the 'mainstream' parties smear and lie about UKIP the more their support rises.,"It is a simple, understandable message, which has led to the party gaining bigger shares of the votes in European elections.",2,No Relation,C,0,1,0,
2655,paulunfortunately a review of the entire corpus of actual scientific journal articles reveals an inconvenient truth the socalled empirical scientific truths of intelligent design creationism seem to be entirely missing,to sneer at aynrandinstitute and ayn rands philosophy is to fail to address the growing primary reason why people are deciding god is not an explanation of anything,1,Support,C,1,0,0,
2473,why would consideration of the designer necessarily introduce religious discussions about theological questions clearly it is because his concept of the designer is a supernatural onewhich was exactly what i was arguing,the ayn rand center says id claims that design can be inferred merely from observed complexity specified complexityi,1,Support,C,1,0,0,
824,Labour won't have anything to do with UKIP as they are more right-wing than the Tories. ,"Yes, they will hope they can win more seats in the UK in the European Parliament elections in May than any other party.",2,No Relation,C,0,0,1,
3848,All nations have a right to nuclear weapons,All countries have a right to defend themselves with nuclear weapons even when they lack the capacity in conventional weapons,1,Support,C,0,1,0,
1284,"The momentum is with UKIP; Labour, Conservative and Liberal areas are all now vulnerable to them. ",But Mr Osborne said the party should not countenance deals with any other parties.,2,No Relation,C,1,0,0,
304,The folk who are turning to UKIP are the ones fed up with being told what they can and can't say by the PC brigade.,"For rights reasons, David Cameron's Christmas card is not featured.",2,No Relation,C,0,1,0,
829,"UKIP advocates for the UK leaving the European Union which would be a bad idea – but they are trying to leverage on the british people’s need to belong and pride to be british, which further sparks their anti-foreigner standpoint.",Many of its early backers might have concluded at that point - job done.,2,No Relation,C,0,1,0,
1963,"Arguably, UKIP & co. aspire to destroy the culture created in Europe after WWII, which has been based on openness, free travel, migration and cross-geographic access to goods and labour markets.","I was delighted to cast my vote for [UKIP leader] Nigel Farage's team in Sussex, where I live, said Lynam.",0,Attack,C,1,0,0,
3141,the bible is in fact useless,at the risk of sounding like my mother i dont know what happened to you that caused you to hate christianity so but it is evident that you absolutely hate it,1,Support,C,0,1,0,
1653,"The ratio of nutters in UKIP is far higher than in other parties, especially so since they seem determined to take all the Tories' fruitcakes off them.",Farage admitted the party had not had time to properly vet all of its new recruits and he was forced to suspend a handful of them following newspaper reports of alleged racist comments.,1,Support,C,0,1,0,
693,The only reason we are even having a sensible debate about Europe are UKIP.,"I remember we were in Ypres, it was about 3:00am in the morning, we must have drunk the restaurant completely dry - it was one hell of a session, and I called time.",2,No Relation,C,0,0,1,
1823,UKIP's proposals on membership in the EU and migrants are at best purely demagogic: they do not take into account facts and more general issues.,It comes as William Hague ruled out an electoral pact with UKIP.,2,No Relation,C,0,0,1,
2516,hilarious,but what about your opinion on idid is ridiculously and obviously not   science  ,0,Attack,C,0,0,1,
2827,luskin saysin the title of its first opening statement the ncse charges that id should be rejected because it is a religiously motivated attack on science,the ncse says that    intelligent design    is a religiously motivated attack on science but the ncse does not claim that is why it should be rejected,0,Attack,C,1,0,0,
1083,"I don't think most people realise the benefits of free trade at all, and UKIP capitalise on peoples ignorance of the benefits of free trade as much as they can.","Labour and the Conservatives were panicking, Mr Aker said, as they had not dealt with mass immigration and mass unemployment, whereas UKIP was offering a sensible solution.",0,Attack,C,0,0,1,
2998,i dont care how many times you say it,you cant prove anything using that same thing you have to use evidences outside of that,0,Attack,C,1,0,0,
3217,no but i do call into question the nature of your uncertainty,if what you say is true then nothing at all is scientific fact,0,Attack,C,1,0,0,
3506,so in other words what you are saying is that the pope who just declared that all christian churches apart from the rcc to be false churches,is he anti gay yes so they are all in the same boat and cut from the same hate filled homophobic bigoted christian cloth,0,Attack,C,0,0,1,
3337, i feel the need to distinguish between microevolution and macroevolution, yes i believe the theory of evolution is wrong as there are no scientific facts about that,1,Support,C,1,0,0,
2723,have you read the original emails based on which the conclusions were madeyou do understand the meaning of a congressional report by the majority party dont you,the congressional report comes from the similar sources that have denied the existence or problems of global warming as well,1,Support,C,0,1,0,
790,"Labour should be running scared of UKIP, now the working class are starting to realise that Labour is for middle class socialists and the public sector.",Photographs posted to Bhutto's deleted Facebook account show his active support of the Conservative Party before he joined UKIP.,2,No Relation,C,0,0,1,
2398,as much as i might believe that there is some sort of creator and that a creation occurred you cannot justifiably intermingle science and religion,id has no merit except as a religious idea,1,Support,C,0,1,0,
3482,evolution is the method that god used to create all things,well the point about evolution is that it does not need a god to tinker with it,0,Attack,C,1,0,0,
3213,the process of evolution is fact,as i prepare to answer this question i realize i have essentially no knowledge about the theory of evolution besides darwinism and the title,0,Attack,C,0,0,1,
3802,I prefer trade to aid,Trade may not help those most in need,0,Attack,C,1,0,0,
1636,UKIP are in with the City as much as the other three and I don't like the way they are whipping people up into a frenzy.,"Nigel Farage said the prime minister was terrified of losing votes to UKIP, and its rising poll rating and doubted any referendum would take place under the present government.",2,No Relation,C,0,1,0,
3105,abraham isaac and jacob belonged to different tribes and were not related but the stories grew together into a collection and the persons were tied together as members of the same family,i am a strong believer in the authority and inspiration of the word of god,0,Attack,C,0,0,1,
149,Plenty of survey's have shown UKIP to be the most hated of the main parties.,"He told the BBC that he had asked the English Democrats to carry out a due diligence test on its membership list, to ensure none of the views expressed by those on it were abhorrent.",2,No Relation,C,0,0,1,
3281,please take no offence to my response,its called the theory of evolution for a reason,1,Support,C,0,0,1,
2071,"In fact, all UKIP seems to talk about now is withdrawl from the EU without any genuine policy around UK's domestic economy.","It is also one which means people often dismiss it as a single issue party, unlikely to become a force in Westminster politics.",1,Support,C,0,1,0,
976,UKIP are asking the questions that haven't been asked by the opposition or the media.,"The party's then-leader, Lord Pearson, actively campaigned for Mr Hollobone in his constituency, Kettering.",2,No Relation,C,0,0,1,
2594,islandthe wmap anamoly indicates that we are at the center of the universe   httpcerncourier,island referenced a  article however science does proceed and indeedabstract we apply the recently defined multipole vector framework to the frequencyspecific firstyear wmap sky maps estimating the lowl multipole coefficients from the highlatitude sky by means of a power equalization filter,1,Support,C,1,0,0,
