orig_idx,arg1,arg2,support [true value],support_label,strategy,pred_attack,pred_support,pred_neither,pred_relevance
2807,who the designer is has nothing to do with it and everyone knows that,tjwho the designer is has nothing to do with id theory and everyone knows that,0,Attack,C,0,1,0,
3408, i agree that it is slowly falling apart, you know a debate like this can be put up to get intelligent information exchange,1,Support,C,0,0,1,
2268,UKIP are in with the City as much as the other three and I don't like the way they are whipping people up into a frenzy.,"The Conservatives have argued the surge in support for UKIP was essentially a protest vote, but Mr Farage dismissed this as the default position of the political establishment.",2,No Relation,C,0,0,1,
1769,"I think Farage makes a much better leader than any of the other parties, he's full of enthusiasm and is not a PR man like the current leaders of the 3 main parties.",For Nigel Farage convincing his fiercest critics among UKIP's members and its estranged onetime supporters that he remains the right man to lead the party may be difficult.,0,Attack,C,1,0,0,
2386,jumpstart helps us understand the eliminative nature of idit is difficult even improbable to imagine how such a process could happen without being jump started,how did life begin ,0,Attack,C,0,0,1,
424,"I don't believe Farage is a racist and I don't believe the UKIP policies are racist, but I do think they will be the party that attracts most support from racists.","But the MP resigned his seat after pleading guilty to falsely claiming Â£14,000 in parliamentary expenses.",2,No Relation,C,0,0,1,
2890,i changed my mind and felt somewhat angry when i realized just what those early drafts meantyou mean you accepted the attempt to reconcile the early drafts while ignoring the facts sadly you seem to have fallen victim of di propaganda,you mean you accepted the attempt to reconcile the early drafts while ignoring the facts sadly you seem to have fallen victim of di propaganda,0,Attack,C,0,1,0,
418,The only reason we are even having a sensible debate about Europe are UKIP.,"The Bow group, which bills itself as the Conservative Party's oldest think tank, says under David Cameron party membership has halved, with the average age being 68.",2,No Relation,C,0,0,1,
2089,"The ratio of nutters in UKIP is far higher than in other parties, especially so since they seem determined to take all the Tories' fruitcakes off them.",Amjad Bashir was responding to comments on Wednesday's Daily Politics from ex-deputy PM Lord Heseltine that UKIP was a racist party.,1,Support,C,0,0,1,
3007,i actively attend the origins conferences hosted by a variety of different organizations including christian universities reasons to believe and most recently the skeptic society,have you been to the icr facility to watch their presentationicr teaches hilarious nonsense,1,Support,C,1,0,0,
2285,evolution has no implications for morality it describes what has happened making no judgement about whether what has happened is good nonreligious ethicists are perfectly capable of making moral judgements and they regularly do so,creationism makes a false historicalscientific claim that is detached from the broader precepts of belief in god,1,Support,C,1,0,0,
1921,UKIP is the only party that has understood the damage immigration does to the UK and its policies aim at repairing this.,The number of immigrants arriving in the country remained virtually unaltered over the period.,0,Attack,C,1,0,0,
3529,i believe abortion is a crime against humanity and should be outlawed,i think the same about religion why should you get your way and tryannise women and i not get mine,0,Attack,C,1,0,0,
774,"There's an election next month, UKIP are campaigning on the streets right now, and candidate upon candidate keeps churning out ridiculous (often racist, sexist or homophobic) views.","Labour candidate Sarah Champion won in Rotherham with 9,866 votes to UKIP candidate Jane Collins' 4,648.",2,No Relation,C,1,0,0,
1533,UKIP is not at all taking into account the financial effects of leaving the EU: Europe is the main market for the UK. ,"Over three million jobs in this country, directly or indirectly, depend on us being in the EU, so that is a big choice.",1,Support,C,0,1,0,
3630,sometimes the state of the education system in the usa makes me cry,sometimes the state of the public education system in the us is downright criminally neglectful,1,Support,C,0,1,0,
2269,"The UKIP party is a populist party at the right end of the spectrum, which exploits people's fears of the foreign and unknown.",Mr Cameron has promised an in/out referendum after he has negotiated the return of some powers - so far unspecified - from Brussels.,2,No Relation,C,0,0,1,
1578,"UKIP's position is not reasonable, but racists and proto-fascist, considering they have nothing to say about the finance capital bombing of the economy, but to put all the blame for Europe's woes onto immigration.","Mr Cameron also said he did not think it would be right for Britain - or in the national interest - to leave the EU entirely, pointing out that some 50% of nation's trade was with the EU.",2,No Relation,C,1,0,0,
3478,so we all deserve to be tortured for ever for beleiving in evolution,tortured you shut your mouth if you are not a christian then yes i will pray for you,0,Attack,C,1,0,0,
1622,UKIP will not improve public services.,"We saw mass, uncontrolled immigration changing communities in a way people didn't feel comfortable with, putting huge pressure on public services.",0,Attack,C,1,0,0,
3566,a well regulated militia being necessary to the security of a free state the right of the people to keep and bear arms shall not be infringed the individual right to keep and bear arms shall not be denied or infringed by the state or a political subdivision of the state,other states have made similar revisions i would encourage people in states that have not to push their elected officials to do so,1,Support,C,0,0,1,
775,It is because of UKIP that we are finally discussing the European question and about immigration and thank goodness for that.,"Asked about UKIP's future, Mr Titford said he was convinced the party would build on existing support to become a significant force in the British political landscape.",1,Support,C,0,0,1,
1308,Many racists and especially xenophobes find the UKIP message appealing.,Winning candidate Dan Jarvis said it sent a message to the coalition but Lib Dem leader Nick Clegg said people should not write off the party.,2,No Relation,C,0,0,1,
200,I think it's far too simplistic to argue all UKIP supporters are racist - there is a real groundswell against the political establishment which over the past 20 years or so has started to converge in terms of image and policies.,"I am not going to sell this party short over any political deal, there is absolutely no way on earth I would do that, he told activists.",2,No Relation,C,0,1,0,
3907,I believe that opinion polls harm the democratic process,Citizens should be respected for their opinions,0,Attack,C,0,0,1,
3276,intelligent design is the conclusion of deductive reasoning,faith is believeing in something without evidence,0,Attack,C,1,0,0,
2327,naming two well known id proponents does not a citation make to support pvms twisted version of id arguments,seems highlander was somewhat quick in his response as i am more than willing to support my claims,0,Attack,C,1,0,0,
1394,Big business will not support UKIP given the devastation that withdrawal from the EU would cause.,Police and crime commissioners will be tasked with cutting crime and delivering an effective and efficient police service in their force area.,2,No Relation,C,0,0,1,
18,Hopefully we will see our first UKIP MP before the general elections next year.,I frankly thought it was so funny that when a journalist friend rang me and I told them about it they said they would write the story.,2,No Relation,C,0,0,1,
71,I suspect when people do start to focus and the election is close UKIPs incoherent policies will be exposed.,The Green pitch to the electorate is in part quite traditional - promises that their councillors will protect the greenbelt and oppose incinerators.,2,No Relation,C,0,0,1,
2373,i dont really care  ,currently   science   feels its accelerating,1,Support,C,0,0,1,
4007,this movie absolutely fell flat after the discovery at the crash site was made,i actually really loved moon i was invested the entire way through,0,Attack,C,1,0,0,
2310,richard dawkins,the proiders claim that id uses scientific method infers design by testing positive predictionsdiscovery institute on id uses scien,1,Support,C,0,0,1,
38,"The sooner we are out of the EU, the sooner we can start making this country great again.","My prediction is, that over the next year or two, as the European debate gathers pace in this country, the issue of immigration and border controls will become the absolute key to the whole thing.",1,Support,C,0,0,1,
4049,i turned this movie off halfway through because i was bored out of my skull then i come here and its got a high rating granted its got a good storyline good acting nice cinematography but somehow still managed to bore me to tears,have to agree brian theres a whole half hour of boring as he goes across the expanse of the desert that could be edited out,1,Support,C,0,1,0,
1585,"The problem with popularism but no substance, like UKIP represent, is that it just results in things getting worse and worse.",The group suggest that within five years UKIP will have more members than the Tories at the current rate of attrition.,0,Attack,C,0,0,1,
3782,i recommend to perform a filling process simulation with moldex soft,yes indeed the filling simulation showed a certain degradation at the hinge area but at an acceptable level,1,Support,C,0,1,0,
2050,"If we leave the EU we will save billions of pounds which can then be invested in our ailing national infrastructure, notably the NHS.","Mr Cameron also said he did not think it would be right for Britain - or in the national interest - to leave the EU entirely, pointing out that some 50% of nation's trade was with the EU.",0,Attack,C,1,0,0,
1870,"Arguably, UKIP & co. aspire to destroy the culture created in Europe after WWII, which has been based on openness, free travel, migration and cross-geographic access to goods and labour markets.",One Conservative MP has suggested his party consider a pact with UKIP at the next election.,2,No Relation,C,0,0,1,
2190,"I would say it's the anti-ukip brigade who have no substance to their argument (or facts), they simply shout ""racist"" with nothing to substantiate this slur, or become crude and insulting.","All [the prime minister's] doing is trying to curry favour, he continued.",2,No Relation,C,0,0,1,
3483,he was not discussing abortion nor was he promoting it,and you fail to answer the question,0,Attack,C,0,0,1,
3807,We should grant politicians immunity from prosecution,Giving politicians immunity from prosecution allows them to focus on performing their duties,1,Support,C,0,1,0,
423,Intellectually I rate Farage much higher than Cameron; he has a very sharp and quick wit and is an excellent public speaker.,"To steal Lib Dem support, UKIP is trying to establish a more youthful base, helped by Nigel Farage's appeal.",1,Support,C,0,0,1,
150,The more the 'mainstream' parties smear and lie about UKIP the more their support rises.,Journalists were not the only people who made the former Conservative peer's election an uncomfortable experience.,2,No Relation,C,0,0,1,
457,Should ukip get into government it would be fair to assume that we'll see a whole raft of right-wing policies as actual government policy.,"Asked whether he would seek re-election as leader, he said he would have to decide whether he had the strength to do the job.",2,No Relation,C,0,0,1,
166,Should ukip get into government it would be fair to assume that we'll see a whole raft of right-wing policies as actual government policy.,The economy is on the right track and we are going to see our plan through.,2,No Relation,C,0,0,1,
1552,UKIP's sole aim at the general election is to get a smallish number of MPs elected but enough to hold the balance of power and do a deal with the Tories.,"We're not going to do a pact with UKIP anymore than I'm going to do a pact with the Lib Dems and go into the next election with them, said Mr Shapps.",0,Attack,C,1,0,0,
3571,did a famous gangster not once escape from jail using a gun he carved from soap maybe oz should ban bars of soap,yea that was uncle john,1,Support,C,0,1,0,
1173,"It's true that UKIP dont have ideas to suit everyone, but at the moment they are heads above the pillocks at No 10 today.",The UKIP leader had told the Guardian that there was no way his party could work with Mr Cameron under any circumstances.,1,Support,C,0,1,0,
3093,scientific evidence do you need i mean weve got writing from before  years ago evidence of mankinds making things over  years old,speaking as a nonchristian this argument that the days of creation could not be allegorical simply because the author used an ordinal and the phrase evening and morning is juvenile and unconvincing,1,Support,C,1,0,0,
3971,animal kingdom is better than the town and winters bonei have just seen animal kingdom and wow what an awesome movie it was,it certainly is and its a crime this didnt get a bigger push i think mainstream audiences would have loved it easily one of the best films of the year,1,Support,C,0,1,0,
2405,just as advances in genetic and protein research and mathematics are enabling us to understand and explain how evolution works a growing number of our society are rejecting science in favor of myth and fake science,i really have to give the antiiders credit you have a lot of faith,0,Attack,C,0,0,1,
1492,"Despite you best efforts at pretending otherwise, UKIP are still widely disliked and untrusted by the majority of the population.","Immigration has also been an issue and UKIP, which rejects charges of being racist, sees the EU question being at the heart of it.",2,No Relation,C,0,0,1,
1336,Many racists and especially xenophobes find the UKIP message appealing.,"But he reserves his greatest enthusiasm for touring World War I battlefields, with a group of close friends who call themselves Farage's Foragers.",2,No Relation,C,0,0,1,
3217,no but i do call into question the nature of your uncertainty,if what you say is true then nothing at all is scientific fact,0,Attack,C,1,0,0,
1025,Intellectually I rate Farage much higher than Cameron; he has a very sharp and quick wit and is an excellent public speaker.,"UK Independence party leader Nigel Farage has said he is expecting a big swing to his party in the seat, with most polls carried out in the seat putting the party third, ahead of Labour.",1,Support,C,0,0,1,
3551,that would be true if he did not keep on opening up thread after thread after thread of the same subject he makes  or  posts then runs away to open up another thread,yes i agree with you,1,Support,C,0,1,0,
3558,at most it will lead to another timothy mcveigh type incident,just a matter of time,1,Support,C,0,1,0,
808,UKIP are a joke outfit full of small-minded Neanderthals who think the 1950s are the future.,"Party officials are hoping for wins in the two mayoral contests that were also being held on Thursday, in Doncaster and North Tyneside, but there is talk of Labour seeing their majority reduced in South Shields.",2,No Relation,C,0,0,1,
3103,mike my apologies to you but i am surprised at the numbers of people here who appear to be somewhat hostile towards the existence of a supreme being namely god yahweh yahwah yhwh the i am that i am and so forth,we have two different literal interpretations,0,Attack,C,1,0,0,
2566,its funny because i already named some provided resources to find them and yet you seemed to dodge the argument altogetherfollowed by the usual nonsense,not all this link was identified in my last reply    httpwww,0,Attack,C,1,0,0,
930,If UKIP is really the best our country can do for an alternative then we are all doomed.,I don't want to underestimate the difficulties that still face us.,2,No Relation,C,0,0,1,
3074,human beings added names to the days of week they were originally and simply numbers,why should we just stop  why not keep trying to understand the universe  i could never imagine being satisfied with a god did it,0,Attack,C,1,0,0,
3824,European Parliament elections should involve only one voting district all of Europe and not separate country seats,This would undermine national sovereignty,0,Attack,C,1,0,0,
448,Plenty of survey's have shown UKIP to be the most hated of the main parties.,"UKIP, which campaigns for the UK to leave the EU, is demanding a referendum on Britain's membership.",2,No Relation,C,0,0,1,
3116,the young earth creationist dogma demands that the obvious features of the earths geology can not exist,you didnt read this  creation ex nihilo and the earth  did you,0,Attack,C,1,0,0,
2219,"The sooner we are out of the EU, the sooner we can start making this country great again.",He goes on to add that he is publishing the letter so that anybody who wishes to check whether you are a Member of the House of Lords can view this official confirmation that you are not.,2,No Relation,C,0,0,1,
3491,you consider this refuting my evidence what amazes me is that you all scoff at creationism yet this is the best most of you can offer to refute scientific evidence which supports the flood,you ask someone to explain polystrate fossils three people do you plug your ears and go i can not hear you then demand that someone explain polystrate fossils,0,Attack,C,1,0,0,
2328,seems highlander was somewhat quick in his response as i am more than willing to support my claims,highlanderthe exact same is true when modern science reveals an ic structure such as the flagellar motor  assembly,1,Support,C,0,1,0,
590,"UKIP are a fairly right wing group as I'm sure will become clear when they actually produce some policies other than the ""its all the eu's"" fault.","UKIP never actually developed any body of thinking on mainstream British political problems, we have no idea what it would do in most areas, but I don't believe it would just be right wing blather.",0,Attack,C,1,0,0,
84,"I don't see UKIP as being far right, they're just further right than the rest who have congregated arund the middle ground.","The Conservatives and Labour were contesting most local election seats, with 2,263 and 2,168 candidates respectively.",2,No Relation,C,0,0,1,
1212,Support for UKIP simply indicates that people have noticed that the major parties do not represent their interests.,Those of us who believe in national democracy do not want to take us back to the Western Front or 1914.,2,No Relation,C,0,0,1,
1673,"If you think that the Tories are nasty, heaven help us if UKIP get in because they would be nastier, more cruel, and more bigoted.","Despite the strong performances at the recent by-elections, it is true that Nigel Farage, in terms of electoral success, remains a political minnow.",2,No Relation,C,1,0,0,
1716,UKIP doesn't need to win power to force the changes people want.,UKIP leader Nigel Farage has demanded a written in blood guarantee of a referendum on EU membership before entering any pact with another party.,1,Support,C,1,0,0,
3582,japan and the former soviet union had very high rates of abortion because of the lack of birth control neither country made such a decision because of religion,that was the past i am speaking of now,1,Support,C,0,1,0,
3610,i thought the idea of starting threads on a topic was to start a discussion on that matter,yes that is logical,1,Support,C,0,1,0,
1175,If the other parties do tackle the issues of EU and immigration I'll be more than happy to see UKIP disappear.,"Mrs Ayling, 54, who sits on East Lindsey District Council, defected from the Conservatives earlier this year.",2,No Relation,C,0,1,0,
1743,UKIP are blatantly disregarding the possibility of man made climate change.,The energy secretary will say attempts to discredit the scientific evidence of climate change threaten a breakdown of the political consensus on the issue.,1,Support,C,1,0,0,
1248,"If you want an insight into just how mad and bad UKIP are, go and read what their members, candidates and supporters write on the Telegraph.","The UK Independent Party says it is the only party which will pull the UK out of the European Union, a vital process according to them.",0,Attack,C,1,0,0,
1834,If anyone seriously thinks that UKIP will offer some kind of answer to our current problems then I think that they are going to be sadly disappointed.,He claimed the document was nothing more a collection of disparate policy papers.,2,No Relation,C,0,1,0,
1205,UKIP are asking the questions that haven't been asked by the opposition or the media.,Douglas Alexander accused the PM of a shambolic and ill-judged negotiation strategy.,2,No Relation,C,0,0,1,
1541,"If UKIP don't like being smeared, then they need to stop smearing, stigmatising, and fear mongering about others.",It comes two weeks after she accused the UKIP leader of bullying and being anti-women and a Stalinist and threatened to leave the party.,1,Support,C,0,1,0,
3749,i think it depends on the individual,yes i guess it really depends on the preferences if you want smaller but more holidaylike then nice is very nice if you want old i would suggest krakow,1,Support,C,0,1,0,
1083,"I don't think most people realise the benefits of free trade at all, and UKIP capitalise on peoples ignorance of the benefits of free trade as much as they can.","Labour and the Conservatives were panicking, Mr Aker said, as they had not dealt with mass immigration and mass unemployment, whereas UKIP was offering a sensible solution.",0,Attack,C,1,0,0,
2576,non sequitur,i dont think anyone who feels limitations should be brought to light about a theory is a   creationist  ,0,Attack,C,0,0,1,
1704,UKIP's sole aim at the general election is to get a smallish number of MPs elected but enough to hold the balance of power and do a deal with the Tories.,"Foreign Secretary William Hague has meanwhile ruled out an electoral pact with UKIP, after a BBC poll suggested nearly 25% of Conservative councillors were in favour of such a deal.",0,Attack,C,1,0,0,
3760,the nexus  has everything fast processor big screen and the latest version of android,definitely better than a shiny iphone,1,Support,C,0,1,0,
2366,if you are going to comment on something in   science   you need to back it up with actual data,first i believe that religion is manmade as are christ buddha mohammed et al,0,Attack,C,0,0,1,
2489,if biology leads to new design if it is viewed in that contextand it never has and never will,and it never has and never will,0,Attack,C,0,1,0,
101,"If UKIP have a good general election and manage to take a few seats then that can only benefit Labour, because all of the seats that UKIP can possibly, conceivably win - well they are all Tory seats.","Mr Farage will say immigration has now become the number one issue in British politics, adding eighty per cent of the British people did not want borders to come down with Romania and Bulgaria, but they did.",2,No Relation,C,1,0,0,
2696,how does the antiid position explain the bacterial flagellum it just evolved,i understand the ad hominem approach chosen by joe after all what is the alternative showing that id really lives up to what joe claims it isjoe gand again the design inference relies on observations data and experience,0,Attack,C,1,0,0,
3066,is it me or is it you only time will tell,if the existence of a fossil record contradicting parts of the bible then that does not disprove in and of itself the fossil record,0,Attack,C,0,0,1,
1433,UKIP are a joke outfit full of small-minded Neanderthals who think the 1950s are the future.,It comes two weeks after she accused the UKIP leader of bullying and being anti-women and a Stalinist and threatened to leave the party.,1,Support,C,0,1,0,
3784,the best way to protect Scottish interests in the EU is to vote for independence,Scotland is more pro EU than the rest of the UK,1,Support,C,1,0,0,
2615,also christians concerned about science,to correct pvms confusionforensic detectives have to figure out the means,0,Attack,C,0,0,1,
3873,We should use torture to obtain information from suspected terrorists,In the event of an imminent attack it is only reasonable to use force to find information,1,Support,C,0,1,0,
297,"It's true that UKIP dont have ideas to suit everyone, but at the moment they are heads above the pillocks at No 10 today.","The first televised debates were held before the last general election in 2010, involving the three main party candidates - Labour's Gordon Brown, Conservative Mr Cameron and Liberal Democrat Nick Clegg.",2,No Relation,C,0,0,1,
806,"The momentum is with UKIP; Labour, Conservative and Liberal areas are all now vulnerable to them. ","YouGov polling guru Peter Kellner warned people around Ed Miliband, who were contemplating a referendum pledge, that it would be a foolish move.",2,No Relation,C,0,0,1,
755,"I and many others will be voting UKIP not because of a handful of people that have said stupid things, it will be because I identify and agree with their overarching principles.",Eurosceptic Paul Sykes said UKIP was the last best hope for Britain and he would help fund its election campaign.,1,Support,C,0,1,0,
1425,"I suspect the main reason a new Left party hasn't emerged with similar prominence to UKIP is because UK politics has, like that in the USA, become the plaything of the wealthy.",It comes two weeks after she accused the UKIP leader of bullying and being anti-women and a Stalinist and threatened to leave the party.,2,No Relation,C,0,0,1,
1936,UKIP doesn't need to win power to force the changes people want.,He also said he would consider a electoral pact with another party if it meant moving closer to leaving the EU.,1,Support,C,0,0,1,
2793,why dont we   add   those inand believe me those commandments werent invented at that time,why dont you tell meare they needed to for   health   and safety of the country,0,Attack,C,0,0,1,
302,A strong UKIP vote suggests there's a lot of the British public who aren't on board with the current set-up.,"This, Mr Cameron says, would follow a full renegotiation of relations with Brussels.",2,No Relation,C,0,0,1,
1210,UKIP are in with the City as much as the other three and I don't like the way they are whipping people up into a frenzy.,"And yes, it is true that she is the only party leader who knows how to shear a sheep.",2,No Relation,C,0,0,1,
459,I'm no fan of UKIP but well done to them for initiating a much needed shake up of British politics.,Voters have often struggled to see what relevance a party that campaigns for Britain's exit from the European Union has to their neighbourhood.,0,Attack,C,1,0,0,
1636,UKIP are in with the City as much as the other three and I don't like the way they are whipping people up into a frenzy.,"Nigel Farage said the prime minister was terrified of losing votes to UKIP, and its rising poll rating and doubted any referendum would take place under the present government.",2,No Relation,C,0,1,0,
3604,aikido judo and karate wado ryu would constitute a good combination,some of these martial arts videos are remarkable,1,Support,C,0,0,1,
1977,"In UKIP, we have a new political force which looks likely to poll very well in a national election on thursday.","The UK Independence Party, which has long campaigned for the UK to pull out of the European Union, failed to make its hoped-for breakthrough in May's election.",0,Attack,C,1,0,0,
2313,you are missing the point the ad hominem is not that i did not understand your argument i can see why given your limited exposure to id you may have come to that conclusion,i wrote a good philosophical question and i think you and i would agree that this adaptation could have been guided by some higher agency of course by using a fully natural mechanism such questions remain scientifically vacuous,1,Support,C,0,0,1,
1265,"Much of UKIP's meteoric rise has to do with political correctness, and the fact that ordinary people are sick of it.",Labour accused the PM of trying to ditch the TV debates simply because he is too scared to defend his record.,2,No Relation,C,0,0,1,
213,"UKIP are a fairly right wing group as I'm sure will become clear when they actually produce some policies other than the ""its all the eu's"" fault.","High up in the Staffordshire Moorlands in the village of Endon, Liberal Democrat candidate Christina Jebb has her campaign leaflets set out on the dining table.",2,No Relation,C,0,0,1,
2397,i think this comes down to an irreducible complexity argument,as much as i might believe that there is some sort of creator and that a creation occurred you cannot justifiably intermingle science and religion,1,Support,C,1,0,0,
2478,needless to say even id proponents have come to realize that id is lacking scientifically speakingfor instance young earth creationist philosopher and id proponent paul nelson is on the record as saying easily the biggest challenge facing the id community is to develop a fullfledged theory of biological design,this post by casey luskin graphically illustrates why intelligent design is not science,1,Support,C,0,1,0,
1323,"The problem with popularism but no substance, like UKIP represent, is that it just results in things getting worse and worse.","He said UKIP was fighting a big, positive campaign with 1,225 candidates, boosted by a strong showing in the Barnsley Central by-election.",0,Attack,C,1,0,0,
1671,UKIP isn't committed exclusively to either right-wing or left-wing ideology and that’s a very good place to be.,He said his views were nothing to do with UKIP and were expressed before he became involved with the party.,2,No Relation,C,0,0,1,
3864,We should promote democratisation,The immense cost and effort involved in sustaining democracy across the world in countries that are not prepared to fully accept responsibility themselves does not equal the benefits,0,Attack,C,1,0,0,
3481,how can it get anymore embarrassing for science that they got the premise wrong for all these years,do you actually have any idea how science works why are you not embarrassed for creationism,0,Attack,C,1,0,0,
2228,"Even a UKIP European candidate, Janice Atkinson, another ex-Tory, admits leaving the EU would be problematic.",Man's best friend doesn't look like our best friend from where I'm looking and is leaving us both with the impression that he'll not only demolish the leaflet being offered to his owner but the arm of whoever hands it to him.,2,No Relation,C,0,0,1,
479,The reason why UKIP has gained so many votes is because the main parties refuse to deal with immigration and the EU.,"He also suggested that UKIP might get its first seats in the UK Parliament at the general election in 2015, and argued it was not just taking votes from the right wing of British politics.",1,Support,C,0,0,1,
2157,"I don't necessarily think Nigel Farage is worthy of PM, I think they need a new leader.","The former defence secretary, who was forced to resign over a lobbying scandal, said the party leadership had to show more emotion.",2,No Relation,C,0,0,1,
1861,UKIP want to get us out of the EU to make the British people much worse off then they already are.,"He debated with journalist and historian Sir Max Hastings who said Britain can't stay in Europe on any terms, but said leaving could mean the UK could find a very tough time out there.",1,Support,C,0,1,0,
1664,UKIP's proposals on membership in the EU and migrants are at best purely demagogic: they do not take into account facts and more general issues.,"Foreign Secretary William Hague has meanwhile ruled out an electoral pact with UKIP, after a BBC poll suggested nearly 25% of Conservative councillors were in favour of such a deal.",1,Support,C,0,0,1,
2255,"If UKIP took all their anti-establishment guff and turned it on the banks and financial institutions then they would have more legitimacy, but instead they turn on Polish and Roma fruit pickers who do unskilled work for minimum wage.","Speaking on Wednesday, the deputy prime minister said he was very surprised to see vans driving aimlessly around north London telling illegal immigrants to go home, and that they were not a very clever way of tackling the issue.",1,Support,C,0,1,0,
2214,"UKIP is a not a real party, with a clear global ideology and vision addressing all aspects of society: it is focusing on a handful of issues (all centered around membership in the EU and migrants), mostly ignoring global financial issues, health, education, security etc.",He said UKIP was clearly taking a very right wing position which pandered to an obvious anti-Europeanism.,1,Support,C,0,0,1,
944,"UKIP are a fairly right wing group as I'm sure will become clear when they actually produce some policies other than the ""its all the eu's"" fault.","He pointed to the example of Norway, which has invested North Sea oil revenues in a sovereign wealth fund for decades, as to how the UK should maximise the benefits of shale gas.",2,No Relation,C,1,0,0,
1647,"UKIP's position is not reasonable, but racists and proto-fascist, considering they have nothing to say about the finance capital bombing of the economy, but to put all the blame for Europe's woes onto immigration.","Mr Cameron also said he did not think it would be right for Britain - or in the national interest - to leave the EU entirely, pointing out that some 50% of nation's trade was with the EU.",1,Support,C,1,0,0,
1065,"As far as immigration is concerned all Ukip want is a level playing field for non EU migrants and to control the numbers so, if anything, Ukip are too soft on immigration.",Godfrey Bloom's and other UKIP party members' actions are an insult to all those who have fought against fascism.,0,Attack,C,0,0,1,
2098,"UKIP will lead the UK to independence from the oppressive EU, which is the only chance Britain has at restoring its former glory.","Deputy Prime Minister Nick Clegg, whose Liberal Democrats oppose a referendum, said leaving altogether would make us less safe because we co-operate in the European Union to go after criminal gangs that cross borders.",0,Attack,C,1,0,0,
563,UKIP are in no way a single issue party and if Labour or the Conservatives were to give us a referendum UKIP would still have a full manifesto that would attract many voters.,"Mr Farage said he would instead run for a seat in the Commons - specifically the seat of Commons Speaker John Bercow, which, by convention, other major parties do not fight.",2,No Relation,C,0,0,1,
3054,the author seems to thing there is no extrabiblical evidence of a young earth,all of those socalled evidences have been debunked by real scientists with real degrees and have true understanding of science,0,Attack,C,1,0,0,
2839,how do we observe   evolution   occurring i do not see one creature evolving into another one,when i read casey luskins article he made some very good points,0,Attack,C,0,0,1,
2741,so tj you seem to have made quite a few foolish arguments how familiar are you with augustinetj  well i know that he believed the earth was created instantaneously not progressively and was according to scripture less than  years old,i will address the post by americans united for separation of church and state here and then address the question of constitutionality in another post,1,Support,C,0,0,1,
3751,electric vehicles,low co emissions ,1,Support,C,0,1,0,
1144,A strong UKIP vote suggests there's a lot of the British public who aren't on board with the current set-up.,"Italy - like the UK - had offered no places at all, the organisation said.",2,No Relation,C,0,0,1,
1462,It is more likely that Tory voters would vote tactically for UKIP to keep Labour out and that means Labour are at a real disadvantage. ,"The BBC's projected national share of the vote put Labour in the lead with 29% of the vote and the Conservatives in second place with 25%, UKIP in third place with 23% of votes and the Lib Dems fourth with 14%.",2,No Relation,C,1,0,0,
2804,tjopen debate is all we are asking for,some places do seem more open to honest debate over evolution rather than just trying to brainwash kids,0,Attack,C,0,1,0,
3078,i am not an atheist and have no reason to debate with anyone concerning an eternal being who is greater than any of us,aig doesnt believe the geological data,0,Attack,C,1,0,0,
2102,"I don't think most people realise the benefits of free trade at all, and UKIP capitalise on peoples ignorance of the benefits of free trade as much as they can.","South Tyneside councillor and social worker Emma Lewell-Buck, 34, will contest the seat for Labour.",2,No Relation,C,0,0,1,
3510,then a man who needs an artifical heart to survive is a new species of man that is the analogy i gave and you ignored,and well he should have ignored it your analogy is nonsense,0,Attack,C,1,0,0,
2108,"Even a UKIP European candidate, Janice Atkinson, another ex-Tory, admits leaving the EU would be problematic.","He debated with journalist and historian Sir Max Hastings who said Britain can't stay in Europe on any terms, but said leaving could mean the UK could find a very tough time out there.",1,Support,C,0,1,0,
1415,"If UKIP don't like being smeared, then they need to stop smearing, stigmatising, and fear mongering about others.","He called for clarity, and for his coalition colleagues to live up to their manifesto pledge on a vote, calling on them to support the Conservative Party position.",2,No Relation,C,0,0,1,
3022,for the bible to be divinely inspired all the persons writing the bible or translating the bible had to be listening to god all the time,now the trick is to prove that all of the authors were free of stray thoughts and theological spin,1,Support,C,1,0,0,
2721,tjthe government report on the issue validates the charges against the smithsonian institute, lets see would these titles copied from the table of contents of the house of representatives report entitled intolerance and the politicization of science at the smithsonian back up you or me  ,0,Attack,C,1,0,0,
2437,i am an experimental scientist,i only need one sentence to reply to this can the   existence   of a designer be verified by the scientific method  oh it cant oh darn,0,Attack,C,1,0,0,
952,The success Ukip had in the european elections will be sufficient to galvanise one or preferably all the other parties to rid us of the EU's political influence.,The party currently has 19 councillors in local authorities in England - not including town and parish councils.,2,No Relation,C,0,0,1,
923,A strong UKIP vote suggests there's a lot of the British public who aren't on board with the current set-up.,"UKIP has reached unprecedented heights in the opinion polls under Mr Farage, coming second in the European elections in 2009 and winning hundreds of seats in May's local elections.",1,Support,C,0,1,0,
2599,science of course has tested the principle even though for a long time it stood as an assumption,this rather poorly phrased term suggests that there may be an enigma but lets look at the apparent correlation between habitability and our existence as observers,1,Support,C,0,0,1,
4044,i turned this movie off halfway through because i was bored out of my skull then i come here and its got a high rating granted its got a good storyline good acting nice cinematography but somehow still managed to bore me to tears,oh no i have seen the whole movie multiple times definitely a film i will not get tired of any time soon,0,Attack,C,1,0,0,
516,"I don't think most people realise the benefits of free trade at all, and UKIP capitalise on peoples ignorance of the benefits of free trade as much as they can.","Some Tory strategists believe it was a mistake for Mr Cameron to agree to them, arguing that they allowed Lib Dem leader Nick Clegg to seize the initiative from the Tory leader.",2,No Relation,C,0,0,1,
3974,everything about this was perfect i cried so hard when i watched it,i thought it was ludicrous  the premise of it i mean the actors were very good i just didnt buy for a moment that the uk which is probably the most gay friendly and atheistic nation on earth could be transformed into a rightwing fascist state that kills homosexuals its just absurd,0,Attack,C,1,0,0,
1690,The people and media that are criticising UKIP are highlighting the genuine concerns about UKIP and their policies towards immigrants.,"UKIP appears to have struck a chord with many voters on the issue of immigration, campaigning against the relaxation of working restrictions on Bulgarians and Romanians due to come into force in January.",0,Attack,C,0,0,1,
2967,today july nd  the best solar eclipse of the century took place from india to japan,this is open your interpretation of the bible,0,Attack,C,1,0,0,
3282,its called the theory of evolution for a reason,ignorance of terminology,0,Attack,C,1,0,0,
3611,i will post another in the next couple of days,bless your heart,1,Support,C,0,0,1,
1980,"In UKIP, we have a new political force which looks likely to poll very well in a national election on thursday.","The Green Party, so often the fourth contender in local election races, now faces a very serious rival for that spot in UKIP.",1,Support,C,0,0,1,
3680,nothing is more important than my research time and i just think this is a distraction,but if we get this right we will waste less research time with dodgy students we wish we had rejected at interview,0,Attack,C,1,0,0,
2202,"The sooner we are out of the EU, the sooner we can start making this country great again.",Opponents say the new system risks politicising the police.,2,No Relation,C,1,0,0,
1203,"The momentum is with UKIP; Labour, Conservative and Liberal areas are all now vulnerable to them. ","Nearly 10,000 candidates were battling for seats in councils across England - they are top-tier authorities in charge of schools, roads, refuse collection, fire and rescue and other local services.",2,No Relation,C,0,0,1,
1586,"Arguably, UKIP & co. aspire to destroy the culture created in Europe after WWII, which has been based on openness, free travel, migration and cross-geographic access to goods and labour markets.",Mike Nattrass left UKIP last month after a row with leader Nigel Farage.,2,No Relation,C,0,0,1,
2838, we can observe it occuring  the fossil record shows changes in lifeforms separated by time  genetic analysis shows similarities at the dna level between similar lifeforms,how do we observe   evolution   occurring i do not see one creature evolving into another one,0,Attack,C,1,0,0,
1390,It's a protest vote because (most) people know that UKIP will never net in power.,UKIP leader Nigel Farage told the Today programme that these plans were still far too generous.,2,No Relation,C,0,0,1,
3379, being an atheist in a catholic school i can tell you that catholicism or christianity does not dispel the idea of evolution, you have to consider the alternative explanations for our existence and the evidence for and against each  oh by the way  year long consensus doesnt count as evidence      i dont think theres any need to go too deeply into the evidence for evolution by natural selection but as most people will know there is some although controversially scarce evidence in the fossil records for common ancestry as well as similarities of existing species physiological and genetic makeup,1,Support,C,0,1,0,
1386,It's a protest vote because (most) people know that UKIP will never net in power.,"He was expelled from the Conservatives, with Mr Cameron saying politics was a team game and, in the end, you're either in the team or not.",2,No Relation,C,0,0,1,
1457,"Despite you best efforts at pretending otherwise, UKIP are still widely disliked and untrusted by the majority of the population.","Of course it is racist, the language, the rhetoric, the membership, who doubts it?",2,No Relation,C,0,1,0,
3577,see here you have seperated mind spirit soul the bible did not do this unless zechariah is being misinterpreted it basically said in your interpretation that the spirit and the soul are the same thing,yes it is very hard even for theologians to explain,1,Support,C,0,1,0,
2414,with belief,my other comment focused more on my atheist background but i wanted to respond to your scientific misconceptions,0,Attack,C,0,0,1,
3954,Governments should be allowed to disrupt Internet service on grounds of national security,National security takes precedence,1,Support,C,0,1,0,
3210,charles darwin wrote about the theory of biological evolution not antievolution just because the word anti is in front of something it does not make it correct mate,actually im not sure its been proven,0,Attack,C,1,0,0,
2906,i cant say i agree with too much of what zebrakin said so i wont defend him,the reason for the existence of the second amendment is to prevent religious people from being denied the opportunity to practice their religion,1,Support,C,0,0,1,
2620,the only way that design could be detected in nature is if there were objects around that werent designed,and one of the reasons why id appears to be lousy theology but what the heck  i am sure iders can find yet another ad hoc explanation for this,1,Support,C,1,0,0,
2532,remember nick matzke a few years ago he outlined based on an extensive study of the scientific literature and homology studies a plausible scenario for the evolution of the bacterial flagellum,science was able to intelligently design flagellar function,0,Attack,C,1,0,0,
3287,so what is the difference in saying god is nothing and there is no god and god is nonexistent there is no difference all of the above statements have the same meaning,zingo he can be taught i know that there is no difference between those statements,0,Attack,C,0,1,0,
673,"UKIP are an independent party and have shown that their appeal is broad, making big dents in staunchly Labour voting areas as well as the recent bi-election successes.","The prime minister has said he would like to repatriate powers in certain areas before holding a referendum, although he has not spelt out in detail what they are.",2,No Relation,C,0,0,1,
3196,fact shmakt,yes everyone evolves as everyone endures mutations,0,Attack,C,0,1,0,
3962,this was just an amateurish hodgepodge of the departed the town and we own the night and sopranos,while i can see your point of view i enjoyed the pace of the film the tension especially when pope was onscreen had me holding my breath,0,Attack,C,1,0,0,
800,I'm no fan of UKIP but well done to them for initiating a much needed shake up of British politics.,"Mr Wheeler previously made a donation to UKIP - which wants the UK to leave the European Union - in the run-up to the 2009 European elections, saying that they are driving needed change.",1,Support,C,0,1,0,
2607,remember this is about islands claim and carters arguments,islandpvm sayslets see what we can track down via wikipedia which is always a good start for any researchnot where this subject is concerned,1,Support,C,0,0,1,
1119,"The momentum is with UKIP; Labour, Conservative and Liberal areas are all now vulnerable to them. ","The campaign was dominated by a war of words between the Conservatives and the UK Independence Party, which senior Tories fear will take a significant chunk of their votes.",1,Support,C,0,1,0,
551,"The People's Army is on the march and UKIP will get Britain back from the Liblabcon, Establishment and MSM political abusers of our country.","Adam Fleming spoke to Tory councillors Tom Pursglove, Louisa Thomas, David Simms and Simon Fawthrop as they approached the party conference in Manchester, and looked at the ComRes results.",2,No Relation,C,0,0,1,
2238,A vote for UKIP would be a vote for a Tory-UKIP alliance that would be more right-wing than a Tory government.,He said UKIP was clearly taking a very right wing position which pandered to an obvious anti-Europeanism.,1,Support,C,0,1,0,
3758,increase in wall thickness and gradual angle reduction in pin area,i agree on that,1,Support,C,0,1,0,
1571,It's a protest vote because (most) people know that UKIP will never net in power.,But Emma Lewell-Buck made history becoming the constituency's first female MP.,2,No Relation,C,0,0,1,
3783,the best way to protect Scottish interests in the EU is to vote for independence,An independent Scotland would avoid having a referendum on EU membership,1,Support,C,0,1,0,
422,"Arguably, UKIP & co. aspire to destroy the culture created in Europe after WWII, which has been based on openness, free travel, migration and cross-geographic access to goods and labour markets.",He has suggested that such a quick sequence of debates in 2010 took up too much media attention and took some of the gloss off the rest of the campaign.,2,No Relation,C,0,0,1,
3071,of all of aigs silliness i think this one is the winner,i believe that the day creation of the universe as we know it today has to be taken literally even though scripture does say that one day in the eyes of the heavenly father is like a thousand years,0,Attack,C,0,0,1,
3356, evolution is true im a christian but im not in denial adam and eve is a load of sh   its probably meant to be symbolic and easy to understand for the people of the day remember that was over  years ago, evolution is completely true darwin hit the nail right on the head when he defined the theory of evolution and the survival of the fittest understanding,1,Support,C,0,1,0,
1484,UKIP are a joke outfit full of small-minded Neanderthals who think the 1950s are the future.,"Speaking on Tuesday, UKIP leader Nigel Farage dismissed as a joke a story about a council candidate who created and tweeted an image of himself apparently standing with Adolf Hitler.",1,Support,C,0,0,1,
1388,For what its worth I think UKIP is a one trick pony and is unelectable in a general election.,"He beat fellow MEP David Campbell-Bannerman, economist Tim Congdon and former boxer Winston McKenzie.",2,No Relation,C,1,0,0,
2869,i am glad that someone is trying to oppose the paradigm of undirected chancenonintelligent necessity,there is more than naturalism can engage,0,Attack,C,0,1,0,
1401,"As far as immigration is concerned all Ukip want is a level playing field for non EU migrants and to control the numbers so, if anything, Ukip are too soft on immigration.","Mr Farage will tell members at the conference in London that, by the 2015 general election, UKIP will overtake the Lib Dems in terms of its support base.",1,Support,C,0,0,1,
2619, joeif we dont know then no one can say that a designer was not involved or not required,the only way that design could be detected in nature is if there were objects around that werent designed,1,Support,C,0,1,0,
953,The current smear strategy against UKIP is not pulling people back but pushing them towards UKIP and if this carries on then things are going to be a lot tighter by the time the general election comes.,"There needs to be a clearer narrative on immigration, stressing not only the need to restrict numbers, but also to determine which individuals, with what skills, enter our country, as UKIP proposes.",1,Support,C,0,1,0,
572,The hate campaign against Eastern Europeans that was and is run by UKIP legitimises anything said against them.,He said he could see no reason to take action against the Lincolnshire county councillor.,2,No Relation,C,0,0,1,
1326,A vote for UKIP is a vote to leave the EU and recover power over our national life.,In 1982 he decided not go to university but instead chose to work in the City as a commodities trader - which is where he met friend Steven Spencer.,2,No Relation,C,0,0,1,
1995,UKIP are in no way a single issue party and if Labour or the Conservatives were to give us a referendum UKIP would still have a full manifesto that would attract many voters.,He added that he was very fortunate to have been backed by UKIP at the 2010 general election.,2,No Relation,C,0,1,0,
255,"Even a UKIP European candidate, Janice Atkinson, another ex-Tory, admits leaving the EU would be problematic.","UKIP, which calls for withdrawal from the European Union and greater restrictions on immigration, has enjoyed much-improved opinion poll ratings in recent months and is expected to gain seats at next year's European Parliament elections.",0,Attack,C,1,0,0,
899,The current smear strategy against UKIP is not pulling people back but pushing them towards UKIP and if this carries on then things are going to be a lot tighter by the time the general election comes.,He later joined UKIP and acted as its Commonwealth spokesman in 2013 but quit the party in December.,2,No Relation,C,0,0,1,
2553, what features of the complexity of the cell points to intelligent design how does the complexity of the cell point to intelligent design these are the kinds of questions you should be answering with this argument,i asked the questions to give mr behe a hint about how to formulate a proper argument,1,Support,C,0,1,0,
3184,i could argue the many reasons i dont believe in creationism but i would never be able to end my list,science involves observations theory design testing and predictable outcomes,0,Attack,C,1,0,0,
4025,this film is the poster child for hollywood greed at work its a depressing plot devoid of compassionate characters i mean they kill a child in this movie who finds that entertaining,i started posting a riposte to your ridiculous message then i stopped and deleted it either youre taking the mick or you are an idiot either way i dont care,0,Attack,C,0,0,1,
1678,"The sooner we are out of the EU, the sooner we can start making this country great again.",Former Europe Minister Denis MacShane said the EU was Britain's biggest trading partner.,0,Attack,C,1,0,0,
2893,the term creation and creationists have very clear and religious meanings,you argue based on the ftes claims that the term creation and creationism had nothing to do with religion,0,Attack,C,1,0,0,
1896,UKIP language tends to portray the real experiences of UKIP people not the politically correct fantasy construct that too many people on here seem comfortable with.,"UKIP appears to have struck a chord with many voters on the issue of immigration, campaigning against the relaxation of working restrictions on Bulgarians and Romanians due to come into force in January.",1,Support,C,0,1,0,
3166,a lot of them are stupid and come up with outright stupid ignorant arguments against it,not stupid but ignorant and perhaps even foolish,1,Support,C,0,1,0,
2668,intelligent design has been misrepresented as some kackamamy religiously motivated scheme by those who are afraid to challenge what they believe in,first off the human eye did not pop into existence by chance it is the result of billions of years worth of   evolution  ,0,Attack,C,1,0,0,
1941,"The problem with popularism but no substance, like UKIP represent, is that it just results in things getting worse and worse.",UKIP says it is campaigning on a pro democracy message - aiming to rejuvenate local politics.,0,Attack,C,1,0,0,
2251,"If UKIP don't like being smeared, then they need to stop smearing, stigmatising, and fear mongering about others.",UKIP leader Nigel Farage said any members proven to have extreme right wing views would be expelled.,0,Attack,C,0,1,0,
2105,UKIP are in no way a single issue party and if Labour or the Conservatives were to give us a referendum UKIP would still have a full manifesto that would attract many voters.,"In a wide-ranging interview, Mr Davis also warned about the electoral challenge posed by the UK Independence Party, which campaigns for the UK to leave the European Union.",2,No Relation,C,0,0,1,
1130,"I sense that Farage is a total megalomaniac, a charlatan, someone who is in it for the attention and the glory and that in a strange way, that many UKIP voters know this but don't seem to mind.",Former Europe Minister Denis MacShane said the EU was Britain's biggest trading partner.,2,No Relation,C,0,0,1,
497,"I don't necessarily think Nigel Farage is worthy of PM, I think they need a new leader.",The idea of sitting down with the Liberal Democrats makes my stomach churn.,2,No Relation,C,0,1,0,
2135,UKIP's sole aim at the general election is to get a smallish number of MPs elected but enough to hold the balance of power and do a deal with the Tories.,It comes as William Hague ruled out an electoral pact with UKIP.,0,Attack,C,1,0,0,
3746,not london for sure,yes it is vienna,1,Support,C,1,0,0,
3723,exercising is a matter of commitment and determination even though ten minutes a day are definitely good for you you would need a lot more to get fit,you will not get fit but of course that helps you keep in shape is it true that you burn  calories every ten minutes of fast walking,1,Support,C,1,0,0,
1476,People are not voting for UKIP because of immigration propaganda but because of their direct experience of immigration.,"With Tory MPs anxious about the march of UKIP and immigration high on voters' list of concerns, many believe that kite has been crafted in Downing Street.",2,No Relation,C,1,0,0,
79,"I and many others will be voting UKIP not because of a handful of people that have said stupid things, it will be because I identify and agree with their overarching principles.",Like all local election results these will be endlessly interpreted by the pundits.,2,No Relation,C,0,0,1,
3384, this is pure ignorance, i really do not know where to start with this one at the time of writing this response apparently evolution is incorrect,1,Support,C,1,0,0,
932,A strong UKIP vote suggests there's a lot of the British public who aren't on board with the current set-up.,Its leader Nigel Farage said it was carrying out rigorous checks to avoid recruiting people who are a distraction.,2,No Relation,C,0,0,1,
858,If there are enough Ukip votes it should frighten all the parties sufficiently to make them realise they can't just ignore the electorate.,The UKIP initiative is being announced ahead of the start of its annual party conference on Friday.,2,No Relation,C,0,0,1,
3546,she is just starting to grow and mature and its not healthy natural or right to have a pregnancy at that age she could cause alot of damage being that young,at this point i would assume other members to say good she deserves to have that damage done to her white i agree with you  percent it would be dangerous to her and the baby either way ,1,Support,C,0,1,0,
3855,All nations have a right to nuclear weapons,Possessing nuclear weapons will be counter to the peaceful interests of states,0,Attack,C,1,0,0,
2800,the national center for science education does not as its name implies promote and support science education in the united states in a general sense,daveis there credible scientific evidence that life was designed yes,0,Attack,C,0,0,1,
802,"There's an election next month, UKIP are campaigning on the streets right now, and candidate upon candidate keeps churning out ridiculous (often racist, sexist or homophobic) views.","Rev Daniel Critchlow, for the Tories, came third on 3,479 votes, and Lib Dem Mary Di Mauro, came fourth on 1,176.",2,No Relation,C,0,0,1,
3396, there are plenty of examples of species evolving in present times, actually most leading scientists nowadays support evolution and of course its going to have massive holes in it thats what makes it a theory,1,Support,C,0,1,0,
2977,the point of the debate is to set up a straw man that the world was created in six days that antichristians can knock down,then why does this argument always seem to come from the creationists  aig was not founded and is not funded by the scientific community,1,Support,C,1,0,0,
1207,"The greens and ukip provide encouragement for labour and conservatives alike to address some issues people care about, albeit only lip service to retain votes mainly.",But Conservative Party chairman Grant Shapps categorically ruled out a deal with UKIP.,0,Attack,C,1,0,0,
3525,then you have mutations which are all either neutral or deleterious,wrong again some are beneficial is this another failure to grasp the basics or another misrepresentation,0,Attack,C,1,0,0,
2307,proof why creationism should be taught in schools,the dangers of creationism in education,0,Attack,C,1,0,0,
1034,"If you want an insight into just how mad and bad UKIP are, go and read what their members, candidates and supporters write on the Telegraph.","For the first time, though, Mr Farage has a competitor for the title of best-known man at conference.",2,No Relation,C,0,0,1,
2271,"Even a UKIP European candidate, Janice Atkinson, another ex-Tory, admits leaving the EU would be problematic.",But UKIP said leaving the EU was the only way to fully take control of the UK's borders.,0,Attack,C,1,0,0,
925,"In UKIP, we have a new political force which looks likely to poll very well in a national election.","In his weekly phone-in show on LBC radio last week, Mr Clegg described the Lib Dems as the party of 'in', meaning it was the most pro-European of the major parties at Westminster.",2,No Relation,C,0,0,1,
986,"If UKIP have a good general election and manage to take a few seats then that can only benefit Labour, because all of the seats that UKIP can possibly, conceivably win - well they are all Tory seats.","Evil is at its most destructive when it passes from the individual to the collective, he added.",2,No Relation,C,0,0,1,
662,"If UKIP have a good general election and manage to take a few seats then that can only benefit Labour, because all of the seats that UKIP can possibly, conceivably win - well they are all Tory seats.","But as politicians and the public become more used to devolved government, Giles Dilnot looks at the rise of other parties and UKIP looking to enter NI politics.",1,Support,C,0,0,1,
269,Many racists and especially xenophobes find the UKIP message appealing.,"Paul Nuttall was asked if his party had been talking to the Mid-Bedfordshire MP while she sat as an independent Conservative, amid speculation about her and the anti-EU party.",2,No Relation,C,0,0,1,
409,"Arguably, UKIP & co. aspire to destroy the culture created in Europe after WWII, which has been based on openness, free travel, migration and cross-geographic access to goods and labour markets.","Relations between the two have been strained for some time, with Ms Andreasen calling for Mr Farage to quit after the party's poor performance in council elections in 2011.",2,No Relation,C,0,0,1,
495,"The People's Army is on the march and UKIP will get Britain back from the Liblabcon, Establishment and MSM political abusers of our country.",Mr Farage said it was very important that UKIP gets a voice in Westminster.,1,Support,C,0,1,0,
1648,Whether UKIP can deliver on their promises if they were to win power at the next general election is a moot point because they will not win power.,"But the Commission says that, while he has talked to them about EU-wide regulations, he has barely uttered a word on the repatriation of powers.",2,No Relation,C,1,0,0,
1886,"The sooner we are out of the EU, the sooner we can start making this country great again.","Mr Cameron said there was lots of time for negotiation over the exact format of the broadcasts before the election scheduled for May 2015 - but made it clear the TV clashes should be restricted to himself, Mr Clegg and Labour leader Ed Miliband.",2,No Relation,C,0,0,1,
3474,all organisms tend to produce more offspring than can possibly survive,false and that does not invalidate evolution given how it is a misrepresentation of one of the statements in the theory ,0,Attack,C,1,0,0,
1469,"Ukip is the only party advocating withdrawal from the failing EU, a sensible idea for a lot of people!","UKIP's local election manifesto, concentrates on its flagship policy of ending open door immigration and putting pressure on the government not to lift restrictions on workers from Bulgaria and Romania on 1 January, which proved a successful formula in Eastleigh.",1,Support,C,0,1,0,
699,"There's an election next month, UKIP are campaigning on the streets right now, and candidate upon candidate keeps churning out ridiculous (often racist, sexist or homophobic) views.","In his state of the union address, in Strasbourg, Mr Barroso said the EU must not ease off on reform as growth edges back to the economy.",2,No Relation,C,0,0,1,
2450,do you know that there is a god youre  on this,i am confident there is a god,0,Attack,C,0,1,0,
3308, first this topic has been on the site at least  times even as recently as a week or so ago and you should run a search before relaunching the same tired junk, look there is no proof that god or any thing in the bible existed where as there is proof to suggest that we are related to monkeys as we have the same arm structure and the same bioorganisms,1,Support,C,1,0,0,
1176,"If UKIP do hold the balance of power and get into government, their only condition will be an in/out EU referendum.",The EU is no longer an academic debate because it's affecting people in their everyday lives.,1,Support,C,0,1,0,
421,The people and media that are criticising UKIP are highlighting the genuine concerns about UKIP and their policies towards immigrants.,This time they managed 17.9% of the vote.,2,No Relation,C,0,1,0,
615,If there are enough Ukip votes it should frighten all the parties sufficiently to make them realise they can't just ignore the electorate.,"Unlike all the others I actually had a job in the real world, for 20 years, Mr Farage said.",2,No Relation,C,0,0,1,
2266,UKIP's proposals on membership in the EU and migrants are at best purely demagogic: they do not take into account facts and more general issues.,Grant Shapps said the revised seats would be right and fair but denied he was in secret talks with the Liberal Democrats to get them through Parliament.,2,No Relation,C,0,0,1,
1422,Whether UKIP can deliver on their promises if they were to win power at the next general election is a moot point because they will not win power.,Why rip up our land when we'll get no benefit whatsoever?,2,No Relation,C,1,0,0,
3249,id doesnt undermine evolution,id does undermine evolution because supporters of id wish to put a sticker in every textbook that says something along the lines of evolution is just a theory,1,Support,C,1,0,0,
1333,Big business will not support UKIP given the devastation that withdrawal from the EU would cause.,It wasn't even enough to save the Lib Dem's deposit.,2,No Relation,C,0,0,1,
1047,"If UKIP want to retain these voters and attract more in a general election then they need to come up with policies other than ""leave the EU"" and ""its all the immigrants fault"".",There's more to UKIP than our policy of wanting to withdraw from the European Union and we will show that.,0,Attack,C,1,0,0,
3826,European Parliament elections should involve only one voting district all of Europe and not separate country seats,Some countries may be left without representation,0,Attack,C,1,0,0,
2744,schen,first thanks for the reply,0,Attack,C,0,0,1,
2873,sologosi dont believe that there is a significant controversy about the concept of natural selection,pvmcool now the claim is the arrival of variation,0,Attack,C,1,0,0,
717,"The country faces more than two big issues, which is where Ukip come apart at the seams in an incoherent bunch of right wing horse shit from whatever Think Tank came along at the time.","UKIP have nothing to say on the single market, health, overseas aid, foreign policy, animal health and welfare and tax.",1,Support,C,0,1,0,
1229,"I voted Tory for 30 years and started supporting UKIP because I want a sovereign, democratic , well governed Britain with Britain put first and its getting clearer by the day that the old Liblabcon parties will not do that.","Counting is under way in a series of council elections in England, where polls were also held on Thursday.",2,No Relation,C,0,0,1,
221,UKIP are not rabid racist and not another incarnation of the BNP.,"Because what we have done, we have thrown clothes off and they have picked them up and put them on.",2,No Relation,C,1,0,0,
2091,UKIP is a vessel through which a protest is being delivered. ,"I have absolutely no sympathy for the rent-a-mob protesters, the Swampies and the Occupy Movement and the anti-capitalists and eco-freaks who have sought to hijack the Balcombe protest, he said to cheers from supporters.",2,No Relation,C,0,0,1,
3349, i remember bumping into a jehovahs witness and he was blabbing on about some bullshit that the earth is in a stage called its last days, you dont need to believe in evolution you just need to understand it,1,Support,C,0,0,1,
3112,you get a gold star there has to be a first cause and within chaos theory there is a possibility of artificial intelligence but self awareness that is the real problem,since when speaking to one of the other posters did chance become a word to bias any argument against   evolution    doesnt make sense unless the poster is reading into something that probably isnt inferred and possibly feels an affront to his or her sensibilities,1,Support,C,1,0,0,
2789,but they do,how do public schools support hate of   religion  ,0,Attack,C,0,0,1,
2774,why should i waste more than  seconds attempting to communicate with an ignoramusim asking myself the same thing,of course the disco tute is the discovery of nonsense,0,Attack,C,0,1,0,
2496,behe claims that they can bring together separate components and place them in relationship to each other to create an effect that may be extremely unlikely to occur by chance,and worse during the dover trials the judge came to conclude that based on the evidence presentedjudge joneswe will now consider the purportedly positive argument for design encompassed in the phrase used numerous times by professors behe and minnich throughout their expert testimony which is the purposeful arrangement of parts,1,Support,C,0,1,0,
3330, you cant make nothing out of nothing, i believe evolution did occur but god created it,1,Support,C,1,0,0,
2940,certainly there is value in the documents from which human culture has derived the christian bible the value of which is to be determined individually by the reader,how can anyone believe that the human race began with just one pair adam and eve and refuse to face the logical consequence that the human race would have to have with brothersister incest  if god wanted to start the human race with just one pair of biological ancestors then he must have ordained incestuous marriage for at least the first generation of humans,1,Support,C,1,0,0,
1500,"UKIPs main issue has always been the EU, immigration has just been the bit that highlights what a failure the project has been.","UKIP's local election manifesto, concentrates on its flagship policy of ending open door immigration and putting pressure on the government not to lift restrictions on workers from Bulgaria and Romania on 1 January, which proved a successful formula in Eastleigh.",1,Support,C,0,1,0,
3889,I support the truth and reconciliation commission,The reconciliation process provides access to justice in post conflict states,1,Support,C,0,1,0,
3269,evolution has been proven many times,evolution has not been proven,0,Attack,C,1,0,0,
3398, well maybe there are some mistakes in the theory but as a whole concept is quite right and logical no, of course theyre nonsense,1,Support,C,1,0,0,
367,"On voting day, this week the vast majority of the British public will not vote for UKIP.","I believe that what UKIP is doing is vital for this country, and they will get more votes than people might expect.",0,Attack,C,1,0,0,
2775,of course the disco tute is the discovery of nonsense,of course the disco tute is the discovery of nonsense,0,Attack,C,0,1,0,
533,UKIP are in no way a single issue party and if Labour or the Conservatives were to give us a referendum UKIP would still have a full manifesto that would attract many voters.,But immigration is still the issue that opinion polls and focus groups suggest resonates most with UKIP supporters.,0,Attack,C,1,0,0,
3304, read my comments and you will truly see the mistake and stupidity in evolution, yes yes yes the bible so contradicts that,1,Support,C,1,0,0,
3447,i can appreciate this slant however i think that a true feminist approach would be to support women who want their pregnancies by finding solutions to the reasons they feel an abortion would be their best choice,that is not something you can really blame on the pro life movement in fact a lot of effort in the pro life movement does go into helping single mothers,0,Attack,C,1,0,0,
3106,i am a strong believer in the authority and inspiration of the word of god,the fact that we do not know i believe only gives more power to godyes  our ignorance proves that there is a god  or maybe not,0,Attack,C,0,0,1,
3493,women have been denigrated and made fun of for centuries i have just gotten tired of it and righteously so,both men and women have been denigrated and made fun of for centuries men are just better at denigrating and making fun,0,Attack,C,0,1,0,
2646,it should readtruth is probably the best factor in determining intelligence and one cannot have it without gd,i think that is what is called a freudian slip,0,Attack,C,1,0,0,
43,"The greens and ukip provide encouragement for labour and conservatives alike to address some issues people care about, albeit only lip service to retain votes mainly.",The UK Independence Party had its best ever local election night with a 14% share of the vote where they had candidates.,1,Support,C,0,1,0,
1518,Plenty of survey's have shown UKIP to be the most hated of the main parties.,UKIP say their message is cutting through regularly.,0,Attack,C,1,0,0,
1234,"I would say it's the anti-ukip brigade who have no substance to their argument (or facts), they simply shout ""racist"" with nothing to substantiate this slur, or become crude and insulting.","In 2005 it saved its deposit in 38 seats but lost its deposits in 451 others - costing about Â£225,500.",2,No Relation,C,0,1,0,
605,"I don't think most people realise the benefits of free trade at all, and UKIP capitalise on peoples ignorance of the benefits of free trade as much as they can.","Lord Heseltine, appearing on Daily Politics on Wednesday, compared UKIP's appeal with that of one-time Conservative minister Enoch Powell and his 1968 anti-immigration rivers of blood speech and with the former French National Front leader Jean-Marie le Pen.",1,Support,C,0,1,0,
3345, no no no  we are evolving constantly we have evolve so much that now we have the power to create, they all kinds of evidence that evolution exists,1,Support,C,0,1,0,
862,"My observation is that UKIP often are reluctant to directly answer any questions of substance, which can be accounted for by the fact that they really have no policies.","UKIP have pledged to do more to help with the cost of living, more to turn the economy round, more to get immigration down, to sort out the welfare system.",0,Attack,C,1,0,0,
1556,"I think Farage makes a much better leader than any of the other parties, he's full of enthusiasm and is not a PR man like the current leaders of the 3 main parties.",And they also seemed very thankful to have the colourful Nigel Farage back as party leader.,1,Support,C,0,1,0,
4012,did anybody else find the twist a bit silly i did it was shocking and unexpected alright but also so random ,i heard great things about old boy but when i finally finished watching it the ending just seemed like a forced plot twist to make the movie dark and edgy,1,Support,C,0,0,1,
846,I suspect when people do start to focus and the election is close UKIPs incoherent policies will be exposed.,UKIP failed to increase its number of councillors despite Mr Farage claiming it was on course for significant gains.,1,Support,C,0,1,0,
31,If UKIP is really the best our country can do for an alternative then we are all doomed.,I don't believe the party is going to think we have had it with him.,2,No Relation,C,1,0,0,
2694,even the antiidists require something beyond nature to explain the origin of nature,so id is about complexity and function but that merely describes what i outlined already,0,Attack,C,0,1,0,
2125,"As far as immigration is concerned all Ukip want is a level playing field for non EU migrants and to control the numbers so, if anything, Ukip are too soft on immigration.",Co-author Peter Bone said such measures would win back voters from UKIP.,2,No Relation,C,0,1,0,
543,"The greens and ukip provide encouragement for labour and conservatives alike to address some issues people care about, albeit only lip service to retain votes mainly.",He said the party had never been more important for our freedom as a self-governing democracy and had to go on telling the truth about Europe.,2,No Relation,C,0,0,1,
3055,all of those socalled evidences have been debunked by real scientists with real degrees and have true understanding of science,it is unfortuanate that creationists cannot be persuaded by facts,1,Support,C,0,1,0,
3523,i was only joking it hit me this morning though that if i am willing to talk about abortion without bringing up god i wonder if the pro choicers could argue their position without bringing up womens rights,womens rights actually exist unlike the christian god,0,Attack,C,0,1,0,
3727,maybe you could have a cake sale,indeed a cake sale sounds like a good idea,1,Support,C,0,1,0,
1627,UKIP are a joke outfit full of small-minded Neanderthals who think the 1950s are the future.,"Mr Campbell Bannerman, one of UKIP's 12 MEPs in the European Parliament and deputy leader, lost out to Nigel Farage in a leadership contest in November.",2,No Relation,C,0,0,1,
2112,"It feels like UKIP is anti most things and base their politics on this: Anti-aid, Anti-immigrant ‚Äì at times even anti-politics; it is therefore difficult to understand what they actually stand for and want to work towards.",UKIP leader Nigel Farage said any members proven to have extreme right wing views would be expelled.,0,Attack,C,0,0,1,
315,"If UKIP don't like being smeared, then they need to stop smearing, stigmatising, and fear mongering about others.",This time they managed 17.9% of the vote.,2,No Relation,C,0,0,1,
1061,"In fact, all UKIP seems to talk about now is withdrawl from the EU without any genuine policy around UK's domestic economy.","A default judgement was made in her favour by Exeter Employment Tribunal after UKIP, which denies the allegations, failed to lodge a defence.",2,No Relation,C,0,0,1,
2555,i was using your rhetorical question to attempt to get a discussion going,it always devolves to this when talking to id proponents,1,Support,C,0,1,0,
2466,in arguing for the existence of god dr,of course id has to move from its position of ignorance to a position which allows it to be fully reconcilable with science namely by arguing a position of front loading which moves the design event to coincide with the big bang,1,Support,C,0,1,0,
3975,i remember being underwhelmed when this first came out but enough time had passed when i caught it on tv so perhaps i had just been in the wrong mood back then maybe this time ill enjoy it but no,brilliant film disliked by people with no imagination,0,Attack,C,0,1,0,
2340,joewe look at the options,joewe look at the options,0,Attack,C,0,1,0,
53,"If UKIP want to retain these voters and attract more in a general election then they need to come up with policies other than ""leave the EU"" and ""its all the immigrants fault"".","The party, as Mr Snell puts it, was obliterated.",2,No Relation,C,0,1,0,
320,"I and many others will be voting UKIP not because of a handful of people that have said stupid things, it will be because I identify and agree with their overarching principles.","Contests took place in 27 English county councils and seven unitary authorities, as well as in Anglesey.",2,No Relation,C,0,0,1,
3798,I prefer trade to aid,Financial contributions from the West have proved detrimental for Africa,1,Support,C,0,1,0,
2528,prototypic should read phenotypic,as much as behes somewhat misleadingyet when lenski tracked down the mutations they tended to be degradative changes ones which destroyed genes or made them less efficient,1,Support,C,0,1,0,
2193,"The sooner we are out of the EU, the sooner we can start making this country great again.","That said, Lord Davies told peers the bill was an excellent idea, because he was quite confident that any such inquiry would decide that the benefits of EU membership outweigh the costs.",0,Attack,C,1,0,0,
2896,in other words the terms as defined clearly mirrored what we know as creationism and that it was an inherently religious concept,in pandas we read creation means that the various forms of life began abruptly through the agency of an intelligent creator with their distinctive features already intact,0,Attack,C,0,1,0,
1546,"Ukip is the only party advocating withdrawal from the failing EU, a sensible idea for a lot of people!","UKIP's local election manifesto, concentrates on its flagship policy of ending open door immigration and putting pressure on the government not to lift restrictions on workers from Bulgaria and Romania on 1 January, which proved a successful formula in Eastleigh.",1,Support,C,1,0,0,
268,"If you think that the Tories are nasty, heaven help us if UKIP get in because they would be nastier, more cruel, and more bigoted.",A UKIP candidate in Somerset was suspended from the party on Tuesday after a photo of him apparently making a Nazi-style salute appeared on his Facebook page.,1,Support,C,0,1,0,
3232,i have not seen any animal turning into another recently to be honest,heck  his girlfriend has more hair than she has now even as we speak,1,Support,C,0,0,1,
446,It's a protest vote because (most) people know that UKIP will never net in power.,The UKIP initiative is being announced ahead of the start of its annual party conference on Friday.,2,No Relation,C,0,0,1,
2805,some places do seem more open to honest debate over evolution rather than just trying to brainwash kids,you are confusing mn with is a methodology with a worldview again,0,Attack,C,1,0,0,
2312,island statesyou pretend like the appearance doesnt beg a real scientific question because you are overreacting to your perceived motivation of idists but not because you are thinking like an honest scientist would,you are missing the point the ad hominem is not that i did not understand your argument i can see why given your limited exposure to id you may have come to that conclusion,1,Support,C,1,0,0,
2854,lets talk about cricks statement biologist must constantly keep in mind that what they see was not designed but rather evolved,the bottom line is some interpretations of evolution leave little room for a caring god,0,Attack,C,1,0,0,
916,People are not voting for UKIP because of immigration propaganda but because of their direct experience of immigration.,I am very confident UKIP is going to get a bigger percentage share of the vote than anybody can yet quite believe here in the Westminster village.,1,Support,C,0,0,1,
1206,Labour won't have anything to do with UKIP as they are more right-wing than the Tories. ,"His fellow MEP and leadership candidate Gerard Batten, campaigning in a bright pink UKIP blazer, said he wanted to make the party more radical.",1,Support,C,0,0,1,
1773,A strong UKIP vote suggests there's a lot of the British public who aren't on board with the current set-up.,The Lib Dem leader also argued that being in the EU meant that we keep ourselves safer because we can go after cross-border crime and terrorism and that we can look after the environment in a way which we can't on our own.,2,No Relation,C,1,0,0,
3612,i find that very interesting that many christians are so loudly against abortion yet their own bible condones it,that is right everyone of the fundamentalists are on the band wagon about abortion being murder the same ones depend on their ministers to hail the words for the biblical scholars,1,Support,C,0,1,0,
215,Hopefully we will see our first UKIP MP before the general elections next year.,It will be a very comfortable win for Labour who can secure over 50% of the vote.,0,Attack,C,1,0,0,
1215,UKIP are not a single issue party anymore; UK Sovereignty is the crux of their party political platform but they've certainly expanded from that singular issue in recent years.,"However, its share of the vote did increase by nearly 1% as it polled more than 919,000 votes.",2,No Relation,C,0,1,0,
1242,"My observation is that UKIP often are reluctant to directly answer any questions of substance, which can be accounted for by the fact that they really have no policies.","Well, look, it is no good insulting a political party (UKIP) that people have chosen to vote for.",0,Attack,C,0,0,1,
3036,all this is hard to understand,as i stated above i believe neither side,0,Attack,C,0,0,1,
3146,what does random premarital sex lead toa number of possible outcomes based on a number of factors,i believe that the first chapters of genesis including the ancient history of the hebrew people should be understood within the context of covenant,1,Support,C,0,0,1,
3422, i have repeatedly asked for proof on this site and have yet to be supplied with any real proof, evolution is just an excuse for biology to occupy the adolescent young mind,1,Support,C,0,1,0,
22,"UKIP are a fairly right wing group as I'm sure will become clear when they actually produce some policies other than the ""its all the eu's"" fault.","The party's conference, which lasts until Saturday, will also feature former Conservative MP Neil Hamilton among its scheduled speakers.",2,No Relation,C,0,0,1,
2689,debater jay richards answers this question quite clearly in a short video  at     www,we may disagree as to the ability of id proponents to explain the ultimate source of complexity,0,Attack,C,0,0,1,
30,"Labour should be running scared of UKIP, now the working class are starting to realise that Labour is for middle class socialists and the public sector.",Prime Minister David Cameron has held back from attacking UKIP by name but acknowledged voters liked to punish governing parties between general elections.,2,No Relation,C,0,0,1,
3016,the bible is no more self authenticating then any other irrational fantasy,some foolish men declare that a creator made the world,0,Attack,C,0,1,0,
1515,"UKIP do not bear scrutiny either as a coherent policy offer or a group of potential ministers , they are an insurgent party of protest with one message.","He said it was proof that UKIP is no longer just a protest party and is broadening its appeal across the country, not just the south of England.",0,Attack,C,1,0,0,
3464,no its not that is a strawman i have never stated anything of the sort,strawman argument obviously you never said it your inferior intellect cannot articulate what you really mean it requires articulation by a superior being such as i ,0,Attack,C,1,0,0,
1454,"UKIP do not bear scrutiny either as a coherent policy offer or a group of potential ministers , they are an insurgent party of protest with one message.","Ahead of May's local elections, Conservative cabinet minister Ken Clarke dismissed UKIP as a protest party and a collection of clowns.",1,Support,C,0,1,0,
1020,Should ukip get into government it would be fair to assume that we'll see a whole raft of right-wing policies as actual government policy.,"So they are putting up more than 900 candidates in 94% of the councils that are holding elections, more than before but certainly not a full slate.",2,No Relation,C,0,0,1,
2206,If there are enough Ukip votes it should frighten all the parties sufficiently to make them realise they can't just ignore the electorate.,"Nigel Farage said the prime minister was terrified of losing votes to UKIP, and its rising poll rating and doubted any referendum would take place under the present government.",1,Support,C,0,1,0,
3681,but if we get this right we will waste less research time with dodgy students we wish we had rejected at interview,but interviews basically do not work very well,0,Attack,C,1,0,0,
1794,"I don't necessarily think Nigel Farage is worthy of PM, I think they need a new leader.","Oh and if the last few minutes of reading this article has felt like the Nigel Farage Show, he still dominates this political party.",0,Attack,C,1,0,0,
1052,If there are enough Ukip votes it should frighten all the parties sufficiently to make them realise they can't just ignore the electorate.,"He unsuccessfully ran for Parliament last year, after setting up his own anti-corruption party.",2,No Relation,C,1,0,0,
2523,lets look at this to counter the malarial parasite presumably another creation of this benevolent intelligent designer a designer tinkers over the millennia with our genes to confer partial immunity but with the sideeffect of lethal sicklecell disease,the only thing i take issue with in this argument is the comments about lenskis work with e,0,Attack,C,1,0,0,
3495,oh and i see you are still equating atheist with anyone who does not believe as i do,and i see you still flip back and forth from being an atheist to not being an atheist,0,Attack,C,0,1,0,
522,"If UKIP have a good general election and manage to take a few seats then that can only benefit Labour, because all of the seats that UKIP can possibly, conceivably win - well they are all Tory seats.","His team sell a rather low-grade tea towel bearing the face of Herman Van Rompuy, the president of the EU council, with the slogan genuine Belgian damp rag.",2,No Relation,C,0,0,1,
1302,For what its worth I think UKIP is a one trick pony and is unelectable in a general election.,"But judging from recent opinion polls UKIP's wider policies - grammar schools, curbing immigration and opposing gay marriage - seem to have struck a chord with disenchanted voters from the big three.",0,Attack,C,1,0,0,
2820,a non living entity possibly though it depends on you definition,that in no way describes the current theories about how life began,1,Support,C,1,0,0,
15,"The core of UKIP seem pretty much right wing, so you can expect those polices to be similar to the current conservative ones which will drive the left leaning voters away in droves. ","But Mr Cameron dismissed UKIP's showing as a protest by voters and promised to stay true to his principles, which he claimed to be quite disparate from UKIP's.",0,Attack,C,0,0,1,
2115,"The ratio of nutters in UKIP is far higher than in other parties, especially so since they seem determined to take all the Tories' fruitcakes off them.","Mr Cameron once described UKIP as a party of fruitcakes, loonies and closet racists.",1,Support,C,0,1,0,
2649,just when you think you have seen and heard it all the landons  eonic effect pops up again,may as well get to work on it,1,Support,C,0,0,1,
1976,"UKIP is a not a real party, with a clear global ideology and vision addressing all aspects of society: it is focusing on a handful of issues (all centered around membership in the EU and migrants), mostly ignoring global financial issues, health, education, security etc.",He said UKIP was clearly taking a very right wing position which pandered to an obvious anti-Europeanism.,1,Support,C,0,1,0,
1254,"The core of UKIP seem pretty much right wing, so you can expect those polices to be similar to the current conservative ones which will drive the left leaning voters away in droves. ","It is not certain whether this will be repeated, but Mr Farage argues that, as his party is enjoying a sustained run of good ratings in the opinion polls, he should be included in any repeat.",2,No Relation,C,0,0,1,
3426, wow, evolution is still happening,1,Support,C,0,0,1,
1781,"Ukip is the only party advocating withdrawal from the failing EU, a sensible idea for a lot of people!",Amjad Bashir was responding to comments on Wednesday's Daily Politics from ex-deputy PM Lord Heseltine that UKIP was a racist party.,0,Attack,C,1,0,0,
720,"Any of the ""working class"" who believe UKIP will represent them have not read a UKIP manifesto!",UKIP says it is campaigning on a pro democracy message - aiming to rejuvenate local politics.,0,Attack,C,0,1,0,
3928,We should allow voting at 16 in European Parliament elections,It would help distinguish between levels of elections,1,Support,C,0,1,0,
2161,I think it's far too simplistic to argue all UKIP supporters are racist - there is a real groundswell against the political establishment which over the past 20 years or so has started to converge in terms of image and policies.,"UKIP appears to have struck a chord with many voters on the issue of immigration, campaigning against the relaxation of working restrictions on Bulgarians and Romanians due to come into force in January.",1,Support,C,0,1,0,
706,The hate campaign against Eastern Europeans that was and is run by UKIP legitimises anything said against them.,UKIP simply want to stop an unrestricted flow of a very large number of unskilled people coming into Britain at a time when we have a million young unemployed people.,0,Attack,C,1,0,0,
103,"I agree with UKIP on the EU, but the rest of their policies are dangerous right wing bile.","Lib Dem deputy leader Simon Hughes told the BBC that the allegations had not had much impact on Eastleigh voters, who understood that they were simply being asked to choose a new MP.",2,No Relation,C,0,0,1,
453,A vote for UKIP is a vote to leave the EU and recover power over our national life.,"I'm not going to say I'm absolutely not going to do the job again but I've got to decide, in the wake of that accident, whether I'm strong enough to take the job on.",2,No Relation,C,0,0,1,
471,"In UKIP, we have a new political force which looks likely to poll very well in a national election.",But Simon Hughes said Mr Clegg was hugely qualified for the job.,2,No Relation,C,0,0,1,
1182,"I don't think most people realise the benefits of free trade at all, and UKIP capitalise on peoples ignorance of the benefits of free trade as much as they can.","Mr Farage was challenged on a number of issues - including the party's attitude towards climate change, maternity leave and small businesses, diversity in the party and the European Union.",1,Support,C,0,1,0,
2141,"If we leave the EU we will save billions of pounds which can then be invested in our ailing national infrastructure, notably the NHS.",The Lib Dem leader also argued that being in the EU meant that we keep ourselves safer because we can go after cross-border crime and terrorism and that we can look after the environment in a way which we can't on our own.,0,Attack,C,1,0,0,
3985,movies should be fun entertaining this movie is not waste of my time,then dont watch it its that simple but dont say that movies should be one thing have you not read depressing literature or stared at melancholic paintings before,0,Attack,C,1,0,0,
1994,UKIP is a vessel through which a protest is being delivered. ,"It is a disappointing result for the Conservative Party, but it is clear that, in mid-term by-elections, people want to register a protest.",1,Support,C,0,1,0,
1194,The success Ukip had in the european elections will be sufficient to galvanise one or preferably all the other parties to rid us of the EU's political influence.,"With his typically pugnacious sense of fun, the UK Independence Party leader Nigel Farage offered his analysis of that second place finish in the Eastleigh by election in February.",2,No Relation,C,0,0,1,
1808,UKIP are a joke outfit full of small-minded Neanderthals who think the 1950s are the future.,"I believe that what UKIP is doing is vital for this country, and of course the party's financial management is crucial.",0,Attack,C,1,0,0,
1902,The reason for political failure and the rise of UKIP is all to do with the lack of control people feel about their own lives and the powerlessness.,Man's best friend doesn't look like our best friend from where I'm looking and is leaving us both with the impression that he'll not only demolish the leaflet being offered to his owner but the arm of whoever hands it to him.,2,No Relation,C,0,0,1,
1214,UKIP are not a single issue party anymore; UK Sovereignty is the crux of their party political platform but they've certainly expanded from that singular issue in recent years.,"His name is Nigel Farage, the leader of the UK Independence Party.",2,No Relation,C,0,0,1,
2660,science is testable,if intelligent design says nothing about the supposed designer then of what value is it if the designer created life millions or billions of years ago what was his purpose in doing so what iswas the designer like did the designer give specific instructions to his creations as most religions teach the id promoters delibrately leave such questions unanswered in their official pronouncements about id,1,Support,C,0,1,0,
3161,as has already been covered,genesis  and  say and there was evening and there was morning a sixth day,0,Attack,C,0,0,1,
1891,UKIP are not a single issue party anymore; UK Sovereignty is the crux of their party political platform but they've certainly expanded from that singular issue in recent years.,He promised that his party would sing Mr Lynam's humorous version of Send in the Clowns at its South East conference on 8 June.,2,No Relation,C,0,0,1,
1202,Many racists and especially xenophobes find the UKIP message appealing.,"UKIP beat us in 2009; a year later we won 24% of the vote in the general election and UKIP were nowhere, the deputy prime minister told Channel 4 News.",2,No Relation,C,1,0,0,
3902,I believe that opinion polls harm the democratic process,Opinion polls are harmful to the democratic process because they stifle debate,1,Support,C,0,1,0,
538,"The country faces more than two big issues, which is where Ukip come apart at the seams in an incoherent bunch of right wing horse shit from whatever Think Tank came along at the time.",Conservative Party Chairman Grant Shapps said he was delighted to welcome her to his party.,2,No Relation,C,0,0,1,
787,"If you want an insight into just how mad and bad UKIP are, go and read what their members, candidates and supporters write on the Telegraph.","After pursuing a career in the media, Mr Hamilton returned to the political spotlight earlier this year when he joined UKIP - which campaigns for the UK to leave the EU.",2,No Relation,C,0,0,1,
325,UKIP are not rabid racist and not another incarnation of the BNP.,If you accept defectors from the Conservative Party you will always have embarrassments.,2,No Relation,C,0,0,1,
37,UKIP are a joke outfit full of small-minded Neanderthals who think the 1950s are the future.,"After losing out to Speaker John Bercow - and surviving a light aircraft crash - he returned to his role at the head of UKIP, which campaigns for Britain'e exit from the EU.",2,No Relation,C,0,0,1,
2245,"As far as immigration is concerned all Ukip want is a level playing field for non EU migrants and to control the numbers so, if anything, Ukip are too soft on immigration.",Small parties have a habit of disintegrating into internal warfare or being wiped out by the vagaries of the electoral system and political fashion - British politics has seen a few come and go over the years.,2,No Relation,C,0,0,1,
631,"Even a UKIP European candidate, Janice Atkinson, another ex-Tory, admits leaving the EU would be problematic.","For their own part, if results do not go their way, the Tories will plead mid-term blues.",2,No Relation,C,0,0,1,
333,"The sooner we are out of the EU, the sooner we can start making this country great again.","A full day before the chat started, the site's users began posting criticism of the party, while some sent blank messages in a silent protest.",2,No Relation,C,0,0,1,
878,The only reason we are even having a sensible debate about Europe are UKIP.,"It is doing the country serious damage because there are large numbers of potential investors in the UK who would bring employment here, who are being warned off because of the uncertainty all of this is creating.",0,Attack,C,0,0,1,
981,"In UKIP, we have a new political force which looks likely to poll very well in a national election.",Several women are among their leading candidates in the election.,2,No Relation,C,0,1,0,
3289,aithiesm constitutes that nothing created the universe, god does exist he created evolution,0,Attack,C,1,0,0,
2663,the informational signaturesonly conscious beings produce signatures,first id is being applied only to objects that have high levels of csi,1,Support,C,0,0,1,
3963,while i can see your point of view i enjoyed the pace of the film the tension especially when pope was onscreen had me holding my breath,right the tension was astonishing it made me feel ill  amazing a very good film,1,Support,C,0,1,0,
4021,as far as acting and cinematography go this film was great but the content and plot were horrible,yes this movie was pretty bad,1,Support,C,0,1,0,
2752,lets just cut to the chase id does not perform any empirical and statistical verifications at best they could perform statistical falsifications of a particular scientific hypothesis but even the simplest hypotheses are not easily captured in statistics and thus id has found that most examples of supposedly designed systems cannot really be tested using id methodology,pvmfirst of all the judge observed that the school board was strongly motivated by religious beliefs and the fact that they believed that id presented a scientific hypothesis and thus a valid secular purpose was their downfall ,0,Attack,C,0,0,1,
340,For what its worth I think UKIP is a one trick pony and is unelectable in a general election.,"Meanwhile, the Bulgarian President Rosen Plevneliev has warned that Britain's immigration policy could harm its image as a great global power that pioneered integration.",1,Support,C,0,0,1,
2921,you cant offer anymore than theory for one or the other,so luskin is accusing ncse of being both antireligion and proreligion,1,Support,C,0,0,1,
3931,We should allow voting at 16 in European Parliament elections,There should not be different voting ages for different elections,0,Attack,C,0,1,0,
3403, evidence indicating intelligent design is abundant and overwhelming, granted creationism is not provable through the use of the scientific method,1,Support,C,1,0,0,
1947,"UKIP will lead the UK to independence from the oppressive EU, which is the only chance Britain has at restoring its former glory.","Deputy Prime Minister Nick Clegg, whose Liberal Democrats oppose a referendum, said leaving altogether would make us less safe because we co-operate in the European Union to go after criminal gangs that cross borders.",0,Attack,C,1,0,0,
1562,UKIP is a vessel through which a protest is being delivered. ,"Well, that's poppycock but I don't think Nick Clegg, who is a charming young man, has ever purported to know anything at all about economics.",2,No Relation,C,1,0,0,
1477,"UKIP are an independent party and have shown that their appeal is broad, making big dents in staunchly Labour voting areas as well as the recent bi-election successes.","I think people should look at Bradgate Park to see how council-owned places can be run, he added.",2,No Relation,C,0,0,1,
3042,many people claim that certain writings are the word of god,after the entire cain and able thing the brother left to another group of people to find a wife,1,Support,C,0,0,1,
776,"UKIP are just another bunch of freeloaders, using peoples fears and prejudice to gain votes so that they can get their snouts into the trough.","While it was easy to accuse the Commission of waste, he said nearly 95% of the Budget was spent directly in the member states.",2,No Relation,C,0,0,1,
1471,UKIP will continue to grow as will the arrogance of the other parties.,"As the party celebrates its 20th anniversary with its annual conference on Friday, City spokesman Steven Woolfe said it had grown tremendously.",1,Support,C,0,1,0,
1732,"In UKIP, we have a new political force which looks likely to poll very well in a national election on thursday.","Since then, UKIP's fortunes have improved and it recorded its best performance in a parliamentary by-election in Rotherham in December.",1,Support,C,0,1,0,
2283,it is not appropriate to teach creationism as a means for upholding the bible, allowing creationism in schools would violate the separation of church and state a separation of church and state necessitates that public schools not be a forum for upholding the validity or truth of certain faiths,1,Support,C,0,1,0,
4037,i cant believe that a great film like this can receive such a low rating while the likes of shawshank redemption and batman sit comfortably in the top  list of the entire website,those movies that you mentioned are actually entertaining unlike this pseudointellectual crapfest,0,Attack,C,0,1,0,
3868,We should create a United Nations standing army,A United Nations standing army would not be costeffective,0,Attack,C,1,0,0,
1249,Big business will not support UKIP given the devastation that withdrawal from the EU would cause.,In 1982 he decided not go to university but instead chose to work in the City as a commodities trader - which is where he met friend Steven Spencer.,2,No Relation,C,0,0,1,
275,"I and many others will be voting UKIP not because of a handful of people that have said stupid things, it will be because I identify and agree with their overarching principles.",UKIP leader Nigel Farage said he was pleased with the way pools were shaping up.,1,Support,C,0,0,1,
3883,The US should ban cluster bombs,The Ban is Unfeasible,0,Attack,C,1,0,0,
3280,i thought evolution is a naturally occurring process not a consequence of a controlled experiment in a lab,please take no offence to my response,0,Attack,C,0,0,1,
2795,the  commandments are not the sole source of morality,what i am saying is if we teach laws,0,Attack,C,0,1,0,
12,The hate campaign against Eastern Europeans that was and is run by UKIP legitimises anything said against them.,The by-election was called following the resignation of the former MP Denis MacShane on 2 November.,2,No Relation,C,0,0,1,
4008,i actually really loved moon i was invested the entire way through,yes i was the same as you sam rockwell was just incredible i can understand why some people do not like it but i was mesmerised,1,Support,C,0,1,0,
3369, as far as evolution god and the creation of man is concerned maybe evolution is an explanation of how and not why, as a general common sense rule you really shouldnt get into a debate against evolution unless you have some basic understanding of the process of evolution,1,Support,C,0,1,0,
1511,UKIP isn't committed exclusively to either right-wing or left-wing ideology and that’s a very good place to be.,Some Conservative backbenchers have suggested a deal with UKIP is necessary to avoid splitting the right-wing vote and allowing Labour leader Ed Miliband into Number 10.,0,Attack,C,0,1,0,
671,"Marketing UKIP as ""the people's army"" is a bitter irony.","I believe I can lead the party from the front as a campaigning organisation, he said.",2,No Relation,C,0,0,1,
389,"UKIP are a fairly right wing group as I'm sure will become clear when they actually produce some policies other than the ""its all the eu's"" fault.","With UKIP keen to be seen as more than a party which just campaigns on leaving the EU, the conference will also discuss defence, education and housing.",0,Attack,C,1,0,0,
1004,If anyone seriously thinks that UKIP will offer some kind of answer to our current problems then I think that they are going to be sadly disappointed.,"Prime Minister David Cameron has promised, if the Conservatives win the 2015 general election, to hold an in/out referendum on the UK's EU membership by the end of 2017.",2,No Relation,C,0,0,1,
3700,yes marihuana does much less harm if at all to the human body than cigarettes,i think it does just as much damage as cigarettes but i agree it is hypocritical to sell one and not the other,0,Attack,C,1,0,0,
1355,"If you think that the Tories are nasty, heaven help us if UKIP get in because they would be nastier, more cruel, and more bigoted.",Mr Thornton has been a parish and borough councillor since 2007 and has lived in the local area for 19 years.,2,No Relation,C,0,0,1,
192,"Any of the ""working class"" who believe UKIP will represent them have not read a UKIP manifesto!","But it caused tensions in the Tory ranks, with Mr Cameron accused of being out of touch with his grassroots.",0,Attack,C,0,0,1,
2750,as explained on that page some of the scientific journals and other prestigious academic sources that have published peerreviewed scientific publications by id proponents supporting core id arguments includeand then the discovery institute continues to claim some journals without providing much of any reference to the actual papers, we focus only on the constitutional aspects to this issue,0,Attack,C,0,0,1,
3757,undergrads contribute to research,yes and urop is great,1,Support,C,0,1,0,
3452,do you believe in purple unicorns on uranus have you or anyone been to uranus to check,uranus is a ball of gas genius,0,Attack,C,1,0,0,
3047,while aig tries to defend genesis with the weakest possible argument answers in creation explain genesis i in a way that gives it a literal interpretation that is still in line with   science  ,the only assuption we make in science is that the nature of the universe is consistant and rational,1,Support,C,0,0,1,
223,"The People's Army is on the march and UKIP will get Britain back from the Liblabcon, Establishment and MSM political abusers of our country.","Peter Kellner, president of survey organisation YouGov, said he expects UKIP to worry the Tories by potentially wrecking their chances of winning an overall majority.",1,Support,C,0,0,1,
1158,The success Ukip had in the european elections will be sufficient to galvanise one or preferably all the other parties to rid us of the EU's political influence.,"When asked about Labour's performance in the local elections in May, he said the One Nation label was good, but that they needed the policies behind it to back it up.",2,No Relation,C,0,0,1,
3279,your definition of faith is atheistic it actually denotes the essence of the term foolish,i thought evolution is a naturally occurring process not a consequence of a controlled experiment in a lab,0,Attack,C,0,0,1,
2881,the smoking guns are well established,jon buell the president of the foundation for thought and ethics testified in court enjoyby mr,0,Attack,C,0,0,1,
218,"In fact, all UKIP seems to talk about now is withdrawl from the EU without any genuine policy around UK's domestic economy.","He said he did not believe the Tories had to start sounding like UKIP, who he dismissed as isolationists, in order to win the next election, saying the only way to win was to get on with the serious business of governing the country.",1,Support,C,0,1,0,
2369,pvm those are merely my opinions,i cannot argue with your opinions as to what you want to believe,0,Attack,C,0,1,0,
2569,jaythat means that anyone who dares speak of purpose or design within science or when discussing scientific evidence ceases to be a scientist,months later and i think we can agree pandas did not advocate religion,0,Attack,C,0,0,1,
136,"The momentum is with UKIP; Labour, Conservative and Liberal areas are all now vulnerable to them. ","What you are not free to do, and what only an Almighty God is free to do, is to control the divine consequences of your proposed action.",2,No Relation,C,0,0,1,
3437, creation is fantasy and you cant prove a fantasy, it is only belief,1,Support,C,1,0,0,
2851,idnetthe following statement by the employee of ncse is the exact form of inference to the best explanation that id scientists use to demonstrate that there is intelligence behind life,when there was a move to distribute unlocking the mystery of life dvd to australian schools a few worried scientists headed by michael archer from unsw got together and signed a letter on behalf of  scientists and educators,0,Attack,C,0,0,1,
2682,because i hate to break it to you but   christians   believe that the world is round so does that mean you disagreebut is a round earth inherently a christian positionalso pagans believe that the earth is round as well,i recommend this bookgod in the foxhole by charles sasser not that youll read it but hey its worth a try,0,Attack,C,0,0,1,
1806,It is because of UKIP that we are finally discussing the European question and about immigration and thank goodness for that.,"UKIP had increased its vote by 50% in the general election and had many exciting plans for the future, he said, but it was time for a younger leader to show how liberating and enriching life would be outside the EU, saying he was confident one would emerge.",1,Support,C,1,0,0,
3631,it is my understanding that the rules are if you are banned you can not simply create a new id and return under it this happened when terral was banned and returned using a new id,oh thanks for pointing that out i did not recall reading that rule but it certainly makes sense,1,Support,C,0,1,0,
426,"On voting day, this week the vast majority of the British public will not vote for UKIP.","Historically people turned out in European elections to vote for UKIP and then in general elections went back to their normal parties but something has changed since then, he said.",0,Attack,C,1,0,0,
344,UKIP and the Greens are the only parties to date that haven't screwed us all over.,"Mr Helmer, 68, had been planning to step down in December and hand over to his friend and fellow Eurosceptic, Rupert Matthews.",2,No Relation,C,0,0,1,
3809,We should grant politicians immunity from prosecution,In the event of major abuses of power it should be the public that holds politicians to account,1,Support,C,1,0,0,
380,If the other parties do tackle the issues of EU and immigration I'll be more than happy to see UKIP disappear.,Mr Farage stepped down briefly before the last election to concentrate on winning a seat in Parliament and says he was not involved in drawing up its manifesto.,2,No Relation,C,0,0,1,
2155,UKIP getting a large chunk of the vote in the EU elections sends a message to Europe that they cannot take the UK membership for granted.,He responded by describing the criticism as laughable nonsense.,2,No Relation,C,1,0,0,
3708,i believe he overused the hero type of comic movies,i totally agree but do you not think that this is a characteristic that distinguishes all of tarantinos characters the exaggerated behavior,1,Support,C,0,1,0,
527,UKIP are a joke outfit full of small-minded Neanderthals who think the 1950s are the future.,He told the BBC's Andrew Marr he did not want them to overshadow the campaign as he says they did in 2010.,2,No Relation,C,0,0,1,
1818,"UKIP do not bear scrutiny either as a coherent policy offer or a group of potential ministers , they are an insurgent party of protest with one message.",There are signs UKIP is starting to pick up the sort of protest votes that traditionally go to the Liberal Democrats - as well as benefiting from a slump in support for the British National Party.,1,Support,C,1,0,0,
330,"The momentum is definitely with UKIP at the moment, hopefully that will continue with the up and coming by-elections.",Later he appeared to reject the idea of a pact outright when he said on Twitter no deals with the Tories.,2,No Relation,C,0,0,1,
4006,after sitting through this movie i could not fathom why it is rated so high after the clone plot is revealed the movie lacks the grip and mystery altogether,i agree with you eight points it is way too high the movie is ok i think it deserves no more than six points,1,Support,C,0,1,0,
3755,go by bike,yeah really great idea bikes rock,1,Support,C,0,1,0,
2287,the bible is simply wrong if a literal interpretation is taken on this question the bible just is wrong and if you insist on holding a literalistic approach to scripture then the implications you claim do indeed follow,the idea that creationists reject mutation or natural selection is ridiculous,0,Attack,C,0,1,0,
2779,as you have been told already what phil says is irrelevant to id,i guess this means that what id proponents say about id is irrelevant even though said proponents are the ones who started idfascinating indeed,0,Attack,C,0,1,0,
2221,UKIP getting a large chunk of the vote in the EU elections sends a message to Europe that they cannot take the UK membership for granted.,Mr Farage has a network of unofficial party offices embedded in every community in the country.,2,No Relation,C,0,0,1,
1257,"If UKIP have a good general election and manage to take a few seats then that can only benefit Labour, because all of the seats that UKIP can possibly, conceivably win - well they are all Tory seats.",Mr Cameron has promised an in/out referendum after he has negotiated the return of some powers - so far unspecified - from Brussels.,2,No Relation,C,0,0,1,
2857,couldnt atheism be the main reason people have come to embrace a certain type of evolution and object to id the emotions so commonly seen in the rejection of id support this,id may assert but as a science their contributions remain largely with content,0,Attack,C,0,0,1,
3376, well as being one of the denoted tie breakers of this debating conversation topic i would like to point out that evolution is both a fact and a theory, why is it that when you try to look at the theory of evolution that it comes down to a god thing       as far as i am aware evolution has been tested  proven and those conditions reproduced,1,Support,C,1,0,0,
1677,UKIP are in no way a single issue party and if Labour or the Conservatives were to give us a referendum UKIP would still have a full manifesto that would attract many voters.,UKIP has evolved over the two decades since it was created from an anti-EU pressure group into a fully fledged party which has now proved that it can succeed beyond European elections.,1,Support,C,0,1,0,
2930,you have got to be kidding me,there are two and they are fundamentally different,1,Support,C,0,1,0,
26,If the other parties do tackle the issues of EU and immigration I'll be more than happy to see UKIP disappear.,"He came fourth in the ballot in Bexhill and Battle, in East Sussex, at last year's general election.",2,No Relation,C,0,0,1,
1908,"I don't think most people realise the benefits of free trade at all, and UKIP capitalise on peoples ignorance of the benefits of free trade as much as they can.",It comes as William Hague ruled out an electoral pact with UKIP.,2,No Relation,C,0,0,1,
2565,meaningless nonsense of course,its funny because i already named some provided resources to find them and yet you seemed to dodge the argument altogetherfollowed by the usual nonsense,0,Attack,C,1,0,0,
1707,A strong UKIP vote suggests there's a lot of the British public who aren't on board with the current set-up.,"He said the UK should quit the EU, with the referendum being moved forward.",1,Support,C,0,1,0,
844,"Arguably, UKIP & co. aspire to destroy the culture created in Europe after WWII, which has been based on openness, free travel, migration and cross-geographic access to goods and labour markets.","But judging from recent opinion polls UKIP's wider policies - grammar schools, curbing immigration and opposing gay marriage - seem to have struck a chord with disenchanted voters from the big three.",0,Attack,C,1,0,0,
4050,the only good thing in this movie was dr schultz after that it was a yawn fest,this post is a yawn fest worst movie ever you should be tied up and forced to watch the baby geniuses movies or battlefield earth see what a real bad movie is like next,0,Attack,C,0,0,1,
3713,usually the best city in every country is the capital so i would go for madrid ,i agree if you were to visit only one city in spain madrid would be it,1,Support,C,0,1,0,
989,Support for UKIP simply indicates that people have noticed that the major parties do not represent their interests.,"Concern for Labour who, even when the coalition is so unpopular, found themselves an irrelevant fourth.",2,No Relation,C,0,0,1,
2485,it also means that scientists who hold legitimate scientific views deserve to be heard even if their views differ from the consensus,i assert that they have been heard and their arguments have been refuted and thus they are legitimately ignored until they come up with some actual scientific evidence and arguments,0,Attack,C,1,0,0,
1530,UKIP and the Greens are the only parties to date that haven't screwed us all over.,"Ahead of May's local elections, Conservative cabinet minister Ken Clarke dismissed UKIP as a protest party and a collection of clowns.",0,Attack,C,1,0,0,
1742,"UKIP's position is not reasonable, but racists and proto-fascist, considering they have nothing to say about the finance capital bombing of the economy, but to put all the blame for Europe's woes onto immigration.","David Cameron should consider a pact with UKIP, his elections adviser has said.",0,Attack,C,0,0,1,
1842,UKIP and the Greens are the only parties to date that haven't screwed us all over.,UKIP say it proves their message is cutting through regularly.,1,Support,C,0,1,0,
1961,"UKIP are a fairly right wing group as I'm sure will become clear when they actually produce some policies other than the ""its all the eu's"" fault.",It has been a key part of his strategy to distance the party from the far right - its constitution bans former BNP members from joining.,0,Attack,C,0,0,1,
2339,joe i do,joewe look at the options,1,Support,C,1,0,0,
2929,debates like this do nothing more but cause problems for people who are trying to pursue legitimate alternatives to neodarwinian theory,you have got to be kidding me,1,Support,C,1,0,0,
167,"Marketing UKIP as ""the people's army"" is a bitter irony.","David has expressed his admiration for David Cameron, who has announced that he will not give the people of this country a referendum on Europe because he believes we should stay in.",2,No Relation,C,0,0,1,
3320, i do not believe that we evolved from monkeys or any other animal i believe that god created us in his own image, it is very wrong we didnt evolve from apes,1,Support,C,1,0,0,
2625,that figures,contribution from joe gjoe ggeez pvm your position that everything comes down to sheer dumb luck is totally vacuous,0,Attack,C,0,0,1,
2547,icdesigni think behe has made the case for obvious design within the cell and i dont think you will findanyone who could put it any more clear,hi pvm they finally got things straightened out,0,Attack,C,0,0,1,
3972,animal kingdom is better than the town and winters bonei have just seen animal kingdom and wow what an awesome movie it was,this was a good movie but frankly the lead character was about as wooden as it gets winters bone and the town had much more engaging lead actors,0,Attack,C,1,0,0,
3942,We should force think tanks to reveal all of their sources for resource funding,Being subject to scrutiny discourages investors from supporting good projects,0,Attack,C,1,0,0,
1468,"On voting day, this week the vast majority of the British public will not vote for UKIP.","Speaking on the BBC's Andrew Marr programme, he insisted that the 2014 elections to the European Parliament were his main priority.",2,No Relation,C,0,0,1,
120,"UKIP are an independent party and have shown that their appeal is broad, making big dents in staunchly Labour voting areas as well as the recent bi-election successes.","UKIP, which campaigns for the UK to leave the EU, averaged 25% of the vote in the wards where it was standing in Thursday's elections and won more than 140 seats.",1,Support,C,0,1,0,
376,If there are enough Ukip votes it should frighten all the parties sufficiently to make them realise they can't just ignore the electorate.,If I've offended anybody in Bongo Bongo Land I will write to their ambassador at the Court of St James.,2,No Relation,C,0,0,1,
622,Cameron had it right and UKIP could tip the balance towards Labour in the crucial marginal seats in the GE where the battle will take place .,UKIP reacted to coming second by saying they were the winners in the poll.,1,Support,C,0,0,1,
998,Only an idiot would think a UKIP win would result in withdrawal from the EU the day after.,But Mr Davis called for this to be held ahead of next year's European elections.,2,No Relation,C,1,0,0,
2761,peter irons article is only one part of the montana law reviews take on this,robert crowtherlike modern evolutionary theory there is more than just one side to the debate,0,Attack,C,0,1,0,
2845,jimfinally i just want to say that it appears to me that statements made against id and their proponents  made by others not you  regarding id has been so emotionally charged it makes me feel their judgment is affected,or that evolution is a process involving randomness and natural selection,1,Support,C,0,0,1,
1868,UKIP are a joke outfit full of small-minded Neanderthals who think the 1950s are the future.,The latest debate over a vote was prompted by David Cameron penning a Daily Telegraph article.,2,No Relation,C,0,0,1,
1295,"UKIP are an independent party and have shown that their appeal is broad, making big dents in staunchly Labour voting areas as well as the recent bi-election successes.","Addressing party members in Birmingham, he predicted UKIP would cause a political earthquake - particularly now that the EU leaders' desire for a fully federal Europe was out of the bag.",1,Support,C,0,1,0,
2400,what i desire to beleive is totally irrelevant,very well said,0,Attack,C,0,1,0,
1170,If there are enough Ukip votes it should frighten all the parties sufficiently to make them realise they can't just ignore the electorate.,The by-election was triggered by former Lib Dem cabinet minister Chris Huhne's resignation as an MP earlier this month after he pleaded guilty to perverting the course of justice over claims his former wife took speeding points for him.,2,No Relation,C,0,0,1,
1565,"The problem with popularism but no substance, like UKIP represent, is that it just results in things getting worse and worse.","UKIP appears to have struck a chord with many voters on the issue of immigration, campaigning against the relaxation of working restrictions on Bulgarians and Romanians due to come into force in January.",0,Attack,C,1,0,0,
840,"I think Farage makes a much better leader than any of the other parties, he's full of enthusiasm and is not a PR man like the current leaders of the 3 main parties.","Mr Farage said Mr Bloom had, over the course of the summer, done his best to garner as many headlines as possible, and you can laugh occasionally.",2,No Relation,C,0,0,1,
3266,i think you have some misconceptions about what evolution actually is,answers answers answersthanks,1,Support,C,0,0,1,
1730,UKIP's sole aim at the general election is to get a smallish number of MPs elected but enough to hold the balance of power and do a deal with the Tories.,"He proposes a pact, in which the Conservatives would promise a referendum after 2015 and in return UKIP would not stand against Tory candidates.",1,Support,C,0,1,0,
3560,in my lifetime we have made huge strides but there is a lot more to learn,agreed that is why a sensible interpretation of new data is so important ,1,Support,C,0,1,0,
2225,"UKIP advocates for the UK leaving the European Union which would be a bad idea ‚Äì but they are trying to leverage on the british people‚Äôs need to belong and pride to be british, which further sparks their anti-foreigner standpoint.",He argued that his party was on a journey from a party of protest to a party of government.,2,No Relation,C,0,0,1,
2068,"Despite you best efforts at pretending otherwise, UKIP are still widely disliked and untrusted by the majority of the population.",He said UKIP was clearly taking a very right wing position which pandered to an obvious anti-Europeanism.,2,No Relation,C,0,1,0,
2393,on pandasthumb nick matzke whose contributions to dover v kitzmiller were instrumental in the stunning defeat of intelligent design and whose contributions to exposing the fallacies in behes arguments as well as the extent of ignorance of science amongst id proponents has caused much concern amongst id proponents so much that in general they have chosen to pretend in a typical creationist fashion that matzkes arguments do not exist,i read the entire article,0,Attack,C,0,0,1,
399,"Arguably, UKIP & co. aspire to destroy the culture created in Europe after WWII, which has been based on openness, free travel, migration and cross-geographic access to goods and labour markets.","Marta Andreasen, who represents the South East England in the European Parliament, said she was unlikely to stand as a UKIP candidate next year.",2,No Relation,C,0,0,1,
875,UKIP are a joke outfit full of small-minded Neanderthals who think the 1950s are the future.,"We have really connected with voters in this constituency, Farage told the BBC.",0,Attack,C,1,0,0,
2863,but its more than we dont understand thus designed,i am fast drawing to the conclusion that this discussion will never end,0,Attack,C,0,0,1,
1966,UKIP are a joke outfit full of small-minded Neanderthals who think the 1950s are the future.,"And there's quite a lot of them, he added.",2,No Relation,C,0,1,0,
2545,im not a cell expert either and understanding what behe wrote in his argument doesnt require it because he didnt say anything except cellular machinery is complex therefore it must be designed,but dont try to lead me astayi wanted to try and lead to the truth from being astrayactually,0,Attack,C,1,0,0,
3777,app based to do list is the way to go you can synchronise your lists on all your devices and have them everywhere you go ,i agree additionally mind maps can serve as a to do list and it might be hard to create and update it on paper,1,Support,C,0,1,0,
3096,evolutionary theories the big bang hypothesis for instancethe big bang theory is not an evolutionary theory,i think you hit the nail on the head here,0,Attack,C,0,1,0,
1304,"I agree with UKIP on the EU, but the rest of their policies are dangerous right wing bile.",The by-election was called after former Lib Dem cabinet minister Chris Huhne resigned as an MP following an admission he had perverted the course of justice over driving licence points.,2,No Relation,C,0,0,1,
3806,I prefer trade to aid,The global economy is not welcoming to African players,0,Attack,C,0,0,1,
2733,tjthe dover verdict was a farce,tjthe dover verdict was a farce,0,Attack,C,0,1,0,
1347,People are not voting for UKIP because of immigration propaganda but because of their direct experience of immigration.,I think it will be very hard for him to sit down at the Cabinet table.,2,No Relation,C,0,0,1,
1643,UKIP getting a large chunk of the vote in the EU elections sends a message to Europe that they cannot take the UK membership for granted.,"In his keynote speech at the UKIP conference on Friday, Mr Farage predicted UKIP would cause a political earthquake at next year's European elections.",1,Support,C,0,1,0,
412,"The greens and ukip provide encouragement for labour and conservatives alike to address some issues people care about, albeit only lip service to retain votes mainly.","Although levels steadily declined in 2012 after tighter restrictions on non-EU migrants took effect, the trend has since reversed - largely due to the increase in the number of migrants from other EU countries.",2,No Relation,C,0,0,1,
3180,hey razza for i wanna say thanks for standing up for what u believe in most people want hard evidence that will prove gods existence when really we ourselves are evidence that god exists,i have never seen an ape evolve into a human and although i have never seen god that makes more sense than evolution,0,Attack,C,1,0,0,
4040,i really liked this movie a lot loved the performances of all the actors and even the story but was not quite convinced with the ending,when i saw the movie the first time yes but after multiple viewings i considered it one of the most satisfying endings i have seen,0,Attack,C,1,0,0,
2846,or that evolution is a process involving randomness and natural selection,or that evolution is a process involving randomness and natural selection,1,Support,C,0,1,0,
450,"UKIP are a fairly right wing group as I'm sure will become clear when they actually produce some policies other than the ""its all the eu's"" fault.","The Liberal Democrats have held Eastleigh, in Hampshire, since a by-election in 1994 and had a majority of 3,684 at the last general election.",2,No Relation,C,0,0,1,
420,UKIP are not a single issue party anymore; UK Sovereignty is the crux of their party political platform but they've certainly expanded from that singular issue in recent years.,"Labour's candidate, Mr O'Farrell, has said the campaign re-invigorated the party in the area, which Ed Miliband has visited to campaign several times.",2,No Relation,C,0,0,1,
3658,i was about to post the same thing you get hesitant for a while but then forget all about it,not so sure about that after reading about the kidney and brain incident at kfc i do not think i will be going back there anytime soon,0,Attack,C,0,0,1,
345,"On voting day, this week the vast majority of the British public will not vote for UKIP.",Voters go to the polls on Thursday.,2,No Relation,C,0,0,1,
1382,"The Green Party stands out as different, UKIP are just another bunch of neo-cons, although further out to the right.","Excluding him from the debate would give his party underdog status, he added.",2,No Relation,C,0,0,1,
3940,We should force think tanks to reveal all of their sources for resource funding,Think tanks should be able to choose not to know who funds them,0,Attack,C,1,0,0,
3254,and i guess those differences bring us right back to the atheist vs,aristotle socrates and plato,1,Support,C,0,1,0,
3840,The voting age should be lowered to sixteen years,Sixteen year olds are mature enough to vote,1,Support,C,0,1,0,
2408,theism is a belief in gods,forgot that atheism isnt a religion and if i say otherwise people will apologetically insist im wrong,0,Attack,C,0,0,1,
4010,this movie absolutely fell flat after the discovery at the crash site was made,the movie isnt about the twist its about the interactions between the two clones its about character and character development i know twist endings are the thing now but thats not what this movie is,0,Attack,C,1,0,0,
1943,"The sooner we are out of the EU, the sooner we can start making this country great again.","But while they are proving themselves to be insurgents of sorts, so far they're not doing what the Liberal Democrats used to do in by elections - and actually win them.",2,No Relation,C,1,0,0,
3070,all aig is showing is that the author of one part of the bible took the author of another part of the bible literally not that either one knew what they were talking about,of all of aigs silliness i think this one is the winner,1,Support,C,0,1,0,
94,"UKIP are a two trick pony, Europe and immigration that's it.","Brokers are as valuable as the client base that sticks with you and will move with you, he explained.",2,No Relation,C,0,0,1,
1290,"The greens and ukip provide encouragement for labour and conservatives alike to address some issues people care about, albeit only lip service to retain votes mainly.",The Tories said an application to rejoin them had been rejected.,2,No Relation,C,0,0,1,
3815,We should grant politicians immunity from prosecution,Immunity for politicians hurts the image of their office,0,Attack,C,1,0,0,
3382, genetic tests have proven that we are very closely related to certain apes a branch on the same family tree, evolution is a theory that is supported at the micro level,1,Support,C,0,1,0,
2360,jumpstartwhen materialist impose the supernatural all they are doing is saying somethings are beyond being explained through nature and by science, pvm why would materialists impose the supernatural this just does not make sense,0,Attack,C,1,0,0,
2165,It's a protest vote because (most) people know that UKIP will never net in power.,"And at by elections voters are not choosing a government - they can shout loudly and protest, safe in the knowledge that it won't change the person who lives in Downing Street.",2,No Relation,C,0,1,0,
171,The only reason we are even having a sensible debate about Europe are UKIP.,UKIP said it was reflecting real public concerns about the issue.,1,Support,C,0,1,0,
1715,"I voted Tory for 30 years and started supporting UKIP because I want a sovereign, democratic , well governed Britain with Britain put first and its getting clearer by the day that the old Liblabcon parties will not do that.","If, on the other hand, others would not accede to our requests for a rebalancing in the light of the response to the euro crisis, then we would recommend rejection and potential departure from the EU.",2,No Relation,C,0,1,0,
988,"UKIP are a two trick pony, Europe and immigration that's it.","One talked of an old Labour family heritage coupled with a rough upbringing with friends who dealt drugs, before they were killed.",2,No Relation,C,0,0,1,
2723,have you read the original emails based on which the conclusions were madeyou do understand the meaning of a congressional report by the majority party dont you,the congressional report comes from the similar sources that have denied the existence or problems of global warming as well,1,Support,C,1,0,0,
437,"If UKIP want to retain these voters and attract more in a general election then they need to come up with policies other than ""leave the EU"" and ""its all the immigrants fault"".",UKIP's 2010 manifesto called for Trident to be retained and ultimately be replaced by four British-built submarines armed with US missiles.,2,No Relation,C,0,1,0,
3792,We should ban religious symbols in public buildings,A ban would be simple to enforce,1,Support,C,0,0,1,
2178,The people and media that are criticising UKIP are highlighting the genuine concerns about UKIP and their policies towards immigrants.,"UKIP, which has called for withdrawal from the European Union and greater restrictions on immigration, has seen improved poll ratings this year.",0,Attack,C,0,1,0,
2156,UKIP will continue to grow as will the arrogance of the other parties.,Small parties have a habit of disintegrating into internal warfare or being wiped out by the vagaries of the electoral system and political fashion - British politics has seen a few come and go over the years.,0,Attack,C,1,0,0,
1106,"I don't necessarily think Nigel Farage is worthy of PM, I think they need a new leader.","The 2009 poll saw its total grow to 13 seats, pushing Labour into third place with 16% of the vote.",2,No Relation,C,1,0,0,
2687,pandasthumb also explored these accusations    httpwww,the question who designed the designer is outside the scope of the scientific theory of id and is thus a philosophical or theological question that can only be addressed via philosophy or theology,1,Support,C,0,1,0,
990,"The problem with popularism but no substance, like UKIP represent, is that it just results in things getting worse and worse.",Local Conservatives do not share the national party's enthusiasm for the idea.,2,No Relation,C,0,0,1,
3391, nothing in biology makes sense except in light of evolution, i definitely agree with evolution,1,Support,C,0,1,0,
2448,yet it demonstrated a radical   change   over the comparatively short span of twenty years,so what using   intelligent design    is the purpose of the appendixid simply predicted that the appendix would have a function,1,Support,C,1,0,0,
750,I'm no fan of UKIP but well done to them for initiating a much needed shake up of British politics.,"So, what can we read into the Wythenshawe and Sale East by election?",2,No Relation,C,0,0,1,
1273,I suspect when people do start to focus and the election is close UKIPs incoherent policies will be exposed.,Conservative MP Tim Loughton said bringing in the eurosceptic party to a TV debate would show it to be a complete load of old hot air with a very charismatic and beaming person in charge and not much else.,1,Support,C,0,1,0,
1813,The more the 'mainstream' parties smear and lie about UKIP the more their support rises.,"It is a simple, understandable message, which has led to the party gaining bigger shares of the votes in European elections.",2,No Relation,C,0,1,0,
2783,id explains the genetic code the same way we explain a computer code,joe gnow you are just lying,1,Support,C,1,0,0,
1154,"The UKIP mainstay vote is in normal working people because they never voted for 4 million immigrants, they never voted for Multiculturalism.","Lynton Crosby, who ran Boris Johnson's successful mayoral re-election campaign, told the BBC the party should pre-empt Labour in pledging a poll.",2,No Relation,C,0,0,1,
3958,worst movie i have seen in a while or didnt see i fell asleep before the end and couldnt give a toss it was crap,exactly this movie tried to fashion itself like the departed but came way short what were the directors writers and editors thinking,1,Support,C,0,1,0,
493,"UKIP are an independent party and have shown that their appeal is broad, making big dents in staunchly Labour voting areas as well as the recent bi-election successes.",Mr Farage said Mr Murdoch was a remarkable bloke but would not comment on what they had discussed.,2,No Relation,C,0,0,1,
1398,Ukip are doing well for the very simple reason folk have at last realized that they are being lied to by LibLabCon and now have somewhere else to go.,He held positions in the governments of Margaret Thatcher and John Major before becoming treasurer in 2003.,2,No Relation,C,0,0,1,
623,Big business will not support UKIP given the devastation that withdrawal from the EU would cause.,"What you are not free to do, and what only an Almighty God is free to do, is to control the divine consequences of your proposed action.",2,No Relation,C,0,0,1,
10,"The country faces more than two big issues, which is where Ukip come apart at the seams in an incoherent bunch of right wing horse shit from whatever Think Tank came along at the time.","In a BBC interview, Lord Tebbit, an ally of former Prime Minister Margaret Thatcher, urged Mr Cameron to immediately put legislation in place to allow for a referendum and set a date for it.",2,No Relation,C,0,0,1,
601,The hate campaign against Eastern Europeans that was and is run by UKIP legitimises anything said against them.,"Although they are in coalition nationally, Mr Clegg said there were very clear differences between the policies of the Lib Dems - who control Eastleigh council - and the Tories in the marginal constituency.",2,No Relation,C,0,0,1,
1555,UKIP doesn't need to win power to force the changes people want.,"He proposes a pact, in which the Conservatives would promise a referendum after 2015 and in return UKIP would not stand against Tory candidates.",1,Support,C,0,1,0,
1529,A strong UKIP vote suggests there's a lot of the British public who aren't on board with the current set-up.,"He debated with journalist and historian Sir Max Hastings who said Britain can't stay in Europe on any terms, but said leaving could mean the UK could find a very tough time out there.",2,No Relation,C,0,1,0,
3740,i guess it might change your habits for a couple of days or maybe weeks but after that you will probably forget the whole thing and continue eating junk food,i was about to post the same thing you get hesitant for a while but then forget all about it,1,Support,C,0,1,0,
3924,US intervention in Libya lacking congressional approval was illegal,The intervention was necessary in order to protect US interests in the region,0,Attack,C,1,0,0,
2746,schenfinally to claim that id has no secular purposes that are not shams is quite a claim to make,when the supreme court formulated valid secular purpose which is not a sham the court unlikely believed that any future unstated secular purpose would be sufficient for something to pass this requirement,1,Support,C,0,1,0,
2736,tj again only valid if you trust judge jones and judge jones is really only the aclu in disguise because of how much he copied from them,tji dont believe the  similarity in the aclus submission and the judges analysis was a lucky or freak coincidence im illinformed because i think he copied it rightyou seem to be ill informed about both the extent as well as the relevance of this so called copying,0,Attack,C,0,1,0,
1141,"UKIP are just another bunch of freeloaders, using peoples fears and prejudice to gain votes so that they can get their snouts into the trough.","Huhne, who had held the seat since 2005, quit the Commons after pleading guilty to perverting the course of justice.",2,No Relation,C,0,0,1,
2458,in fact the history of life shows a pattern of explosions where new fossil forms come into existence without any clear evolutionary precursors concurring with design theory that predicts that species might appear abruptly,perhaps the author can explain why of all of the thousands of researchers in geology biology particularly evolutionary biologists and paleontology,1,Support,C,1,0,0,
454,"Marketing UKIP as ""the people's army"" is a bitter irony.",A UKIP candidate in Somerset was suspended from the party on Tuesday after a photo of him apparently making a Nazi-style salute appeared on his Facebook page.,1,Support,C,0,1,0,
3200,maths is the only branch of science that offers  proof of its arguments,for macroevolution theory to be valid laws of nature that are generally accepted as true and standard must be repeatedly denied,0,Attack,C,1,0,0,
2097,"UKIP do not bear scrutiny either as a coherent policy offer or a group of potential ministers , they are an insurgent party of protest with one message.",But as one UKIP member said to me - if this is a protest vote it's a bloody big protest.,0,Attack,C,0,1,0,
256,"The UKIP party is a populist party at the right end of the spectrum, which exploits people's fears of the foreign and unknown.","But, even if they declined, he said he would take on the Lib Dem leader in a head-to-head duel, adding it's on.",2,No Relation,C,0,0,1,
735,"I agree with UKIP on the EU, but the rest of their policies are dangerous right wing bile.","UK Independence Party leader Nigel Farage has launched his party's local election manifesto, saying he expects a big increase in its vote.",0,Attack,C,0,0,1,
97,"The greens and ukip provide encouragement for labour and conservatives alike to address some issues people care about, albeit only lip service to retain votes mainly.",Later he appeared to reject the idea of a pact outright when he said on Twitter no deals with the Tories.,2,No Relation,C,1,0,0,
2320,science is ultimately based on the scientific method which is used to support and confirm physical and chemical laws,grayling explains in his review of fullers latest book quite well how id is doomed to remain scientifically vacuousfuller has written about popper he seems to forget poppers killer point namely a theory that explains everything explains nothing,1,Support,C,0,1,0,
230,"In fact, all UKIP seems to talk about now is withdrawl from the EU without any genuine policy around UK's domestic economy.","UKIP has reached unprecedented heights in the opinion polls under Mr Farage, prospering in May's local elections.",0,Attack,C,1,0,0,
888,"My observation is that UKIP often are reluctant to directly answer any questions of substance, which can be accounted for by the fact that they really have no policies.",Farage insisted his party was not a pressure group and demanded action to simplify the tax system.,0,Attack,C,1,0,0,
2014,"I don't think most people realise the benefits of free trade at all, and UKIP capitalise on peoples ignorance of the benefits of free trade as much as they can.",He added that he welcomed the attention Lord Lawson had brought to his plans to renegotiate the UK's relations with the EU.,2,No Relation,C,0,0,1,
705,A strong UKIP vote suggests there's a lot of the British public who aren't on board with the current set-up.,Mr Farage will address party members in Birmingham later on Friday.,2,No Relation,C,0,0,1,
2686,caseyeven the widelytouted theistic evolutionary biologist kenneth miller has claimed in five editions of his popular high school biology textbooks that the implication of evolution is that it works without either plan or purpose and is random and undirected,pandasthumb also explored these accusations    httpwww,1,Support,C,0,1,0,
554,"The People's Army is on the march and UKIP will get Britain back from the Liblabcon, Establishment and MSM political abusers of our country.",And the Greens clearly have some way to go.,2,No Relation,C,0,0,1,
3549,i am for gun control i believe you should have a steady hand firm grip calm breath and a smooth pull,very well put,1,Support,C,0,1,0,
2121,"As far as immigration is concerned all Ukip want is a level playing field for non EU migrants and to control the numbers so, if anything, Ukip are too soft on immigration.",Small parties have a habit of disintegrating into internal warfare or being wiped out by the vagaries of the electoral system and political fashion - British politics has seen a few come and go over the years.,2,No Relation,C,0,0,1,
3015,no it means that the word of god is internally consistentnonsense,the bible is no more self authenticating then any other irrational fantasy,1,Support,C,0,1,0,
2116,"Despite you best efforts at pretending otherwise, UKIP are still widely disliked and untrusted by the majority of the population.","He also suggested that his party might get its first seats in the UK Parliament at the general election in 2015, and argued it was not just taking votes from the right wing of British politics.",2,No Relation,C,0,0,1,
3506,so in other words what you are saying is that the pope who just declared that all christian churches apart from the rcc to be false churches,is he anti gay yes so they are all in the same boat and cut from the same hate filled homophobic bigoted christian cloth,0,Attack,C,0,1,0,
2937, and the lord god formed man of the dust of the ground and breathed into his nostrils the breath of life and man became a living soul,if it is then only a malicious god would tell it out of order use terms we cannot understand or have other traps while holding us to its words,1,Support,C,1,0,0,
2948,ricardo the bible was definitely written as is,its not that cut and dried,1,Support,C,1,0,0,
2359,  when materialist impose the supernatural all they are doing is saying somethings are beyond being explained through nature and by science,jumpstartwhen materialist impose the supernatural all they are doing is saying somethings are beyond being explained through nature and by science,0,Attack,C,0,1,0,
3185,science involves observations theory design testing and predictable outcomes,therefore evolution has not been scientifically proven,1,Support,C,1,0,0,
3179,the theory behind evolution is not that an organism evolves during its lifetime but that the species evolves over thousands if not millions of years or generations,hey razza for i wanna say thanks for standing up for what u believe in most people want hard evidence that will prove gods existence when really we ourselves are evidence that god exists,0,Attack,C,0,0,1,
293,"On voting day, this week the vast majority of the British public will not vote for UKIP.",The first became memorable because of the temporary surge it brought in Lib Dem leader Nick Clegg's poll rating.,2,No Relation,C,0,0,1,
780,"Marketing UKIP as ""the people's army"" is a bitter irony.","Your assertion that you are a member, but without the right to sit or vote, is a contradiction in terms.",2,No Relation,C,0,0,1,
56,Beyond leaving the EU and migration what ukip have no policies!,Mr Cameron told the BBC in September he wanted the debates to take place again but said I think we could start them a bit earlier.,2,No Relation,C,0,0,1,
300,"For many UKIP voters, it does not particularly matter what the party's policies are, but that UKIP is not Labour or Conservative.",The spread-betting tycoon made the comment during a debate on EU proposals for gender quotas in the boardroom.,2,No Relation,C,0,0,1,
1040,Hopefully we will see our first UKIP MP before the general elections next year.,Since then we've had the Eurozone crisis which has been like a perverse soap opera on our TV screens almost every night.,2,No Relation,C,0,0,1,
2319,einsteins quotes are not supportive of id he was talking about the fabric of the universe not the means by which species evolve,science is ultimately based on the scientific method which is used to support and confirm physical and chemical laws,1,Support,C,0,0,1,
1292,"As far as immigration is concerned all Ukip want is a level playing field for non EU migrants and to control the numbers so, if anything, Ukip are too soft on immigration.","The Lib Dem echoed earlier comments by his party leader, Nick Clegg, arguing there should not be further restrictions on freedom of movement.",0,Attack,C,1,0,0,
3542,that can be proven,no it can not scientific theories are not proven,0,Attack,C,1,0,0,
3540,you do get critized for talking about god any other god other than the christian god that is,in your own little fantasy world,0,Attack,C,1,0,0,
3181,i have never seen an ape evolve into a human and although i have never seen god that makes more sense than evolution,correction its an ancestor of both chimpanzees and humans,1,Support,C,1,0,0,
3769,probably apple they keep making all the wrong marketing moves,it also seems to get harder and harder for them to innovate,1,Support,C,0,1,0,
1959,If there are enough Ukip votes it should frighten all the parties sufficiently to make them realise they can't just ignore the electorate.,UKIP has won 42 seats so far and is averaging 26 per cent of the vote in the wards where it is standing.,2,No Relation,C,0,1,0,
3156,quite so well as christians themselves,the christian faith is a mockery to humankind,1,Support,C,1,0,0,
1832,"I don't necessarily think Nigel Farage is worthy of PM, I think they need a new leader.","When asked about Labour's performance in the local elections in May, he said the One Nation label was good, but that they needed the policies behind it to back it up.",2,No Relation,C,0,0,1,
2978,then why does this argument always seem to come from the creationists  aig was not founded and is not funded by the scientific community,this thread has been kept going by three people who have voted no to the question of a six day creation,1,Support,C,0,1,0,
2942,actually i meant to say that if adam and eves children had to practice incest in order to go forth and multiply then it meant that god ordained it,werent covered under mosaic   law  ,1,Support,C,1,0,0,
3686,it is far too expensive,other phones are more expensive,0,Attack,C,1,0,0,
419,Hopefully we will see our first UKIP MP before the general elections next year.,Many decent and patriotic people in this country have been willing to consider flirting with UKIP.,1,Support,C,0,1,0,
3212,prove it my good fellowdont proven itby the way,the process of evolution is fact,0,Attack,C,1,0,0,
664,"Even a UKIP European candidate, Janice Atkinson, another ex-Tory, admits leaving the EU would be problematic.","Speaking on The World At One Nigel Farage, leader of the UKIP party, told presenter Shaun Ley that he believes that UKIP are offering a real alternative, and leaving the EU is at the heart of it.",0,Attack,C,1,0,0,
2726,tjit is the scientific evidence that is important,ok you are right on this point as well,0,Attack,C,0,1,0,
1475,UKIP seems overwhelmingly to be staffed by racists who want to keep people not born in this country outside this country.,Farage admitted the party had not had time to properly vet all of its new recruits and he was forced to suspend a handful of them following newspaper reports of alleged racist comments.,1,Support,C,1,0,0,
3768,i think nokia will rise after merging with microsoft,good point they will need to work hard to rebuild their reputation of making reliable and quality phones though,1,Support,C,0,1,0,
1021,Should ukip get into government it would be fair to assume that we'll see a whole raft of right-wing policies as actual government policy.,He was ordered out of the chamber and will face disciplinary measures.,2,No Relation,C,0,0,1,
1197,A vote for UKIP is a vote to leave the EU and recover power over our national life.,Farage acknowledged that the first past the post system would make it difficult for his party to win a seat at Westminster and this would leave UKIP with little influence.,0,Attack,C,1,0,0,
562,The hate campaign against Eastern Europeans that was and is run by UKIP legitimises anything said against them.,"A UKIP spokesman said Mr Hamilton's actions were those of a proper Conservative, who is concerned about his country's relationship with the EU.",2,No Relation,C,0,0,1,
1676,UKIP are the only party willing to have a sensible open debate on the key issues affecting the country. ,The group suggest that within five years UKIP will have more members than the Tories at the current rate of attrition.,1,Support,C,0,0,1,
995,Many racists and especially xenophobes find the UKIP message appealing.,Labour frontbencher Hilary Benn told the same programme it was right to discuss the UK's future in Europe.,2,No Relation,C,0,0,1,
547,"The Green Party stands out as different, UKIP are just another bunch of neo-cons, although further out to the right.","Labour leader Ed Miliband said earlier this month that his MPs would not take part in the vote on Friday, describing the bill as a gimmick.",2,No Relation,C,0,0,1,
3934,We should allow voting at 16 in European Parliament elections,EU elections would put young people off voting,0,Attack,C,1,0,0,
3837,We should fear the power of government over the internet,Internet regulation is necessary to ensure a safe internet,0,Attack,C,1,0,0,
1107,Many racists and especially xenophobes find the UKIP message appealing.,"In 2005, Bhutto, of Leeds, admitted being the gang's boss and was jailed for seven years by a UK court for conspiracy to blackmail.",2,No Relation,C,0,0,1,
1246,If there are enough Ukip votes it should frighten all the parties sufficiently to make them realise they can't just ignore the electorate.,What they are interested in is the effect of those treaties on their lives.,2,No Relation,C,1,0,0,
1458,I would hazard that it’s UKIP’s appeal to tradition and “British values” that appeals – it’s a cosy reimagining of a glorious past and taps into the Little England mentality of a large swathe of tory supporters.,"Conservative chairman Baroness Warsi said the result was disappointing for her party, although not unexpected.",2,No Relation,C,0,0,1,
1762,UKIP are not a single issue party anymore; UK Sovereignty is the crux of their party political platform but they've certainly expanded from that singular issue in recent years.,"Sushil Patel, whose daughter Priti Patel has been in Parliament since 2010, will stand in Hertfordshire on Thursday.",2,No Relation,C,0,0,1,
2012,"I don't necessarily think Nigel Farage is worthy of PM, I think they need a new leader.",They seemed very thankful to have the colourful Nigel Farage back as party leader.,0,Attack,C,1,0,0,
644,"Marketing UKIP as ""the people's army"" is a bitter irony.",But UKIP leader Nigel Farage told MEPs that his eurosceptic group was angry about the uneven application of the Parliament's rules.,2,No Relation,C,0,0,1,
1123,"UKIP are a two trick pony, Europe and immigration that's it.",Lord Mandelson said Ed Miliband and the Labour Party was 'refreshing their thinking' after the breakdown in trust with the general public over the financial crisis.,2,No Relation,C,0,0,1,
1124,"I voted Tory for 30 years and started supporting UKIP because I want a sovereign, democratic , well governed Britain with Britain put first and its getting clearer by the day that the old Liblabcon parties will not do that.",He added that he was very fortunate to have been backed by UKIP at the 2010 general election.,1,Support,C,0,1,0,
2762,robert crowtherlike modern evolutionary theory there is more than just one side to the debate,here is the response to irons which was also published in the montana law review,0,Attack,C,0,1,0,
1137,Plenty of survey's have shown UKIP to be the most hated of the main parties.,"It had something of the air of a preacher's gathering, with a preacher who could be found afterwards puffing a pipe and supping a substantial glass of red wine.",2,No Relation,C,0,0,1,
653,Should ukip get into government it would be fair to assume that we'll see a whole raft of right-wing policies as actual government policy.,"European Parliament president Jerzy Buzek, chairing the debate, looked set to carry on but jeers rose up and the French centre-right leader in the Parliament Joseph Daul challenged Mr Bloom to apologise.",2,No Relation,C,0,0,1,
973,"In fact, all UKIP seems to talk about now is withdrawl from the EU without any genuine policy around UK's domestic economy.",But his jibe did not go down well British MEPs from other parties.,2,No Relation,C,0,1,0,
443,UKIP are asking the questions that haven't been asked by the opposition or the media.,"Original leader and UKIP founder Alan Sked quit before the 1999 European elections, after arguing the party should refuse seats in the gravy train of the Strasbourg Parliament.",2,No Relation,C,0,1,0,
1247,I think a lot of UKIP supporters would be outraged if one of the consequences of leaving the EU was to price them out of buying virtually any of today's niceties.,The last two years' local elections have seen pretty awful results for the Liberal Democrats.,2,No Relation,C,0,0,1,
1506,UKIP are blatantly disregarding the possibility of man made climate change.,"And when married to the Europhobia innate to parts of the Conservative party, you have a diabolical cocktail that threatens the whole long-term structure of UK climate change and energy policy.",1,Support,C,0,1,0,
1350,I would hazard that it’s UKIP’s appeal to tradition and “British values” that appeals – it’s a cosy reimagining of a glorious past and taps into the Little England mentality of a large swathe of tory supporters.,"A by-election will also be held for the Westminster seat of South Shields, vacated by Labour's David Miliband.",2,No Relation,C,0,0,1,
581,"The People's Army is on the march and UKIP will get Britain back from the Liblabcon, Establishment and MSM political abusers of our country.","UKIP, which campaigns for the UK to leave the European Union, said numbers had increased by more than 13,000 to about 32,500 in 2013.",1,Support,C,0,1,0,
1821,UKIP doesn't need to win power to force the changes people want.,Their debate followed a Daily Politics flim looking at a possible pact between UKIP and the Tories.,1,Support,C,0,0,1,
2189,"UKIP is certainly NOT racist or xenophobic - if you, as I'm you have done, read our policies on the website there is no suggestion of this at all, it is more a rumour and conspiracy of the lefties. ",The conference will run until Saturday.,2,No Relation,C,0,0,1,
1746,"I don't think most people realise the benefits of free trade at all, and UKIP capitalise on peoples ignorance of the benefits of free trade as much as they can.","Do you want to stick with us, on the right track - delivering an economy for hardworking people? Or do you want to put all of that at risk with Ed Miliband and his crazy plans to tax business out of existence? That'll be the choice.",2,No Relation,C,1,0,0,
2778,joe gthe only way to label intelligent design religious is to change the definition of religion,as you have been told already what phil says is irrelevant to id,0,Attack,C,0,1,0,
1101,"I don't see UKIP as being far right, they're just further right than the rest who have congregated arund the middle ground.",Early results show many voters seem to be turning away from the three main political parties and flocking to UKIP and the Greens.,1,Support,C,0,1,0,
1986,UKIP want to get us out of the EU to make the British people much worse off then they already are.,"UKIP appears to have struck a chord with many voters on the issue of immigration, campaigning against the relaxation of working restrictions on Bulgarians and Romanians due to come into force in January.",0,Attack,C,1,0,0,
1952,UKIP will not improve public services.,He announced a series of measures to address what he said were public concerns about the impact of current and future immigration from eastern European on the UK economy and public services.,0,Attack,C,1,0,0,
2207,"Ukip is the only party advocating withdrawal from the failing EU, a sensible idea for a lot of people!",The Lib Dem leader also argued that being in the EU meant that we keep ourselves safer because we can go after cross-border crime and terrorism and that we can look after the environment in a way which we can't on our own.,0,Attack,C,1,0,0,
2759,judge jonesalthough we have found that defendants conduct conveys a strong message of endorsement of the board members par ticular religious view pursuant to the endorsement test the better practice in this circuit is for this court to also evaluate the challenged conduct separately under the lemon test,from the above linked paper by peter irons i quote the followingpeter ironsin an undoubtedly unintentional slip which they may well regret the di authors have effectively given away the store with their concession that under the lemon test all that was necessary for judge jones to determine that an establishment clause violation had occurred was to find that the dover school board members had predominantly religious motivations for enacting their id policy,1,Support,C,0,1,0,
1374,UKIP and the Greens are the only parties to date that haven't screwed us all over.,"That's not a critic's view of the man who is stepping down as leader of the UK Independence Party after less than a year, but the verdict of Lord Pearson himself.",2,No Relation,C,1,0,0,
3486,okay well i think that you are just finding reasons to go against him i think that you had some bad experiences when you were younger or a while ago that made you turn on god,here come the christians thinking they can know everything by guessing and commiting the genetic fallacy left and right,0,Attack,C,1,0,0,
2062,"Despite you best efforts at pretending otherwise, UKIP are still widely disliked and untrusted by the majority of the population.",He organised a trip to a Leeds mosque for party leader Nigel Farage and canvassed with UKIP candidate Jane Collins during the 2012 Rotherham by-election.,2,No Relation,C,1,0,0,
2550,i think behe has made the case for obviousdesign within the cell and i dont think you will findanyone who could put it any more clear,ok whatever dude,0,Attack,C,0,0,1,
1050,"The UKIP party is a populist party at the right end of the spectrum, which exploits people's fears of the foreign and unknown.","Shadow chief secretary to the Treasury, Rachel Reeves, said it had taken three wasted years of rising long-term unemployment and a failed Work Programme to come up with this new scheme.",2,No Relation,C,0,0,1,
1752,UKIP's sole aim at the general election is to get a smallish number of MPs elected but enough to hold the balance of power and do a deal with the Tories.,Their debate followed a Daily Politics flim looking at a possible pact between UKIP and the Tories.,1,Support,C,0,1,0,
2866,i appreciate he way you have taken time to methodically object,but most of it seems to be in the responsesuch as  because the ncse thinks science should be a voting contestthats just plain silly its the dissent from darwinism which attempts to create a controversy where there is none,0,Attack,C,1,0,0,
2712,you are using the common tactic of forcing someone to disprove a negative,there is nothing wrong with asking someone to disprove a negative that is with asking someone to provide evidence contrary to a claim,0,Attack,C,1,0,0,
1016,"There's an election next month, UKIP are campaigning on the streets right now, and candidate upon candidate keeps churning out ridiculous (often racist, sexist or homophobic) views.","He likes people to understand what Britain went through in two world wars and what our position is in Europe - he's passionately interested, Spencer says.",2,No Relation,C,0,0,1,
3730,or cycle,what about a swim,1,Support,C,0,0,1,
2131,"Europe is no longer fit for purpose and we'd do better to be out than in, plus save a whole load of cash.",The Lib Dem leader also argued that being in the EU meant that we keep ourselves safer because we can go after cross-border crime and terrorism and that we can look after the environment in a way which we can't on our own.,0,Attack,C,1,0,0,
868,"Much of UKIP's meteoric rise has to do with political correctness, and the fact that ordinary people are sick of it.","Around a dozen men, who accused the government of being complicit in their torture overseas, are in line for millions of pounds of compensation.",2,No Relation,C,0,0,1,
2647,i think that is what is called a freudian slip,ps including creationism as a n option and stopping hypnosis on students would bring up their iqs immediately if we include   creationism   we should include all the creationist stories,1,Support,C,0,0,1,
710,A strong UKIP vote suggests there's a lot of the British public who aren't on board with the current set-up.,Today's Supreme Court judgement sets out how the rules on forfeiture apply to impermissible donations.,2,No Relation,C,0,0,1,
1495,"UKIPs main issue has always been the EU, immigration has just been the bit that highlights what a failure the project has been.","UKIP, which has called for withdrawal from the European Union and greater restrictions on immigration, has seen improved poll ratings this year.",1,Support,C,0,1,0,
2104,"If UKIP took all their anti-establishment guff and turned it on the banks and financial institutions then they would have more legitimacy, but instead they turn on Polish and Roma fruit pickers who do unskilled work for minimum wage.",The announcement comes two weeks after a roll out of Home Office vans with posters warning illegal immigrants to go home or face arrest was cancelled.,1,Support,C,0,0,1,
1682,It's a protest vote because (most) people know that UKIP will never net in power.,"Ahead of May's local elections, Conservative cabinet minister Ken Clarke dismissed UKIP as a protest party and a collection of clowns.",1,Support,C,0,1,0,
1051,"If UKIP want to retain these voters and attract more in a general election then they need to come up with policies other than ""leave the EU"" and ""its all the immigrants fault"".","The party's leader, Robin Tilbrook, has used his blog to release a series of emails between Mr Nattrass and the English Democrats.",2,No Relation,C,0,0,1,
3488,in the latter case that is because more fornicators are shacking up rather than getting married which is why there is fewer divorces if a state allows gay marriages their spirituality is in the toilet,good the less moronic spirituality in each state the better lets move out of the dark ages as fast as we can,0,Attack,C,0,1,0,
753,UKIP are blatantly disregarding the possibility of man made climate change.,"Mr Farage was challenged on a number of issues - including the party's attitude towards climate change, maternity leave and small businesses, diversity in the party and the European Union.",1,Support,C,0,1,0,
1508,UKIP seems overwhelmingly to be staffed by racists who want to keep people not born in this country outside this country.,"Over three million jobs in this country, directly or indirectly, depend on us being in the EU, so that is a big choice.",2,No Relation,C,1,0,0,
1191,The reason why UKIP has gained so many votes is because the main parties refuse to deal with immigration and the EU.,"Bhutto's gang were behind a high-profile kidnapping in Karachi in 2004 and he then took a Â£56,000 ransom payment in Manchester.",2,No Relation,C,0,0,1,
1481,"Arguably, UKIP & co. aspire to destroy the culture created in Europe after WWII, which has been based on openness, free travel, migration and cross-geographic access to goods and labour markets.",You all think euroscepticism is a right-wing view - it is not.,0,Attack,C,1,0,0,
3771,yes i never thought of that but that is a brilliant question and so true when you are part of a big family you should have a say in things that affect you ,if one is truly serious about a unified europe this possibility should at least enter a discussion,1,Support,C,0,1,0,
3909,I believe that opinion polls harm the democratic process,Tactical voting is legitimate within the democratic process,0,Attack,C,0,1,0,
2232,"In UKIP, we have a new political force which looks likely to poll very well in a national election on thursday.","UKIP had increased its vote by 50% in the general election and had many exciting plans for the future, he said, but it was time for a younger leader to show how liberating and enriching life would be outside the EU, saying he was confident one would emerge.",1,Support,C,0,1,0,
1721,Ukip are doing well for the very simple reason folk have at last realized that they are being lied to by LibLabCon and now have somewhere else to go.,"The pair spoke to Andrew Neil and Jo Coburn on the Daily Politics ahead of Tuesday afternoon's Liberal Democrat conference debate on a motion about the EU,",2,No Relation,C,0,0,1,
3137,yes i understand we didnt evolve from chimps from the position of   evolution   theory  and im sorry for saying it that way considering i truly dont want to encourage the misinformation and typical uninformed view,it is only the closest science can come to explaining the origin of human existence and how things developed over timeyes,0,Attack,C,0,1,0,
401,Support for UKIP simply indicates that people have noticed that the major parties do not represent their interests.,Bulgaria and Romania joined the EU in 2007 but faced some controls on the kind of jobs their citizens could take in the UK and other member states.,2,No Relation,C,0,0,1,
3950,Transparency is necessary for security,In security too much transparency endangers lives,0,Attack,C,1,0,0,
483,"I would say it's the anti-ukip brigade who have no substance to their argument (or facts), they simply shout ""racist"" with nothing to substantiate this slur, or become crude and insulting.","Commentators have predicted success for UKIP in the forthcoming European elections, but the borderline racist views of some of its outspoken members have caused a headache for the party leader.",0,Attack,C,0,0,1,
2693,bowmanid addresses evidences for designed structures mechanisms and synergistic systems in biology,even the antiidists require something beyond nature to explain the origin of nature,0,Attack,C,0,1,0,
3150,i really feel sorry for you,i really feel sorry for you,0,Attack,C,0,1,0,
922,Cameron had it right and UKIP could tip the balance towards Labour in the crucial marginal seats in the GE where the battle will take place .,He made the comment during a debate on EU proposals for gender quotas in the boardroom.,2,No Relation,C,0,0,1,
1789,A forensic examination of UKIP's policies would nail once and for all the Establishment lie that they're a bunch of swivel-eyed racists.,There is only one party in this country that can guarantee the people in this country will get a referendum on the EU and that is the Conservative Party.,2,No Relation,C,0,0,1,
872,Hopefully we will see our first UKIP MP before the general elections next year.,The by-election that Reform won in 1989 was crucial in convincing voters that a vote for them was not as wasted vote.,2,No Relation,C,0,1,0,
2788,joe gi never said anything about einsteins religious convictions,but they do,0,Attack,C,1,0,0,
1097,"If UKIP don't like being smeared, then they need to stop smearing, stigmatising, and fear mongering about others.","UKIP is simply demanding a referendum on whether Britain should stay in the EU, they are not being unreasonable.",0,Attack,C,0,1,0,
1276,It is because of UKIP that we are finally discussing the European question and about immigration and thank goodness for that.,"It is doing the country serious damage because there are large numbers of potential investors in the UK who would bring employment here, who are being warned off because of the uncertainty all of this is creating.",0,Attack,C,1,0,0,
286,UKIP are in with the City as much as the other three and I don't like the way they are whipping people up into a frenzy.,David Cameron has pledged to hold a referendum on Europe in 2017 if the Conservatives win the next election.,2,No Relation,C,0,0,1,
2152,UKIP are in with the City as much as the other three and I don't like the way they are whipping people up into a frenzy.,"Nigel Farage said the prime minister was terrified of losing votes to UKIP, and its rising poll rating and doubted any referendum would take place under the present government.",2,No Relation,C,0,1,0,
1459,UKIP doesn't need to win power to force the changes people want.,But he said there were still major differences such as grammar schools and windmills dividing the Conservatives and UKIP as he spoke to Jo Coburn about talks of a pact suggested by Conservative MP Michael Fabricant.,1,Support,C,1,0,0,
252,"The sooner we are out of the EU, the sooner we can start making this country great again.","If they perform in May's European Parliament elections anywhere near as well as is widely predicted, that will begin to change.",2,No Relation,C,0,0,1,
3728,maybe you could have a cake sale,of course everything is better when there is cake,1,Support,C,0,1,0,
60,A forensic examination of UKIP's policies would nail once and for all the Establishment lie that they're a bunch of swivel-eyed racists.,They have a remarkably bad track record of keeping their word.,0,Attack,C,1,0,0,
489,Support for UKIP simply indicates that people have noticed that the major parties do not represent their interests.,"But if you're looking for a serious politician, with a strategic brain, who is able to lead a party and develop and expand a party, well,you won't find them at UKIP",0,Attack,C,1,0,0,
2093,UKIP want to get us out of the EU to make the British people much worse off then they already are.,Mr Crowther said the phrase should not have been used and was lazy and old-fashioned.,2,No Relation,C,0,0,1,
14,I would hazard that it’s UKIP’s appeal to tradition and “British values” that appeals – it’s a cosy reimagining of a glorious past and taps into the Little England mentality of a large swathe of tory supporters.,"In contrast, the Conservatives have seen their membership levels fall.",2,No Relation,C,0,0,1,
1825,UKIP is an opportunistic party that exploits the unpopular European Union for political gain.,UKIP leader Nigel Farage said any members proven to have extreme right wing views would be expelled.,2,No Relation,C,0,0,1,
1274,"UKIP advocates for the UK leaving the European Union which would be a bad idea – but they are trying to leverage on the british people’s need to belong and pride to be british, which further sparks their anti-foreigner standpoint.",People would have to remain on Help to Work until they found employment.,2,No Relation,C,0,0,1,
3897,The International Criminal Court should be recognised,The ICC generates crippling expenses,0,Attack,C,1,0,0,
3726,how about a second hand clothing fashion parade and sale,maybe you could have a cake sale,1,Support,C,0,0,1,
2045,"UKIP are indeed far from perfect, but they have grown as a party because the Establishment Parties have deceived the public for so long on informing and educating on WHAT IS THE EU SUPERSTATE project.","Explaining his decision to swap sides, Mr Campbell Bannerman - MEP for the East of England - said UKIP had become obsessed with single issue politics, internal fighting and shouting from the sidelines.",2,No Relation,C,1,0,0,
809,I'm no fan of UKIP but well done to them for initiating a much needed shake up of British politics.,"The pair spoke to Andrew Neil about the problems across the eurozone as it was revealed the Greek PM had offered to resign, and UKIP's Lord Hesketh later joined the debate.",2,No Relation,C,0,1,0,
2960,people tend to focus on the trees,i agree he didnt want to confuse us,0,Attack,C,0,1,0,
575,A strong UKIP vote suggests there's a lot of the British public who aren't on board with the current set-up.,Shadow minister Diane Abbott acknowledged Labour had been squeezed by UKIP but said she did not see the party as a real threat at the next election.,0,Attack,C,1,0,0,
2354,good point but as an evolutionary biologist i find that not entirely true,and could predict the next one there would still be the question of why it was set up that way,1,Support,C,0,1,0,
2899,i am not welcome at ucd a site which takes pride in ignorance over arguments,i am not welcome at ucd a site which takes pride in ignorance over arguments,0,Attack,C,0,1,0,
1595,UKIP are in no way a single issue party and if Labour or the Conservatives were to give us a referendum UKIP would still have a full manifesto that would attract many voters.,"But it is also one which means people often dismiss it as a single issue party, unlikely to become a force in Westminster politics.",0,Attack,C,1,0,0,
311,Ukip are doing well for the very simple reason folk have at last realized that they are being lied to by LibLabCon and now have somewhere else to go.,"On many issues, UKIP presents the sort of policies that Conservative voters believe in and David Cameron's Conservative party sadly does not.",1,Support,C,0,1,0,
1616,"UKIP is certainly NOT racist or xenophobic - if you, as I'm you have done, read our policies on the website there is no suggestion of this at all, it is more a rumour and conspiracy of the lefties. ","UKIP appears to have struck a chord with many voters on the issue of immigration, campaigning against the relaxation of working restrictions on Bulgarians and Romanians due to come into force in January.",1,Support,C,0,1,0,
1847,UKIP are not a single issue party anymore; UK Sovereignty is the crux of their party political platform but they've certainly expanded from that singular issue in recent years.,Labour accused the PM of trying to ditch the TV debates simply because he is too scared to defend his record.,2,No Relation,C,0,0,1,
2667,i guess i must be old fashioned  but i do believe in real science,intelligent design has been misrepresented as some kackamamy religiously motivated scheme by those who are afraid to challenge what they believe in,1,Support,C,0,1,0,
3619,the only difference is that the gene for making short hair has been eradicated from the population by natural selection that is it,right the frenquecy of the alles ,1,Support,C,0,1,0,
142,"If UKIP want to retain these voters and attract more in a general election then they need to come up with policies other than ""leave the EU"" and ""its all the immigrants fault"".","Nikki Sinclaire handed in 100,000 names to Downing Street calling for a public vote and was joined by some Conservatives and Labour MPs who want a vote in the House of Commons.",2,No Relation,C,0,1,0,
506,Many racists and especially xenophobes find the UKIP message appealing.,He organised a trip to a Leeds mosque for party leader Nigel Farage and canvassed with UKIP candidate Jane Collins during the 2012 Rotherham by-election.,2,No Relation,C,0,1,0,
3828,Bribery is sometimes acceptable,Bribery is sometimes necessary for survival,1,Support,C,0,1,0,
47,The reason why UKIP has gained so many votes is because the main parties refuse to deal with immigration and the EU.,"Bhutto regularly appeared as UKIP's Commonwealth spokesman, and as a party representative, in local and national media.",2,No Relation,C,0,0,1,
983,The hate campaign against Eastern Europeans that was and is run by UKIP legitimises anything said against them.,"Yes, they were merely the best of the rest, well behind Labour.",2,No Relation,C,0,0,1,
813,"Despite their best efforts at pretending otherwise, UKIP are still widely disliked and untrusted by the majority of the population.","In December he said he wanted to learn from last time, saying they took all the life out of the campaign.",2,No Relation,C,0,0,1,
1364,"I and many others will be voting UKIP not because of a handful of people that have said stupid things, it will be because I identify and agree with their overarching principles.","Asked if this meant he was calling UKIP racist, he replied of course it is racist, of course, who doubts that?",0,Attack,C,1,0,0,
2026,"The whole UKIP-for-the-working-class narrative is utterly insane since, if we left the EU, the poor would still be competing with cheap foreign labor.","Explaining his decision to swap sides, Mr Campbell Bannerman - MEP for the East of England - said UKIP had become obsessed with single issue politics, internal fighting and shouting from the sidelines.",2,No Relation,C,0,1,0,
3862,We should promote democratisation,Developing countries are generally not altruistic enough to fully support countries and as a result they achieve a useless halfway state,0,Attack,C,1,0,0,
1784,"UKIP is not an isolated phenomenon: France has Le Pen, Germany has AfD, and all of these have in common that they are nationalist, anti-European, and more right than mainstream conservative parties.",He said UKIP was clearly taking a very right wing position which pandered to an obvious anti-Europeanism.,1,Support,C,0,1,0,
3014,you are opening the door to a nonliteral explanation of the text,no it means that the word of god is internally consistentnonsense,1,Support,C,1,0,0,
2825,caseylate last night i posted my final rebuttals to the ncse on opposingviews,casey relies on the fallacy that undermining evolution somehow provides merit to id,1,Support,C,1,0,0,
114,UKIP are asking the questions that haven't been asked by the opposition or the media.,"I think of the volunteers in my own constituency, they are not just my friends and my supporters, I feel I am one of them.",2,No Relation,C,0,0,1,
2880,after reading the points between the ncse and the discovery institute on that claim i am still skeptical of this as well,the smoking guns are well established,0,Attack,C,1,0,0,
1429,A strong UKIP vote suggests there's a lot of the British public who aren't on board with the current set-up.,Former Europe Minister Denis MacShane said the EU was Britain's biggest trading partner.,0,Attack,C,0,0,1,
1307,UKIP are not a single issue party anymore; UK Sovereignty is the crux of their party political platform but they've certainly expanded from that singular issue in recent years.,"Alluding to the comments, he will refer to public pronouncements that I would not always choose myself.",2,No Relation,C,0,0,1,
3851,All nations have a right to nuclear weapons,Public acknowledgement of the right to nuclear deterrence will benefit the public regulation of nuclear weapons generally,1,Support,C,0,1,0,
3646,what about a second hand book sale,nobody buys books anymore,0,Attack,C,1,0,0,
2409,forgot that atheism isnt a religion and if i say otherwise people will apologetically insist im wrong,atheism is merely the lack of theistic belief and it offers nothing beyond that,0,Attack,C,0,1,0,
649,I'm no fan of UKIP but well done to them for initiating a much needed shake up of British politics.,Some earlier polls have had UKIP snapping at the heels of the Liberal Democrats - and leader Nigel Farage has said its aim must be to overtake Nick Clegg's Liberal Democrats to become the third force in British politics.,1,Support,C,0,1,0,
3981,movies should be fun entertaining this movie is not waste of my time ,art is supposed to probe dark subject matter most of the greatest films do just that,0,Attack,C,1,0,0,
2140,UKIP will not improve public services.,"As well as campaigning against wind farms and increased migration, which UKIP claims is placing a strain on housing and public services, the party has three overarching polices for councils across England.",0,Attack,C,1,0,0,
738,The only reason we are even having a sensible debate about Europe are UKIP.,He said he planned to appeal against his conviction for conspiracy to blackmail.,2,No Relation,C,0,0,1,
721,UKIP are asking the questions that haven't been asked by the opposition or the media.,"European parliamentary rules state that when an MEP resigns there is no by-election, but the next in line from an agreed party list fills the vacancy.",2,No Relation,C,0,0,1,
2876,but i certainly do believe that nature exhibits intelligence and design not to mention beauty and love,fundamental pointsthere are wellcredentialed scientists who support intelligent design idso what  there are many many more wellcredentialed scientists who say intelligent design is nonsense,1,Support,C,1,0,0,
2118,"In fact, all UKIP seems to talk about now is withdrawl from the EU without any genuine policy around UK's domestic economy.","It is also one which means people often dismiss it as a single issue party, unlikely to become a force in Westminster politics.",1,Support,C,0,1,0,
1172,"Despite their best efforts at pretending otherwise, UKIP are still widely disliked and untrusted by the majority of the population.",He said Brits should be allowed to vote on whether the UK should remain part of the European Union.,2,No Relation,C,0,0,1,
1797,UKIP want to get us out of the EU to make the British people much worse off then they already are.,We need to strike out as a political party rather than a partner in the coalition and say to people that an 'in/out' referendum on polling day would be the best way forward.,2,No Relation,C,1,0,0,
912,Beyond leaving the EU and migration what ukip have no policies!,They were asked if they were more or less active within the party than they were five years ago.,2,No Relation,C,0,0,1,
2337,joe argues that the design inference is disallowed and we agree to the extent that it fails to be scientifically relevant a posteriori but of course it is never disallowed a priori,joewe look at the options,0,Attack,C,0,0,1,
1044,If the other parties do tackle the issues of EU and immigration I'll be more than happy to see UKIP disappear.,"And at by elections voters are not choosing a government - they can shout loudly and protest, safe in the knowledge that it won't change the person who lives in Downing Street.",1,Support,C,1,0,0,
715,"UKIP are just another bunch of freeloaders, using peoples fears and prejudice to gain votes so that they can get their snouts into the trough.",It has also promised to crack down on councillors' expenses and limit housing developments on green belt land and unwanted out-of-town supermarkets.,2,No Relation,C,1,0,0,
3173,theres no point arguing against evolution when you dont understand it in the first place,now creationism to me makes much more sense,0,Attack,C,0,1,0,
859,The more the 'mainstream' parties smear and lie about UKIP the more their support rises.,"UKIP recorded their best ever Westminster election performance and brought humiliation to the Conservative candidate, in the process triggering a debate within the party about how to deal with their rivals.",1,Support,C,0,1,0,
1149,Support for UKIP simply indicates that people have noticed that the major parties do not represent their interests.,"Thatcher was wrong then and Cameron is wrong now, neither have ever represented their populace.",1,Support,C,0,1,0,
2554,i asked the questions to give mr behe a hint about how to formulate a proper argument,i was using your rhetorical question to attempt to get a discussion going,1,Support,C,0,0,1,
193,"I and many others will be voting UKIP not because of a handful of people that have said stupid things, it will be because I identify and agree with their overarching principles.","I think that it's a misjudgement frankly to equate the leadership of a party which is part of government with a protest group, particularly a protest group which frankly is more about immigration than it is about Europe.",0,Attack,C,1,0,0,
1482,UKIP are not a single issue party anymore; UK Sovereignty is the crux of their party political platform but they've certainly expanded from that singular issue in recent years.,"Labour leader Ed Miliband said earlier this month that his MPs would not take part in the vote on Friday, describing the bill as a gimmick.",2,No Relation,C,0,0,1,
811,Hopefully we will see our first UKIP MP before the general elections next year.,Taking on all those deliveries made an enormous difference to our ability to deliver a strong campaign.,2,No Relation,C,0,0,1,
1103,Big business will not support UKIP given the devastation that withdrawal from the EU would cause.,There'd always be a very politically incorrect atmosphere that just relaxed everybody.,2,No Relation,C,0,0,1,
675,"The UKIP party is a populist party at the right end of the spectrum, which exploits people's fears of the foreign and unknown.","I will be in my constituency working hard for the people of the Highlands, as I do almost every Friday.",2,No Relation,C,0,0,1,
3433, who enters into a scientific debate about evolution asking only for opinions are you serious forget opinions, wrong  evolution is probably the most supported theory in biology  its withstood considerable scrutiny for the past  years and is as strong as ever,1,Support,C,1,0,0,
1633,"UKIP is a not a real party, with a clear global ideology and vision addressing all aspects of society: it is focusing on a handful of issues (all centered around membership in the EU and migrants), mostly ignoring global financial issues, health, education, security etc.","I believe that what UKIP is doing is vital for this country, and of course the party's financial management is crucial.",0,Attack,C,1,0,0,
3242,evolution has been basically proven,i think evolution is an actual truth since we are able to prove it and all,1,Support,C,0,1,0,
441,"Marketing UKIP as ""the people's army"" is a bitter irony.","Mr Clarke, the most pro-EU voice on the Conservative front bench, made the case for Britain's continued membership, saying the country would be left isolated and diminished in the world stage if it left.",2,No Relation,C,0,0,1,
1236,I suspect when people do start to focus and the election is close UKIPs incoherent policies will be exposed.,"Labour has declined to say how it expects to do, but experts have said it will be looking to retake control of councils such as Derbyshire and make inroads across the south of England at the very least.",2,No Relation,C,0,0,1,
2365,i recently read that after careful study the backwards wiring is essential,if you are going to comment on something in   science   you need to back it up with actual data,0,Attack,C,1,0,0,
2262,It is because of UKIP that we are finally discussing the European question and about immigration and thank goodness for that.,"Mr Cameron also said he did not think it would be right for Britain - or in the national interest - to leave the EU entirely, pointing out that some 50% of nation's trade was with the EU.",0,Attack,C,1,0,0,
2818, what predictions has id made and have they so far proven truesee the above links,some kind of entity capable of guiding ends to means and preplanning events or features before they happen or come into   existence   ,0,Attack,C,0,1,0,
1954,It is because of UKIP that we are finally discussing the European question and about immigration and thank goodness for that.,Opponents say the new system risks politicising the police.,2,No Relation,C,0,0,1,
390,"If you want an insight into just how mad and bad UKIP are, go and read what their members, candidates and supporters write on the Telegraph.",He told the BBC that UKIP had leapfrogged the Lib Dems in some opinion polls and the public wantedrespected UKIP as a genuine party.,0,Attack,C,1,0,0,
449,"UKIP are a fairly right wing group as I'm sure will become clear when they actually produce some policies other than the ""its all the eu's"" fault.","I can understand the problems of ministers who are in austerity and who are contributing but I can easily find common language with people in Cornwall, Wales, and Northern Ireland for their projects.",2,No Relation,C,0,0,1,
967,"The core of UKIP seem pretty much right wing, so you can expect those polices to be similar to the current conservative ones which will drive the left leaning voters away in droves. ","He claims an agreement was reached for Mr Nattrass to join his party, becoming its first MEP.",2,No Relation,C,0,0,1,
2210,UKIP are in no way a single issue party and if Labour or the Conservatives were to give us a referendum UKIP would still have a full manifesto that would attract many voters.,He told the BBC that he has not proposed a pact with anybody and insisted the speculation was coming from members of the Conservative party who are saying 'we must do a deal with UKIP'.,2,No Relation,C,0,1,0,
1674,"ukip's policies on health, education, taxation and all the things that affect peoples lives are non-existent.","Here is how I see it - immigration, welfare and education are totally linked.",0,Attack,C,0,0,1,
460,If you want to understand why UKIP is extreme look at the extreme elements it attracts including far-right Hitler-apologists like retep and anti-semites like your friend in Stocksbridge.,Council leader Peter Martin said the party aimed to develop quality services for the people of Essex.,2,No Relation,C,1,0,0,
1334,Support for UKIP simply indicates that people have noticed that the major parties do not represent their interests.,"No elections took place in London, Scotland or Northern Ireland.",2,No Relation,C,0,0,1,
1810,A forensic examination of UKIP's policies would nail once and for all the Establishment lie that they're a bunch of swivel-eyed racists.,There is only one party in this country that can guarantee the people in this country will get a referendum on the EU and that is the Conservative Party.,2,No Relation,C,1,0,0,
3521,yes she walked down the wrong alley alone would she have done so if she were not packing,so it was wrong for her to walk down a public alley you are blaming the victim you are either a complete dick or you are being facetious,0,Attack,C,1,0,0,
4013,did anybody else find the twist a bit silly i did it was shocking and unexpected alright but also so random ,you are right on all points a very moronic idea for revenge added to this there was no for sure that the guy would even sleep with his kid,1,Support,C,0,1,0,
2939,the order of events in genesis i agree with   science  ,certainly there is value in the documents from which human culture has derived the christian bible the value of which is to be determined individually by the reader,1,Support,C,0,0,1,
3516,where were the french on dday and the normandy invasion when hitler was burglaring their nation i do not recall history mentioning a frenchman around but the americans were saving their rears once again,are you really this historically ignorant,0,Attack,C,1,0,0,
2627,intelligent design is an idea not a theory,it is a fact that design can be determined in the absence of a designer,0,Attack,C,1,0,0,
640,"If UKIP do hold the balance of power and get into government, their only condition will be an in/out EU referendum.","The consequence was that the story was leaked before Mike Nattrass, or indeed I, were actually ready for the story to go out.",2,No Relation,C,0,0,1,
1342,"On voting day, this week the vast majority of the British public will not vote for UKIP.",They might be voting for UKIP because they want to have a referendum on Europe.,0,Attack,C,1,0,0,
1728,UKIP are blatantly disregarding the possibility of man made climate change.,Former Europe Minister Denis MacShane said the EU was Britain's biggest trading partner.,2,No Relation,C,0,0,1,
3313, the evidence has it, and the reason why there are so many species that arent on this planet any longer,1,Support,C,0,1,0,
3333, yes i believe evolution is wrong, on what day did god make the fossils  very simplistic yes it is,1,Support,C,1,0,0,
2507,in fact behes claim is either tautological or it is wrong,in fact behes claim is either tautological or it is wrong,0,Attack,C,0,1,0,
3759,the nexus  has everything fast processor big screen and the latest version of android,and it is cheaper than most other smartphones as well,1,Support,C,0,1,0,
2321,grayling explains in his review of fullers latest book quite well how id is doomed to remain scientifically vacuousfuller has written about popper he seems to forget poppers killer point namely a theory that explains everything explains nothing,pvm wrote however this is false and misleading,0,Attack,C,1,0,0,
937,"I don't believe Farage is a racist and I don't believe the UKIP policies are racist, but I do think they will be the party that attracts most support from racists.","UKIP is getting itself now into a position in some of the marginals where it is a serious contender to win seats in Parliament, and not just split them.",2,No Relation,C,0,0,1,
2041,Whether UKIP can deliver on their promises if they were to win power at the next general election is a moot point because they will not win power.,"He has vowed to scrap all speed cameras in the region, arguing that they sour police relations with law-abiding citizens and fail to cut road accidents.",2,No Relation,C,0,0,1,
2791, i have been a christian most of my life and the ten years i lived outside the community was hell on earth,poblic schools are not to promote   religion  ,1,Support,C,0,0,1,
2127,"I don't necessarily think Nigel Farage is worthy of PM, I think they need a new leader.",Nigel Farage is on remarkably good form.,0,Attack,C,1,0,0,
918,"The momentum is definitely with UKIP at the moment, hopefully that will continue with the up and coming by-elections.",The Lib Dem candidate is expected to be selected on Saturday.,2,No Relation,C,0,0,1,
1860,"UKIP are indeed far from perfect, but they have grown as a party because the Establishment Parties have deceived the public for so long on informing and educating on WHAT IS THE EU SUPERSTATE project.","UKIP appears to have struck a chord with many voters on the issue of immigration, campaigning against the relaxation of working restrictions on Bulgarians and Romanians due to come into force in January.",1,Support,C,0,1,0,
3796,We should ban religious symbols in public buildings,If you ban one thing you have to ban lots of things,0,Attack,C,1,0,0,
1871,UKIP are in no way a single issue party and if Labour or the Conservatives were to give us a referendum UKIP would still have a full manifesto that would attract many voters.,"Al-Qaeda's beliefs were at odds with classical and contemporary mainstream Islam, she added.",2,No Relation,C,0,0,1,
2763,here is the response to irons which was also published in the montana law review,pt,1,Support,C,0,0,1,
2887,i must admit this would all go a lot smoother if there were no word count limits or rules about how many posts you could make at a given time,i take it your also a closet fan of hugh ross am i right dnot really he tries hard but fails,0,Attack,C,0,0,1,
1960,"I would say it's the anti-ukip brigade who have no substance to their argument (or facts), they simply shout ""racist"" with nothing to substantiate this slur, or become crude and insulting.","All [the prime minister's] doing is trying to curry favour, he continued.",2,No Relation,C,0,0,1,
751,A forensic examination of UKIP's policies would nail once and for all the Establishment lie that they're a bunch of swivel-eyed racists.,UKIP have just selected someone to run for Orpington as our potential MP and he's of Indonesian origin and Muslim.,1,Support,C,0,1,0,
210,The current smear strategy against UKIP is not pulling people back but pushing them towards UKIP and if this carries on then things are going to be a lot tighter by the time the general election comes.,"Lord Pearson's predecessor, Nigel Farage, said he would not announce whether he would stand until the conference.",2,No Relation,C,0,0,1,
2424,thats classy,in order to better understand intelligent design it is important to appreciate how it abuses and conflates terminologies,1,Support,C,0,0,1,
2673,nobody ever said that natural selection was random,the random comes in when particles of rna that came out of the primordial ooze aligned by chance in such a way to produce a singlecelled organism,0,Attack,C,1,0,0,
2915,the national center for science education has a good reason to be concerned about intelligent design,perhaps what is needed is to distinguish between academic freedom and peer review,1,Support,C,0,0,1,
2538,im sorry but this argument of design is apparent not real always make me scratch my head in bewilderment,it always has been and always will be impossible to have a design without a designer,0,Attack,C,1,0,0,
3117,afaik the languages of genesis are hebrew and aramaic,try reading chaucer out loud in his language,1,Support,C,0,0,1,
3514,evolutionists say that certain animals in a population are genetically superior than others and these genetic superiors are more successful breeders,sometimes the state of the education system in the usa makes me cry,0,Attack,C,0,0,1,
3142,at the risk of sounding like my mother i dont know what happened to you that caused you to hate christianity so but it is evident that you absolutely hate it,but i can see she didnt teach you much,1,Support,C,1,0,0,
3102,i am not disputing god and i hardly think the difference between a day and a billion years or so is splitting hairs,mike my apologies to you but i am surprised at the numbers of people here who appear to be somewhat hostile towards the existence of a supreme being namely god yahweh yahwah yhwh the i am that i am and so forth,0,Attack,C,0,0,1,
3013,youre missing the point about the four rivers,you are opening the door to a nonliteral explanation of the text,1,Support,C,0,1,0,
1161,Plenty of survey's have shown UKIP to be the most hated of the main parties.,"Mr Farage, whose party wants the UK to pull out of the EU, said the budget proposal illustrated how out of touch those running the organisation were.",2,No Relation,C,0,0,1,
3960,this was just an amateurish hodgepodge of the departed the town and we own the night and sopranos,i had completely the opposite impression though i respect your input as were all going to have our own viewpoint but i very much liked this film,0,Attack,C,1,0,0,
2963,consider the observation of a solar eclipse,yes im fully aware what a solar eclipse is,0,Attack,C,0,0,1,
2132,"UKIP is a one man's party: its leader, Nigel Farage is running the show - I cannot think of any other party member having expressed any opinion publicly and I wonder whether this is because none of the other party member is ""presentable"".",And they also seemed very thankful to have the colourful Nigel Farage back as party leader.,1,Support,C,0,1,0,
355,"There's an election next month, UKIP are campaigning on the streets right now, and candidate upon candidate keeps churning out ridiculous (often racist, sexist or homophobic) views.",The Croydon North and Middlesbrough polls were triggered by the deaths of MPs Malcolm Wicks and Sir Stuart Bell.,2,No Relation,C,0,0,1,
332,"I and many others will be voting UKIP not because of a handful of people that have said stupid things, it will be because I identify and agree with their overarching principles.",The last two years' local elections have seen pretty awful results for the Liberal Democrats.,2,No Relation,C,0,0,1,
2139,"In fact, all UKIP seems to talk about now is withdrawl from the EU without any genuine policy around UK's domestic economy.","Mr Farage will tell members at the conference in London that, by the 2015 general election, UKIP will overtake the Lib Dems in terms of its support base.",2,No Relation,C,0,0,1,
3813,We should grant politicians immunity from prosecution,Politicians who commit crimes are likely unfit to serve,0,Attack,C,1,0,0,
639,I think it's far too simplistic to argue all UKIP supporters are racist - there is a real groundswell against the political establishment which over the past 20 years or so has started to converge in terms of image and policies.,"The UKIP candidate Richard Elvin came second with 5,988 votes, marking an impressive result for the party.",1,Support,C,0,0,1,
8,"If UKIP don't like being smeared, then they need to stop smearing, stigmatising, and fear mongering about others.",He suggested the possibility of live-streaming on the internet while debates were running.,2,No Relation,C,0,0,1,
3812,We should grant politicians immunity from prosecution,The ability to prosecute politicians is the ultimate protection against the abuse of power,0,Attack,C,1,0,0,
3223,although i firmly believe in evolution it is only a theory and even though theories have evidence and are backed up with facts they are not  true and can probably never really be proven like the big bang theory,why is it more reasonable to conclude common descent rather than common design from the similarity we see among species,1,Support,C,1,0,0,
128,"I don't believe Farage is a racist and I don't believe the UKIP policies are racist, but I do think they will be the party that attracts most support from racists.","We certainly need to improve women's place at senior level on those companies that are running the major organisations in this country, she added.",2,No Relation,C,0,0,1,
3736,limassol no doubt about it it has the most beautiful beaches and the most fun places to visit,fresh fish cafes beautiful people carnival wine festival and more,1,Support,C,0,1,0,
3034,there is much scientific evidence to proof it its just that you wouldnt believe it anyway,i do not believe in science,0,Attack,C,1,0,0,
1140,"I don't necessarily think Nigel Farage is worthy of PM, I think they need a new leader.","While there will be no mention of the members who quit in protest at his leadership, he will acknowledge internal clashes.",2,No Relation,C,0,1,0,
214,I'm no fan of UKIP but well done to them for initiating a much needed shake up of British politics.,Mr Farage stepped down briefly before the last election to concentrate on winning a seat in Parliament and says he was not involved in drawing up its manifesto.,2,No Relation,C,0,1,0,
161,The success Ukip had in the european elections will be sufficient to galvanise one or preferably all the other parties to rid us of the EU's political influence.,"The Green Party, so often the fourth contender in local election races, now faces a very serious rival for that spot in UKIP.",1,Support,C,0,0,1,
2961,i agree he didnt want to confuse us,you are exactly right  evidence is all around you mountains of it in fact,0,Attack,C,0,1,0,
1239,"UKIP are an independent party and have shown that their appeal is broad, making big dents in staunchly Labour voting areas as well as the recent bi-election successes.",The veteran Europhile rejected all talk of electoral pacts with UKIP at the next election.,2,No Relation,C,1,0,0,
2363,if youre tired of debating pandas fine,if intelligent design is a valid scientific concept why is it that we have examples of idiotic design in so many organism including vertbrates all their eyes are wired backwards making their retinas vulnerable to damage,0,Attack,C,1,0,0,
1135,"It's true that UKIP dont have ideas to suit everyone, but at the moment they are heads above the pillocks at No 10 today.","Emergency treatment would still be free at the point of delivery to all, while migrants would be eligible for free NHS care once they had worked for five years and paid tax and national insurance on their income.",2,No Relation,C,0,0,1,
1631,The Ukip is only an effect of years and years of fake politics and a lot of radical chic talking nonsense through editorials.,"UKIP, which has called for withdrawal from the European Union and greater restrictions on immigration, has seen improved poll ratings this year.",1,Support,C,1,0,0,
729,"For many UKIP voters, it does not particularly matter what the party's policies are, but that UKIP is not Labour or Conservative.","Viscount Monckton inherited his title from his father who died in 2006 - who had been a member of the House of Lords until 1999, when the legislation was introduced.",2,No Relation,C,0,0,1,
3913,We should negotiate with terrorists,Negotiation encourages moderation,1,Support,C,0,1,0,
3449,like i said i can not take mens position on abortion seriously because their viewpoint must be affected somewhat by the fact that they will never actually have to make the decision themselves,so barren women can not have a valid point of view nor women in the stage of menopause because it does not affect them personally perhaps you should tell the moderator to institute women only forums men only forums gays only forums etc,0,Attack,C,0,1,0,
2590,it is obvious isnt it i hope not to be too snarky but the pope finally got around to admitting that galileo was correct in teaching that the earth revolved around the sun get the gravity connection,richard dawkins and victor stenger argue that the existence of a creative superintelligence or god are scientific questions,1,Support,C,0,1,0,
7,"The greens and ukip provide encouragement for labour and conservatives alike to address some issues people care about, albeit only lip service to retain votes mainly.","Mr Miliband has not ruled out a referendum, which may be counter as a UKIP success.",1,Support,C,0,1,0,
1816,"Arguably, UKIP & co. aspire to destroy the culture created in Europe after WWII, which has been based on openness, free travel, migration and cross-geographic access to goods and labour markets.","I was delighted to cast my vote for [UKIP leader] Nigel Farage's team in Sussex, where I live, said Lynam.",0,Attack,C,1,0,0,
1568,"Even a UKIP European candidate, Janice Atkinson, another ex-Tory, admits leaving the EU would be problematic.","Deputy Prime Minister Nick Clegg, whose Liberal Democrats oppose a referendum, said leaving altogether would make us less safe because we co-operate in the European Union to go after criminal gangs that cross borders.",1,Support,C,0,1,0,
742,If there are enough Ukip votes it should frighten all the parties sufficiently to make them realise they can't just ignore the electorate.,"Well, they are only going to get that if David Cameron is prime minister after the next election, he told BBC Radio 5 Live's Pienaar's Politics.",2,No Relation,C,0,0,1,
2338,joewe look at the options,joe i do,0,Attack,C,0,0,1,
3136,this is not a proof of   evolution   from chimps,yes i understand we didnt evolve from chimps from the position of   evolution   theory  and im sorry for saying it that way considering i truly dont want to encourage the misinformation and typical uninformed view,0,Attack,C,0,1,0,
593,If there are enough Ukip votes it should frighten all the parties sufficiently to make them realise they can't just ignore the electorate.,UK Independence Party leader Nigel Farage has urged MPs to vote in favour of further debate on Europe.,1,Support,C,0,1,0,
955,People are not voting for UKIP because of immigration propaganda but because of their direct experience of immigration.,An above-inflation 4.9% rise would take the commission's total funding for 2012 to 132.7bn euros (Â£117bn).,2,No Relation,C,0,0,1,
384,"I don't think most people realise the benefits of free trade at all, and UKIP capitalise on peoples ignorance of the benefits of free trade as much as they can.","The party's press officer, Gawain Towler, intervened on Tuesday evening, posting a message saying I can assure you that nobody has been asked to troll, people have been directed to the forum because it could be interesting.",2,No Relation,C,0,0,1,
3273,the aftermath of evolution has been witnessed but never the actual process itself,i have no patience for people like you,0,Attack,C,0,0,1,
385,"The sooner we are out of the EU, the sooner we can start making this country great again.","All it convinces me of is we need to redouble our efforts to reach out to every part of the country, including areas where Labour has traditionally not been strong.",2,No Relation,C,1,0,0,
2685,casey writesid doesnt try to address theological questions about the identity nature or origin of the designer,caseyeven the widelytouted theistic evolutionary biologist kenneth miller has claimed in five editions of his popular high school biology textbooks that the implication of evolution is that it works without either plan or purpose and is random and undirected,1,Support,C,0,1,0,
2447,there was much that darwin did not know at that time that we now know and his original theory has since been supplanted by more modern versions of his theory,yet it demonstrated a radical   change   over the comparatively short span of twenty years,1,Support,C,0,1,0,
2867,but most of it seems to be in the responsesuch as  because the ncse thinks science should be a voting contestthats just plain silly its the dissent from darwinism which attempts to create a controversy where there is none,i do not wish to begin to defend the di as i am not familiar enough with their theory,0,Attack,C,0,0,1,
3122,a six day creation is a literal interpretation of genesis but it is not the only literal interpretation,an appeal to one narrow religious text isnt very persuasive,1,Support,C,1,0,0,
432,"The momentum is definitely with UKIP at the moment, hopefully that will continue with the up and coming by-elections.","History teaches us that trouble lies ahead when a regime is free to break its own laws with impunity, when it is supported by a puppet court, and when its people are powerless to get rid of it.",2,No Relation,C,0,0,1,
1026,If UKIP are wise they will alter their attitude about the NHS and public services in general.,But they propose making a visa conditional on having health cover to reduce the burden on the NHS.,0,Attack,C,1,0,0,
839,"The UKIP party is a populist party at the right end of the spectrum, which exploits people's fears of the foreign and unknown.",Nigel Farage said most Ukippers have got robust views on immigration and he described them as sensible views.,0,Attack,C,1,0,0,
1881,Whether UKIP can deliver on their promises if they were to win power at the next general election is a moot point because they will not win power.,Mr Cameron wants to negotiate the return of some powers to Britain before a promised referendum by 2017.,2,No Relation,C,0,0,1,
3177,i find it immensely amusing when christians require proof before theyll believe in something,i agree totally with what you said cerin,0,Attack,C,0,1,0,
2031,"UKIP will lead the UK to independence from the oppressive EU, which is the only chance Britain has at restoring its former glory.","UKIP defied the odds again at last year's European elections, beating Labour into third place, much to the dismay of those, on the left and right, who had written the party off as a busted flush.",1,Support,C,0,1,0,
2445,id simply predicted that the appendix would have a function,if it cannot make predictions then it is not a viable theory,0,Attack,C,1,0,0,
3238,actully uncomplext compunds bonded to geather to create chemicals and very very uncomplect cell fragments that then banded to geather with otherthings for survival and formed the first very simple cells that then became more complext,god was created by people who needed faith in something,1,Support,C,0,0,1,
3984,movies should be fun entertaining this movie is not waste of my time ,did you not see that last  minutes of the movie,0,Attack,C,1,0,0,
442,Cameron had it right and UKIP could tip the balance towards Labour in the crucial marginal seats in the GE where the battle will take place .,"In the end, I think it will strengthen our role in Europe and our continued membership and the opportunities it gives Britain as a country.",1,Support,C,1,0,0,
2122,If anyone seriously thinks that UKIP will offer some kind of answer to our current problems then I think that they are going to be sadly disappointed.,"More people were considering voting for UKIP at a general election than ever before, he suggested, and this current poll surge was different from previous spikes in support which were linked to European elections.",0,Attack,C,1,0,0,
2979,this thread has been kept going by three people who have voted no to the question of a six day creation,there are two possibilities about the origin of the universe it blinked into existence,1,Support,C,0,0,1,
1904,If anyone seriously thinks that UKIP will offer some kind of answer to our current problems then I think that they are going to be sadly disappointed.,"Mr Wheeler, who has criticised David Cameron's attitude to the EU, said UKIP's success was vital.",0,Attack,C,1,0,0,
2943,werent covered under mosaic   law  ,i recall somewhere in genesis when   god   banished and marked cain some sort of reference to other people being alive other than just the first family ie adamevecain and abel and that the only reason that he would have marked abel was to protect him but protect him from whom if they are indeed the only other people so that logically leads to the assumption that there were other people living along side the first family,1,Support,C,0,0,1,
111,Cameron had it right and UKIP could tip the balance towards Labour in the crucial marginal seats in the GE where the battle will take place .,"UKIP would seek to make the 2014 elections to the European Parliament a referendum on open borders, he said.",1,Support,C,0,1,0,
1329,"If UKIP have a good general election and manage to take a few seats then that can only benefit Labour, because all of the seats that UKIP can possibly, conceivably win - well they are all Tory seats.","It's obsession now is on immigration, race and Islam, all of which I deplore.",2,No Relation,C,1,0,0,
121,"If UKIP do hold the balance of power and get into government, their only condition will be an in/out EU referendum.",But I am confident that at the general election we can win those people back by demonstrating that we are delivering for everyone who wants to work hard and wants to get on.,2,No Relation,C,1,0,0,
5,The hate campaign against Eastern Europeans that was and is run by UKIP legitimises anything said against them.,The UKIP leader also shared his view that the Labour party will announce a pledge to hold a referendum on the UK's membership of the European Union in the run-up to the European elections.,2,No Relation,C,0,0,1,
1991,"In fact, all UKIP seems to talk about now is withdrawl from the EU without any genuine policy around UK's domestic economy.",She also dismissed suggestions she had left because her political career was not advancing quickly enough.,2,No Relation,C,0,0,1,
467,"The country faces more than two big issues, which is where Ukip come apart at the seams in an incoherent bunch of right wing horse shit from whatever Think Tank came along at the time.","Before joining UKIP in 2004, Mr Campbell Bannerman was a Conservative activist and former special adviser to the Conservative Northern Ireland Secretary Sir Patrick Mayhew.",2,No Relation,C,0,0,1,
2853,idnetto comment on whether id has merit or not it is minimally necessary that people be properly informed of the arguments involved,lets talk about cricks statement biologist must constantly keep in mind that what they see was not designed but rather evolved,0,Attack,C,0,0,1,
969,"I think Farage makes a much better leader than any of the other parties, he's full of enthusiasm and is not a PR man like the current leaders of the 3 main parties.",Mention Farage and the facial expression you're met with is one of crumpled disgust.,0,Attack,C,1,0,0,
3458,perhaps you should go get a bit of education on the subject bud embalming is not fossilization nor are they comparable,the egyptians were trying to preserve the bodies and under the best of circumstances look how they deteriorate now ask yourself this genius how long does it take for a bone to fossilize and does a fossilized bone become immune to the elements and deterioration over millions of years when even steel corrodes from the alkali in the earth,0,Attack,C,0,1,0,
3081,usher got a bad rap,well once you accept the existence of an all powerful deity then anything is possible,1,Support,C,0,0,1,
510,"If UKIP have a good general election and manage to take a few seats then that can only benefit Labour, because all of the seats that UKIP can possibly, conceivably win - well they are all Tory seats.",It should be clear Cameron territory.,2,No Relation,C,1,0,0,
1680,"UKIPs main issue has always been the EU, immigration has just been the bit that highlights what a failure the project has been.","UKIP beat us in 2009; a year later we won 24% of the vote in the general election and UKIP were nowhere, the deputy prime minister told Channel 4 News.",2,No Relation,C,1,0,0,
3497,how despite centuries of artificial breeding and decades of experiments no one has ever observed one species turn into another speciation,out and out lie there is really no other way to put this,0,Attack,C,1,0,0,
3663,community is my favourite,not one of my favourites,0,Attack,C,1,0,0,
118,"Labour should be running scared of UKIP, now the working class are starting to realise that Labour is for middle class socialists and the public sector.",If you accept defectors from the Conservative Party you will always have embarrassments.,2,No Relation,C,0,0,1,
3528,gay marriage does have a drastic affect on our society,prove it got any credible scientific or sociological studies,0,Attack,C,1,0,0,
1452,Beyond leaving the EU and migration what policies do ukip have?,"I fear that on climate change and energy policy, UKIP have nothing to offer.",1,Support,C,0,1,0,
740,"I voted Tory for 30 years and started supporting UKIP because I want a sovereign, democratic , well governed Britain with Britain put first and its getting clearer by the day that the old Liblabcon parties will not do that.","But he played down recent polls, saying UKIP will come, UKIP will go.",0,Attack,C,0,0,1,
1011,If anyone seriously thinks that UKIP will offer some kind of answer to our current problems then I think that they are going to be sadly disappointed.,The first became memorable because of the temporary surge it brought in Lib Dem leader Nick Clegg's poll rating.,2,No Relation,C,0,0,1,
0,"Labour should be running scared of UKIP, now the working class are starting to realise that Labour is for middle class socialists and the public sector.",It shows how weak David Cameron has become and is yet another sign that Cameron's Tories are completely divided over Europe.,2,No Relation,C,0,1,0,
1567,"Arguably, UKIP & co. aspire to destroy the culture created in Europe after WWII, which has been based on openness, free travel, migration and cross-geographic access to goods and labour markets.","Britain would prosper outside the EU, he argued, and talk of its losing trade was not credible.",2,No Relation,C,1,0,0,
1575,If there are enough Ukip votes it should frighten all the parties sufficiently to make them realise they can't just ignore the electorate.,He said the level of interest showed rivals and the media were scared witless of UKIP's recent successes.,1,Support,C,0,1,0,
2946,only someone who does not beleive in god would have to ask how the world was created in six days,several scientists have already admitted that the account of creation as described in genesis has definite validity,1,Support,C,1,0,0,
1240,UKIP are not a single issue party anymore; UK Sovereignty is the crux of their party political platform but they've certainly expanded from that singular issue in recent years.,And on a broader platform UKIP claims to be winning support among younger voters and students.,1,Support,C,0,1,0,
910,Intellectually I rate Farage much higher than Cameron; he has a very sharp and quick wit and is an excellent public speaker.,He said later that he expected a final decision on any disciplinary action against Mr Bloom to be resolved in a couple of weeks.,2,No Relation,C,0,0,1,
1783,The Ukip is only an effect of years and years of fake politics and a lot of radical chic talking nonsense through editorials.,He held positions in the governments of Margaret Thatcher and John Major before becoming treasurer in 2003.,2,No Relation,C,0,1,0,
2773,why should i waste more than  seconds attempting to communicate with an ignoramusthere is a wonderful world wide web out there with a lot of substance,why should i waste more than  seconds attempting to communicate with an ignoramusim asking myself the same thing,0,Attack,C,0,1,0,
977,"The UKIP mainstay vote is in normal working people because they never voted for 4 million immigrants, they never voted for Multiculturalism.",But Labour is expected to claw back ground among working class folks in the Midlands and north of England lost in 2009 when it had the worst night at the polls in its history.,0,Attack,C,1,0,0,
1700,UKIP are in no way a single issue party and if Labour or the Conservatives were to give us a referendum UKIP would still have a full manifesto that would attract many voters.,"The by-election is the first to be held since the last election, making it the first significant test of the coalition government's popularity.",2,No Relation,C,0,0,1,
827,"The momentum is with UKIP; Labour, Conservative and Liberal areas are all now vulnerable to them. ",He promised that his party would sing Mr Lynam's humorous version of Send in the Clowns at its South East conference on 8 June.,2,No Relation,C,0,0,1,
1925,Plenty of survey's have shown UKIP to be the most hated of the main parties.,"UKIP, which has called for withdrawal from the European Union and greater restrictions on immigration, has seen improved poll ratings this year.",0,Attack,C,1,0,0,
98,"For many UKIP voters, it does not particularly matter what the party's policies are, but that UKIP is not Labour or Conservative.","Mr Schulz, in a personal statement, dismissed Mr Bloom's insult saying You have to have a certain degree of passion to your insults to affect me.",2,No Relation,C,0,0,1,
736,The people and media that are criticising UKIP are highlighting the genuine concerns about UKIP and their policies towards immigrants.,"Laura Pidcock, from campaign group Show Racism the Red Card, told Today that these crude stereotypes perpetuated by UKIP were incredibly damaging.",1,Support,C,0,1,0,
2640,like all theories evolution has changed over the years because of new evidence was discovered,you are ignoring my main point that catastrophism was closer to the truth then darwin,0,Attack,C,1,0,0,
1971,It is because of UKIP that we are finally discussing the European question and about immigration and thank goodness for that.,"Over three million jobs in this country, directly or indirectly, depend on us being in the EU, so that is a big choice.",0,Attack,C,1,0,0,
4034,this film is easily one of the best movies ive ever seen yes it is pretty easy to guess the ending but it still wasnt ruined by that fact it is a work of art it is rewatchable,i wholeheartedly agree ive just seen it tonight and was blown away by it i will be thinking of this movie for a long time,1,Support,C,0,1,0,
366,"If UKIP don't like being smeared, then they need to stop smearing, stigmatising, and fear mongering about others.","If UKIP has good cause to think that it should be in the TV debates and it's excluded, we will provide an alternative form of entertainment on the evening.",0,Attack,C,0,0,1,
2027,"In fact, all UKIP seems to talk about now is withdrawl from the EU without any genuine policy around UK's domestic economy.",She also dismissed suggestions she had left because her political career was not advancing quickly enough.,2,No Relation,C,0,0,1,
2962,you are exactly right  evidence is all around you mountains of it in fact,consider the observation of a solar eclipse,0,Attack,C,0,1,0,
655,"It's true that UKIP dont have ideas to suit everyone, but at the moment they are heads above the pillocks at No 10 today.","Natalie Bennett spoke about party polices for the Green Belt, Trident, defence the and economy, with Andrew Neil on the Daily Politics while campaigning in the West Midlands.",2,No Relation,C,1,0,0,
676,If anyone seriously thinks that UKIP will offer some kind of answer to our current problems then I think that they are going to be sadly disappointed.,They might be voting for UKIP because they want to have a referendum on Europe.,0,Attack,C,1,0,0,
1641,UKIP are a joke outfit full of small-minded Neanderthals who think the 1950s are the future.,"Essentially we are saying to the party don't panic, and trust us, one Cameron adviser said.",2,No Relation,C,1,0,0,
360,"I voted Tory for 30 years and started supporting UKIP because I want a sovereign, democratic , well governed Britain with Britain put first and its getting clearer by the day that the old Liblabcon parties will not do that.",A shrinking economy in the final three months of 2012 meant that the Conservatives faced the prospect of a triple dip recession at the start of the year.,1,Support,C,0,0,1,
3801,I prefer trade to aid,Systemic aid is detrimental to African society,1,Support,C,0,1,0,
1563,It is because of UKIP that we are finally discussing the European question and about immigration and thank goodness for that.,Mr Fabricant said an electoral pact with UKIP - in which the Tories would promise a referendum on European Union membership after 2015 and in return UKIP would not stand against Tory candidates - could help the Conservatives win an extra 20-40 seats at the next election.,1,Support,C,1,0,0,
1790,A strong UKIP vote suggests there's a lot of the British public who aren't on board with the current set-up.,UKIP leader Nigel Farage said the UK had no real control over either the number or the type of migrants that were settling from elsewhere in the EU.,1,Support,C,0,1,0,
2211,UKIP seems overwhelmingly to be staffed by racists who want to keep people not born in this country outside this country.,Downing Street said the prime minister's views about Europe were clear and he believed it was important the public had the evidence and analysis to consider the question of the UK's membership.,2,No Relation,C,0,0,1,
1513,"UKIPs main issue has always been the EU, immigration has just been the bit that highlights what a failure the project has been.","UKIP, which has called for withdrawal from the European Union and greater restrictions on immigration, has seen improved poll ratings this year.",1,Support,C,0,1,0,
490,UKIP are a joke outfit full of small-minded Neanderthals who think the 1950s are the future.,"And last autumn, MEP Godfrey Bloom embarrassed the party when he used the phrase bongo bongo land and joked that some female activists were sluts.",1,Support,C,0,1,0,
766,Big business will not support UKIP given the devastation that withdrawal from the EU would cause.,"YouGov polling guru Peter Kellner warned people around Ed Miliband, who were contemplating a referendum pledge, that it would be a foolish move.",1,Support,C,0,0,1,
1681,UKIP are not a single issue party anymore; UK Sovereignty is the crux of their party political platform but they've certainly expanded from that singular issue in recent years.,"The charge put by its deputy leader David Campbell Bannerman when he defected to the Conservatives in the wake of the May elections was that UKIP remained, at heart, a single issue pressure group.",0,Attack,C,1,0,0,
532,"Even a UKIP European candidate, Janice Atkinson, another ex-Tory, admits leaving the EU would be problematic.",Mr Miliband rejected suggestions the result was a major setback to his plan to make Labour a One Nation party but he said his strategy of seeking to broaden its appeal was the correct one.,2,No Relation,C,0,0,1,
341,"As far as immigration is concerned all Ukip want is a level playing field for non EU migrants and to control the numbers so, if anything, Ukip are too soft on immigration.",It hopes to have the case thrown out before a hearing on 29 December to award compensation.,2,No Relation,C,0,0,1,
3383, evolution is a theory that is supported at the micro level, this is pure ignorance,1,Support,C,1,0,0,
434,"Arguably, UKIP & co. aspire to destroy the culture created in Europe after WWII, which has been based on openness, free travel, migration and cross-geographic access to goods and labour markets.","Therefore, when the deputy PM says he wants to go public and have a debate with me on this issue, I have absolutely no choice.",2,No Relation,C,0,1,0,
1217,A strong UKIP vote suggests there's a lot of the British public who aren't on board with the current set-up.,"Contests took place in 27 English county councils and seven unitary authorities, as well as in Anglesey.",2,No Relation,C,0,0,1,
1958,UKIP is the only party that has understood the damage immigration does to the UK and its policies aim at repairing this.,The Bulgarian President Rosen Plevneliev has warned that Britain's immigration policy could harm its image as a great global power that pioneered integration.,0,Attack,C,0,1,0,
882,"Labour should be running scared of UKIP, now the working class are starting to realise that Labour is for middle class socialists and the public sector.","Because what we have done, we have thrown clothes off and they have picked them up and put them on.",2,No Relation,C,0,0,1,
3702,marihuana is the worst smelling thing in the world legalising it would kill my sense of smell,i do not like the smell of fish that does not mean it should be illegal,0,Attack,C,1,0,0,
3903,I believe that opinion polls harm the democratic process,Opinion polls are subject to bias and often produce faulty information on which decision are made,1,Support,C,0,1,0,
2117,"If we leave the EU we will save billions of pounds which can then be invested in our ailing national infrastructure, notably the NHS.",The committee said the EU had helped to transform Europe from a continent of war to a continent of peace.,0,Attack,C,1,0,0,
566,Beyond leaving the EU and migration what ukip have no policies!,"And, alongside that central desire to get out of the European Union, the party is now pushing a broader range of ideas, from being anti-gay marriage to pro-grammar school.",0,Attack,C,1,0,0,
1926,"UKIP advocates for the UK leaving the European Union which would be a bad idea ‚Äì but they are trying to leverage on the british people‚Äôs need to belong and pride to be british, which further sparks their anti-foreigner standpoint.",He told the BBC that he has not proposed a pact with anybody and insisted the speculation was coming from members of the Conservative party who are saying 'we must do a deal with UKIP'.,2,No Relation,C,0,0,1,
1670,UKIP are a joke outfit full of small-minded Neanderthals who think the 1950s are the future.,UKIP has evolved over the two decades since it was created from an anti-EU pressure group into a fully fledged party which has now proved that it can succeed beyond European elections.,0,Attack,C,1,0,0,
582,Hopefully we will see our first UKIP MP before the general elections next year.,He said UKIP was the real party of law and order and he vowed to continue campaigning for them.,1,Support,C,0,1,0,
3675,hybrid electric vehicle,cost will reduce with scale,0,Attack,C,0,1,0,
565,I think a lot of UKIP supporters would be outraged if one of the consequences of leaving the EU was to price them out of buying virtually any of today's niceties.,"If you want to have a managed migration policy, you cannot remain a member of the European Union.",0,Attack,C,0,1,0,
588,"The People's Army is on the march and UKIP will get Britain back from the Liblabcon, Establishment and MSM political abusers of our country.","Unusually for a politician, his resignation statement highlights his own shortcomings.",2,No Relation,C,0,0,1,
2168,"Ukip, the Tea Party of the UK, just as daft, menacing and dishonest as their US counterpart.","He also warned that if a proposed referendum led to the UK leaving the EU, there would be dire consequences for the country's global influence.",2,No Relation,C,1,0,0,
3194,read the whole comment that he makes first,well personally my second cousin by marriage on my mothers side descends from the archea branch but my bosses boss is an arachnid,0,Attack,C,0,0,1,
125,UKIP are asking the questions that haven't been asked by the opposition or the media.,"The Labour candidate Emma Lewell-Buck won the South Shields contest with 12,493 votes - the vote was triggered by the resignation of former Labour foreign secretary David Miliband as an MP.",2,No Relation,C,0,0,1,
3609,is not it amazing how quickly creationists will accept natural selection and superfast evolution when it supports their beliefs,another of my favorites is how they loudly criticize radiometric dating most commonly radiocarbon dating because they know no other kind then shout from the rooftops that radiometric dating confirms the genuineness of two tousand year old manuscripts,1,Support,C,0,1,0,
2920,you cant offer anymore than theory for one or the other,you cant offer anymore than theory for one or the other,0,Attack,C,0,1,0,
3455,it is just feeding off of the mother,just spoken like a true man,0,Attack,C,0,0,1,
2610,you mean ones like wmap shows that we are at the center of the universe or the quote of carterwell i realize that one does remain the goldilocks enigma is a falsifiable observation that makes testable predictionsas i already explained though observations are seldomly falsified as they are based on observed data,having been asked to contribute a discussion of the anthropic principle for a colloquium on cosmology i would start by recalling that although its original formulation  was motivated by a problem of cosmology diracs and although many of its most interesting subsequent applications such as the recent evaluation  of the dark energy density in the universe have also been concerned with large scale global effects the principle for which i introduced the term anthropic is not intrinsically cosmological but just as relevant on small local scales as at a global level,1,Support,C,0,1,0,
3547,everything is made up of cells,yes every living thing is made up of cells,1,Support,C,0,1,0,
2516,hilarious,but what about your opinion on idid is ridiculously and obviously not   science  ,0,Attack,C,0,0,1,
267,A strong UKIP vote suggests there's a lot of the British public who aren't on board with the current set-up.,"Asked if the UK Independence Party should take part, he said usually it was just the three major parties, but it was up to the debates' organisers.",2,No Relation,C,0,0,1,
1036,I would hazard that it’s UKIP’s appeal to tradition and “British values” that appeals – it’s a cosy reimagining of a glorious past and taps into the Little England mentality of a large swathe of tory supporters.,Former prime minister Gordon Brown told the Labour Party conference in 2007 that the government would be drawing on the talents of all to create British jobs for British workers.,2,No Relation,C,0,0,1,
814,"If UKIP do hold the balance of power and get into government, their only condition will be an in/out EU referendum.","His focus has been turning it into what he calls a commissioning organisation, willing to outsource and in some cases stop providing some services, rather than trying to do everything itself.",2,No Relation,C,0,0,1,
1661,UKIP isn't committed exclusively to either right-wing or left-wing ideology and that’s a very good place to be.,You all think euroscepticism is a right-wing view - it is not.,1,Support,C,0,1,0,
2046,"Even a UKIP European candidate, Janice Atkinson, another ex-Tory, admits leaving the EU would be problematic.","He also warned that if a proposed referendum led to the UK leaving the EU, there would be dire consequences for the country's global influence.",1,Support,C,0,1,0,
2434,from wikipedia the scientific method,specifically the theory predicts that we will find large amounts of specified complexity in natural objects,1,Support,C,0,1,0,
1725,It is because of UKIP that we are finally discussing the European question and about immigration and thank goodness for that.,But it has been criticised for relying too heavily on leader Nigel Farage to promote its policies.,0,Attack,C,1,0,0,
2051,UKIP are not a single issue party anymore; UK Sovereignty is the crux of their party political platform but they've certainly expanded from that singular issue in recent years.,"I think there is an argument that, in tight times, we could go down from four to three submarines, but I think we need to maintain the independent nuclear deterrent.",2,No Relation,C,0,0,1,
4056,after all the attention and awards etc and an imdb rating of  i was so shocked to finally see this film and have it be so bad,i too was not too crazy about it there was too much music and not enough dialogue and very few surprises and the blood spurting was a little over the top,1,Support,C,0,1,0,
630,"I suspect that even if political parties addressed many of the concerns that UKIP raise, it wouldn't make any difference - the UKIP voter would still find something about modern Britain objectionable.",He talks about his own life as a former financier - I worked hard in the City for 20 years up until lunch time.,2,No Relation,C,0,0,1,
3948,Transparency is necessary for security,Transparency prevents or corrects mistakes,1,Support,C,0,1,0,
3264,mutation and natural selection are the two driving forces behind evolution,the bacteria mutated,0,Attack,C,0,1,0,
1634,It is because of UKIP that we are finally discussing the European question and about immigration and thank goodness for that.,It has been criticised for relying too heavily on leader Nigel Farage to promote its policies.,2,No Relation,C,0,0,1,
2367,first i believe that religion is manmade as are christ buddha mohammed et al,ask yourself this if the universe is expanding what happens when that expansion ceases my answer is that it cant be random,0,Attack,C,0,0,1,
73,"If UKIP want to retain these voters and attract more in a general election then they need to come up with policies other than ""leave the EU"" and ""its all the immigrants fault"".","The Eurosceptic party is aiming to show broader appeal by capitalising on concerns over immigration, HS2 rail and wind farms.",0,Attack,C,0,1,0,
1370,"As far as immigration is concerned all Ukip want is a level playing field for non EU migrants and to control the numbers so, if anything, Ukip are too soft on immigration.","What we have seen round the country is councillors defecting, former Conservative association chairmen defecting.",2,No Relation,C,0,0,1,
2381,that one is from isaiah ,yes god is by his nature  supernatural,0,Attack,C,0,1,0,
4047,i turned this movie off halfway through because i was bored out of my skull then i come here and its got a high rating granted its got a good storyline good acting nice cinematography but somehow still managed to bore me to tears,i will also agree that i was bored at times considering all of the reviews that this movie got,1,Support,C,0,1,0,
3342, i believe evolution is correct and whats up with this lack of understanding that evolution is a sloooooooow process       with the making everything is  days and resting on the seventh  which conveniently happens to be a week, i believe its right,1,Support,C,0,1,0,
1872,"UKIP’s popularity is mainly founded on the likeability of its leader Nigel Farage, who manages to obscure its racist policies in clever rhetoric.","He has talked in the past about forging a career in the media and if the rules on political balance in broadcasting were ever relaxed, he could see himself becoming a right wing radio shock jock.",2,No Relation,C,0,0,1,
199,"I don't necessarily think Nigel Farage is worthy of PM, I think they need a new leader.","Mr Clegg said that sticking a big no-entry sign on the cliffs of Dover may be politically popular, but at a huge economic cost.",2,No Relation,C,0,0,1,
3543,the people that already own weapons do not seem to be doing much to combat crime,well what do you expect everytime gun owners try and do anything to combat crime you liberal sissies yell and scream about vigilantism and foam at the mouth as you talk about how were taking the law into our own hands and that well be administering death sentences without trials for matters as trivial as jaywalking,0,Attack,C,0,1,0,
1951,"It's true that UKIP dont have ideas to suit everyone, but at the moment they are heads above the pillocks at No 10 today.",But after a strong showing from UKIP in the county council elections - which gained 139 more councillors - the Greens have lost their fourth position in terms of councillor number.,2,No Relation,C,0,1,0,
3003,the argument youre making would make sense if we could all just go up to god and ask hey is this true and god could give his answer directly to anyone who asked,this is so because it has been proven,1,Support,C,0,0,0,
195,"In UKIP, we have a new political force which looks likely to poll very well in a national election.",But it has been criticised for relying too heavily on leader Nigel Farage to promote its policies.,0,Attack,C,1,0,0,
3346, they all kinds of evidence that evolution exists, evolution is just logic,1,Support,C,1,0,0,
2322,pvm wrote however this is false and misleading,hghlanderthis is false and misleading,0,Attack,C,0,1,0,
3718,i think he can take a flight but his parents have to check him in and hand him over to the flying company just by himself no,and also have somebody pick him up when he or she lands,1,Support,C,0,1,0,
713,"Any of the ""working class"" who believe UKIP will represent them have not read a UKIP manifesto!","She said the newly-elected Tory MPs were a Eurosceptic bunch who favoured re-negotiating the UK's relationship with the EU, but not leaving it.",2,No Relation,C,0,0,1,
825,If the other parties do tackle the issues of EU and immigration I'll be more than happy to see UKIP disappear.,"The English Democrats later claimed Mr Nattrass had agreed to join them and run in next year's European elections, but had then changed his mind.",2,No Relation,C,0,0,1,
28,Only an idiot would think a UKIP win would result in withdrawal from the EU the day after.,"After losing out to Speaker John Bercow - and surviving a light aircraft crash - he returned to his role at the head of UKIP, which campaigns for Britain'e exit from the EU.",2,No Relation,C,0,1,0,
2066,It is more likely that Tory voters would vote tactically for UKIP to keep Labour out and that means Labour are at a real disadvantage. ,It was a very comfortable win for Labour who secured over 50% of the vote.,0,Attack,C,1,0,0,
2570,months later and i think we can agree pandas did not advocate religion,is   intelligent design   sciencemost definitely yes otherwise no one could argue it was wrong in the first place,0,Attack,C,1,0,0,
90,"UKIP are a two trick pony, Europe and immigration that's it.","UKIP is branching out on its policy focus, currently focusing its local election campaign on fat cat executives who are currently directing cuts at vital front line services while protecting trendy non-jobs.",0,Attack,C,1,0,0,
1455,"UKIP doesn't understand that young people are, by and large, progressive.","Mr Farage had an upbeat message for activists at his local elections campaign launch on Wednesday, saying UKIP was attracting more young members - the party says more than 100 of its candidates are under 25.",0,Attack,C,1,0,0,
23,"I would say it's the anti-ukip brigade who have no substance to their argument (or facts), they simply shout ""racist"" with nothing to substantiate this slur, or become crude and insulting.","Mr Cameron once described UKIP as a party of fruitcakes, loonies and closet racists.",0,Attack,C,0,1,0,
716,If UKIP is really the best our country can do for an alternative then we are all doomed.,A UKIP candidate in Somerset was suspended from the party on Tuesday after a photo of him apparently making a Nazi-style salute appeared on his Facebook page.,1,Support,C,0,1,0,
1589,"In fact, all UKIP seems to talk about now is withdrawl from the EU without any genuine policy around UK's domestic economy.",Surveys of grassroots members are rare because it is almost impossible to get hold of party membership lists.,2,No Relation,C,0,0,1,
2259,"I think Farage makes a much better leader than any of the other parties, he's full of enthusiasm and is not a PR man like the current leaders of the 3 main parties.","I was delighted to cast my vote for [UKIP leader] Nigel Farage's team in Sussex, where I live, said Lynam.",1,Support,C,0,1,0,
1174,"If UKIP don't like being smeared, then they need to stop smearing, stigmatising, and fear mongering about others.","Afterwards, Mr Nattrass began discussions with the English Democrats, who campaign for the establishment of an English parliament and immediate withdrawal from the EU, about a possible move.",2,No Relation,C,0,0,1,
2813,today one of the fundamental goals of scientists studying the theory of   evolution   is to figure out how life on earth began,the origins of life are the focus of a great deal of study but it focuses more on biochemistry then   evolutionary biology   as there was nothing to evolve before the first cells existed,0,Attack,C,0,1,0,
339,Intellectually I rate Farage much higher than Cameron; he has a very sharp and quick wit and is an excellent public speaker.,"This will be only the fifth occasion since the 1945 general election when the Lib Dems, or their predecessors the Liberals, have defended a parliamentary seat in a by-election.",2,No Relation,C,0,0,1,
50,Should ukip get into government it would be fair to assume that we'll see a whole raft of right-wing policies as actual government policy.,"The BBC's deputy political editor James Landale said senior Conservatives were preparing for the party to lose 350 seats they won in 2009, the last time the seats were contested.",2,No Relation,C,0,0,1,
3213,the process of evolution is fact,as i prepare to answer this question i realize i have essentially no knowledge about the theory of evolution besides darwinism and the title,0,Attack,C,1,0,0,
3300, im against it   ahh i love the arguments in everyone the against it section, you see a building and you have proof there is a builder,1,Support,C,1,0,0,
1180,"Arguably, UKIP & co. aspire to destroy the culture created in Europe after WWII, which has been based on openness, free travel, migration and cross-geographic access to goods and labour markets.","And for those with underlying problems, like drug addiction and illiteracy, there will be an intensive regime of help.",2,No Relation,C,0,0,1,
542,The people and media that are criticising UKIP are highlighting the genuine concerns about UKIP and their policies towards immigrants.,"The ex-minister, who lost his seat in 1997 following the cash-for-questions scandal, announced last week that he was joining UKIP and is seeking election to its national executive.",2,No Relation,C,0,0,1,
1167,UKIP are in no way a single issue party and if Labour or the Conservatives were to give us a referendum UKIP would still have a full manifesto that would attract many voters.,"UKIP, which campaigns for the UK to leave the European Union, averaged 25% of the vote in the wards where it was standing in Thursday's elections and won more than 140 seats, its best ever result.",1,Support,C,1,0,0,
2176,For what its worth I think UKIP is a one trick pony and is unelectable in a general election.,But after a strong showing from UKIP in the county council elections - which gained 139 more councillors - the Greens have lost their fourth position in terms of councillor number.,2,No Relation,C,1,0,0,
3171,to me i do not see us evolving even if it takes forever it still does not show,first of all there have been writings in hebrew ,1,Support,C,0,0,1,
3865,We should create a United Nations standing army,A United Nations Standing Army would solve the problem of American military hegemony,1,Support,C,0,1,0,
1944,UKIP's proposals on membership in the EU and migrants are at best purely demagogic: they do not take into account facts and more general issues.,"Foreign Secretary William Hague has meanwhile ruled out an electoral pact with UKIP, after a BBC poll suggested nearly 25% of Conservative councillors were in favour of such a deal.",1,Support,C,0,0,1,
2370,i cannot argue with your opinions as to what you want to believe,i fail to see how id can help us here,0,Attack,C,1,0,0,
1823,UKIP's proposals on membership in the EU and migrants are at best purely demagogic: they do not take into account facts and more general issues.,It comes as William Hague ruled out an electoral pact with UKIP.,2,No Relation,C,0,1,0,
3246,evolution may not have been perfect when it was first thought up but it was still pretty damn good,no scientific evidence of course,1,Support,C,1,0,0,
2852,when there was a move to distribute unlocking the mystery of life dvd to australian schools a few worried scientists headed by michael archer from unsw got together and signed a letter on behalf of  scientists and educators,idnetto comment on whether id has merit or not it is minimally necessary that people be properly informed of the arguments involved,0,Attack,C,0,0,1,
874,A vote for UKIP would be a vote for a Tory-UKIP alliance that would be more right-wing than a Tory government.,UKIP says it is campaigning on a pro democracy message - aiming to rejuvenate local politics.,0,Attack,C,1,0,0,
2965,yes im fully aware what a solar eclipse is,actually im not simply looking backwards,0,Attack,C,1,0,0,
2348,in a recent article casey luskin addresses the recent findings that changes in a regulatory gene can help explain the morphological differences between the chimpansee and humans,the question is somewhat meaningless because you can believe that we were created by design and still conclude that intelligent design as proposed by the discovery institute and its fellows  is a scientifically vacuous concept,1,Support,C,0,0,1,
3772,yes i never thought of that but that is a brilliant question and so true when you are part of a big family you should have a say in things that affect you ,for a successful economic union cultural union should be followed,1,Support,C,0,0,1,
3228,aha exactly and we now know that pluto is a planetoid not a planet,no evolution has yet to proven,1,Support,C,1,0,0,
3058,as a prisoner,i have found that most web sights about religion and   evolution   are bunk and are promoted by an agenda not open to reason,1,Support,C,0,0,1,
3457,if you think we can not rise up against tyranny then you must support dictatorship,your twisted logic strikes again i realise that if a group of you were to take your guns and rise up against the current administration you would all be labelled terrorists this is not evidence that i support the current regime how you could twist it to seem so is beyond me,0,Attack,C,1,0,0,
919,I think a lot of UKIP supporters would be outraged if one of the consequences of leaving the EU was to price them out of buying virtually any of today's niceties.,"Clearly I would have preferred to get more votes but this was always going to be a tough fight for Labour, he said.",2,No Relation,C,0,0,1,
3295, the prospect of creationism is pretty absurd, as an archaeologist i have to say that creationism is wrong,1,Support,C,0,1,0,
698,UKIP are asking the questions that haven't been asked by the opposition or the media.,"And Lord Adonis spoke about his political travels, via the SDP and Liberal Democrats, before settling on Labour, where he was in Gordon Brown's cabinet.",2,No Relation,C,0,0,1,
132,"On voting day, this week the vast majority of the British public will not vote for UKIP.",But Mr Farage admitted that on some policies his party may have got things wrong and this may hurt them at the polls.,1,Support,C,1,0,0,
610,"The UKIP mainstay vote is in normal working people because they never voted for 4 million immigrants, they never voted for Multiculturalism.","His role at the Conservative Party was as a grassroots activist helping with canvassing and leafleting, not as an official spokesman.",2,No Relation,C,0,0,1,
3207,the processes of evolution have been observed,no thats incorrect,0,Attack,C,1,0,0,
530,"If UKIP don't like being smeared, then they need to stop smearing, stigmatising, and fear mongering about others.",Mr Nattrass said this was untrue and accused theUKIP leadership of stupid and childish behaviour.,1,Support,C,1,0,0,
1297,"I don't necessarily think Nigel Farage is worthy of PM, I think they need a new leader.","It's not about turning left or turning right, it's turning off, warned shadow leader of the House of Commons, speaking of the blow the coalition government had taken during the week.",2,No Relation,C,0,0,1,
3548,murder is always illegal,we agree on something,1,Support,C,0,0,1,
2444,so what using   intelligent design    is the purpose of the appendixid simply predicted that the appendix would have a function,id simply predicted that the appendix would have a function,0,Attack,C,0,1,0,
2700,i asked ask yourself this simple question how does id explain the bacterial flagella it doesnt it merely calls it designed which is a placeholder for our ignorance as to how to explain the flagella,an underlying assumption of id is that intelligence is a property which we can generally understand through our observations of intelligent agents in the natural world,1,Support,C,0,1,0,
3291, what i feel in this context is creationism is nothing but a wrong assumption, yes evolution has hard scientific fact and the creationists put all of their faith in a book that is supposed to be the word of god but it was written by people,1,Support,C,0,1,0,
686,"The momentum is definitely with UKIP at the moment, hopefully that will continue with the up and coming by-elections.","Talking of the EU, Godfrey Bloom said UKIP was the only game in town, the only party that is going to get us out.",1,Support,C,0,1,0,
3309, look there is no proof that god or any thing in the bible existed where as there is proof to suggest that we are related to monkeys as we have the same arm structure and the same bioorganisms, its impossible to argue with you people,1,Support,C,0,0,1,
3387, and what proof do you have for intelligent design      microevolution is indisputable, evolution is correct,1,Support,C,0,1,0,
