orig_idx,arg1,arg2,support [true value],support_label,strategy,pred_attack,pred_support,pred_neither,correct
1230,"There's an election next month, UKIP are campaigning on the streets right now, and candidate upon candidate keeps churning out ridiculous (often racist, sexist or homophobic) views.","Mr Neville, interim chair of Youth Independence - UKIP's youth wing - has been asked to stand down after comments he made in an interview with BBC Radio 4's The World at One last month.",1,Support,C,0,1,0,1
2728,tjok you are right on this point as well,well isnt that what the whole debate here is about,0,Attack,C,1,0,0,1
3924,US intervention in Libya lacking congressional approval was illegal,The intervention was necessary in order to protect US interests in the region,0,Attack,C,1,0,0,1
211,The only reason we are even having a sensible debate about Europe are UKIP.,"In June 2004, a gang led by Bhutto kidnapped Ahmed Naeem, the son of a wealthy businessman, at gunpoint from a car on a Karachi residential street.",2,No Relation,C,0,0,1,1
1185,"Despite their best efforts at pretending otherwise, UKIP are still widely disliked and untrusted by the majority of the population.","In the 1997 general election, he selectively funded individual eurosceptic candidates.",2,No Relation,C,0,0,1,1
841,UKIP are not rabid racist and not another incarnation of the BNP.,"In 2005, Bhutto, of Leeds, admitted being the gang's boss and was jailed for seven years by a UK court.",2,No Relation,C,0,0,1,1
617,"There's an election next month, UKIP are campaigning on the streets right now, and candidate upon candidate keeps churning out ridiculous (often racist, sexist or homophobic) views.",The nature of the modern Conservative Party Conference reflects its crisis in willing support.,2,No Relation,C,0,0,1,1
865,"Labour should be running scared of UKIP, now the working class are starting to realise that Labour is for middle class socialists and the public sector.","Mr Farage suffered back injuries sustained in an air crash on election day 2010, and had had a couple of discs removed from my neck and replaced last week, he told the BBC.",2,No Relation,C,0,0,1,1
3741,absolutely everybody knows about foursquare but nobody remembers gowalla they offered identical features and also launched on the same day same conference,well said,1,Support,C,0,1,0,1
2142,A strong UKIP vote suggests there's a lot of the British public who aren't on board with the current set-up.,"He said he had been advised to make the arrangement for inheritance purposes, on the basis that it could be used to pay for things such as schools fees for grandchildren.",2,No Relation,C,0,0,1,1
2053,UKIP's sole aim at the general election is to get a smallish number of MPs elected but enough to hold the balance of power and do a deal with the Tories.,Mr Fabricant said an electoral pact with UKIP - in which the Tories would promise a referendum on European Union membership after 2015 and in return UKIP would not stand against Tory candidates - could help the Conservatives win an extra 20-40 seats at the next election.,2,No Relation,C,0,1,0,0
2465,intelligent design if true would indeed have amazing implications,in arguing for the existence of god dr,1,Support,C,0,0,1,0
3900,The International Criminal Court should be recognised,The novel crime of aggression leads to the prosecution of those seeking to protect human rights,0,Attack,C,0,1,0,0
3186,therefore evolution has not been scientifically proven,i agreed with you up until reasonable doubt,0,Attack,C,1,0,0,1
3218,if what you say is true then nothing at all is scientific fact,it has not been proven and i dont think it can be,0,Attack,C,1,0,0,1
919,I think a lot of UKIP supporters would be outraged if one of the consequences of leaving the EU was to price them out of buying virtually any of today's niceties.,"Clearly I would have preferred to get more votes but this was always going to be a tough fight for Labour, he said.",2,No Relation,C,0,0,1,1
2121,"As far as immigration is concerned all Ukip want is a level playing field for non EU migrants and to control the numbers so, if anything, Ukip are too soft on immigration.",Small parties have a habit of disintegrating into internal warfare or being wiped out by the vagaries of the electoral system and political fashion - British politics has seen a few come and go over the years.,2,No Relation,C,0,0,1,1
4002,this movie absolutely fell flat after the discovery at the crash site was made,one million voters disagree with you what do you think they saw in this movie that you did not,0,Attack,C,1,0,0,1
3449,like i said i can not take mens position on abortion seriously because their viewpoint must be affected somewhat by the fact that they will never actually have to make the decision themselves,so barren women can not have a valid point of view nor women in the stage of menopause because it does not affect them personally perhaps you should tell the moderator to institute women only forums men only forums gays only forums etc,0,Attack,C,1,0,0,1
2125,"As far as immigration is concerned all Ukip want is a level playing field for non EU migrants and to control the numbers so, if anything, Ukip are too soft on immigration.",Co-author Peter Bone said such measures would win back voters from UKIP.,2,No Relation,C,0,1,0,0
1116,Cameron had it right and UKIP could tip the balance towards Labour in the crucial marginal seats in the GE where the battle will take place .,"In her interview with the Spectator she said the Conservatives were in a similar position to Sir John Major's government in 1997, when the party was heavily defeated by Tony Blair's Labour.",2,No Relation,C,0,0,1,1
2462,for starters   httpwww,the di is correct to point out that a lack of merit of id should not be confused with its religious implications however the combinations of its religious foundations with a lack of scientific content provides a strong argument against id having merit scientifically and delegates it to the realm of theology,1,Support,C,0,0,1,0
3690,you can get any other tablet for much less that has the same features ,one may argue that there are enough apple only apps justify the apple price,0,Attack,C,1,0,0,1
514,UKIP and the Greens are the only parties to date that haven't screwed us all over.,A poll showed that only 26% said the PM was in touch with the lives of ordinary voters.,1,Support,C,0,0,1,0
3557,sounds great it is this aspect of our lives that the conservatives will not see but anyway more power to you and i hope that you and your partner have many long and happy years together,thank you i think we will,1,Support,C,0,1,0,1
3841,The voting age should be lowered to sixteen years,No taxation without representation,1,Support,C,0,0,1,0
3027,obviously you havent done much reading on the aig website,obviously you havent done much reading on the aig website,0,Attack,C,0,1,0,0
1645,"If UKIP want to retain these voters and attract more in a general election then they need to come up with policies other than ""leave the EU"" and ""its all the immigrants fault"".","I believe that what UKIP is doing is vital for this country, and of course the party's financial management is crucial.",2,No Relation,C,1,0,0,0
3796,We should ban religious symbols in public buildings,If you ban one thing you have to ban lots of things,0,Attack,C,1,0,0,1
1071,Intellectually I rate Farage much higher than Cameron; he has a very sharp and quick wit and is an excellent public speaker.,What worries me is that two thirds of people didn't bother to vote at all.,2,No Relation,C,0,0,1,1
2463,the di is correct to point out that a lack of merit of id should not be confused with its religious implications however the combinations of its religious foundations with a lack of scientific content provides a strong argument against id having merit scientifically and delegates it to the realm of theology,but i think you dont realize the importance of your concession that the di is correct to point out that a lack of merit of id should not be confused with its religious implications,1,Support,C,0,1,0,1
356,Support for UKIP simply indicates that people have noticed that the major parties do not represent their interests.,He suffered the injuries after the plane he was in crashed on General Election Day in May 2010.,2,No Relation,C,0,0,1,1
2903,oneinbillion observes that luskins claim id makes reliable inferences,stop eating at creationists heads and settle down a tad,0,Attack,C,0,0,1,0
2896,in other words the terms as defined clearly mirrored what we know as creationism and that it was an inherently religious concept,in pandas we read creation means that the various forms of life began abruptly through the agency of an intelligent creator with their distinctive features already intact,0,Attack,C,0,1,0,0
3547,everything is made up of cells,yes every living thing is made up of cells,1,Support,C,0,1,0,1
2520,why are these two questions always independentbecause   science   as we know it today can only answer one of them,because   science   as we know it today can only answer one of them,0,Attack,C,0,1,0,0
2613,the argument always had intuitive plausibility,you gave  claims of intelligent design intelligent agents sometimes leave traces of their activity behind like fingerprints on evidence,0,Attack,C,0,1,0,0
1243,UKIP are a joke outfit full of small-minded Neanderthals who think the 1950s are the future.,"Oh and if the last few minutes of reading this article has felt like the Nigel Farage Show, he still dominates this political party.",2,No Relation,C,0,0,1,1
3882,The US should ban cluster bombs,Cluster Bombs Have Significant Strategic Value,0,Attack,C,1,0,0,1
758,"It's true that UKIP dont have ideas to suit everyone, but at the moment they are heads above the pillocks at No 10 today.",UKIP's Nigel Farage said the PM was a problem for Tories and some Tory MPs said there were lessons for the party.,1,Support,C,0,1,0,1
2854,lets talk about cricks statement biologist must constantly keep in mind that what they see was not designed but rather evolved,the bottom line is some interpretations of evolution leave little room for a caring god,0,Attack,C,0,1,0,0
2915,the national center for science education has a good reason to be concerned about intelligent design,perhaps what is needed is to distinguish between academic freedom and peer review,1,Support,C,0,1,0,1
1955,"UKIP is certainly NOT racist or xenophobic - if you, as I'm you have done, read our policies on the website there is no suggestion of this at all, it is more a rumour and conspiracy of the lefties. ",He said it was time for a proper debate about the difference between a refugee - who fears for his or her life - or somebody moving simply for economic benefit.,2,No Relation,C,0,1,0,0
3902,I believe that opinion polls harm the democratic process,Opinion polls are harmful to the democratic process because they stifle debate,1,Support,C,0,1,0,1
2326,highlanderpvm seems unaware randomness and design are mutually exclusive concepts,naming two well known id proponents does not a citation make to support pvms twisted version of id arguments,0,Attack,C,0,1,0,0
3208,no thats incorrect,no that is also incorrect,0,Attack,C,0,0,1,0
223,"The People's Army is on the march and UKIP will get Britain back from the Liblabcon, Establishment and MSM political abusers of our country.","Peter Kellner, president of survey organisation YouGov, said he expects UKIP to worry the Tories by potentially wrecking their chances of winning an overall majority.",1,Support,C,0,0,1,0
1548,UKIP's proposals on membership in the EU and migrants are at best purely demagogic: they do not take into account facts and more general issues.,"Mr Silvester recently wrote another letter, this time to the Henley Standard newspaper, saying the UK had been beset by storms since the passage of the law on gay marriage because Mr Cameron had acted arrogantly against the Gospel.",2,No Relation,C,0,0,1,1
2817,if the institution in question does not feel that id is a valid line of inquiry then i dont see why it would give tenure to people who subscribe to the theory, what predictions has id made and have they so far proven truesee the above links,1,Support,C,1,0,0,0
3347, evolution is just logic, hahaha theres always one that slips through the net,1,Support,C,1,0,0,0
599,"Much of UKIP's meteoric rise has to do with political correctness, and the fact that ordinary people are sick of it.",He faced angry internal opposition to his policy of supporting Eurosceptic candidates from rival parties at the Westminster elections.,2,No Relation,C,0,0,1,1
3897,The International Criminal Court should be recognised,The ICC generates crippling expenses,0,Attack,C,1,0,0,1
1027,UKIP are in no way a single issue party and if Labour or the Conservatives were to give us a referendum UKIP would still have a full manifesto that would attract many voters.,"He spoke later against those who offer easy answers where there are none, such as those who offer the comfort blanket of British destiny - as though we'll always just muddle through.",2,No Relation,C,0,0,1,1
2925,um this thread is months old and no one is reading it,i know this sounds crazy but in a weird way im honored to get a response from you,0,Attack,C,0,1,0,0
1712,UKIP language tends to portray the real experiences of UKIP people not the politically correct fantasy construct that too many people on here seem comfortable with.,"UKIP are certainly trying to professionalise, to move away from its more amateurish origins.",1,Support,C,0,0,1,0
440,Plenty of survey's have shown UKIP to be the most hated of the main parties.,This is the figleaf they cling to in making the case they won't be annihilated at the general election.,2,No Relation,C,1,0,0,0
3389, people who believe that god created the earth keep saying that they got this from the bible, i believe in evolution,1,Support,C,1,0,0,0
2828,the ncse says that    intelligent design    is a religiously motivated attack on science but the ncse does not claim that is why it should be rejected,id is not science because it can never make a prediction that is meaningful,0,Attack,C,1,0,0,1
1161,Plenty of survey's have shown UKIP to be the most hated of the main parties.,"Mr Farage, whose party wants the UK to pull out of the EU, said the budget proposal illustrated how out of touch those running the organisation were.",2,No Relation,C,0,0,1,1
2365,i recently read that after careful study the backwards wiring is essential,if you are going to comment on something in   science   you need to back it up with actual data,0,Attack,C,1,0,0,1
2381,that one is from isaiah ,yes god is by his nature  supernatural,0,Attack,C,0,1,0,0
393,I suspect when people do start to focus and the election is close UKIPs incoherent policies will be exposed.,He stepped aside as leader to allow himself more time to fight the Speaker of the House of Commons John Bercow for his Buckingham seat at the general election.,2,No Relation,C,0,0,1,1
3238,actully uncomplext compunds bonded to geather to create chemicals and very very uncomplect cell fragments that then banded to geather with otherthings for survival and formed the first very simple cells that then became more complext,god was created by people who needed faith in something,1,Support,C,0,0,1,0
2070,Whether UKIP can deliver on their promises if they were to win power at the next general election is a moot point because they will not win power.,Mr Cameron has promised an in/out referendum after he has negotiated the return of some powers - so far unspecified - from Brussels.,2,No Relation,C,0,0,1,1
1519,"Despite you best efforts at pretending otherwise, UKIP are still widely disliked and untrusted by the majority of the population.","The Conservatives finished third at Eastleigh, in Hampshire, behind the Liberal Democrats, who held the seat, and the UK Independence Party (UKIP).",2,No Relation,C,0,0,1,1
2506,in order to have purposefulness and intentionality you need selfawareness,in fact behes claim is either tautological or it is wrong,0,Attack,C,1,0,0,1
2576,non sequitur,i dont think anyone who feels limitations should be brought to light about a theory is a   creationist  ,0,Attack,C,0,0,1,0
3551,that would be true if he did not keep on opening up thread after thread after thread of the same subject he makes  or  posts then runs away to open up another thread,yes i agree with you,1,Support,C,0,1,0,1
1593,"Despite you best efforts at pretending otherwise, UKIP are still widely disliked and untrusted by the majority of the population.",Farage admitted the party had not had time to properly vet all of its new recruits and he was forced to suspend a handful of them following newspaper reports of alleged racist comments.,2,No Relation,C,0,1,0,0
140,If the other parties do tackle the issues of EU and immigration I'll be more than happy to see UKIP disappear.,"He told the BBC that UKIP, which wants Britain to leave the EU, was making its cause more mainstream among Labour and Tory MPs via its campaigning.",1,Support,C,1,0,0,0
2376,psyop asks rhetorically if the universe is expanding what happens when that expansion ceases first of all the expansion of our universe is an observed fact,the expansion of the universe is biblically supported,0,Attack,C,0,1,0,0
2808,tjwho the designer is has nothing to do with id theory and everyone knows that,after admitting that science is not atheistic he now accuses atheists scientists and christians alike of not liking ids implications when in fact anyone should realize that these objections are firstmost about the lack of scientific content of id and that the strong religious foundation of id is only secondary to this,0,Attack,C,0,1,0,0
10,"The country faces more than two big issues, which is where Ukip come apart at the seams in an incoherent bunch of right wing horse shit from whatever Think Tank came along at the time.","In a BBC interview, Lord Tebbit, an ally of former Prime Minister Margaret Thatcher, urged Mr Cameron to immediately put legislation in place to allow for a referendum and set a date for it.",2,No Relation,C,0,0,1,1
2831,common descent neither supports nor refutes id,because of course id really does not mean anything significant,0,Attack,C,0,1,0,0
81,"The UKIP party is a populist party at the right end of the spectrum, which exploits people's fears of the foreign and unknown.","The private members bill, from Tory MP James Wharton, paves the way for an in-out referendum on the EU in 2017.",2,No Relation,C,0,0,1,1
844,"Arguably, UKIP & co. aspire to destroy the culture created in Europe after WWII, which has been based on openness, free travel, migration and cross-geographic access to goods and labour markets.","But judging from recent opinion polls UKIP's wider policies - grammar schools, curbing immigration and opposing gay marriage - seem to have struck a chord with disenchanted voters from the big three.",0,Attack,C,1,0,0,1
2998,i dont care how many times you say it,you cant prove anything using that same thing you have to use evidences outside of that,0,Attack,C,0,1,0,0
2956,carbon  is not the only method of dating used to determine the age of the universe,to the  currently   voting   yes that raises six immediate questions i assume this means the sun was created first how many days did that take to even have a day how long did creating the rest of the universe take or if it took six whole days to create the earth would the creator have had time to create all the rest i mean some of these galaxies are awfully huge and with a lot of intricatekly moving interstellar dust and radiation that had to be started off precesly right to fool modern astronomers why did the creator go to all this trouble to conceal the evidence behind a massive coverup of radiological datings cosmic radiation and well essentially the entire findings of geology and astronomy as supported by chemistry and physics why create all the kinds of   animals   during these days and then conceal this astounding fact behind what to evolutionary biologists and paleontologists seem an amazingly consistent set of interlocking facts from genetics behaviour morphology biogeography extinctions speciations fossils records epidemiology and immunology that fits with life evolving according to rather well understood processes why were so much of this omitted from the bible i mean a few hints about geology to predict earthquakes or the germ theory of disease would have been rather handy to thwart the devils work and a description of relativity would have been impressive,1,Support,C,1,0,0,0
2623,im aware of that id christians give themselves a huge fudge factor by claiming that the fall of man somehow fouled up nonhuman nature,joe gbtw christianity does not maintain that god created everything as it is today,1,Support,C,1,0,0,0
1741,"UKIP are a two trick pony, Europe and immigration that's it.","In 2006, the lower-key Knapman retired, to be replaced by Nigel Farage, an eye-catching media performer who pledged to make UKIP a truly representative party, ending its image as a single-issue pressure group.",2,No Relation,C,1,0,0,0
3833,Bribery is sometimes acceptable,The demand for bribes would end if companies stopped supplying them,0,Attack,C,1,0,0,1
732,"The UKIP party is a populist party at the right end of the spectrum, which exploits people's fears of the foreign and unknown.",The word slut has different meanings to different generations.,2,No Relation,C,0,0,1,1
2270,"The whole UKIP-for-the-working-class narrative is utterly insane since, if we left the EU, the poor would still be competing with cheap foreign labor.",Mr Farage has successfully broadened UKIP's appeal away from Europe.,0,Attack,C,0,0,1,0
456,The current smear strategy against UKIP is not pulling people back but pushing them towards UKIP and if this carries on then things are going to be a lot tighter by the time the general election comes.,UKIP plans to field candidates in the majority of November's contests across England and Wales and could take advantage of an expected low turnout to win in some areas.,2,No Relation,C,0,1,0,0
2130,UKIP will not improve public services.,"UKIP warn that long-term youth unemployment is already among the highest in Europe and pressure on job markets from further migration could lead to social unrest, with local authorities and public services unable to cope.",0,Attack,C,0,0,1,0
466,"I think Farage makes a much better leader than any of the other parties, he's full of enthusiasm and is not a PR man like the current leaders of the 3 main parties.",Leader Nick Clegg said the party's candidate Mike Thornton had pulled off a stunning victory which had been secured against the odds.,1,Support,C,0,0,1,0
516,"I don't think most people realise the benefits of free trade at all, and UKIP capitalise on peoples ignorance of the benefits of free trade as much as they can.","Some Tory strategists believe it was a mistake for Mr Cameron to agree to them, arguing that they allowed Lib Dem leader Nick Clegg to seize the initiative from the Tory leader.",2,No Relation,C,0,0,1,1
3934,We should allow voting at 16 in European Parliament elections,EU elections would put young people off voting,0,Attack,C,1,0,0,1
1098,I'm no fan of UKIP but well done to them for initiating a much needed shake up of British politics.,Labour are not going to win - they have said so themselves - and UKIP are running a very colourful campaign but they are not going to win.,1,Support,C,1,0,0,0
1821,UKIP doesn't need to win power to force the changes people want.,Their debate followed a Daily Politics flim looking at a possible pact between UKIP and the Tories.,1,Support,C,0,0,1,0
2542,we absolutely exclude natural selection as a designerthe real trick is convincing the public that macroevolution is a scientific fact when it has never been observed which is a requirement for sciencei dont know where you get your information but i dont know any id people who include nonid as part of their belief systemlets do this sir lets bring it home to where we live if the human body is not an intelligent design then you tell me what is the definition for an intelligent designwhat is a intelligent design and why is your example an intelligent design   simple straight forward questionwhat is your simple straight forward answer                   bet you cant do it,icdesignwhat is a intelligent design and why is your example an intelligent design simple straight forward question,0,Attack,C,0,1,0,0
2789,but they do,how do public schools support hate of   religion  ,0,Attack,C,0,0,1,0
6,A vote for UKIP would be a vote for a Tory-UKIP alliance that would be more right-wing than a Tory government.,UKIP appealed to protest voters but also to Blue Collar Conservative voters.,1,Support,C,0,1,0,1
1391,"The People's Army is on the march and UKIP will get Britain back from the Liblabcon, Establishment and MSM political abusers of our country.","The responsibility of employers is to the communities they live in as well as to making a pure profit, he said.",2,No Relation,C,0,0,1,1
2587,theology it says in his profile,anybody that thinks there is currently a healthy scientific debate over intelligent design has missed the history of the last  years,1,Support,C,1,0,0,0
2285,evolution has no implications for morality it describes what has happened making no judgement about whether what has happened is good nonreligious ethicists are perfectly capable of making moral judgements and they regularly do so,creationism makes a false historicalscientific claim that is detached from the broader precepts of belief in god,1,Support,C,0,0,1,0
3639,any state of the art pc with a game pad,i think that the best consoles by far are either the xbox or the ps,0,Attack,C,0,0,1,0
2876,but i certainly do believe that nature exhibits intelligence and design not to mention beauty and love,fundamental pointsthere are wellcredentialed scientists who support intelligent design idso what  there are many many more wellcredentialed scientists who say intelligent design is nonsense,1,Support,C,1,0,0,0
1184,"The momentum is with UKIP; Labour, Conservative and Liberal areas are all now vulnerable to them. ","Explaining his decision to swap sides, Mr Campbell Bannerman - MEP for the East of England - said UKIP had become obsessed with single issue politics, internal fighting and shouting from the sidelines.",0,Attack,C,1,0,0,1
279,"The momentum is with UKIP; Labour, Conservative and Liberal areas are all now vulnerable to them. ","A by-election will also be held for the Westminster seat of South Shields, vacated by Labour's David Miliband.",2,No Relation,C,0,0,1,1
2277,the theory of evolution is not falsifiable, teaching creationism is dangerous to science and reason  if a theory that does not follow the scientific method is taught in schools as science science and reasoning will be undermined,0,Attack,C,0,0,1,0
1399,"If you think that the Tories are nasty, heaven help us if UKIP get in because they would be nastier, more cruel, and more bigoted.","The penny is beginning to drop with the British people and British businesses that we are no longer a self-governing nation, and UKIP are here to remedy this.",0,Attack,C,1,0,0,1
3879,The US should ban cluster bombs,Cluster Bombs Cause Unacceptable Harm to Civilians,1,Support,C,0,1,0,1
1026,If UKIP are wise they will alter their attitude about the NHS and public services in general.,But they propose making a visa conditional on having health cover to reduce the burden on the NHS.,0,Attack,C,1,0,0,1
3883,The US should ban cluster bombs,The Ban is Unfeasible,0,Attack,C,1,0,0,1
2822,so would you like to give a better explanation on what current ool theories exist this is definitely a subject in origins debate that interests me most,instead of a bolt of lightning hitting a pool of   chemicals   and making a cell pop outwhere did i say thatit was most likely a slow process taking place along the ancient shores,0,Attack,C,0,1,0,0
2824,where did i say thatit was livvy that originally said it,caseylate last night i posted my final rebuttals to the ncse on opposingviews,1,Support,C,0,0,1,0
2693,bowmanid addresses evidences for designed structures mechanisms and synergistic systems in biology,even the antiidists require something beyond nature to explain the origin of nature,0,Attack,C,0,0,1,0
2680,religion requires some kind of theology,could it be that you are biased against   religion   because i hate to break it to you but   christians   believe that the world is round so does that mean you disagree your foundation should be on whether or not your point of view is provable and truthful,1,Support,C,1,0,0,0
1966,UKIP are a joke outfit full of small-minded Neanderthals who think the 1950s are the future.,"And there's quite a lot of them, he added.",2,No Relation,C,0,0,1,1
3363, the simplest way to prove it is this, i am a christian and i do believe in evolution because there are quite an amount of amazing proofs for it,1,Support,C,0,1,0,1
1746,"I don't think most people realise the benefits of free trade at all, and UKIP capitalise on peoples ignorance of the benefits of free trade as much as they can.","Do you want to stick with us, on the right track - delivering an economy for hardworking people? Or do you want to put all of that at risk with Ed Miliband and his crazy plans to tax business out of existence? That'll be the choice.",2,No Relation,C,0,0,1,1
3110,the scientific investigation into the question of the age of the earth and of the universe has been going on for hundreds of years,maybe get someone to do your studies who doesnt pay a tithe  someone who perhaps doesnt own a   bible  ,1,Support,C,1,0,0,0
3344, if we werent continually evolving most of us  wouldnt be offended by the way the rest are degenerating, no no no  we are evolving constantly we have evolve so much that now we have the power to create,1,Support,C,1,0,0,0
3142,at the risk of sounding like my mother i dont know what happened to you that caused you to hate christianity so but it is evident that you absolutely hate it,but i can see she didnt teach you much,1,Support,C,1,0,0,0
129,"I sense that Farage is a total megalomaniac, a charlatan, someone who is in it for the attention and the glory and that in a strange way, that many UKIP voters know this but don't seem to mind.",Marta Andreasen said Mr Farage had abjectly failed and should go.,1,Support,C,0,1,0,1
543,"The greens and ukip provide encouragement for labour and conservatives alike to address some issues people care about, albeit only lip service to retain votes mainly.",He said the party had never been more important for our freedom as a self-governing democracy and had to go on telling the truth about Europe.,2,No Relation,C,1,0,0,0
826,"The greens and ukip provide encouragement for labour and conservatives alike to address some issues people care about, albeit only lip service to retain votes mainly.",It's one of the safest seats in the country and has been held by the party since 1935.,2,No Relation,C,0,0,1,1
234,"The momentum is with UKIP; Labour, Conservative and Liberal areas are all now vulnerable to them. ","I think it is very interesting that, when Mr Silvester was saying these things in 2012 and 2013 as a Conservative town councillor in Henley, it was not a news story.",2,No Relation,C,1,0,0,0
3869,We should create a United Nations standing army,A United Nations standing army is simply impossible to form,0,Attack,C,1,0,0,1
1315,Should ukip get into government it would be fair to assume that we'll see a whole raft of right-wing policies as actual government policy.,"Asked what he would do if the British people voted to remain in the EU, Mr Farage joked that he would have to get a proper job.",2,No Relation,C,0,0,1,1
1138,UKIP are a joke outfit full of small-minded Neanderthals who think the 1950s are the future.,Labour won more than 20% of the vote in Eastleigh in the 2001 and 2005 elections.,2,No Relation,C,0,0,1,1
3014,you are opening the door to a nonliteral explanation of the text,no it means that the word of god is internally consistentnonsense,1,Support,C,1,0,0,0
2165,It's a protest vote because (most) people know that UKIP will never net in power.,"And at by elections voters are not choosing a government - they can shout loudly and protest, safe in the knowledge that it won't change the person who lives in Downing Street.",2,No Relation,C,0,1,0,0
355,"There's an election next month, UKIP are campaigning on the streets right now, and candidate upon candidate keeps churning out ridiculous (often racist, sexist or homophobic) views.",The Croydon North and Middlesbrough polls were triggered by the deaths of MPs Malcolm Wicks and Sir Stuart Bell.,2,No Relation,C,0,0,1,1
3503,it is up to you argue with me or argue with the person you want me to be,it is up to you stop bringing up red herrings or arguing by personal attack or do not expect me to treat your posts with any less contempt than i have for most of what has been posted to this board,0,Attack,C,1,0,0,1
435,"UKIP are a fairly right wing group as I'm sure will become clear when they actually produce some policies other than the ""its all the eu's"" fault.","In 2010, the Conservatives came second in Eastleigh and now need a 3.6% swing to win.",2,No Relation,C,0,0,1,1
1344,UKIP are in with the City as much as the other three and I don't like the way they are whipping people up into a frenzy.,She may have deeply divided public opinion but despite her death many in the Conservative Party believe her legacy lives on.,2,No Relation,C,0,0,1,1
1242,"My observation is that UKIP often are reluctant to directly answer any questions of substance, which can be accounted for by the fact that they really have no policies.","Well, look, it is no good insulting a political party (UKIP) that people have chosen to vote for.",0,Attack,C,1,0,0,1
1274,"UKIP advocates for the UK leaving the European Union which would be a bad idea – but they are trying to leverage on the british people’s need to belong and pride to be british, which further sparks their anti-foreigner standpoint.",People would have to remain on Help to Work until they found employment.,2,No Relation,C,0,0,1,1
3353, evolution is the real deal, i believe there was some sort of evolution but the question is what made that evolution take place,1,Support,C,0,1,0,1
2226,It's a protest vote because (most) people know that UKIP will never net in power.,"All of which means the annual conference in Torquay in September is unlikely to be an easy experience for UKIP, as it searches for someone who does consider themselves good at party politics.",2,No Relation,C,0,0,1,1
437,"If UKIP want to retain these voters and attract more in a general election then they need to come up with policies other than ""leave the EU"" and ""its all the immigrants fault"".",UKIP's 2010 manifesto called for Trident to be retained and ultimately be replaced by four British-built submarines armed with US missiles.,2,No Relation,C,0,0,1,1
3151,i really feel sorry for you,the history of the bible including its compilation by the early church is quite well known,1,Support,C,0,0,1,0
2246,UKIP are a joke outfit full of small-minded Neanderthals who think the 1950s are the future.,"The Lib Dem leader threw down the gauntlet to Mr Farage on Thursday, saying he was the right person to debate the issue of Europe with the UKIP leader.",2,No Relation,C,0,0,1,1
2549,icdesignas far as scientific findings go the numbers of evolution believing scientists is on a major decline,i think behe has made the case for obviousdesign within the cell and i dont think you will findanyone who could put it any more clear,1,Support,C,1,0,0,0
1736,"UKIP will lead the UK to independence from the oppressive EU, which is the only chance Britain has at restoring its former glory.","UKIP appears to have struck a chord with many voters on the issue of immigration, campaigning against the relaxation of working restrictions on Bulgarians and Romanians due to come into force in January.",1,Support,C,0,1,0,1
1939,The success Ukip had in the european elections will be sufficient to galvanise one or preferably all the other parties to rid us of the EU's political influence.,"UKIP, which has called for withdrawal from the European Union and greater restrictions on immigration, has seen improved poll ratings this year.",1,Support,C,0,1,0,1
2702, without a scientific definition of natural scientists cannot distinguish between natural explanations and supernatural ones,youre right much if not all of the claims about supernatural claimspremises of id make it invalid rest on some faulty views on what supernatural actually means,1,Support,C,0,1,0,1
3826,European Parliament elections should involve only one voting district all of Europe and not separate country seats,Some countries may be left without representation,0,Attack,C,1,0,0,1
692,"I and many others will be voting UKIP not because of a handful of people that have said stupid things, it will be because I identify and agree with their overarching principles.","UKIP used to be a protest vote, he explained, but now we are now talking about how Britain should be governed just to say that we are a protest vote simply isn't right.",1,Support,C,0,1,0,1
3304, read my comments and you will truly see the mistake and stupidity in evolution, yes yes yes the bible so contradicts that,1,Support,C,0,1,0,1
1683,If anyone seriously thinks that UKIP will offer some kind of answer to our current problems then I think that they are going to be sadly disappointed.,Mr Cameron cited the government's Help to Buy Scheme - where the state guarantees mortgages for couples able to put down a 5% deposit - as evidence the government backed those on middle incomes and supported aspiration.,2,No Relation,C,0,0,1,1
2244,"The sooner we are out of the EU, the sooner we can start making this country great again.",UKIP leader Nigel Farage said the UK had no real control over either the number or the type of migrants that were settling from elsewhere in the EU.,1,Support,C,0,1,0,1
2458,in fact the history of life shows a pattern of explosions where new fossil forms come into existence without any clear evolutionary precursors concurring with design theory that predicts that species might appear abruptly,perhaps the author can explain why of all of the thousands of researchers in geology biology particularly evolutionary biologists and paleontology,1,Support,C,1,0,0,0
1853,UKIP is a vessel through which a protest is being delivered. ,"The Conservatives have argued the surge in support for UKIP was essentially a protest vote, but Mr Farage dismissed this as the default position of the political establishment.",0,Attack,C,0,1,0,0
2699,pvm  ask yourself this simple question how does id explain the bacterial flagella  it doesnt it merely calls it designed which is a placeholder for our ignorance as to how to explain the flagella,i asked ask yourself this simple question how does id explain the bacterial flagella it doesnt it merely calls it designed which is a placeholder for our ignorance as to how to explain the flagella,0,Attack,C,0,1,0,0
1025,Intellectually I rate Farage much higher than Cameron; he has a very sharp and quick wit and is an excellent public speaker.,"UK Independence party leader Nigel Farage has said he is expecting a big swing to his party in the seat, with most polls carried out in the seat putting the party third, ahead of Labour.",1,Support,C,0,0,1,0
3390, i believe in evolution, nothing in biology makes sense except in light of evolution,1,Support,C,0,1,0,1
3918,We should negotiate with terrorists,Negotiation provides more resources to terrorists,0,Attack,C,1,0,0,1
1680,"UKIPs main issue has always been the EU, immigration has just been the bit that highlights what a failure the project has been.","UKIP beat us in 2009; a year later we won 24% of the vote in the general election and UKIP were nowhere, the deputy prime minister told Channel 4 News.",2,No Relation,C,1,0,0,0
875,UKIP are a joke outfit full of small-minded Neanderthals who think the 1950s are the future.,"We have really connected with voters in this constituency, Farage told the BBC.",0,Attack,C,1,0,0,1
2122,If anyone seriously thinks that UKIP will offer some kind of answer to our current problems then I think that they are going to be sadly disappointed.,"More people were considering voting for UKIP at a general election than ever before, he suggested, and this current poll surge was different from previous spikes in support which were linked to European elections.",0,Attack,C,1,0,0,1
2740,after some diversions to point out that augustine himself held some inconsistent positions tj finally comes to the quote i providedtji understand what he is saying but for this to be valid the unbeliever has to accurate in what he believes,so tj you seem to have made quite a few foolish arguments how familiar are you with augustinetj  well i know that he believed the earth was created instantaneously not progressively and was according to scripture less than  years old,0,Attack,C,0,0,1,0
2551,ok whatever dude,icdesign is suddenly not interested in hearing about science anymore,0,Attack,C,1,0,0,1
3447,i can appreciate this slant however i think that a true feminist approach would be to support women who want their pregnancies by finding solutions to the reasons they feel an abortion would be their best choice,that is not something you can really blame on the pro life movement in fact a lot of effort in the pro life movement does go into helping single mothers,0,Attack,C,1,0,0,1
830,UKIP are not a single issue party anymore; UK Sovereignty is the crux of their party political platform but they've certainly expanded from that singular issue in recent years.,"We have fundamentally changed the national debate on Europe, immigration, education and I really believe that given the trajectory UKIP's on there is a real opportunity for us to get significant representation in 2015.",1,Support,C,0,1,0,1
3194,read the whole comment that he makes first,well personally my second cousin by marriage on my mothers side descends from the archea branch but my bosses boss is an arachnid,0,Attack,C,0,0,1,0
2333,highlanderthe lack of evidence supporting materialist assumptions complexity is a chance arrangement means the opposite could be true,these two moves ruling out regularity and then ruling out chance  constitute the design inference,1,Support,C,0,1,0,1
1092,UKIP are not rabid racist and not another incarnation of the BNP.,The prime minister said Britain was a fairer country because of the new law but admitted he did not expect the furore it generated.,2,No Relation,C,0,0,1,1
689,The only reason we are even having a sensible debate about Europe are UKIP.,"Isolating Britain and damaging Britain's reputation is not the right history to write, he said.",0,Attack,C,0,0,1,0
3512,what is wrong with god being the explanation for the unexplainable comfort for those afraid of death and the meaning for life,well nothing other than the fact that i do not believe it to be true,0,Attack,C,1,0,0,1
1514,"The success of UKIP is based more or less on this single factor, or perhaps this and the fact there is no working class voice amongst mainstream parties.",And the chancellor also comes under renewed pressure to scrap higher rate tax relief for people paying into a pension.,2,No Relation,C,0,0,1,1
2578,the actual limitations that creationists try to bring to light are nonsense,from a review of explore evolutioncounterclaims follow that seek to undermine the earlier conclusions including the circular reasoning of the molecular clock the potential fabrications of haeckels ontogeny recapitulates phylogeny how differing family trees are created via anatomical and molecular patterns of relationships and the meaning of gaps in fossil evidence,0,Attack,C,0,1,0,0
3442, there is endless evidence what it is evidence for is for each person to decide, yes there is evidence,1,Support,C,0,1,0,1
578,UKIP are not rabid racist and not another incarnation of the BNP.,"Bhutto's gang were behind a high-profile kidnapping in Karachi in 2004 and he then took a Â£56,000 ransom payment in Manchester.",2,No Relation,C,0,0,1,1
3297, creationism is absurd and wrong and so its fellowtraveller intelligent design, to me there is no proof of a greater hand other than from the word of believers whose faith is based in belief and not in any form of evidence at all,1,Support,C,0,1,0,1
2265,UKIP are not a single issue party anymore; UK Sovereignty is the crux of their party political platform but they've certainly expanded from that singular issue in recent years.,Mr Farage has successfully broadened UKIP's appeal away from Europe.,1,Support,C,0,1,0,1
725,"I agree with UKIP on the EU, but the rest of their policies are dangerous right wing bile.","They could underperform, but a decent clutch of councillors will be enough for Mr Farage to claim another victory.",2,No Relation,C,0,0,1,1
849,UKIP and the Greens are the only parties to date that haven't screwed us all over.,[But] has it actually trickled down to our constituents' pockets and I think the jury is still out on that one.,2,No Relation,C,1,0,0,0
293,"On voting day, this week the vast majority of the British public will not vote for UKIP.",The first became memorable because of the temporary surge it brought in Lib Dem leader Nick Clegg's poll rating.,2,No Relation,C,0,0,1,1
2290,attempts to conceal the creationismevolution controversy from students are dogmatic promotions of evolution,teaching darwinism is comparable to teaching flying spaghetti monsterism,1,Support,C,0,1,0,1
1915,UKIP are telling people what they want us to hear about EU immigration while hiding their nastier policies out of public view.,Hedge fund founder Michael Farmer told an inquiry into party funding he backed the Tories because of their views on the family and Christian life.,2,No Relation,C,0,0,1,1
2199,"Ukip is the only party advocating withdrawal from the failing EU, a sensible idea for a lot of people!",The Lib Dem leader also argued that being in the EU meant that we keep ourselves safer because we can go after cross-border crime and terrorism and that we can look after the environment in a way which we can't on our own.,0,Attack,C,1,0,0,1
544,"UKIP appeal to the 'working class' and many of the those who have not bothered voting for a long time, come the general election it won't just be the Tories who feel the hit.","Before her appearance on I'm a Celebrity, Ms Dorries annoyed senior figures in her party when she said UKIP was run by arrogant posh boys.",0,Attack,C,0,0,1,0
1313,"There's an election next month, UKIP are campaigning on the streets right now, and candidate upon candidate keeps churning out ridiculous (often racist, sexist or homophobic) views.",But senior Pakistani police sources insisted that Bhutto was still wanted in Pakistan.,2,No Relation,C,0,0,1,1
323,"I agree with UKIP on the EU, but the rest of their policies are dangerous right wing bile.","No matter how uncomfortable it makes our metropolitan elite, we have to deal properly with fears over immigration.",0,Attack,C,0,1,0,0
584,The current smear strategy against UKIP is not pulling people back but pushing them towards UKIP and if this carries on then things are going to be a lot tighter by the time the general election comes.,"He discussed its chances of a breakthrough in English local elections, and for parliaments and assemblies in Wales, Scotland and Northern Ireland.",2,No Relation,C,0,0,1,1
1357,If you want to understand why UKIP is extreme look at the extreme elements it attracts including far-right Hitler-apologists like retep and anti-semites like your friend in Stocksbridge.,He has also rewritten the lyrics of Stephen Sondheim's Send in the Clowns in a tongue-in-cheek retort to Ken Clarke's description of UKIP members.,2,No Relation,C,0,0,1,1
2673,nobody ever said that natural selection was random,the random comes in when particles of rna that came out of the primordial ooze aligned by chance in such a way to produce a singlecelled organism,0,Attack,C,1,0,0,1
4055,after all the attention and awards etc and an imdb rating of  i was so shocked to finally see this film and have it be so bad,i agree did not like this either in fact i stopped watching once waltz was killed because i just didnt care anymore,1,Support,C,0,1,0,1
3788,the best way to protect Scottish interests in the EU is to vote for independence,The Scottish relationship with the EU is likely to change after independence,0,Attack,C,0,1,0,0
422,"Arguably, UKIP & co. aspire to destroy the culture created in Europe after WWII, which has been based on openness, free travel, migration and cross-geographic access to goods and labour markets.",He has suggested that such a quick sequence of debates in 2010 took up too much media attention and took some of the gloss off the rest of the campaign.,2,No Relation,C,0,0,1,1
802,"There's an election next month, UKIP are campaigning on the streets right now, and candidate upon candidate keeps churning out ridiculous (often racist, sexist or homophobic) views.","Rev Daniel Critchlow, for the Tories, came third on 3,479 votes, and Lib Dem Mary Di Mauro, came fourth on 1,176.",2,No Relation,C,0,0,1,1
1587,"On voting day, this week the vast majority of the British public will not vote for UKIP.","Labour leader Ed Miliband said earlier this month that his MPs would not take part in the vote on Friday, describing the bill as a gimmick.",2,No Relation,C,0,1,0,0
3838,We should fear the power of government over the internet,Internet governance is necessary to combat heinous crimes committed via the internet,0,Attack,C,1,0,0,1
2675,the same reason we dont teach literature in a home economics class,the reason we dont teach literature in home economics is because those two subject have seemingly absolutely nothing to do with one another,0,Attack,C,0,1,0,0
2851,idnetthe following statement by the employee of ncse is the exact form of inference to the best explanation that id scientists use to demonstrate that there is intelligence behind life,when there was a move to distribute unlocking the mystery of life dvd to australian schools a few worried scientists headed by michael archer from unsw got together and signed a letter on behalf of  scientists and educators,0,Attack,C,0,1,0,0
2847,or that evolution is a process involving randomness and natural selection,you give interesting and complex answers,0,Attack,C,0,0,1,0
1385,"I don't see UKIP as being far right, they're just further right than the rest who have congregated arund the middle ground.",Mr Farage said much would hinge on the outcome of parliamentary boundary changes due in 2015.,2,No Relation,C,0,0,1,1
2545,im not a cell expert either and understanding what behe wrote in his argument doesnt require it because he didnt say anything except cellular machinery is complex therefore it must be designed,but dont try to lead me astayi wanted to try and lead to the truth from being astrayactually,0,Attack,C,0,0,1,0
1309,I think a lot of UKIP supporters would be outraged if one of the consequences of leaving the EU was to price them out of buying virtually any of today's niceties.,"In 2007, a Magistrates Court decided UKIP need only forfeit a fraction of the total amount donated by Mr Bown.",2,No Relation,C,0,0,1,1
2612,in my discussions with island i have come to the conclusion that i was mistaken in calling island an id supporter,the argument always had intuitive plausibility,1,Support,C,0,0,1,0
227,Big business will not support UKIP given the devastation that withdrawal from the EU would cause.,In Thursday's by-election turnout was 22.4% and the Conservative majority was 35% - a fall from 53% in 2009.,2,No Relation,C,0,0,1,1
2406,i really have to give the antiiders credit you have a lot of faith,while in science you cannot prove or falsify the existence of god and id doesnt change that i agree that when it comes to blind faith dawkins and pz myers are guilty of the same thing,1,Support,C,0,1,0,1
2704,natural pertaining to or part of the observable world,i dont really believe in the supernatural unless you wanted to say that the first cause behind the big bang is beyond the observable world and therefor supernatural,0,Attack,C,0,1,0,0
2029,UKIP do have more than Nigel Farage able to deal with media interviews.,He held positions in the governments of Margaret Thatcher and John Major before becoming treasurer in 2003.,2,No Relation,C,0,0,1,1
3627,the age of  is an arbitrary designation,that is the premise of my question,1,Support,C,1,0,0,0
3660,people who eat at such places every week will not be really bothered personally i try to stay away from it for many reasons not just because of the stories,care to share those reasons,0,Attack,C,0,0,1,0
3058,as a prisoner,i have found that most web sights about religion and   evolution   are bunk and are promoted by an agenda not open to reason,1,Support,C,0,0,1,0
644,"Marketing UKIP as ""the people's army"" is a bitter irony.",But UKIP leader Nigel Farage told MEPs that his eurosceptic group was angry about the uneven application of the Parliament's rules.,2,No Relation,C,0,0,1,1
536,"If you want an insight into just how mad and bad UKIP are, go and read what their members, candidates and supporters write on the Telegraph.",This means fewer Tories ready to get out and campaign and that matters.,2,No Relation,C,0,0,1,1
2796,caseyas evidence that teaching id promotes religion auscs claims that phillip johnson the socalled father of intelligent design once told a religious audience that his goal is to use id to instill doubt about evolution in peoples minds and then introduce them to the truth of jesus christ,good arguments are worth far more than vehement objections,1,Support,C,0,0,1,0
695,"I don't think most people realise the benefits of free trade at all, and UKIP capitalise on peoples ignorance of the benefits of free trade as much as they can.",The Electoral Commission said it accepted the Supreme Court's judgement and it would carefully consider the implications of the judgment for how impermissible donations are dealt with in future.,2,No Relation,C,0,0,1,1
823,A vote for UKIP would be a vote for a Tory-UKIP alliance that would be more right-wing than a Tory government.,"They will each have plenty of opportunities to publicly debate the party's performance, and to make the case against the return of Nigel Farage.",2,No Relation,C,0,0,1,1
3009,are they any less a scientist because they use   science   and their   education   to prove that evolution is falsethey are not scientists because their evidence is false,god is not physical except as christ  a christian true believers,0,Attack,C,0,0,1,0
777,"If UKIP want to retain these voters and attract more in a general election then they need to come up with policies other than ""leave the EU"" and ""its all the immigrants fault"".","The party's candidate, Jane Collins, is standing for the local council in Barnsley on 5 May.",2,No Relation,C,0,0,1,1
1016,"There's an election next month, UKIP are campaigning on the streets right now, and candidate upon candidate keeps churning out ridiculous (often racist, sexist or homophobic) views.","He likes people to understand what Britain went through in two world wars and what our position is in Europe - he's passionately interested, Spencer says.",2,No Relation,C,0,0,1,1
1507,It's a protest vote because (most) people know that UKIP will never net in power.,"I have absolutely no sympathy for the rent-a-mob protesters, the Swampies and the Occupy Movement and the anti-capitalists and eco-freaks who have sought to hijack the Balcombe protest, he said to cheers from supporters.",2,No Relation,C,0,0,1,1
774,"There's an election next month, UKIP are campaigning on the streets right now, and candidate upon candidate keeps churning out ridiculous (often racist, sexist or homophobic) views.","Labour candidate Sarah Champion won in Rotherham with 9,866 votes to UKIP candidate Jane Collins' 4,648.",2,No Relation,C,0,1,0,0
2763,here is the response to irons which was also published in the montana law review,pt,1,Support,C,0,0,1,0
2563,riiiight,intelligent design works off positive predictions about where experience tells us that   intelligent design   is the cause at work,0,Attack,C,0,0,1,0
3605,and the organism is not equipped to function in any predetermined fashion,that is right it merely has the capacity to make errors which sometimes slightly improves function in a particular environment and those tend to accumulate over time,1,Support,C,0,1,0,1
3544,do you believe that you will hear an understanding of god that you have not heard before or are you of the belief you are openminded on the subject and might well have an epiphany,what possible concern is any of that to you some actually search for knowledge through debate this is a debate forum if you recall do not play if you are not so inclined but to post warnings not to fall in this trap come on,0,Attack,C,1,0,0,1
177,"The country faces more than two big issues, which is where Ukip come apart at the seams in an incoherent bunch of right wing horse shit from whatever Think Tank came along at the time.","It was the first time the Conservatives and the Lib Dems, as coalition partners, have gone head-to-head in a seat which was winnable for both.",2,No Relation,C,0,0,1,1
3437, creation is fantasy and you cant prove a fantasy, it is only belief,1,Support,C,0,1,0,1
639,I think it's far too simplistic to argue all UKIP supporters are racist - there is a real groundswell against the political establishment which over the past 20 years or so has started to converge in terms of image and policies.,"The UKIP candidate Richard Elvin came second with 5,988 votes, marking an impressive result for the party.",1,Support,C,0,0,1,0
1330,UKIP are not a single issue party anymore; UK Sovereignty is the crux of their party political platform but they've certainly expanded from that singular issue in recent years.,"And when asked if he could see the MEP appearing in UKIP election leaflets for next year's European elections, Mr Farage replied no.",2,No Relation,C,0,1,0,0
3960,this was just an amateurish hodgepodge of the departed the town and we own the night and sopranos,i had completely the opposite impression though i respect your input as were all going to have our own viewpoint but i very much liked this film,0,Attack,C,1,0,0,1
1869,"The whole UKIP-for-the-working-class narrative is utterly insane since, if we left the EU, the poor would still be competing with cheap foreign labor.","Conservative party vice chairman Michael Fabricant said the party had struggled to present a distinctive message during the Eastleigh election, saying UKIP had managed to connect with traditional blue-collar Tory voters on issues such as crime and immigration in a way the Conservatives had not.",2,No Relation,C,0,0,1,1
538,"The country faces more than two big issues, which is where Ukip come apart at the seams in an incoherent bunch of right wing horse shit from whatever Think Tank came along at the time.",Conservative Party Chairman Grant Shapps said he was delighted to welcome her to his party.,2,No Relation,C,0,0,1,1
2801,daveis there credible scientific evidence that life was designed yes,as to the ncse not wanting to discuss somehow i see few id proponents on this group and behe seems to have ignored matzkes excellent critiques,0,Attack,C,0,1,0,0
214,I'm no fan of UKIP but well done to them for initiating a much needed shake up of British politics.,Mr Farage stepped down briefly before the last election to concentrate on winning a seat in Parliament and says he was not involved in drawing up its manifesto.,2,No Relation,C,0,1,0,0
1085,The people and media that are criticising UKIP are highlighting the genuine concerns about UKIP and their policies towards immigrants.,"Mr Farage is understood to have fallen out with the main author of the manifesto, MEP David Campbell Bannerman, who has subsequently rejoined the Conservative Party.",2,No Relation,C,0,0,1,1
1509,UKIP are a joke outfit full of small-minded Neanderthals who think the 1950s are the future.,"If you come here, speak English, it's just polite, it stops racism, it stops ghettos being formed, it stops barriers in society.",2,No Relation,C,0,0,1,1
3614,fearmongering is what that is called,uh yeah that was their intent under color of law no less,1,Support,C,0,1,0,1
2477,this whole argument is just using flaws in our definitions,needless to say even id proponents have come to realize that id is lacking scientifically speakingfor instance young earth creationist philosopher and id proponent paul nelson is on the record as saying easily the biggest challenge facing the id community is to develop a fullfledged theory of biological design,1,Support,C,0,1,0,1
3633,yeah free to do whatever you want without worrying about the consequences the joy of a life without believing in god,that is right i do not want another parental figure to tell me what to do when to do it and how to do it,1,Support,C,0,1,0,1
56,Beyond leaving the EU and migration what ukip have no policies!,Mr Cameron told the BBC in September he wanted the debates to take place again but said I think we could start them a bit earlier.,2,No Relation,C,0,0,1,1
2297,teaching creationism is in no way akin to child abuse,attempts to teach the creationismevolution controversy to students are disingenuous promotions of activist christians,0,Attack,C,1,0,0,1
2254,UKIP are a joke outfit full of small-minded Neanderthals who think the 1950s are the future.,But he did not mention teachers.,2,No Relation,C,0,0,1,1
1326,A vote for UKIP is a vote to leave the EU and recover power over our national life.,In 1982 he decided not go to university but instead chose to work in the City as a commodities trader - which is where he met friend Steven Spencer.,2,No Relation,C,0,0,1,1
2722, lets see would these titles copied from the table of contents of the house of representatives report entitled intolerance and the politicization of science at the smithsonian back up you or me  ,have you read the original emails based on which the conclusions were madeyou do understand the meaning of a congressional report by the majority party dont you,0,Attack,C,0,1,0,0
2769,the auscs claim that court cases settle all debates reminds me of how futile roe v,just what if there is a creator  isnt science after truth  has science proven that there is no creator why is recognizing the possibility that there was intelligence behind the emergence of life a nonscientific idea  basically what you are saying is that if there was a creator or intelligence behind the emergence of life science will never be able to come up with the right answer rightso your whole premise for id being nonscientific is the unproven worldview of naturalismyou start off right from the get go with the assumption that there is no creator or any intelligence involved in the emergence of life and go and try and prove your idea with science,1,Support,C,0,1,0,1
1581,"If UKIP want to retain these voters and attract more in a general election then they need to come up with policies other than ""leave the EU"" and ""its all the immigrants fault"".","The charge put by its deputy leader David Campbell Bannerman when he defected to the Conservatives in the wake of the May elections was that UKIP remained, at heart, a single issue pressure group.",1,Support,C,0,1,0,1
1454,"UKIP do not bear scrutiny either as a coherent policy offer or a group of potential ministers , they are an insurgent party of protest with one message.","Ahead of May's local elections, Conservative cabinet minister Ken Clarke dismissed UKIP as a protest party and a collection of clowns.",1,Support,C,0,1,0,1
1419,UKIP are not a single issue party anymore; UK Sovereignty is the crux of their party political platform but they've certainly expanded from that singular issue in recent years.,"But he also took a swipe at Labour, who he said don't really have the courage of their convictions on this.",2,No Relation,C,0,0,1,1
221,UKIP are not rabid racist and not another incarnation of the BNP.,"Because what we have done, we have thrown clothes off and they have picked them up and put them on.",2,No Relation,C,0,0,1,1
1971,It is because of UKIP that we are finally discussing the European question and about immigration and thank goodness for that.,"Over three million jobs in this country, directly or indirectly, depend on us being in the EU, so that is a big choice.",0,Attack,C,1,0,0,1
471,"In UKIP, we have a new political force which looks likely to poll very well in a national election.",But Simon Hughes said Mr Clegg was hugely qualified for the job.,2,No Relation,C,0,0,1,1
3880,The US should ban cluster bombs,Cluster Bombs Are Inconsistent With International Law,1,Support,C,0,1,0,1
2344,as i said earlier experience demonstrates that it matters a great deal to an investigation whether or not that which is being investigated occurred via agency involvement or by nature operating freely,we dont know but we do know a designer wasnt involved,0,Attack,C,0,1,0,0
1875,"Ukip has British values, wants to get British industry kick started back to the fore front again, become more self-sufficient.","Over three million jobs in this country, directly or indirectly, depend on us being in the EU, so that is a big choice.",0,Attack,C,1,0,0,1
2862,but its more than we dont understand thus designed,but its more than we dont understand thus designed,0,Attack,C,0,1,0,0
842,"I think Farage makes a much better leader than any of the other parties, he's full of enthusiasm and is not a PR man like the current leaders of the 3 main parties.","Bulgarian people are raising a lot of questions today about the democratic, tolerant and humane British society and whether someone like Nigel Farage is an appropriate representative of it.",0,Attack,C,0,0,1,0
3673,high vehicle cost,that is only a short term problem these vehicles will get cheaper in time,0,Attack,C,1,0,0,1
3193,whether or not something is scientifically proven or a theory are simply human conventions that we try to apply to the unexplanable,read the whole comment that he makes first,1,Support,C,0,0,1,0
2494,to those unfamiliar with nick matzke he was one of the many instrumental contributors to the success of the kitzmiller v dover ruling as part of the plaintiffs team,i understand that michael behe is one of the participants on this forum and i am looking forward to his contributions addressing matzkes observations,1,Support,C,0,0,1,0
1892,"UKIPs main issue has always been the EU, immigration has just been the bit that highlights what a failure the project has been.",It comes as William Hague ruled out an electoral pact with UKIP.,2,No Relation,C,0,1,0,0
1699,UKIP want to get us out of the EU to make the British people much worse off then they already are.,The committee said the EU had helped to transform Europe from a continent of war to a continent of peace.,1,Support,C,1,0,0,0
3984,movies should be fun entertaining this movie is not waste of my time ,did you not see that last  minutes of the movie,0,Attack,C,0,0,1,0
738,The only reason we are even having a sensible debate about Europe are UKIP.,He said he planned to appeal against his conviction for conspiracy to blackmail.,2,No Relation,C,0,0,1,1
1153,For what its worth I think UKIP is a one trick pony and is unelectable in a general election.,He said he expected Mr Cameron would continue to try to con voters over an EU referendum.,2,No Relation,C,0,0,1,1
3100,god created the universe therefore god created   science  ,once again we are attempting to split hairs over things that are beyond the frailty of the human brain,0,Attack,C,1,0,0,1
2907,the reason for the existence of the second amendment is to prevent religious people from being denied the opportunity to practice their religion,oopsie,1,Support,C,0,0,1,0
905,"If you want an insight into just how mad and bad UKIP are, go and read what their members, candidates and supporters write on the Telegraph.","He also said it should be predominantly about people who have a chance of being PM, a category which he said did not include Mr Farage.",2,No Relation,C,1,0,0,0
2991,you havent made a point at all,and i understand that god knows every future event before it ever occurs,0,Attack,C,0,0,1,0
2419,the response to my comment id contradicts itself is a series of peculiarly unclear assertions,guided by a larger force,0,Attack,C,0,1,0,0
1327,"In UKIP, we have a new political force which looks likely to poll very well in a national election.","Due to what the party says was a clerical error, between December 2004 and January 2006 he was not on the electoral register - making him an impermissible donor under UK electoral law.",2,No Relation,C,1,0,0,0
4004, especially from a first time director,its too bad you couldnt finish because its a great movie,0,Attack,C,0,1,0,0
1222,"I don't necessarily think Nigel Farage is worthy of PM, I think they need a new leader.",The Lib Dem leader has said he expects it to be a close contest and Mr Cameron had urged all his MPs to head to the constituency to support their candidate.,2,No Relation,C,0,0,1,1
286,UKIP are in with the City as much as the other three and I don't like the way they are whipping people up into a frenzy.,David Cameron has pledged to hold a referendum on Europe in 2017 if the Conservatives win the next election.,2,No Relation,C,0,0,1,1
2746,schenfinally to claim that id has no secular purposes that are not shams is quite a claim to make,when the supreme court formulated valid secular purpose which is not a sham the court unlikely believed that any future unstated secular purpose would be sufficient for something to pass this requirement,1,Support,C,0,1,0,1
303,"Even a UKIP European candidate, Janice Atkinson, another ex-Tory, admits leaving the EU would be problematic.","However, Mr Aker said messages on the EU and immigration were getting through to disillusioned voters.",0,Attack,C,1,0,0,1
3855,All nations have a right to nuclear weapons,Possessing nuclear weapons will be counter to the peaceful interests of states,0,Attack,C,1,0,0,1
2627,intelligent design is an idea not a theory,it is a fact that design can be determined in the absence of a designer,0,Attack,C,0,1,0,0
3784,the best way to protect Scottish interests in the EU is to vote for independence,Scotland is more pro EU than the rest of the UK,1,Support,C,1,0,0,0
1478,"Ukip has British values, wants to get British industry kick started back to the fore front again, become more self-sufficient.","Mr Cameron also said he did not think it would be right for Britain - or in the national interest - to leave the EU entirely, pointing out that some 50% of nation's trade was with the EU.",0,Attack,C,1,0,0,1
368,"UKIP are not the answer, they are simply an annoying addition to the problem.","He unsuccessfully ran for Parliament last year, after setting up his own anti-corruption party.",2,No Relation,C,0,0,1,1
3489,yes i have read these things,but did not understand them,0,Attack,C,0,1,0,0
809,I'm no fan of UKIP but well done to them for initiating a much needed shake up of British politics.,"The pair spoke to Andrew Neil about the problems across the eurozone as it was revealed the Greek PM had offered to resign, and UKIP's Lord Hesketh later joined the debate.",2,No Relation,C,0,0,1,1
1111,The hate campaign against Eastern Europeans that was and is run by UKIP legitimises anything said against them.,"According to the Mail on Sunday, the video footage was shot when Mrs Ayling was seeking selection as a Tory candidate for EU elections.",2,No Relation,C,0,0,1,1
128,"I don't believe Farage is a racist and I don't believe the UKIP policies are racist, but I do think they will be the party that attracts most support from racists.","We certainly need to improve women's place at senior level on those companies that are running the major organisations in this country, she added.",2,No Relation,C,0,0,1,1
2478,needless to say even id proponents have come to realize that id is lacking scientifically speakingfor instance young earth creationist philosopher and id proponent paul nelson is on the record as saying easily the biggest challenge facing the id community is to develop a fullfledged theory of biological design,this post by casey luskin graphically illustrates why intelligent design is not science,1,Support,C,0,1,0,1
2171,"Marketing UKIP as ""the people's army"" is a bitter irony.","Deputy Prime Minister Nick Clegg, whose Liberal Democrats oppose a referendum, said leaving altogether would make us less safe because we co-operate in the European Union to go after criminal gangs that cross borders.",2,No Relation,C,1,0,0,0
3592,it disproves climate change about as well as piltdown man disproves evolution,agreed which tells me that spending trillions on an uncertainty of this magnitude has to be driven by alterior motives,1,Support,C,0,1,0,1
3279,your definition of faith is atheistic it actually denotes the essence of the term foolish,i thought evolution is a naturally occurring process not a consequence of a controlled experiment in a lab,0,Attack,C,0,0,1,0
3874,We should use torture to obtain information from suspected terrorists,Terrorist organisations such as Al Qaida do not respect the rights of individuals and the only way to fight fire is with fire,1,Support,C,0,1,0,1
1483,"The sooner we are out of the EU, the sooner we can start making this country great again.","The voters have understood that EU membership is making us poorer and less democratic and less free, he said.",1,Support,C,0,1,0,1
1237,People are not voting for UKIP because of immigration propaganda but because of their direct experience of immigration.,But Mr Nattrass gives a different version of events.,2,No Relation,C,1,0,0,0
2980,there are two possibilities about the origin of the universe it blinked into existence,read genesis chapter ,0,Attack,C,0,0,1,0
524,The people and media that are criticising UKIP are highlighting the genuine concerns about UKIP and their policies towards immigrants.,"The company allowed UK residents to speculate on the price of gold at a time when exchange controls prevented them from buying it, except at a premium.",2,No Relation,C,0,0,1,1
2374,currently   science   feels its accelerating,god stretched out the heavens,0,Attack,C,1,0,0,1
1468,"On voting day, this week the vast majority of the British public will not vote for UKIP.","Speaking on the BBC's Andrew Marr programme, he insisted that the 2014 elections to the European Parliament were his main priority.",2,No Relation,C,0,0,1,1
1913,"Europe is no longer fit for purpose and we'd do better to be out than in, plus save a whole load of cash.",The committee said the EU had helped to transform Europe from a continent of war to a continent of peace.,0,Attack,C,1,0,0,1
2582,seems to me like dawkins and weinberg were claiming that there is no evidence for design at least according to richards,could evidence against design perhaps be evidence against the case brought in favor of it,0,Attack,C,0,1,0,0
2694,even the antiidists require something beyond nature to explain the origin of nature,so id is about complexity and function but that merely describes what i outlined already,0,Attack,C,0,1,0,0
37,UKIP are a joke outfit full of small-minded Neanderthals who think the 1950s are the future.,"After losing out to Speaker John Bercow - and surviving a light aircraft crash - he returned to his role at the head of UKIP, which campaigns for Britain'e exit from the EU.",2,No Relation,C,0,0,1,1
1807,It is because of UKIP that we are finally discussing the European question and about immigration and thank goodness for that.,"We're not going to do a pact with UKIP anymore than I'm going to do a pact with the Lib Dems and go into the next election with them, said Mr Shapps.",2,No Relation,C,1,0,0,0
3350, you dont need to believe in evolution you just need to understand it, you shouldnt just blindly repeat things you hear,1,Support,C,0,1,0,1
531,"If UKIP want to retain these voters and attract more in a general election then they need to come up with policies other than ""leave the EU"" and ""its all the immigrants fault"".","With our broadened platform between now and the next general election our aim is to replace the Lib Dems as the third party in British politics, Farage added.",0,Attack,C,1,0,0,1
2526,is a common creationist position which misunderstand that most mutations are mostly neutral few are strongly detrimental and some are beneficial,i apologize for using misleading wording,1,Support,C,0,1,0,1
1450,UKIP's proposals on membership in the EU and migrants are at best purely demagogic: they do not take into account facts and more general issues.,UKIP says it is campaigning on a pro democracy message - aiming to rejuvenate local politics.,0,Attack,C,1,0,0,1
3892,I support the truth and reconciliation commission,Reconciliation can be used to conceal political corruption and patrimony,0,Attack,C,1,0,0,1
1870,"Arguably, UKIP & co. aspire to destroy the culture created in Europe after WWII, which has been based on openness, free travel, migration and cross-geographic access to goods and labour markets.",One Conservative MP has suggested his party consider a pact with UKIP at the next election.,2,No Relation,C,0,0,1,1
3504,i believe you just get angry when soemone does not agree with you  percent,i am not angry in fact im laughing at you right now,0,Attack,C,1,0,0,1
1672,UKIP isn't committed exclusively to either right-wing or left-wing ideology and that’s a very good place to be.,He suggested they had worked last time because the three broadcasters had come forward with a simple idea and not proposed rival or different approaches.,2,No Relation,C,0,0,1,1
834,"If UKIP have a good general election and manage to take a few seats then that can only benefit Labour, because all of the seats that UKIP can possibly, conceivably win - well they are all Tory seats.",Mr Farage's pitch is attractive to voters.,1,Support,C,0,1,0,1
636,"My observation is that UKIP often are reluctant to directly answer any questions of substance, which can be accounted for by the fact that they really have no policies.",UKIP's leader has spoken of running joint candidates at future elections after talks with some Conservative associations and one local Labour party.,2,No Relation,C,1,0,0,0
166,Should ukip get into government it would be fair to assume that we'll see a whole raft of right-wing policies as actual government policy.,The economy is on the right track and we are going to see our plan through.,2,No Relation,C,0,0,1,1
3706,i believe a phd is still not really required if you aim a position in the corporate world you should only do a phd if you aim at a career at a univeristy,i disagree with that most of the phd students pursue a career in industry after they finish i read somewhere that only a small percentage of phd students stay,0,Attack,C,1,0,0,1
3030,the first problem with the debate question is that neither time nor space exists per se,one of the major problems that we all have in fact its the same problem adam and eve had in the garden of eden is that we tend to start from outside gods word and then go to what god has written in the bible orin adams casewhat god forbade him to do to try to interpret it on the basis of our own preset ideas,1,Support,C,0,0,1,0
660,UKIP are not rabid racist and not another incarnation of the BNP.,"He also suggested that his party might get its first seats in the UK Parliament at the general election in 2015, and argued it was not just taking votes from the right wing of British politics.",1,Support,C,0,1,0,1
492,"I sense that Farage is a total megalomaniac, a charlatan, someone who is in it for the attention and the glory and that in a strange way, that many UKIP voters know this but don't seem to mind.","Mr Farage, who failed in his attempt to become an MP in May, said he was the best man to lead UKIP from the front.",0,Attack,C,0,0,1,0
2921,you cant offer anymore than theory for one or the other,so luskin is accusing ncse of being both antireligion and proreligion,1,Support,C,0,0,1,0
1855,"UKIP will lead the UK to independence from the oppressive EU, which is the only chance Britain has at restoring its former glory.",Mr Fabricant said an electoral pact with UKIP - in which the Tories would promise a referendum on European Union membership after 2015 and in return UKIP would not stand against Tory candidates - could help the Conservatives win an extra 20-40 seats at the next election.,2,No Relation,C,0,0,1,1
1923,UKIP are in no way a single issue party and if Labour or the Conservatives were to give us a referendum UKIP would still have a full manifesto that would attract many voters.,The prime minister said any vote would happen within five years.,2,No Relation,C,0,0,1,1
3204,evolution is basically common sense once you put down your bible and get out of the church,evolution really is true but as we all know the main reason of how we evolve is because of god our lord,1,Support,C,1,0,0,0
2402,that reply was to allogic,and i was just the reverse,1,Support,C,0,1,0,1
3461,so in conclusion as the alleged science of evolution is based solely on predetermined assumptions so is the myth of global warming,in short you have nothing but faith and seek to project it where it has no place,0,Attack,C,0,1,0,0
2218,"I think Farage makes a much better leader than any of the other parties, he's full of enthusiasm and is not a PR man like the current leaders of the 3 main parties.","The clock is ticking, but details are sparse.",2,No Relation,C,0,0,1,1
3834,We should fear the power of government over the internet,Regulating the Internet is a means for governments to spy on their citizens,1,Support,C,0,1,0,1
2359,  when materialist impose the supernatural all they are doing is saying somethings are beyond being explained through nature and by science,jumpstartwhen materialist impose the supernatural all they are doing is saying somethings are beyond being explained through nature and by science,0,Attack,C,0,1,0,0
3939,We should force think tanks to reveal all of their sources for resource funding,Think tanks may become smoke screens for criminal groups,1,Support,C,0,1,0,1
1567,"Arguably, UKIP & co. aspire to destroy the culture created in Europe after WWII, which has been based on openness, free travel, migration and cross-geographic access to goods and labour markets.","Britain would prosper outside the EU, he argued, and talk of its losing trade was not credible.",2,No Relation,C,1,0,0,0
1316,I'm no fan of UKIP but well done to them for initiating a much needed shake up of British politics.,"He came fourth in the ballot in Bexhill and Battle, in East Sussex, at last year's general election.",2,No Relation,C,0,0,1,1
3791,We should ban religious symbols in public buildings,Religious symbols cause division within Western society,1,Support,C,0,1,0,1
445,"UKIP are an independent party and have shown that their appeal is broad, making big dents in staunchly Labour voting areas as well as the recent bi-election successes.",David Cameron has pledged to hold a referendum on Europe in 2017 if the Conservatives win the next election.,2,No Relation,C,0,0,1,1
2668,intelligent design has been misrepresented as some kackamamy religiously motivated scheme by those who are afraid to challenge what they believe in,first off the human eye did not pop into existence by chance it is the result of billions of years worth of   evolution  ,0,Attack,C,1,0,0,1
709,Big business will not support UKIP given the devastation that withdrawal from the EU would cause.,He attempted to re-join the party last week after having been the UKIP spokesman.,2,No Relation,C,0,0,1,1
591,UKIP and the Greens are the only parties to date that haven't screwed us all over.,Ms Mensch stood down after two years as the MP for Corby to move to New York with her family.,2,No Relation,C,0,0,1,1
327,The success Ukip had in the european elections will be sufficient to galvanise one or preferably all the other parties to rid us of the EU's political influence.,"His speech comes amid renewed tensions in the Conservatives over Europe, with a group of 80 MPs set to meet on Monday to discuss ways to reshape the UK's relationship with the EU.",2,No Relation,C,0,1,0,0
2340,joewe look at the options,joewe look at the options,0,Attack,C,0,1,0,0
781,"I and many others will be voting UKIP not because of a handful of people that have said stupid things, it will be because I identify and agree with their overarching principles.",There have been repeated attempts through the early years of the party to smear UKIP but nobody in the British press believes it any more.,1,Support,C,0,1,0,1
82,The success Ukip had in the european elections will be sufficient to galvanise one or preferably all the other parties to rid us of the EU's political influence.,"Thirdly the party wants to introduce binding local referendums on issues of particular local concern, such as controversial planning decisions.",2,No Relation,C,0,1,0,0
252,"The sooner we are out of the EU, the sooner we can start making this country great again.","If they perform in May's European Parliament elections anywhere near as well as is widely predicted, that will begin to change.",2,No Relation,C,0,0,1,1
1445,It is something of a paradox but a strong vote for UKIP might present the best chance of us staying in the EU!,"And the BBC's chief political adviser, Ric Bailey, said the broadcasters had to work very hard to get the 2010 debates off the ground and it could not be guaranteed that they would be repeated.",2,No Relation,C,0,0,1,1
1482,UKIP are not a single issue party anymore; UK Sovereignty is the crux of their party political platform but they've certainly expanded from that singular issue in recent years.,"Labour leader Ed Miliband said earlier this month that his MPs would not take part in the vote on Friday, describing the bill as a gimmick.",2,No Relation,C,0,0,1,1
3424, go read on the origin of species, if you wanted to start an actual debate you should have said there is no convincing evidence,1,Support,C,1,0,0,0
1294,"If you want an insight into just how mad and bad UKIP are, go and read what their members, candidates and supporters write on the Telegraph.",Marta Andreasen said Mr Farage had abjectly failed and should go.,1,Support,C,0,1,0,1
2522,why not what qualities does the designers have that make them beyond studynot being able to directly observe it,lets look at this to counter the malarial parasite presumably another creation of this benevolent intelligent designer a designer tinkers over the millennia with our genes to confer partial immunity but with the sideeffect of lethal sicklecell disease,1,Support,C,1,0,0,0
1676,UKIP are the only party willing to have a sensible open debate on the key issues affecting the country. ,The group suggest that within five years UKIP will have more members than the Tories at the current rate of attrition.,1,Support,C,0,1,0,1
761,"If UKIP have a good general election and manage to take a few seats then that can only benefit Labour, because all of the seats that UKIP can possibly, conceivably win - well they are all Tory seats.","The Times newspaper reported that Conservative Party officials have already been dispatched to the seat to lay the groundwork for their campaign, with fear of UKIP snatching the seat taking hold.",1,Support,C,0,1,0,1
4016,although the production was executed competently this dark fantasy did not suit my taste at all it felt as if a lot of effort was put into telling a story that wasnt worth telling ,yeah it is a dark story but i do think the story is worth telling i was fascinated how the fantasy was told in backdrop of a fight against fascism,0,Attack,C,1,0,0,1
1351,I suspect when people do start to focus and the election is close UKIPs incoherent policies will be exposed.,"Earlier this year, it emerged that the Conservatives' constituency membership had nearly halved since David Cameron became leader in 2005.",2,No Relation,C,0,0,1,1
2072,"I think Farage makes a much better leader than any of the other parties, he's full of enthusiasm and is not a PR man like the current leaders of the 3 main parties.",The party's leader Nigel Farage has promised to cause a political earthquake at next year's polls after a strong showing in local elections.,1,Support,C,0,1,0,1
3375, scientists can present a great deal more evidence for evolution various fossils in chronological order clearly showing an evolving skeletal structure than a christian can present for intelligent design none, well as being one of the denoted tie breakers of this debating conversation topic i would like to point out that evolution is both a fact and a theory,1,Support,C,0,0,1,0
2878,i happened to drop by the discoverys institutes website which claims to be interested in improving the accuracy in reporting and read an interesting blurb titled ncse promotes shrill editorial suggesting students be forced to consider the possibility that there is no god,so i decided to check out the actual articles in question and much to my dismay i came to realize that this seemed to be a blatant quote out of context,0,Attack,C,1,0,0,1
1307,UKIP are not a single issue party anymore; UK Sovereignty is the crux of their party political platform but they've certainly expanded from that singular issue in recent years.,"Alluding to the comments, he will refer to public pronouncements that I would not always choose myself.",2,No Relation,C,0,0,1,1
1420,UKIP getting a large chunk of the vote in the EU elections sends a message to Europe that they cannot take the UK membership for granted.,The by-election was called after a special court found ex-Labour minister Phil Woolas had lied about Mr Watkins in May's general election and invalidated the result.,2,No Relation,C,0,0,1,1
863,The reason why UKIP has gained so many votes is because the main parties refuse to deal with immigration and the EU.,"UKIP, the Conservatives, the BNP and an independent all finished ahead of the Lib Dems, who came second in the seat in last May's general election.",2,No Relation,C,0,0,1,1
3438, it is only belief, youre right there isnt a shred of positive evidence for creationism and creationists dont even try,1,Support,C,0,1,0,1
3081,usher got a bad rap,well once you accept the existence of an all powerful deity then anything is possible,1,Support,C,0,0,1,0
3453,the father deserves nothing but scorn and derision he is a murderous cretin whose stupidity killed his child,well that is a stupid statement stupid enough that i can not even wrap my head around it and make a proper comparison,0,Attack,C,1,0,0,1
17,"Much of UKIP's meteoric rise has to do with political correctness, and the fact that ordinary people are sick of it.",Tim Loughton believes UKIP are here to stay.,1,Support,C,0,1,0,1
1493,UKIP are the only party willing to have a sensible open debate on the key issues affecting the country. ,"The Conservative leader has suggested staging debates over a longer period, not just during the five-week campaign.",2,No Relation,C,1,0,0,0
3,"Even a UKIP European candidate, Janice Atkinson, another ex-Tory, admits leaving the EU would be problematic.","While Mr Farage did not put a figure on the estimated nine million Syrians displaced by war who should be allowed in the UK, Labour wants to accept 400 to 500.",2,No Relation,C,0,0,1,1
3913,We should negotiate with terrorists,Negotiation encourages moderation,1,Support,C,0,0,1,0
2756,bowman arguesthe board members werent even aware of the wedge document a dated ten years internal document of di and neither relevant to dover v kitzmiller nor to the id hypothesis,bowman arguesthe board members werent even aware of the wedge document a dated ten years internal document of di and neither relevant to dover v kitzmiller nor to the id hypothesis,1,Support,C,0,1,0,1
1066,UKIP are a joke outfit full of small-minded Neanderthals who think the 1950s are the future.,UKIP received the money from a donor who was not on the electoral register.,2,No Relation,C,1,0,0,0
205,The success Ukip had in the european elections will be sufficient to galvanise one or preferably all the other parties to rid us of the EU's political influence.,But faith minister Baroness Warsi said Lord Pearson was either ignorant or attempting to distort views of Islam.,2,No Relation,C,0,0,1,1
1120,"In fact, all UKIP seems to talk about now is withdrawl from the EU without any genuine policy around UK's domestic economy.","UKIP MEP candidate Diane James, who came close to winning the Eastleigh by-election in March, said Mr Wheeler's comments had been taken totally out of context and the party was being picked on.",2,No Relation,C,1,0,0,0
1819,"It feels like UKIP is anti most things and base their politics on this: Anti-aid, Anti-immigrant – at times even anti-politics; it is therefore difficult to understand what they actually stand for and want to work towards.",The announcement comes two weeks after a roll out of Home Office vans with posters warning illegal immigrants to go home or face arrest was cancelled.,1,Support,C,0,1,0,1
526,Big business will not support UKIP given the devastation that withdrawal from the EU would cause.,Nigel Farage is an intelligent man.,2,No Relation,C,0,0,1,1
2845,jimfinally i just want to say that it appears to me that statements made against id and their proponents  made by others not you  regarding id has been so emotionally charged it makes me feel their judgment is affected,or that evolution is a process involving randomness and natural selection,1,Support,C,0,0,1,0
322,A vote for UKIP is a vote to leave the EU and recover power over our national life.,"We do need a reformed relationship with Europe, and that's exactly what we're proposing.",1,Support,C,1,0,0,0
775,It is because of UKIP that we are finally discussing the European question and about immigration and thank goodness for that.,"Asked about UKIP's future, Mr Titford said he was convinced the party would build on existing support to become a significant force in the British political landscape.",1,Support,C,0,1,0,1
2036,"The sooner we are out of the EU, the sooner we can start making this country great again.","I think people should look at Bradgate Park to see how council-owned places can be run, he added.",2,No Relation,C,0,0,1,1
1609,"UKIP's position is not reasonable, but racists and proto-fascist, considering they have nothing to say about the finance capital bombing of the economy, but to put all the blame for Europe's woes onto immigration.","The charge put by its deputy leader David Campbell Bannerman when he defected to the Conservatives in the wake of the May elections was that UKIP remained, at heart, a single issue pressure group.",1,Support,C,0,1,0,1
3479,read what i actually wrote for a change,this is what socially inept losers do when they know their argument is deny they ever made one,0,Attack,C,1,0,0,1
1463,"The sooner we are out of the EU, the sooner we can start making this country great again.","He said the UK should quit the EU, with the referendum being moved forward.",1,Support,C,0,1,0,1
384,"I don't think most people realise the benefits of free trade at all, and UKIP capitalise on peoples ignorance of the benefits of free trade as much as they can.","The party's press officer, Gawain Towler, intervened on Tuesday evening, posting a message saying I can assure you that nobody has been asked to troll, people have been directed to the forum because it could be interesting.",2,No Relation,C,0,0,1,1
454,"Marketing UKIP as ""the people's army"" is a bitter irony.",A UKIP candidate in Somerset was suspended from the party on Tuesday after a photo of him apparently making a Nazi-style salute appeared on his Facebook page.,1,Support,C,0,0,1,0
1800,It is because of UKIP that we are finally discussing the European question and about immigration and thank goodness for that.,UKIP leader Nigel Farage said the UK had no real control over either the number or the type of migrants that were settling from elsewhere in the EU.,1,Support,C,0,1,0,1
2768,you lost the case  get over it,the auscs claim that court cases settle all debates reminds me of how futile roe v,1,Support,C,0,0,1,0
2717,the di is quick to argue that jones overstepped its bound by declaring id not be scientific even though both the plaintiffs and the defendants insisted that the judge address this because the existence of a valid secular purpose which is not a sham is an important aspect in determining if something is unconstitutionaljudge jonesdefendants presented no convincing evidence that they were motived by any valid secular purposealthough defendants attempt to persuade this court that each board member who voted for the biology curriculum change did so for the secular purposed of improving science education and to exercise critical thinking skills their contentions are simply irreconcilable with the record evidence,for goodness sakes guys very few people are advocating the mandatory teaching of id in schools,0,Attack,C,0,0,1,0
1338,The people and media that are criticising UKIP are highlighting the genuine concerns about UKIP and their policies towards immigrants.,"The Lib Dems held on to the Hampshire seat with a reduced majority of 1,771.",2,No Relation,C,0,0,1,1
2794,why dont you tell meare they needed to for   health   and safety of the country,the  commandments are not the sole source of morality,0,Attack,C,0,0,1,0
2438,casey luskin knows how to use impressive multisyllabic words to suggest that hes intelligent,all human design and resulting construction starts with what exists a designer and things entities,1,Support,C,0,0,1,0
3561,this is where the competition really occurs this is why natural selection the ability to go on to breed on the level of the population is actually nonrandom,wow supersport got something right,1,Support,C,0,0,1,0
3985,movies should be fun entertaining this movie is not waste of my time,then dont watch it its that simple but dont say that movies should be one thing have you not read depressing literature or stared at melancholic paintings before,0,Attack,C,1,0,0,1
3976,i remember being underwhelmed when this first came out but enough time had passed when i caught it on tv so perhaps i had just been in the wrong mood back then maybe this time ill enjoy it but no,this film is totally vacuous and the plot is unbelievable no way could everyone become infertile and if they did no way could one fertile woman save the planet,1,Support,C,0,1,0,1
455,I think a lot of UKIP supporters would be outraged if one of the consequences of leaving the EU was to price them out of buying virtually any of today's niceties.,Eurosceptic Paul Sykes said UKIP was the last best hope for Britain and he would help fund its election campaign.,0,Attack,C,0,0,1,0
2405,just as advances in genetic and protein research and mathematics are enabling us to understand and explain how evolution works a growing number of our society are rejecting science in favor of myth and fake science,i really have to give the antiiders credit you have a lot of faith,0,Attack,C,0,1,0,0
353,"The sooner we are out of the EU, the sooner we can start making this country great again.","But this time around, the party's candidate John O'Farrell polled just over 4,000 votes, or 9.8%, a 0.2 percentage points increase on the party's tally in the 2010 election.",2,No Relation,C,0,0,1,1
2567,not all this link was identified in my last reply    httpwww,actually the construction of the cell rather suggests chance,0,Attack,C,0,0,1,0
1398,Ukip are doing well for the very simple reason folk have at last realized that they are being lied to by LibLabCon and now have somewhere else to go.,He held positions in the governments of Margaret Thatcher and John Major before becoming treasurer in 2003.,2,No Relation,C,0,0,1,1
3031,one of the major problems that we all have in fact its the same problem adam and eve had in the garden of eden is that we tend to start from outside gods word and then go to what god has written in the bible orin adams casewhat god forbade him to do to try to interpret it on the basis of our own preset ideas,i dont see what is so hard about it,0,Attack,C,1,0,0,1
3306, you are under the mistaken impression that complexity and ability to buy washing machines equals more evolved, just judging from the question obviously the op hasnt got even a high school understanding of what evolution is,1,Support,C,0,1,0,1
3615,we take reality and describe it in our minds and thus form it into abstract concepts which we can operate with,this is my understanding as well interestingly concepts only approximate that which they intend to define confusion between concept and actuality is fertile ground for misunderstanding,1,Support,C,0,1,0,1
3853,All nations have a right to nuclear weapons,The threat of nuclear weapons falling into the hands of rogue states and terrorists increases as more countries possess them,0,Attack,C,1,0,0,1
1442,The success Ukip had in the european elections will be sufficient to galvanise one or preferably all the other parties to rid us of the EU's political influence.,"UKIP appears to have struck a chord with many voters on the issue of immigration, campaigning against the relaxation of working restrictions on Bulgarians and Romanians due to come into force in January.",1,Support,C,0,1,0,1
2118,"In fact, all UKIP seems to talk about now is withdrawl from the EU without any genuine policy around UK's domestic economy.","It is also one which means people often dismiss it as a single issue party, unlikely to become a force in Westminster politics.",1,Support,C,0,1,0,1
1115,"In UKIP, we have a new political force which looks likely to poll very well in a national election.",He also insisted his party was not a pressure group anymore andhas a fully fledged manifesto.,1,Support,C,0,1,0,1
1485,"In UKIP, we have a new political force which looks likely to poll very well in a national election on thursday.","Mr Farage told the BBC that since the general election UKIP had trebled its vote share, according to opinion polls.",1,Support,C,0,1,0,1
2598,we must be prepared to take account  of the fact that our location in the universe is necessarily privileged to the extent of being compatible with our existence as observersand even that formulation has been taken apart by rudolf haller in his book nonexistence and predicationunderstanding is the first step towards formulating a workable hypothesis and popularization thereof,science of course has tested the principle even though for a long time it stood as an assumption,1,Support,C,0,0,1,0
1572,"Even a UKIP European candidate, Janice Atkinson, another ex-Tory, admits leaving the EU would be problematic.","I don't think in Brussels, Berlin or Paris you are going to gain that audience or that support you need by holding a pistol to Europe's head, in which you are saying 'agree with us on everything we want or we are leaving.",2,No Relation,C,0,1,0,0
2671,the whole point of bringing up the eye example is to demonstrate that id is an actual theory and not a simple example in which someone proclaims that something is too complex based on their own judgements,natural selection isnt random,1,Support,C,0,0,1,0
3807,We should grant politicians immunity from prosecution,Giving politicians immunity from prosecution allows them to focus on performing their duties,1,Support,C,0,1,0,1
4015,in my opinion full metal jacket was way better full metal jacket was at least fair i spoke to a lot of guys that told me thats the way it was,no platoon was the better movie,0,Attack,C,1,0,0,1
1591,Labour won't have anything to do with UKIP as they are more right-wing than the Tories. ,UKIP leader Nigel Farage said any members proven to have extreme right wing views would be expelled.,0,Attack,C,0,0,1,0
2665,according to its advocates the designer responsible for intelligent design in biology could be any sort of creative intelligence capable of engineering the basic elements of life,complexity is the more the norm than the exception,0,Attack,C,0,0,1,0
1304,"I agree with UKIP on the EU, but the rest of their policies are dangerous right wing bile.",The by-election was called after former Lib Dem cabinet minister Chris Huhne resigned as an MP following an admission he had perverted the course of justice over driving licence points.,2,No Relation,C,0,0,1,1
3993,rarely have i watched and rewatched a movie with such spectacular cinematography,loved the blood splatter on the camera too gave it that feel of being right there with a war correspondent the timing of everything was incredible,1,Support,C,0,1,0,1
3640,indeed walking at a fast pace has the same and probably more benefits than jogging,this could not be more far from the truth because running is more intense the general health benefits are higher within reason more pain is more gain,0,Attack,C,1,0,0,1
3221,correct the only way that either side could be proven is wether or not we can prove or disprove god,evolution has never been proven and will never be proven because it never happened,1,Support,C,0,0,1,0
3275,why couldnt god have created everything through evolution,intelligent design is the conclusion of deductive reasoning,1,Support,C,1,0,0,0
1270,"I would say it's the anti-ukip brigade who have no substance to their argument (or facts), they simply shout ""racist"" with nothing to substantiate this slur, or become crude and insulting.","In an interview with The Times, Mr Farage accepted UKIP had struggled to attract talent in its early days, ofte ending up with members holding questionable views.",0,Attack,C,0,0,1,0
1429,A strong UKIP vote suggests there's a lot of the British public who aren't on board with the current set-up.,Former Europe Minister Denis MacShane said the EU was Britain's biggest trading partner.,0,Attack,C,0,0,1,0
3517,creation scientists read the sedimentary record of the placement of strata as evidence of the great flood while evo scientists read the same evidence very differently as evidence of an old earth,and creationists who can not tell the difference between cats and nuclear reactors do not understand fluid mechanics,0,Attack,C,0,0,1,0
815,I suspect when people do start to focus and the election is close UKIPs incoherent policies will be exposed.,"Many of our members are those who have never been a member of any political party before but who see that it is UKIP who is challenging the establishment on issues such as open door immigration, grammar schools and green taxes, he said.",0,Attack,C,1,0,0,1
253,"I don't think most people realise the benefits of free trade at all, and UKIP capitalise on peoples ignorance of the benefits of free trade as much as they can.","Their hope is that the Eastleigh by-election saw them turn a corner, with the party finally working out how to campaign from within government.",2,No Relation,C,0,0,1,1
1048,Should ukip get into government it would be fair to assume that we'll see a whole raft of right-wing policies as actual government policy.,It comes two weeks after she accused the UKIP leader of bullying and being anti-women and a Stalinist and threatened to leave the party.,2,No Relation,C,0,0,1,1
752,Intellectually I rate Farage much higher than Cameron; he has a very sharp and quick wit and is an excellent public speaker.,"General elections, however, with their first-past-the-post voting systems, have been a very different story and Farage has failed to make the breakthrough he has been hoping for.",0,Attack,C,0,0,1,0
3881,The US should ban cluster bombs,Rejecting the Ban on Cluster Bombs Hurts the international image of the US,1,Support,C,0,1,0,1
2859,id may assert but as a science their contributions remain largely with content,remember the question we are addressing is  does id have merit  i have explained why i think it does,0,Attack,C,1,0,0,1
3032,i dont see what is so hard about it,your stating what you believe not what can be demonstrated scientifically,0,Attack,C,1,0,0,1
91,"UKIP advocates for the UK leaving the European Union which would be a bad idea – but they are trying to leverage on the british people’s need to belong and pride to be british, which further sparks their anti-foreigner standpoint.",The word slut has different meanings to different generations.,2,No Relation,C,0,0,1,1
3034,there is much scientific evidence to proof it its just that you wouldnt believe it anyway,i do not believe in science,0,Attack,C,1,0,0,1
1413,"If UKIP do hold the balance of power and get into government, their only condition will be an in/out EU referendum.","The last time the seats up for grabs on 5 May were contested, in 2007, UKIP returned five councillors, a net loss of one.",2,No Relation,C,1,0,0,0
1562,UKIP is a vessel through which a protest is being delivered. ,"Well, that's poppycock but I don't think Nick Clegg, who is a charming young man, has ever purported to know anything at all about economics.",2,No Relation,C,0,0,1,1
1893,A strong UKIP vote suggests there's a lot of the British public who aren't on board with the current set-up.,"This time it isn't red lines, but red tape.",2,No Relation,C,0,0,1,1
2022,"In UKIP, we have a new political force which looks likely to poll very well in a national election on thursday.","Mr Farage will tell members at the conference in London that, by the 2015 general election, UKIP will overtake the Lib Dems in terms of its support base.",1,Support,C,0,1,0,1
2031,"UKIP will lead the UK to independence from the oppressive EU, which is the only chance Britain has at restoring its former glory.","UKIP defied the odds again at last year's European elections, beating Labour into third place, much to the dismay of those, on the left and right, who had written the party off as a busted flush.",1,Support,C,0,1,0,1
111,Cameron had it right and UKIP could tip the balance towards Labour in the crucial marginal seats in the GE where the battle will take place .,"UKIP would seek to make the 2014 elections to the European Parliament a referendum on open borders, he said.",1,Support,C,0,0,1,0
99,"I would say it's the anti-ukip brigade who have no substance to their argument (or facts), they simply shout ""racist"" with nothing to substantiate this slur, or become crude and insulting.",He said the law allowed for a joint candidate to run with two party logos on a ballot paper.,2,No Relation,C,0,0,1,1
2858,id may assert but as a science their contributions remain largely with content,id may assert but as a science their contributions remain largely with content,0,Attack,C,0,1,0,0
2474,the ayn rand center says id claims that design can be inferred merely from observed complexity specified complexityi, this is really your argument thats really unimpressive,0,Attack,C,1,0,0,1
188,If UKIP is really the best our country can do for an alternative then we are all doomed.,"The private member's bill, from Tory MP James Wharton, paves the way for an in-out referendum on the EU in 2017.",2,No Relation,C,0,0,1,1
2495,i understand that michael behe is one of the participants on this forum and i am looking forward to his contributions addressing matzkes observations,behe claims that they can bring together separate components and place them in relationship to each other to create an effect that may be extremely unlikely to occur by chance,1,Support,C,0,1,0,1
510,"If UKIP have a good general election and manage to take a few seats then that can only benefit Labour, because all of the seats that UKIP can possibly, conceivably win - well they are all Tory seats.",It should be clear Cameron territory.,2,No Relation,C,0,0,1,1
339,Intellectually I rate Farage much higher than Cameron; he has a very sharp and quick wit and is an excellent public speaker.,"This will be only the fifth occasion since the 1945 general election when the Lib Dems, or their predecessors the Liberals, have defended a parliamentary seat in a by-election.",2,No Relation,C,0,0,1,1
3236,to me this is a simple one evolution all the way,you say the bible is the only proof of creationism,0,Attack,C,0,0,1,0
3865,We should create a United Nations standing army,A United Nations Standing Army would solve the problem of American military hegemony,1,Support,C,0,1,0,1
13,"The UKIP mainstay vote is in normal working people because they never voted for 4 million immigrants, they never voted for Multiculturalism.","He said UKIP planned to fight the majority of seats, although he could not give precise figures at this stage.",2,No Relation,C,0,0,1,1
1282,It's a protest vote because (most) people know that UKIP will never net in power.,"We started with TV debates that were easy to agree, because they were quite controlled, Mr Cameron said.",2,No Relation,C,0,0,1,1
3471,you need not be far left to support reasonable gun regulation,suckers bet i think so you antis are so damned scared of guns you do not havea clue of how to commit a murderous domestic terrorist act of that nature,0,Attack,C,0,0,1,0
3955,Governments should be allowed to disrupt Internet service on grounds of national security,The internet is a threat to public safety,1,Support,C,0,1,0,1
3710,no it did not a lot of bits were too far fetched and the whole story was very americanized,it was indeed a bit tacky at times,1,Support,C,0,1,0,1
1136,"UKIP advocates for the UK leaving the European Union which would be a bad idea – but they are trying to leverage on the british people’s need to belong and pride to be british, which further sparks their anti-foreigner standpoint.","James Morris said there were lots of practical ideas for the future of the Conservative Party, but denied it was an alternative group.",2,No Relation,C,0,0,1,1
2791, i have been a christian most of my life and the ten years i lived outside the community was hell on earth,poblic schools are not to promote   religion  ,1,Support,C,0,0,1,0
2306, public opinion is unimportant to whether creationism belongs in science classes  public opinion does not determine whether creationism qualifies as science,proof why creationism should be taught in schools,0,Attack,C,0,0,1,0
2382,yes god is by his nature  supernatural,first of all the bible is not a   science   book,1,Support,C,1,0,0,0
2490,and it never has and never will,the biologic institutemy my what nonsense,0,Attack,C,1,0,0,1
2180,UKIP getting a large chunk of the vote in the EU elections sends a message to Europe that they cannot take the UK membership for granted.,Mr Farage also insisted he believes his party can win May's European elections.,1,Support,C,0,1,0,1
1611,UKIP do have more than Nigel Farage able to deal with media interviews.,"We understand the internal divisions in the Conservative Party that give rise to this sort of debate, the party said.",2,No Relation,C,0,0,1,1
1878,"If you think that the Tories are nasty, heaven help us if UKIP get in because they would be nastier, more cruel, and more bigoted.","UKIP appears to have struck a chord with many voters on the issue of immigration, campaigning against the relaxation of working restrictions on Bulgarians and Romanians due to come into force in January.",2,No Relation,C,1,0,0,0
2111,"UKIP advocates for the UK leaving the European Union which would be a bad idea – but they are trying to leverage on the british people’s need to belong and pride to be british, which further sparks their anti-foreigner standpoint.","The Conservatives have argued the surge in support for UKIP was essentially a protest vote, but Mr Farage dismissed this as the default position of the political establishment.",2,No Relation,C,0,1,0,0
1155,UKIP and the Greens are the only parties to date that haven't screwed us all over.,"In contrast, the Conservatives have seen their membership levels fall.",1,Support,C,0,1,0,1
3409, you know a debate like this can be put up to get intelligent information exchange, yes if what you are saying is true then im for it,1,Support,C,0,1,0,1
263,"In fact, all UKIP seems to talk about now is withdrawl from the EU without any genuine policy around UK's domestic economy.","No-one denies that you are, by virtue of your letters patent, a peer.",2,No Relation,C,0,0,1,1
3867,We should create a United Nations standing army,A United Nations standing army would be more effective in operations themselves,1,Support,C,0,1,0,1
1379,I think a lot of UKIP supporters would be outraged if one of the consequences of leaving the EU was to price them out of buying virtually any of today's niceties.,We are attracting former non-voters who haven't voted in 20 years.,2,No Relation,C,0,0,1,1
877,"If UKIP do hold the balance of power and get into government, their only condition will be an in/out EU referendum.","The former UKIP, now independent, MEP is sending out 400 cards with his wife Katie dressed as a cleaner, while he carries a pair of 'bongo bongo' drums.",2,No Relation,C,0,0,1,1
1388,For what its worth I think UKIP is a one trick pony and is unelectable in a general election.,"He beat fellow MEP David Campbell-Bannerman, economist Tim Congdon and former boxer Winston McKenzie.",2,No Relation,C,1,0,0,0
2099,"Ukip has British values, wants to get British industry kick started back to the fore front again, become more self-sufficient.",The committee said the EU had helped to transform Europe from a continent of war to a continent of peace.,0,Attack,C,1,0,0,1
2638,funny how being completely wrong about the earth revolving around the sun can make the catholic church a bit gun shy about claiming that   science   is incorrect without evidence to back it up,in the th century fundamentalist supported the idea that new species appear abruptly catastrophism,0,Attack,C,0,1,0,0
2027,"In fact, all UKIP seems to talk about now is withdrawl from the EU without any genuine policy around UK's domestic economy.",She also dismissed suggestions she had left because her political career was not advancing quickly enough.,2,No Relation,C,0,0,1,1
1263,A vote for UKIP would be a vote for a Tory-UKIP alliance that would be more right-wing than a Tory government.,"It is, after all, a line that will pass straight through the county, but the trains on it will not stop here.",2,No Relation,C,0,0,1,1
1179,If you want to understand why UKIP is extreme look at the extreme elements it attracts including far-right Hitler-apologists like retep and anti-semites like your friend in Stocksbridge.,He defended the government's efforts to address the so-called pull factors attracting people to the UK such as access to benefits and other public services.,2,No Relation,C,0,0,1,1
2426,how does science explain information in life versus intelligent design proponents and why do id proponents misrepresent science when describing for instance neodarwinismcasey luskin writesproponents of neodarwinism contend that the information in life arose via purposeless blind and unguided processes,taxiboundi must say that pvm has a way with words,1,Support,C,0,0,1,0
3670,electric vehicles,limited range,0,Attack,C,1,0,0,1
1334,Support for UKIP simply indicates that people have noticed that the major parties do not represent their interests.,"No elections took place in London, Scotland or Northern Ireland.",2,No Relation,C,0,0,1,1
2540,all design is intelligent it takes thought to construct any type of design when you see things take place in science they happen because of all the laws that were put into place by an intelligent designergoing back to the idea of a storm and engines when you get in a car and turn the key you have a spontaneous violent storm erupt inside the engine it all takes place because of all the elements of the design working in concert to produce the effect this and all design requireintelligent thought ,icdesig,0,Attack,C,0,1,0,0
679,"If you want an insight into just how mad and bad UKIP are, go and read what their members, candidates and supporters write on the Telegraph.","Mr Farron said the result demonstrated the Liberal Democrats had the right to exercise more muscle in coalition negotiations, particularly in the run-up to the Budget on 20 March.",2,No Relation,C,0,0,1,1
2524,the only thing i take issue with in this argument is the comments about lenskis work with e,mr,1,Support,C,0,0,1,0
2898,   httpwww,i am not welcome at ucd a site which takes pride in ignorance over arguments,0,Attack,C,0,0,1,0
2844,jim,jimfinally i just want to say that it appears to me that statements made against id and their proponents  made by others not you  regarding id has been so emotionally charged it makes me feel their judgment is affected,1,Support,C,0,1,0,1
1931,"Marketing UKIP as ""the people's army"" is a bitter irony.","Deputy Prime Minister Nick Clegg, whose Liberal Democrats oppose a referendum, said leaving altogether would make us less safe because we co-operate in the European Union to go after criminal gangs that cross borders.",2,No Relation,C,1,0,0,0
1802,The success Ukip had in the european elections will be sufficient to galvanise one or preferably all the other parties to rid us of the EU's political influence.,UKIP says it is campaigning on a pro democracy message - aiming to rejuvenate local politics.,1,Support,C,1,0,0,0
276,"In fact, all UKIP seems to talk about now is withdrawl from the EU without any genuine policy around UK's domestic economy.","Before joining UKIP in 2004, Mr Campbell Bannerman was a Conservative activist and former special adviser to the Conservative Northern Ireland Secretary Sir Patrick Mayhew.",2,No Relation,C,0,0,1,1
3257,the list practically goes on,evolution has more supporting details than the theory of intelligent design,1,Support,C,0,1,0,1
3041,tell me have you ever read the origin of the species i have and i find it to be a pretty far stretch,many people claim that certain writings are the word of god,1,Support,C,0,0,1,0
1082,I'm no fan of UKIP but well done to them for initiating a much needed shake up of British politics.,"Ms Champion, chief executive of the Bluebell Wood children's hospice, secured the seat with 9,866 votes.",2,No Relation,C,0,0,1,1
2642,how was catastrophism closer then the original darwinian theory  catastrophism offered no mechanism for the changes that we see was completely wrong as to what catastrophes occurred  how severe they were and when they took place,richard dawkins and victor stenger argue that the existence of a creative superintelligence or god are scientific questions,0,Attack,C,0,0,1,0
2600,this rather poorly phrased term suggests that there may be an enigma but lets look at the apparent correlation between habitability and our existence as observers,we also investigate axis of evil aoe type anomalies which detect phase correlations between different multipoles in harmonic space,1,Support,C,0,1,0,1
357,The success Ukip had in the european elections will be sufficient to galvanise one or preferably all the other parties to rid us of the EU's political influence.,"Isolating Britain and damaging Britain's reputation is not the right history to write, he said.",0,Attack,C,0,0,1,0
467,"The country faces more than two big issues, which is where Ukip come apart at the seams in an incoherent bunch of right wing horse shit from whatever Think Tank came along at the time.","Before joining UKIP in 2004, Mr Campbell Bannerman was a Conservative activist and former special adviser to the Conservative Northern Ireland Secretary Sir Patrick Mayhew.",2,No Relation,C,0,1,0,0
271,UKIP and the Greens are the only parties to date that haven't screwed us all over.,"The first ever televised general election debates took place in 2010, with the format agreed between the Conservatives, Labour and Liberal Democrats.",2,No Relation,C,0,0,1,1
3321, it is very wrong we didnt evolve from apes, the bible says all will proclaim the name of the creator and acknowledge him as lord i want to point out the key word creator in there,1,Support,C,1,0,0,0
1665,It is because of UKIP that we are finally discussing the European question and about immigration and thank goodness for that.,Labour accused the PM of trying to ditch the TV debates simply because he is too scared to defend his record.,2,No Relation,C,0,0,1,1
1642,UKIP are a joke outfit full of small-minded Neanderthals who think the 1950s are the future.,Downing Street said the prime minister's views about Europe were clear and he believed it was important the public had the evidence and analysis to consider the question of the UK's membership.,2,No Relation,C,1,0,0,0
3393, what this is pointless first off if there wasnt evolution the diseases we have today wouldnt be as strong as they are and there wouldnt be humans everything starts somewhere and evolves   notice that almost all forms of complex life have both male and femalehorses cats dogs humans moths monkeys fish elephants etc, there are documented cases of specific species adapting over time,1,Support,C,0,1,0,1
1946,"Arguably, UKIP & co. aspire to destroy the culture created in Europe after WWII, which has been based on openness, free travel, migration and cross-geographic access to goods and labour markets.",One Conservative MP has suggested his party consider a pact with UKIP at the next election.,2,No Relation,C,0,0,1,1
2579,from a review of explore evolutioncounterclaims follow that seek to undermine the earlier conclusions including the circular reasoning of the molecular clock the potential fabrications of haeckels ontogeny recapitulates phylogeny how differing family trees are created via anatomical and molecular patterns of relationships and the meaning of gaps in fossil evidence,ac grayling responds to steve fullers defence of his book dissent over descent,1,Support,C,0,1,0,1
993,I think a lot of UKIP supporters would be outraged if one of the consequences of leaving the EU was to price them out of buying virtually any of today's niceties.,"Mr Farage says he will give up as leader if UKIP doesn't win seats at Westminster at next year's general election, where he would represent all of the British people.",0,Attack,C,0,0,1,0
53,"If UKIP want to retain these voters and attract more in a general election then they need to come up with policies other than ""leave the EU"" and ""its all the immigrants fault"".","The party, as Mr Snell puts it, was obliterated.",2,No Relation,C,0,1,0,0
821,"The core of UKIP seem pretty much right wing, so you can expect those polices to be similar to the current conservative ones which will drive the left leaning voters away in droves. ","Mr Farage resumed leadership of the party last year, replacing Lord Pearson who stepped down after nine months in charge.",2,No Relation,C,0,0,1,1
563,UKIP are in no way a single issue party and if Labour or the Conservatives were to give us a referendum UKIP would still have a full manifesto that would attract many voters.,"Mr Farage said he would instead run for a seat in the Commons - specifically the seat of Commons Speaker John Bercow, which, by convention, other major parties do not fight.",2,No Relation,C,0,0,1,1
2537,design is recognized in the purposeful arrangement of parts storms  tornadoes hurricanes etc,im sorry but this argument of design is apparent not real always make me scratch my head in bewilderment,0,Attack,C,1,0,0,1
1208,People are not voting for UKIP because of immigration propaganda but because of their direct experience of immigration.,"On most issues, he is on-message with the national Conservative campaign and is evangelical about the scale of the changes he has led in his four years in the top job at the council.",2,No Relation,C,0,0,1,1
3899,The International Criminal Court should be recognised,The ICC has too much authority,0,Attack,C,1,0,0,1
2245,"As far as immigration is concerned all Ukip want is a level playing field for non EU migrants and to control the numbers so, if anything, Ukip are too soft on immigration.",Small parties have a habit of disintegrating into internal warfare or being wiped out by the vagaries of the electoral system and political fashion - British politics has seen a few come and go over the years.,2,No Relation,C,0,0,1,1
881,A strong UKIP vote suggests there's a lot of the British public who aren't on board with the current set-up.,UKIP leader Nigel Farage said he was pleased Mr Bloom had apologised.,2,No Relation,C,0,0,1,1
721,UKIP are asking the questions that haven't been asked by the opposition or the media.,"European parliamentary rules state that when an MEP resigns there is no by-election, but the next in line from an agreed party list fills the vacancy.",2,No Relation,C,0,0,1,1
3591,surely the theory of evolution cannot predict whether a species is extinct or not,you are correct that fossil species have gone extinct is an observation,1,Support,C,0,1,0,1
2856,which i argue is the main reason people have come to embrace id and object to sciencecouldnt atheism be the main reason people have come to embrace a certain type of evolution and object to id  the emotions so commonly seen in the rejection of id support this,couldnt atheism be the main reason people have come to embrace a certain type of evolution and object to id the emotions so commonly seen in the rejection of id support this,0,Attack,C,0,1,0,0
1833,"If UKIP want to retain these voters and attract more in a general election then they need to come up with policies other than ""leave the EU"" and ""its all the immigrants fault"".",UKIP has evolved over the two decades since it was created from an anti-EU pressure group into a fully fledged party which has now proved that it can succeed beyond European elections.,0,Attack,C,1,0,0,1
2941,how can anyone believe that the human race began with just one pair adam and eve and refuse to face the logical consequence that the human race would have to have with brothersister incest  if god wanted to start the human race with just one pair of biological ancestors then he must have ordained incestuous marriage for at least the first generation of humans,actually i meant to say that if adam and eves children had to practice incest in order to go forth and multiply then it meant that god ordained it,1,Support,C,0,1,0,1
2451,i am confident there is a god,in fact the history of life shows a pattern of explosions where new fossil forms come into existence without any clear evolutionary precursors concurring with design theory that predicts that species might appear abruptly,0,Attack,C,0,1,0,0
2834,the ncses response to id is that about  scientist dont believe in id and you shouldnt either,its not about believing in id many people have come to accept by faith the existence of a god but rather that scientists do not believe that id has much of anything to offer scientifically speaking,0,Attack,C,1,0,0,1
3141,the bible is in fact useless,at the risk of sounding like my mother i dont know what happened to you that caused you to hate christianity so but it is evident that you absolutely hate it,1,Support,C,1,0,0,0
2280, evolution is an observable fact  while creationists often attempt to describe evolution as merely a theory this is not exactly the case,teaching creationisms truth is necessary in upholding the truth of the bible,0,Attack,C,1,0,0,1
1907,UKIP will continue to grow as will the arrogance of the other parties.,"With the growth of state harassment and neo-Nazi violence in East/Central Europe, Roma families have settled in the UK, contributing economically and culturally.",2,No Relation,C,0,0,1,1
3320, i do not believe that we evolved from monkeys or any other animal i believe that god created us in his own image, it is very wrong we didnt evolve from apes,1,Support,C,1,0,0,0
701,"I sense that Farage is a total megalomaniac, a charlatan, someone who is in it for the attention and the glory and that in a strange way, that many UKIP voters know this but don't seem to mind.","I'm no Robert Kilroy Silk, he says, citing the daytime television star who once aspired to lead the party.",2,No Relation,C,0,0,1,1
3396, there are plenty of examples of species evolving in present times, actually most leading scientists nowadays support evolution and of course its going to have massive holes in it thats what makes it a theory,1,Support,C,1,0,0,0
1125,UKIP are in with the City as much as the other three and I don't like the way they are whipping people up into a frenzy.,"Voters appear restive, often reluctant to support the larger parties.",2,No Relation,C,0,1,0,0
2380,im hardly the authority for all the great questions in life,that one is from isaiah ,1,Support,C,1,0,0,0
3864,We should promote democratisation,The immense cost and effort involved in sustaining democracy across the world in countries that are not prepared to fully accept responsibility themselves does not equal the benefits,0,Attack,C,1,0,0,1
84,"I don't see UKIP as being far right, they're just further right than the rest who have congregated arund the middle ground.","The Conservatives and Labour were contesting most local election seats, with 2,263 and 2,168 candidates respectively.",2,No Relation,C,0,0,1,1
119,"I agree with UKIP on the EU, but the rest of their policies are dangerous right wing bile.","Mr Farage said he would instead run for a seat in the Commons - specifically the seat of Commons Speaker John Bercow, which, by convention, other major parties do not fight.",2,No Relation,C,0,0,1,1
3730,or cycle,what about a swim,1,Support,C,0,0,1,0
3846,The voting age should be lowered to sixteen years,Young people would be more likely to misuse their vote,0,Attack,C,1,0,0,1
1080,"The country faces more than two big issues, which is where Ukip come apart at the seams in an incoherent bunch of right wing horse shit from whatever Think Tank came along at the time.","The party said Mr Campbell Bannerman had agreed, when he was chosen as a candidate in 2008, to represent UKIP for the full five-year parliamentary term or stand down.",2,No Relation,C,0,0,1,1
3481,how can it get anymore embarrassing for science that they got the premise wrong for all these years,do you actually have any idea how science works why are you not embarrassed for creationism,0,Attack,C,0,1,0,0
201,The current smear strategy against UKIP is not pulling people back but pushing them towards UKIP and if this carries on then things are going to be a lot tighter by the time the general election comes.,Mr Farage has previously said any Tory pledge must be written in blood.,2,No Relation,C,0,0,1,1
320,"I and many others will be voting UKIP not because of a handful of people that have said stupid things, it will be because I identify and agree with their overarching principles.","Contests took place in 27 English county councils and seven unitary authorities, as well as in Anglesey.",2,No Relation,C,0,0,1,1
527,UKIP are a joke outfit full of small-minded Neanderthals who think the 1950s are the future.,He told the BBC's Andrew Marr he did not want them to overshadow the campaign as he says they did in 2010.,2,No Relation,C,0,1,0,0
917,I would hazard that it’s UKIP’s appeal to tradition and “British values” that appeals – it’s a cosy reimagining of a glorious past and taps into the Little England mentality of a large swathe of tory supporters.,"But he suggested he would not stand in the way of arrangements at a constituency level, either with Conservative or Labour candidates.",2,No Relation,C,1,0,0,0
2686,caseyeven the widelytouted theistic evolutionary biologist kenneth miller has claimed in five editions of his popular high school biology textbooks that the implication of evolution is that it works without either plan or purpose and is random and undirected,pandasthumb also explored these accusations    httpwww,1,Support,C,0,0,1,0
1835,"Even a UKIP European candidate, Janice Atkinson, another ex-Tory, admits leaving the EU would be problematic.","His role at the Conservative Party was as a grassroots activist helping with canvassing and leafleting, not as an official spokesman.",2,No Relation,C,0,0,1,1
3333, yes i believe evolution is wrong, on what day did god make the fossils  very simplistic yes it is,1,Support,C,0,1,0,1
1801,The people and media that are criticising UKIP are highlighting the genuine concerns about UKIP and their policies towards immigrants.,"A poll suggests that 56% of people want major curbs on immigration,",0,Attack,C,0,1,0,0
256,"The UKIP party is a populist party at the right end of the spectrum, which exploits people's fears of the foreign and unknown.","But, even if they declined, he said he would take on the Lib Dem leader in a head-to-head duel, adding it's on.",2,No Relation,C,0,0,1,1
2554,i asked the questions to give mr behe a hint about how to formulate a proper argument,i was using your rhetorical question to attempt to get a discussion going,1,Support,C,1,0,0,0
121,"If UKIP do hold the balance of power and get into government, their only condition will be an in/out EU referendum.",But I am confident that at the general election we can win those people back by demonstrating that we are delivering for everyone who wants to work hard and wants to get on.,2,No Relation,C,1,0,0,0
3623,makes george carlins plan to use the state of kansas as a prison even more appealing i especially liked the board member dogma statement,yes kind of reminds me of abraham lincolns thought better to remain silent and be thought a fool than to speak out and remove all doubt,1,Support,C,0,0,1,0
2223,"UKIP will lead the UK to independence from the oppressive EU, which is the only chance Britain has at restoring its former glory.","In contrast, the Liberal Democrat's Bill Newton Dunn quit the Tories in protest at its increasing hostility to Europe.",0,Attack,C,1,0,0,1
3637,the greek islands have a few of the most beautiful beaches in the world i highly recommend visiting corfu and santorini,santorini is very beautiful but the waters there are very cold i recommend cyprus instead,0,Attack,C,0,1,0,0
197,UKIP are asking the questions that haven't been asked by the opposition or the media.,Former MP Louise Mensch has told BBC Newsnight the Conservative defeat in the Corby by-election was her fault.,2,No Relation,C,0,0,1,1
2260,If there are enough Ukip votes it should frighten all the parties sufficiently to make them realise they can't just ignore the electorate.,But even if it bought him a bit of peace and quiet within the party it seemingly failed to neutralise the threat from the UK Independence party (UKIP) as the Tories slumped to third place in the Eastleigh by-election.,2,No Relation,C,1,0,0,0
4042,i really liked this movie a lot loved the performances of all the actors and even the story but was not quite convinced with the ending,i agree as i wanted to see him get his also charlie should have killed stanley and not his brother they could have gone their separate ways but that would have been too predictable i suppose,1,Support,C,0,1,0,1
609,"If UKIP want to retain these voters and attract more in a general election then they need to come up with policies other than ""leave the EU"" and ""its all the immigrants fault"".","The party's candidate, Mike Thornton, won despite a fall in its share of the vote of more than 14 percentage points since the 2010 general election.",2,No Relation,C,1,0,0,0
3343, i believe its right, if we werent continually evolving most of us  wouldnt be offended by the way the rest are degenerating,1,Support,C,0,1,0,1
610,"The UKIP mainstay vote is in normal working people because they never voted for 4 million immigrants, they never voted for Multiculturalism.","His role at the Conservative Party was as a grassroots activist helping with canvassing and leafleting, not as an official spokesman.",2,No Relation,C,0,0,1,1
2170,A strong UKIP vote suggests there's a lot of the British public who aren't on board with the current set-up.,"Over three million jobs in this country, directly or indirectly, depend on us being in the EU, so that is a big choice.",0,Attack,C,1,0,0,1
994,"UKIP are just another bunch of freeloaders, using peoples fears and prejudice to gain votes so that they can get their snouts into the trough.","Thirdly the party wants to introduce binding local referendums on issues of particular local concern, such as controversial planning decisions.",2,No Relation,C,1,0,0,0
1958,UKIP is the only party that has understood the damage immigration does to the UK and its policies aim at repairing this.,The Bulgarian President Rosen Plevneliev has warned that Britain's immigration policy could harm its image as a great global power that pioneered integration.,0,Attack,C,1,0,0,1
3465,heller represents a triumph for conservati have lawyers but it also represents a failure the courts failure to adhere to a conservati have judicial methodology in reaching its decision,when we brought the heller case before the supreme court we wanted them to determine whether or not dcs handgun laws which were not voted on but rather just passed without debate were constitutional or not that is the job of the supreme court to determine if a law is unconstitutional or if it may be allowed to remain as law,0,Attack,C,0,1,0,0
329,"The People's Army is on the march and UKIP will get Britain back from the Liblabcon, Establishment and MSM political abusers of our country.",The Liberal Democrats enjoyed a surge in popularity following the first debate.,2,No Relation,C,0,0,1,1
3365, well to begin with there is a lot of strong evidence to support evolution the discovery of dna the discovery of fossils and primitive primates etc, i definitely think it has something to do with everything as there is quite a lot of evidence for it e,1,Support,C,0,1,0,1
1625,"In UKIP, we have a new political force which looks likely to poll very well in a national election on thursday.",But the prime minister said keeping the status quo was not an option.,2,No Relation,C,1,0,0,0
1392,A forensic examination of UKIP's policies would nail once and for all the Establishment lie that they're a bunch of swivel-eyed racists and sexists.,But UKIP MEP Godfrey Bloom told the same event he and party leader leader Nigel Farage wanted an invitation to a bunga bunga party hosted by former Italian prime minister Silvio Berlusconi.,0,Attack,C,1,0,0,1
3552,after all these years it still hurts,certainly it does,1,Support,C,0,1,0,1
3617,you are saying it is impossible to take marriage out of the government i have all people currently married a civil union and let people from now on get a civil union from the government and marriage from the church it really would not be that hard,i think we all could live with this,1,Support,C,0,1,0,1
716,If UKIP is really the best our country can do for an alternative then we are all doomed.,A UKIP candidate in Somerset was suspended from the party on Tuesday after a photo of him apparently making a Nazi-style salute appeared on his Facebook page.,1,Support,C,1,0,0,0
20,I think it's far too simplistic to argue all UKIP supporters are racist - there is a real groundswell against the political establishment which over the past 20 years or so has started to converge in terms of image and policies.,Mr Helmer had been due to quit on 31 December over disagreements with Conservative policies but later indicated he would not do so until the position over his successor had been clarified.,2,No Relation,C,0,0,1,1
520,"UKIP are an independent party and have shown that their appeal is broad, making big dents in staunchly Labour voting areas as well as the recent bi-election successes.",The MEP said the prime minster's speech on Britain's relationship with the EU last month had convinced her the Conservatives were the true referendum party.,2,No Relation,C,1,0,0,0
3176,she said shes never seen an ape evolve into a human,i find it immensely amusing when christians require proof before theyll believe in something,1,Support,C,0,1,0,1
2269,"The UKIP party is a populist party at the right end of the spectrum, which exploits people's fears of the foreign and unknown.",Mr Cameron has promised an in/out referendum after he has negotiated the return of some powers - so far unspecified - from Brussels.,2,No Relation,C,0,0,1,1
289,"The core of UKIP seem pretty much right wing, so you can expect those polices to be similar to the current conservative ones which will drive the left leaning voters away in droves. ","He later quit the party, of which he was once deputy leader, accusing Mr Farage of running a totalitarian regime.",2,No Relation,C,0,0,1,1
743,"I don't see UKIP as being far right, they're just further right than the rest who have congregated arund the middle ground.","In Middlesbrough, Labour's Andy McDonald, a solicitor for a trade union law firm and former Middlesbrough councillor, won with 10,201 votes to UKIP candidate Richard Elvin's 1,990.",2,No Relation,C,0,0,1,1
2217,The people and media that are criticising UKIP are highlighting the genuine concerns about UKIP and their policies towards immigrants.,The Bulgarian President Rosen Plevneliev has warned that Britain's immigration policy could harm its image as a great global power that pioneered integration.,1,Support,C,0,1,0,1
901,"UKIP are an independent party and have shown that their appeal is broad, making big dents in staunchly Labour voting areas as well as the recent bi-election successes.","I believe I can lead the party from the front as a campaigning organisation, he said.",2,No Relation,C,0,1,0,0
2437,i am an experimental scientist,i only need one sentence to reply to this can the   existence   of a designer be verified by the scientific method  oh it cant oh darn,0,Attack,C,0,0,1,0
2061,The success Ukip had in the european elections will be sufficient to galvanise one or preferably all the other parties to rid us of the EU's political influence.,"Conservative party vice chairman Michael Fabricant said the party had struggled to present a distinctive message during the Eastleigh election, saying UKIP had managed to connect with traditional blue-collar Tory voters on issues such as crime and immigration in a way the Conservatives had not.",2,No Relation,C,0,1,0,0
2414,with belief,my other comment focused more on my atheist background but i wanted to respond to your scientific misconceptions,0,Attack,C,0,0,1,0
1578,"UKIP's position is not reasonable, but racists and proto-fascist, considering they have nothing to say about the finance capital bombing of the economy, but to put all the blame for Europe's woes onto immigration.","Mr Cameron also said he did not think it would be right for Britain - or in the national interest - to leave the EU entirely, pointing out that some 50% of nation's trade was with the EU.",2,No Relation,C,1,0,0,0
153,"UKIP are a fairly right wing group as I'm sure will become clear when they actually produce some policies other than the ""its all the eu's"" fault.","But some pundits believe UKIP to be on course to win next year's European elections, beating the Conservatives into second place.",0,Attack,C,1,0,0,1
3584,legality does not matter religous implications do not matter other peoples moral considerations do not matter what matters is you and what you are going to think about yourself in  years,exact to the point and beautiful,1,Support,C,0,1,0,1
2443, features that appear vestigial and functionless actually serve a function eg,so what using   intelligent design    is the purpose of the appendixid simply predicted that the appendix would have a function,0,Attack,C,1,0,0,1
2759,judge jonesalthough we have found that defendants conduct conveys a strong message of endorsement of the board members par ticular religious view pursuant to the endorsement test the better practice in this circuit is for this court to also evaluate the challenged conduct separately under the lemon test,from the above linked paper by peter irons i quote the followingpeter ironsin an undoubtedly unintentional slip which they may well regret the di authors have effectively given away the store with their concession that under the lemon test all that was necessary for judge jones to determine that an establishment clause violation had occurred was to find that the dover school board members had predominantly religious motivations for enacting their id policy,1,Support,C,1,0,0,0
3480,i do not know why you are having such a hard time making sense of my quotes,what quotes that is what i was asking you to repost because i can not find anything intelligent you have either posted or quoted at all,0,Attack,C,1,0,0,1
2470,when i grew up science was a useful tool for discovering things about the world around us, and this site says it better than i could,1,Support,C,0,1,0,1
1582,UKIP are not a single issue party anymore; UK Sovereignty is the crux of their party political platform but they've certainly expanded from that singular issue in recent years.,Douglas Alexander accused the PM of a shambolic and ill-judged negotiation strategy.,2,No Relation,C,0,0,1,1
1311,"The sooner we are out of the EU, the sooner we can start making this country great again.","Some Tory strategists believe it was a mistake for Mr Cameron to agree to them, arguing that they allowed Lib Dem leader Nick Clegg to seize the initiative from the Tory leader.",2,No Relation,C,0,0,1,1
3444, i take issue only with the word no in this title though without it there wouldnt be much debate so fair play, devils advocate creationism is true because creation the world exists and the bible exists in it and the bible confirms creationism,1,Support,C,0,0,1,0
426,"On voting day, this week the vast majority of the British public will not vote for UKIP.","Historically people turned out in European elections to vote for UKIP and then in general elections went back to their normal parties but something has changed since then, he said.",0,Attack,C,1,0,0,1
2641,you are ignoring my main point that catastrophism was closer to the truth then darwin,how was catastrophism closer then the original darwinian theory  catastrophism offered no mechanism for the changes that we see was completely wrong as to what catastrophes occurred  how severe they were and when they took place,0,Attack,C,1,0,0,1
3545,what new class this is a silly statement too general,yes joe i agree,1,Support,C,0,1,0,1
1775,"UKIP is a not a real party, with a clear global ideology and vision addressing all aspects of society: it is focusing on a handful of issues (all centered around membership in the EU and migrants), mostly ignoring global financial issues, health, education, security etc.","In their leaflets, UKIP says that 29 million Bulgarian and Romanians will have the right to live, work and draw benefits in the UK and while many will be fine, hard-working people, suggests the country may struggle to cope with another influx of people needing jobs, housing schools, hospitals and benefits.",2,No Relation,C,0,1,0,0
1794,"I don't necessarily think Nigel Farage is worthy of PM, I think they need a new leader.","Oh and if the last few minutes of reading this article has felt like the Nigel Farage Show, he still dominates this political party.",0,Attack,C,1,0,0,1
2714,casey luskinfirst the ayn rand institutes arguments offend the first amendments protections on religious freedom scientists have freedom of religion and their scientific views should not be disqualified due to their alleged religious motives or beliefs,this objection highlights one of the problems with public education the government should not be in the position of deciding what people ought to believe about science anymore than they should decide what people ought to believe about religion,1,Support,C,0,1,0,1
1043,"There's an election next month, UKIP are campaigning on the streets right now, and candidate upon candidate keeps churning out ridiculous (often racist, sexist or homophobic) views.","And last autumn, MEP Godfrey Bloom embarrassed the party when he used the phrase bongo bongo land and joked that some female activists were sluts.",1,Support,C,0,1,0,1
2313,you are missing the point the ad hominem is not that i did not understand your argument i can see why given your limited exposure to id you may have come to that conclusion,i wrote a good philosophical question and i think you and i would agree that this adaptation could have been guided by some higher agency of course by using a fully natural mechanism such questions remain scientifically vacuous,1,Support,C,0,0,1,0
736,The people and media that are criticising UKIP are highlighting the genuine concerns about UKIP and their policies towards immigrants.,"Laura Pidcock, from campaign group Show Racism the Red Card, told Today that these crude stereotypes perpetuated by UKIP were incredibly damaging.",1,Support,C,0,1,0,1
1192,"If you want an insight into just how mad and bad UKIP are, go and read what their members, candidates and supporters write on the Telegraph.","Downing Street has said Conservative MPs will be under a three-line whip, the strongest order a party can give, to support it.",2,No Relation,C,0,0,1,1
2137,People are not voting for UKIP because of immigration propaganda but because of their direct experience of immigration.,"It is not just about UKIP it's that the British people are as interested and concerned about Europe, as they are about the economy, as they are about immigration.",1,Support,C,1,0,0,0
3579,to travel along the logic of the singularity expanding it is obvious that the singularity is what we have today,yes in a way we are in the same thing that existed way back then it has just expanded since then so its much bigger now,1,Support,C,0,1,0,1
2639,in the th century fundamentalist supported the idea that new species appear abruptly catastrophism,like all theories evolution has changed over the years because of new evidence was discovered,0,Attack,C,0,0,1,0
1210,UKIP are in with the City as much as the other three and I don't like the way they are whipping people up into a frenzy.,"And yes, it is true that she is the only party leader who knows how to shear a sheep.",2,No Relation,C,0,0,1,1
697,"As far as immigration is concerned all Ukip want is a level playing field for non EU migrants and to control the numbers so, if anything, Ukip are too soft on immigration.","There is also a democratic argument about who runs our country,  he added.",1,Support,C,0,0,1,0
1438,"Ukip is the only party advocating withdrawal from the failing EU, a sensible idea for a lot of people!","He stressed his view that human rights were about some of the appalling things happening around the world - people being brutalised for their political views, people being put in jail.",2,No Relation,C,1,0,0,0
2608,islandpvm sayslets see what we can track down via wikipedia which is always a good start for any researchnot where this subject is concerned,whats there left to do,1,Support,C,0,0,1,0
1998,Whether UKIP can deliver on their promises if they were to win power at the next general election is a moot point because they will not win power.,"UKIP does not have any MPs, he said, because the first-past-the-post system is brutal to a party like us.",1,Support,C,0,1,0,1
1640,"The problem with popularism but no substance, like UKIP represent, is that it just results in things getting worse and worse.",UKIP say their message is cutting through regularly.,0,Attack,C,1,0,0,1
860,"In UKIP, we have a new political force which looks likely to poll very well in a national election.","UKIP has gradually seen its poll ratings rise, overtaking the Lib Dems on a number of occasions, and putting in strong showings in recent by-elections.",1,Support,C,0,1,0,1
2012,"I don't necessarily think Nigel Farage is worthy of PM, I think they need a new leader.",They seemed very thankful to have the colourful Nigel Farage back as party leader.,0,Attack,C,1,0,0,1
1527,It is because of UKIP that we are finally discussing the European question and about immigration and thank goodness for that.,"Mr Cameron also said he did not think it would be right for Britain - or in the national interest - to leave the EU entirely, pointing out that some 50% of nation's trade was with the EU.",0,Attack,C,1,0,0,1
93,Many racists and especially xenophobes find the UKIP message appealing.,"Illsley - who quit as an MP in January - held Barnsley Central with a majority of just over 11,000 in last year's general election and 47% of the vote, with the Liberal Democrats in second place.",2,No Relation,C,0,0,1,1
1556,"I think Farage makes a much better leader than any of the other parties, he's full of enthusiasm and is not a PR man like the current leaders of the 3 main parties.",And they also seemed very thankful to have the colourful Nigel Farage back as party leader.,1,Support,C,0,1,0,1
3263,the flu virus doesnt evolve it mutates,mutation and natural selection are the two driving forces behind evolution,0,Attack,C,1,0,0,1
3521,yes she walked down the wrong alley alone would she have done so if she were not packing,so it was wrong for her to walk down a public alley you are blaming the victim you are either a complete dick or you are being facetious,0,Attack,C,1,0,0,1
2599,science of course has tested the principle even though for a long time it stood as an assumption,this rather poorly phrased term suggests that there may be an enigma but lets look at the apparent correlation between habitability and our existence as observers,1,Support,C,0,0,1,0
3120,by supporting the idea that the bible stands or falls on a  day creation you have proven dr,dr,1,Support,C,0,0,1,0
3814,We should grant politicians immunity from prosecution,Immunity for politicians is an unjust double standard,0,Attack,C,1,0,0,1
258,A vote for UKIP is a vote to leave the EU and recover power over our national life.,"The pledge is for the end of the Parliament - we are only part way through, he said.",2,No Relation,C,1,0,0,0
3568,on the other hand i am not suprised that marc lives such a short distance away from where it is being built,my thoughts exactly know your audience as they say,1,Support,C,0,1,0,1
3366, i definitely think it has something to do with everything as there is quite a lot of evidence for it e, no scientist can give strong evidence to support evolution      your dishonesty and ignorance of science proves you are not fit to even ask the question,1,Support,C,1,0,0,0
687,"I don't believe Farage is a racist and I don't believe the UKIP policies are racist, but I do think they will be the party that attracts most support from racists.","In a letter to the Daily Telegraph, which first highlighted his blog posts, he gives a further defence of his views.",2,No Relation,C,0,0,1,1
265,"I don't necessarily think Nigel Farage is worthy of PM, I think they need a new leader.","The party's leader, Nigel Farage, has hailed early gains in council elections across England as remarkable for the party; UKIP has won 42 seats so far and is averaging 26% of the vote in the wards where it is standing.",0,Attack,C,0,1,0,0
935,"If UKIP do hold the balance of power and get into government, their only condition will be an in/out EU referendum.",In terms of the number of victories it's a very difficult call.,2,No Relation,C,0,0,1,1
1091,The success Ukip had in the european elections will be sufficient to galvanise one or preferably all the other parties to rid us of the EU's political influence.,"UKIP is still a party driven by a fundamental desire to get Britain out of the EU, and it's Conservatives, or at least Conservative leaners, who are the bulk of its supporters.",1,Support,C,0,1,0,1
1717,"UKIP is a not a real party, with a clear global ideology and vision addressing all aspects of society: it is focusing on a handful of issues (all centered around membership in the EU and migrants), mostly ignoring global financial issues, health, education, security etc.","UKIP are certainly trying to professionalise, to move away from its more amateurish origins, but they seem to fail to do so.",1,Support,C,0,1,0,1
3711,barcelona fc is usually the favourite for winning although this year they had their ups and downs,barcelona knows its game they are definitely gonna raise it again this year the team is just invincible i would bet my money on them,1,Support,C,1,0,0,0
530,"If UKIP don't like being smeared, then they need to stop smearing, stigmatising, and fear mongering about others.",Mr Nattrass said this was untrue and accused theUKIP leadership of stupid and childish behaviour.,1,Support,C,1,0,0,0
3896,The International Criminal Court should be recognised,The deterrent effect of the Court ensures widespread and equal adherence to international law,1,Support,C,0,1,0,1
3610,i thought the idea of starting threads on a topic was to start a discussion on that matter,yes that is logical,1,Support,C,0,1,0,1
625,People are not voting for UKIP because of immigration propaganda but because of their direct experience of immigration.,"Isolating Britain and damaging Britain's reputation is not the right history to write, he said.",0,Attack,C,0,0,1,0
3701,of course not are you crazy a drug is always a drug other than for medicinal purposes keep it away from my country,antibiotics are drugs drugs that save lives,0,Attack,C,1,0,0,1
3505,i have not studied evolution according to your way of thinking,really what a surprise so tell me if you do not know what it is or how it works how do you know that you are opposed to it,0,Attack,C,1,0,0,1
2331,your cites are worthless as defenses of your claims behe  dembski define id as an absence of science  what pages  what wordsdo you really think thats a clever proof of anything  you are not being very honest here pvm,i am not sure why highlander accuses me of not being honest when i provide the information and my explanation,0,Attack,C,1,0,0,1
2063,It is more likely that Tory voters would vote tactically for UKIP to keep Labour out and that means Labour are at a real disadvantage. ,I think it shows that people are coming back to Labour but we have a long hard road ahead to win back people's trust.,2,No Relation,C,1,0,0,0
1213,Labour won't have anything to do with UKIP as they are more right-wing than the Tories. ,Some Conservative MPs raised questions about the leadership.,2,No Relation,C,0,0,1,1
3625,i do not know if it will be found unconstitutional but there is an effort to simply get it repealed same effect in the end,well it is being challenged in the courts so the only way to overturn it would be to deem it no longer constitutional,1,Support,C,1,0,0,0
605,"I don't think most people realise the benefits of free trade at all, and UKIP capitalise on peoples ignorance of the benefits of free trade as much as they can.","Lord Heseltine, appearing on Daily Politics on Wednesday, compared UKIP's appeal with that of one-time Conservative minister Enoch Powell and his 1968 anti-immigration rivers of blood speech and with the former French National Front leader Jean-Marie le Pen.",1,Support,C,0,1,0,1
1068,If the other parties do tackle the issues of EU and immigration I'll be more than happy to see UKIP disappear.,"But last time here they finished fifth, behind the British National Party.",2,No Relation,C,1,0,0,0
1541,"If UKIP don't like being smeared, then they need to stop smearing, stigmatising, and fear mongering about others.",It comes two weeks after she accused the UKIP leader of bullying and being anti-women and a Stalinist and threatened to leave the party.,1,Support,C,0,1,0,1
1816,"Arguably, UKIP & co. aspire to destroy the culture created in Europe after WWII, which has been based on openness, free travel, migration and cross-geographic access to goods and labour markets.","I was delighted to cast my vote for [UKIP leader] Nigel Farage's team in Sussex, where I live, said Lynam.",0,Attack,C,1,0,0,1
1756,"I suspect the main reason a new Left party hasn't emerged with similar prominence to UKIP is because UK politics has, like that in the USA, become the plaything of the wealthy.",It comes two weeks after she accused the UKIP leader of bullying and being anti-women and a Stalinist and threatened to leave the party.,2,No Relation,C,0,0,1,1
1652,"Ukip has British values, wants to get British industry kick started back to the fore front again, become more self-sufficient.",The Lib Dem leader also argued that being in the EU meant that we keep ourselves safer because we can go after cross-border crime and terrorism and that we can look after the environment in a way which we can't on our own.,0,Attack,C,1,0,0,1
593,If there are enough Ukip votes it should frighten all the parties sufficiently to make them realise they can't just ignore the electorate.,UK Independence Party leader Nigel Farage has urged MPs to vote in favour of further debate on Europe.,1,Support,C,0,1,0,1
3749,i think it depends on the individual,yes i guess it really depends on the preferences if you want smaller but more holidaylike then nice is very nice if you want old i would suggest krakow,1,Support,C,0,1,0,1
3587,faced with an increasingly vocal populace that is questioning evolution museums across the united states have begun training their staff and volunteers to become better proponents of evolution while tripping up irrational supporters of the bibles history of earth,damn straight it is irrational,1,Support,C,0,1,0,1
1119,"The momentum is with UKIP; Labour, Conservative and Liberal areas are all now vulnerable to them. ","The campaign was dominated by a war of words between the Conservatives and the UK Independence Party, which senior Tories fear will take a significant chunk of their votes.",1,Support,C,0,1,0,1
3319, no we were put here by aliens as an alternative food source, i do not believe that we evolved from monkeys or any other animal i believe that god created us in his own image,1,Support,C,1,0,0,0
2766,the u,here is irons response to the so called rebuttalreply to rebuttalby peter ironsthe pages of a respected law review are rarely filled with such pejorative terms as smear and innuendo poisoning the well and personal attacks,1,Support,C,0,0,1,0
3308, first this topic has been on the site at least  times even as recently as a week or so ago and you should run a search before relaunching the same tired junk, look there is no proof that god or any thing in the bible existed where as there is proof to suggest that we are related to monkeys as we have the same arm structure and the same bioorganisms,1,Support,C,0,0,1,0
3498,i enjoy written debates very much and i am trying to show how evolution can establish atheism in the us government,and you have been failing miserably partly because your definition of atheism is asinine,0,Attack,C,1,0,0,1
3406, i dont attempt to defend either intelligent design or creationism, b tr  tr valigntop ,1,Support,C,0,0,1,0
553,"I would say it's the anti-ukip brigade who have no substance to their argument (or facts), they simply shout ""racist"" with nothing to substantiate this slur, or become crude and insulting.","The 2009 poll saw UKIP's total grow to 13 seats, pushing Labour into third place with 16% of the vote.",1,Support,C,0,0,1,0
3434, wrong  evolution is probably the most supported theory in biology  its withstood considerable scrutiny for the past  years and is as strong as ever, if your trying to find evidence in the bible your right,1,Support,C,0,0,1,0
3872,We should create a United Nations standing army,A United Nations standing army is unnecessary,0,Attack,C,1,0,0,1
3496,can you please respond to fdr and his new deal that saved the country,fdr saved this country if i recall it was in  that because of a combination of weakened capital situations from reconstruction finance corporation loans which published lists of the loan takers and a nationwide banking holiday banks around the country went through a new wave of demise dropping the dc and dr ratios so sharply that in one month alone the money stock m fell a whopping four percent,0,Attack,C,0,1,0,0
2006,"UKIP is certainly NOT racist or xenophobic - if you, as I'm you have done, read our policies on the website there is no suggestion of this at all, it is more a rumour and conspiracy of the lefties. ",Farage admitted the party had not had time to properly vet all of its new recruits and he was forced to suspend a handful of them following newspaper reports of alleged racist comments.,0,Attack,C,1,0,0,1
2127,"I don't necessarily think Nigel Farage is worthy of PM, I think they need a new leader.",Nigel Farage is on remarkably good form.,0,Attack,C,1,0,0,1
1480,"The European Commission has rightly attacked as ""beneath contempt"" a campaign in Britain against the euro currency featuring Nazi dictator Adolf Hitler, as reported by CNN, but the question remains why what UKIP calls ""spicing up"" politics actually is acceptable to even a non-trivial part of the electorate.","UKIP candidate Diane James came second with 11,571 votes, her 28% the party's best-ever showing in a Westminster election.",2,No Relation,C,1,0,0,0
2148,"If we leave the EU we will save billions of pounds which can then be invested in our ailing national infrastructure, notably the NHS.","He also warned that if a proposed referendum led to the UK leaving the EU, there would be dire consequences for the country's global influence.",0,Attack,C,1,0,0,1
3244,hey i feel the same way almost took the brain cells out of my head,intelligent design doesnt refute evolution,1,Support,C,0,0,1,0
2885,why should god be directly implicated when it looks like a duck smells like a duck walks like a duck,fxl insists that just because god is absent from the book that it therefor could not have been based on creationism even though it defined creationism to be in line with its predecessors and later renamed the term to read design,0,Attack,C,0,0,1,0
1401,"As far as immigration is concerned all Ukip want is a level playing field for non EU migrants and to control the numbers so, if anything, Ukip are too soft on immigration.","Mr Farage will tell members at the conference in London that, by the 2015 general election, UKIP will overtake the Lib Dems in terms of its support base.",1,Support,C,0,0,1,0
2023,"UKIP do not bear scrutiny either as a coherent policy offer or a group of potential ministers , they are an insurgent party of protest with one message.","And he accused the government of burying their head in the sand over the size of the Roma community living in the UK, which he said was revealed in a recent study by Salford University.",2,No Relation,C,0,1,0,0
1240,UKIP are not a single issue party anymore; UK Sovereignty is the crux of their party political platform but they've certainly expanded from that singular issue in recent years.,And on a broader platform UKIP claims to be winning support among younger voters and students.,1,Support,C,0,1,0,1
2186,"UKIP advocates for the UK leaving the European Union which would be a bad idea ‚Äì but they are trying to leverage on the british people‚Äôs need to belong and pride to be british, which further sparks their anti-foreigner standpoint.",The group suggest that within five years UKIP will have more members than the Tories at the current rate of attrition.,2,No Relation,C,0,0,1,1
3863,We should promote democratisation,Promoting democracy too often verges towards imperialism,0,Attack,C,1,0,0,1
1189,"I don't believe Farage is a racist and I don't believe the UKIP policies are racist, but I do think they will be the party that attracts most support from racists.",His comments came after Mr Callanan used a parliamentary debate to accuse the commission of representing the vested interests of the European District in Brussels not the people of Europe.,2,No Relation,C,0,0,1,1
3352, did you really just say that no scientist can support evolution  the theory of evolution came about from scientific discovery so your statement makes hardly any sense, evolution is the real deal,1,Support,C,0,1,0,1
892,"I voted Tory for 30 years and started supporting UKIP because I want a sovereign, democratic , well governed Britain with Britain put first and its getting clearer by the day that the old Liblabcon parties will not do that.","Mr Cameron had given away too many powers and too much money to Europe, Farage said.",1,Support,C,0,1,0,1
310,The more the 'mainstream' parties smear and lie about UKIP the more their support rises.,"Party membership has historically been regarded as an important barometer of the health of democracy, while a strong activist base is important to help candidates campaign in elections.",2,No Relation,C,0,0,1,1
1377,"UKIP advocates for the UK leaving the European Union which would be a bad idea – but they are trying to leverage on the british people’s need to belong and pride to be british, which further sparks their anti-foreigner standpoint.","UKIP, which is fielding a record number of candidates in next month's elections on the back of strong performances in recent Westminster by-elections, said the issue was definitely coming up on doorsteps.",0,Attack,C,0,0,1,0
22,"UKIP are a fairly right wing group as I'm sure will become clear when they actually produce some policies other than the ""its all the eu's"" fault.","The party's conference, which lasts until Saturday, will also feature former Conservative MP Neil Hamilton among its scheduled speakers.",2,No Relation,C,0,0,1,1
2065,"UKIP do not bear scrutiny either as a coherent policy offer or a group of potential ministers , they are an insurgent party of protest with one message.",He argued that his party was on a journey from a party of protest to a party of government.,0,Attack,C,1,0,0,1
3472,i have cited several pieces of evidence that prove you wrong you just wish to ignore them as you do everything that contridicts your belief,you have not proven anything all you have done is spew your same old which ignores what i actually say and reinterprets it to mean what you want it to say,0,Attack,C,1,0,0,1
4023,as far as acting and cinematography go this film was great but the content and plot were horrible,the acting was great cinematography was great the villain was one of the all time most relentlessly evil antagonists the plot was gripping enough that you intensely worried for the characters,0,Attack,C,1,0,0,1
57,"I don't believe Farage is a racist and I don't believe the UKIP policies are racist, but I do think they will be the party that attracts most support from racists.",He said that negotiations behind the scenes go on all the time but he had not personally spoken to her.,2,No Relation,C,0,0,1,1
3510,then a man who needs an artifical heart to survive is a new species of man that is the analogy i gave and you ignored,and well he should have ignored it your analogy is nonsense,0,Attack,C,1,0,0,1
3574,it really does not matter a private screening of a film is a private screening they can boot anyone out that they want,of course the makers of expelled were within their right to expel the very same people that they were attempting to demean in the film,1,Support,C,0,1,0,1
1353,"I would say it's the anti-ukip brigade who have no substance to their argument (or facts), they simply shout ""racist"" with nothing to substantiate this slur, or become crude and insulting.","But he said any future deal with the Conservatives would be difficult, as he claims David Cameron opposes a full, free and fair vote.",2,No Relation,C,0,0,1,1
394,UKIP are asking the questions that haven't been asked by the opposition or the media.,But the PM has previously described the eurosceptic UKIP as containing loonies and closet racists.,0,Attack,C,1,0,0,1
1293,A vote for UKIP would be a vote for a Tory-UKIP alliance that would be more right-wing than a Tory government.,Going goat is still a phrase used in Whitehall to describe the moment when the Queen's Speech has to be finalised and sent to the Palace for Her Majesty's approval.,2,No Relation,C,0,0,1,1
2961,i agree he didnt want to confuse us,you are exactly right  evidence is all around you mountains of it in fact,0,Attack,C,0,1,0,0
1954,It is because of UKIP that we are finally discussing the European question and about immigration and thank goodness for that.,Opponents say the new system risks politicising the police.,2,No Relation,C,0,0,1,1
2198,A strong UKIP vote suggests there's a lot of the British public who aren't on board with the current set-up.,Man's best friend doesn't look like our best friend from where I'm looking and is leaving us both with the impression that he'll not only demolish the leaflet being offered to his owner but the arm of whoever hands it to him.,2,No Relation,C,0,0,1,1
3893,I support the truth and reconciliation commission,The South African reconciliation commission has proven itself to be ineffective,0,Attack,C,1,0,0,1
742,If there are enough Ukip votes it should frighten all the parties sufficiently to make them realise they can't just ignore the electorate.,"Well, they are only going to get that if David Cameron is prime minister after the next election, he told BBC Radio 5 Live's Pienaar's Politics.",2,No Relation,C,1,0,0,0
18,Hopefully we will see our first UKIP MP before the general elections next year.,I frankly thought it was so funny that when a journalist friend rang me and I told them about it they said they would write the story.,2,No Relation,C,0,0,1,1
1988,"Even a UKIP European candidate, Janice Atkinson, another ex-Tory, admits leaving the EU would be problematic.",Contrary to massive public rumour I never wanted to be a minister.,2,No Relation,C,0,0,1,1
1074,A forensic examination of UKIP's policies would nail once and for all the Establishment lie that they're a bunch of swivel-eyed racists.,"Nikki Sinclaire was expelled by UKIP leader Nigel Farage for refusing to sit with the party's allies Liga Nord, a very right wing, borderline racist, party, in the European Parliament.",0,Attack,C,1,0,0,1
2753,pvmfirst of all the judge observed that the school board was strongly motivated by religious beliefs and the fact that they believed that id presented a scientific hypothesis and thus a valid secular purpose was their downfall ,bowmanmore on the aclus rubber stamped ruling by a practicing attorneynothing wrong with quoting from a well argued submission by the aclubowmanthat said none of this relates to the id ruling since the board members were not id advocates except perhaps superficially,0,Attack,C,1,0,0,1
104,UKIP and the Greens are the only parties to date that haven't screwed us all over.,You never say never in politics when Andrew Neil asked if the two parties could work together.,2,No Relation,C,0,0,1,1
2354,good point but as an evolutionary biologist i find that not entirely true,and could predict the next one there would still be the question of why it was set up that way,1,Support,C,0,0,1,0
2976,is often confused for rhetoric,the point of the debate is to set up a straw man that the world was created in six days that antichristians can knock down,1,Support,C,0,1,0,1
462,"On voting day, this week the vast majority of the British public will not vote for UKIP.",It's sad how anybody can be offended by a reference to a country that doesn't exist.,2,No Relation,C,0,0,1,1
1298,"On voting day, this week the vast majority of the British public will not vote for UKIP.","In 2000 he briefly returned to the Tory fold under William Hague, only to be expelled the following year over his hardline views on Europe.",2,No Relation,C,0,0,1,1
1271,"I and many others will be voting UKIP not because of a handful of people that have said stupid things, it will be because I identify and agree with their overarching principles.",Mr Farage said his party was making huge progress towards achieving that goal going in one year from 4.5% in the polls to a high of 16%.,1,Support,C,0,1,0,1
3128,if scientific inquiry has shown conclusively that genesis is at best allegorical then christians should reconsider beliefs that presume a historical interpretation of eden,doctrines such as original sin substitutionary atonement and the trinity are very well described in the bible,0,Attack,C,0,0,1,0
173,"There's an election next month, UKIP are campaigning on the streets right now, and candidate upon candidate keeps churning out ridiculous (often racist, sexist or homophobic) views.","On the current trajectory, I do believe MPs will cross the floor, he said.",2,No Relation,C,0,0,1,1
3162,genesis  and  say and there was evening and there was morning a sixth day,i can see how it would be interpreted as a contradiction,0,Attack,C,0,1,0,0
3476,however the bible does say i create you before i placed you in the womb this would imply that god created you before you are even conceived,so god also says he made you out of dirt and then supernaturally lifting the dirt from the ground into the womans uterus oh well i suppose it is all beliefs no matter how silly it sounds,0,Attack,C,1,0,0,1
1598,"I suspect the main reason a new Left party hasn't emerged with similar prominence to UKIP is because UK politics has, like that in the USA, become the plaything of the wealthy.","UKIP appears to have struck a chord with many voters on the issue of immigration, campaigning against the relaxation of working restrictions on Bulgarians and Romanians due to come into force in January.",0,Attack,C,0,0,1,0
3491,you consider this refuting my evidence what amazes me is that you all scoff at creationism yet this is the best most of you can offer to refute scientific evidence which supports the flood,you ask someone to explain polystrate fossils three people do you plug your ears and go i can not hear you then demand that someone explain polystrate fossils,0,Attack,C,0,1,0,0
3302, creationism is not out of the picture, i do believe in creationism,1,Support,C,0,1,0,1
2077,"Despite you best efforts at pretending otherwise, UKIP are still widely disliked and untrusted by the majority of the population.","Mr Silvester recently wrote another letter, this time to the Henley Standard newspaper, saying the UK had been beset by storms since the passage of the law on gay marriage because Mr Cameron had acted arrogantly against the Gospel.",2,No Relation,C,0,0,1,1
183,It is because of UKIP that we are finally discussing the European question and about immigration and thank goodness for that.,Most people in the country agree we are being mucked around by our friends in Brussels most people think that immigration is too high most think that welfare has got out of kilter.,1,Support,C,0,1,0,1
2258,The Tories are going to move closer to UKIP to win back the support it needs and I can't see how Labour can respond.,Co-author Peter Bone said such measures would win back voters from UKIP.,2,No Relation,C,0,1,0,0
3524,the no brainers gun nuts have a modicum of brain though enough to show them that without guns there can be no shootings,and without a limited lifespan there would be no death but we do not live in such a world so shut up and get onto a more relevant topic,0,Attack,C,1,0,0,1
3506,so in other words what you are saying is that the pope who just declared that all christian churches apart from the rcc to be false churches,is he anti gay yes so they are all in the same boat and cut from the same hate filled homophobic bigoted christian cloth,0,Attack,C,1,0,0,1
3177,i find it immensely amusing when christians require proof before theyll believe in something,i agree totally with what you said cerin,0,Attack,C,0,1,0,0
614,"I don't necessarily think Nigel Farage is worthy of PM, I think they need a new leader.","Over three million jobs in this country, directly or indirectly, depend on us being in the EU, so that is a big choice.",2,No Relation,C,0,1,0,0
3822,European Parliament elections should involve only one voting district all of Europe and not separate country seats,Big countries will dominate,0,Attack,C,1,0,0,1
2024,UKIP's sole aim at the general election is to get a smallish number of MPs elected but enough to hold the balance of power and do a deal with the Tories.,"Earlier this year, UKIP leader Nigel Farage said he was open to the idea of a pact but demanded a referendum pledge written in blood.",1,Support,C,0,1,0,1
2838, we can observe it occuring  the fossil record shows changes in lifeforms separated by time  genetic analysis shows similarities at the dna level between similar lifeforms,how do we observe   evolution   occurring i do not see one creature evolving into another one,0,Attack,C,1,0,0,1
1827,"UKIP is not an isolated phenomenon: France has Le Pen, Germany has AfD, and all of these have in common that they are nationalist, anti-European, and more right than mainstream conservative parties.","Of course it is racist, the language, the rhetoric, the membership, who doubts it?",1,Support,C,0,1,0,1
1985,"If UKIP want to retain these voters and attract more in a general election then they need to come up with policies other than ""leave the EU"" and ""its all the immigrants fault"".","The Conservatives, the Lib Dems and Labour have all been reconsidering their policies in light of this change and widespread criticism of the last government's failure to anticipate the large number of migrants from eastern Europe who came to the UK after EU enlargement in 2004.",2,No Relation,C,0,1,0,0
2987,i had always been taught it was the plants,  httpeesc,1,Support,C,0,0,1,0
1854,UKIP isn't committed exclusively to either right-wing or left-wing ideology and that’s a very good place to be.,Grant Shapps said the revised seats would be right and fair but denied he was in secret talks with the Liberal Democrats to get them through Parliament.,2,No Relation,C,0,0,1,1
3847,The voting age should be lowered to sixteen years,There needs to be a cut off,0,Attack,C,1,0,0,1
1415,"If UKIP don't like being smeared, then they need to stop smearing, stigmatising, and fear mongering about others.","He called for clarity, and for his coalition colleagues to live up to their manifesto pledge on a vote, calling on them to support the Conservative Party position.",2,No Relation,C,0,1,0,0
3184,i could argue the many reasons i dont believe in creationism but i would never be able to end my list,science involves observations theory design testing and predictable outcomes,0,Attack,C,0,1,0,0
1139,"If UKIP don't like being smeared, then they need to stop smearing, stigmatising, and fear mongering about others.","They spoke about pay levels, maternity leave and gardening leave in the financial world in a Daily Politics debate with Andrew Neil and Jo Coburn.",2,No Relation,C,0,0,1,1
3621,this one line stuck out because it mentioned evolution in a future context something i have not heard before,i have not heard of it before either any information that you or other members can gather on this subject would be of great interest i will also keep my eyes open,1,Support,C,0,1,0,1
3595,they say that members within the same species are in competition with each other,they are those that survive better reproduce more members of a species can die if other members have better,1,Support,C,0,1,0,1
2049,A strong UKIP vote suggests there's a lot of the British public who aren't on board with the current set-up.,"While the number of immigrants arriving in the country remained virtually unaltered over the period, the increase was driven by a change in the number of people leaving Britain.",2,No Relation,C,0,0,1,1
2139,"In fact, all UKIP seems to talk about now is withdrawl from the EU without any genuine policy around UK's domestic economy.","Mr Farage will tell members at the conference in London that, by the 2015 general election, UKIP will overtake the Lib Dems in terms of its support base.",2,No Relation,C,0,0,1,1
3198,it doesnt need to be proven as there is no underlying math in physics there is,ive studied a lot of biology and to me evolution has indeed been proved,1,Support,C,1,0,0,0
1143,Plenty of survey's have shown UKIP to be the most hated of the main parties.,"It's disappointing for the Conservative Party but we must remain true to our principles, true to our course, and that way we can win people back.",2,No Relation,C,0,0,1,1
756,People are not voting for UKIP because of immigration propaganda but because of their direct experience of immigration.,Mr Farage said the Commission was completely out of touch with the public after it called for a 4.9% increase in its spending next year.,2,No Relation,C,0,0,1,1
2814,the origins of life are the focus of a great deal of study but it focuses more on biochemistry then   evolutionary biology   as there was nothing to evolve before the first cells existed,how are they standing in the way is research into id bannedpretty much especially if anyone who has publically known proid views prior to getting tenure is bound to not get it,1,Support,C,0,0,1,0
1375,UKIP are in no way a single issue party and if Labour or the Conservatives were to give us a referendum UKIP would still have a full manifesto that would attract many voters.,Restrictions on movement of Bulgarians and Romanians within the EU are due to end on 1 January and there have been warnings that the UK could see an influx of migrants.,2,No Relation,C,0,0,1,1
1131,"I sense that Farage is a total megalomaniac, a charlatan, someone who is in it for the attention and the glory and that in a strange way, that many UKIP voters know this but don't seem to mind.","Speaking on Thursday, Mr Clegg said he wanted to make the case for EU membership being vital to the UK's economic prosperity and its security.",2,No Relation,C,0,0,1,1
2167,UKIP are blatantly disregarding the possibility of man made climate change.,"I fear that on climate change and energy policy, political consensus is in danger of breaking down.",1,Support,C,0,1,0,1
676,If anyone seriously thinks that UKIP will offer some kind of answer to our current problems then I think that they are going to be sadly disappointed.,They might be voting for UKIP because they want to have a referendum on Europe.,0,Attack,C,1,0,0,1
3147,i believe that the first chapters of genesis including the ancient history of the hebrew people should be understood within the context of covenant,you skewed whatever argument you were wishing to present by quoting from the cathoic catechism,0,Attack,C,1,0,0,1
411,It's a protest vote because (most) people know that UKIP will never net in power.,What they are interested in is the effect of those treaties on their lives.,2,No Relation,C,1,0,0,0
3663,community is my favourite,not one of my favourites,0,Attack,C,1,0,0,1
374,"The greens and ukip provide encouragement for labour and conservatives alike to address some issues people care about, albeit only lip service to retain votes mainly.",Emma Lewell-Buck made history becoming the constituency's first female MP.,2,No Relation,C,0,0,1,1
1235,Big business will not support UKIP given the devastation that withdrawal from the EU would cause.,The Lib Dems also plan to stand in Humberside but have yet to select a candidate.,2,No Relation,C,0,0,1,1
2555,i was using your rhetorical question to attempt to get a discussion going,it always devolves to this when talking to id proponents,1,Support,C,1,0,0,0
1451,If the other parties do tackle the issues of EU and immigration I'll be more than happy to see UKIP disappear.,"And no nod to those Tory Eurosceptics who wanted more than a prime ministerial promise on an EU referendum by 2017, with no new law to enable a national vote.",2,No Relation,C,1,0,0,0
4035,this film is easily one of the best movies ive ever seen yes it is pretty easy to guess the ending but it still wasnt ruined by that fact it is a work of art it is rewatchable,i completely agree with the op i have just seen this movie and was really blown away by the beauty of it i think ill be rewatching it again real soon,1,Support,C,0,1,0,1
2737,tji dont believe the  similarity in the aclus submission and the judges analysis was a lucky or freak coincidence im illinformed because i think he copied it rightyou seem to be ill informed about both the extent as well as the relevance of this so called copying,this is one of the things wesley cites to bolster his case  httpvangogh,0,Attack,C,0,0,1,0
3554,yet there is arguably a morality component to every law ever to be put on the books,yes and depending on how you define morality,1,Support,C,0,1,0,1
1566,"Everybody's got their own take on Ukip but I still say that what's fuelled their rise is disgruntlement about wages and working conditions, which ultimately have little to do with immigration - it's much more a case of good old exploitation by the capitalist classes.","The by-election is the first to be held since the last election, making it the first significant test of the coalition government's popularity.",2,No Relation,C,0,0,1,1
564,"If you think that the Tories are nasty, heaven help us if UKIP get in because they would be nastier, more cruel, and more bigoted.","And there's quite a lot of them, he added.",2,No Relation,C,0,1,0,0
1047,"If UKIP want to retain these voters and attract more in a general election then they need to come up with policies other than ""leave the EU"" and ""its all the immigrants fault"".",There's more to UKIP than our policy of wanting to withdraw from the European Union and we will show that.,0,Attack,C,1,0,0,1
3023,now the trick is to prove that all of the authors were free of stray thoughts and theological spin,my answers to your questions are ,1,Support,C,0,0,1,0
164,A vote for UKIP is a vote to leave the EU and recover power over our national life.,The BBC has also seen a series of emails to Bhutto which appear to suggest his attempt to rejoin the party was approved.,2,No Relation,C,0,0,1,1
3604,aikido judo and karate wado ryu would constitute a good combination,some of these martial arts videos are remarkable,1,Support,C,0,0,1,0
3270,evolution has not been proven,there is no actual absolute proof of evolution as some of the people here have stated,1,Support,C,0,1,0,1
2951,look at it like this,from here we can see that the bible already is going to not have any sort of  exact meaning,0,Attack,C,0,0,1,0
1110,"I think Farage makes a much better leader than any of the other parties, he's full of enthusiasm and is not a PR man like the current leaders of the 3 main parties.","He has been selected to stand for the Conservatives in May's European elections for the South West England seat, that also includes Gibraltar.",2,No Relation,C,0,1,0,0
1780,"The only people who should be voting for UKIP are Conservatives who believe that the Conservative Party isn't defending the rich enough, or that the Conservative Party isn't denying global warming enough.","UKIP's local election manifesto, concentrates on its flagship policy of ending open door immigration and putting pressure on the government not to lift restrictions on workers from Bulgaria and Romania on 1 January, which proved a successful formula in Eastleigh.",2,No Relation,C,0,1,0,0
3066,is it me or is it you only time will tell,if the existence of a fossil record contradicting parts of the bible then that does not disprove in and of itself the fossil record,0,Attack,C,0,0,1,0
1276,It is because of UKIP that we are finally discussing the European question and about immigration and thank goodness for that.,"It is doing the country serious damage because there are large numbers of potential investors in the UK who would bring employment here, who are being warned off because of the uncertainty all of this is creating.",0,Attack,C,1,0,0,1
280,"Much of UKIP's meteoric rise has to do with political correctness, and the fact that ordinary people are sick of it.","At the time, he was criticised by the Conservatives and others for cheap populism and pledging something that was undeliverable, because of free movement of labour within the European Union.",2,No Relation,C,1,0,0,0
2052,"On voting day, this week the vast majority of the British public will not vote for UKIP.","UKIP appears to have struck a chord with many voters on the issue of immigration, campaigning against the relaxation of working restrictions on Bulgarians and Romanians due to come into force in January.",0,Attack,C,1,0,0,1
102,It is because of UKIP that we are finally discussing the European question and about immigration and thank goodness for that.,"UKIP gained 136 county councillors in England's local elections, with the Lib Dems losing 106.",1,Support,C,0,1,0,1
1783,The Ukip is only an effect of years and years of fake politics and a lot of radical chic talking nonsense through editorials.,He held positions in the governments of Margaret Thatcher and John Major before becoming treasurer in 2003.,2,No Relation,C,0,0,1,1
2387,how did life begin ,saying there are experts on intelligent design is like saying there are experts on astrology,0,Attack,C,1,0,0,1
167,"Marketing UKIP as ""the people's army"" is a bitter irony.","David has expressed his admiration for David Cameron, who has announced that he will not give the people of this country a referendum on Europe because he believes we should stay in.",2,No Relation,C,0,0,1,1
1004,If anyone seriously thinks that UKIP will offer some kind of answer to our current problems then I think that they are going to be sadly disappointed.,"Prime Minister David Cameron has promised, if the Conservatives win the 2015 general election, to hold an in/out referendum on the UK's EU membership by the end of 2017.",2,No Relation,C,0,0,1,1
3387, and what proof do you have for intelligent design      microevolution is indisputable, evolution is correct,1,Support,C,0,1,0,1
3265,the bacteria mutated,i think you have some misconceptions about what evolution actually is,0,Attack,C,1,0,0,1
1896,UKIP language tends to portray the real experiences of UKIP people not the politically correct fantasy construct that too many people on here seem comfortable with.,"UKIP appears to have struck a chord with many voters on the issue of immigration, campaigning against the relaxation of working restrictions on Bulgarians and Romanians due to come into force in January.",1,Support,C,0,1,0,1
2025,Whether UKIP can deliver on their promises if they were to win power at the next general election is a moot point because they will not win power.,"Therefore, if he can argue that he has taken the lead in changing Brussels for the better - and that they have joined with him in making the EU more business friendly, then there is perhaps less need to grab back some powers.",2,No Relation,C,0,1,0,0
2450,do you know that there is a god youre  on this,i am confident there is a god,0,Attack,C,1,0,0,1
3414, nope just the opposite, its not falling apart its evolving as new data arrives,1,Support,C,0,1,0,1
710,A strong UKIP vote suggests there's a lot of the British public who aren't on board with the current set-up.,Today's Supreme Court judgement sets out how the rules on forfeiture apply to impermissible donations.,2,No Relation,C,0,0,1,1
3884,The US should ban cluster bombs,Cluster Bombs Can Be Improved,0,Attack,C,1,0,0,1
1170,If there are enough Ukip votes it should frighten all the parties sufficiently to make them realise they can't just ignore the electorate.,The by-election was triggered by former Lib Dem cabinet minister Chris Huhne's resignation as an MP earlier this month after he pleaded guilty to perverting the course of justice over claims his former wife took speeding points for him.,2,No Relation,C,0,0,1,1
1477,"UKIP are an independent party and have shown that their appeal is broad, making big dents in staunchly Labour voting areas as well as the recent bi-election successes.","I think people should look at Bradgate Park to see how council-owned places can be run, he added.",2,No Relation,C,0,0,1,1
3109,calling the ort cloud a guess is disingenuous at best,the scientific investigation into the question of the age of the earth and of the universe has been going on for hundreds of years,1,Support,C,0,0,1,0
805,Should ukip get into government it would be fair to assume that we'll see a whole raft of right-wing policies as actual government policy.,"Speaking on Tuesday, Lib Dem leader Nick Clegg said his party had been on the back foot electorally since entering government in 2010 but was back in the saddle and confident after its victory in March's Eastleigh by-election.",2,No Relation,C,0,0,1,1
131,"I don't necessarily think Nigel Farage is worthy of PM, I think they need a new leader.","Mr Campbell-Bannerman, who wrote the party's 2010 election manifesto, came third behind Mr Farage, who is widely supported, in 2006.",0,Attack,C,0,0,1,0
3945,Transparency is necessary for security,Transparency is a good in and of itself,1,Support,C,0,1,0,1
3358, evolution is simply the genetic change in populations of organisms over successive generations, of course evolution is real as someone said it is fact there is no arguing and i find it really funny that people who agreed with someone on this side in saying evolution does not contradict god have actually put their comments on the for side its ridiculous you cant deny something thats being proven and i know this isnt the side for it but do i believe in god no and im the only one with any proof unless you dont count the fact you cant see or hear and then have the excuse yeah but i have faith as proof   and one more things those of you that think we evolved from monkeys its apes for a start and just because you are not a scientist and emencly intelligent like them and cannot understand the process dont make it any less true so to some up evolution is fact weather god is real or not maybe open your mind to the thought that evolution could be the answer to how and not why,1,Support,C,0,1,0,1
3391, nothing in biology makes sense except in light of evolution, i definitely agree with evolution,1,Support,C,0,1,0,1
1755,It is because of UKIP that we are finally discussing the European question and about immigration and thank goodness for that.,Opponents say the new system risks politicising the police.,2,No Relation,C,0,0,1,1
3891,I support the truth and reconciliation commission,International and intergovernmental bodies are better able to secure justice for the victims of war crimes,0,Attack,C,0,1,0,0
2407,while in science you cannot prove or falsify the existence of god and id doesnt change that i agree that when it comes to blind faith dawkins and pz myers are guilty of the same thing,theism is a belief in gods,0,Attack,C,0,0,1,0
3071,of all of aigs silliness i think this one is the winner,i believe that the day creation of the universe as we know it today has to be taken literally even though scripture does say that one day in the eyes of the heavenly father is like a thousand years,0,Attack,C,0,0,1,0
1302,For what its worth I think UKIP is a one trick pony and is unelectable in a general election.,"But judging from recent opinion polls UKIP's wider policies - grammar schools, curbing immigration and opposing gay marriage - seem to have struck a chord with disenchanted voters from the big three.",0,Attack,C,1,0,0,1
3428, sorry but this is not an opinion, darwin observed species and wrote it down  evidence,1,Support,C,0,1,0,1
847,Many racists and especially xenophobes find the UKIP message appealing.,"He was a UKIP supporter, he said, because he wanted the UK to withdraw from the European Union, which is by no means a xeniphobic sentiment.",0,Attack,C,1,0,0,1
1175,If the other parties do tackle the issues of EU and immigration I'll be more than happy to see UKIP disappear.,"Mrs Ayling, 54, who sits on East Lindsey District Council, defected from the Conservatives earlier this year.",2,No Relation,C,0,0,1,1
1159,Big business will not support UKIP given the devastation that withdrawal from the EU would cause.,"Doing a deal with the Conservatives is not uppermost on our agenda, he says.",2,No Relation,C,0,0,1,1
3065,but who could it be  is it you or me  or maybe the buddhists,is it me or is it you only time will tell,0,Attack,C,0,1,0,0
1888,"I don't necessarily think Nigel Farage is worthy of PM, I think they need a new leader.",For Nigel Farage convincing his fiercest critics among UKIP's members and its estranged onetime supporters that he remains the right man to lead the party may be difficult.,1,Support,C,0,1,0,1
423,Intellectually I rate Farage much higher than Cameron; he has a very sharp and quick wit and is an excellent public speaker.,"To steal Lib Dem support, UKIP is trying to establish a more youthful base, helped by Nigel Farage's appeal.",1,Support,C,0,1,0,1
2660,science is testable,if intelligent design says nothing about the supposed designer then of what value is it if the designer created life millions or billions of years ago what was his purpose in doing so what iswas the designer like did the designer give specific instructions to his creations as most religions teach the id promoters delibrately leave such questions unanswered in their official pronouncements about id,1,Support,C,0,1,0,1
2372,it allows some people to scientifically believe in   god   ,i dont really care  ,0,Attack,C,0,0,1,0
1621,A strong UKIP vote suggests there's a lot of the British public who aren't on board with the current set-up.,"Britain would prosper outside the EU, he argued, and talk of its losing trade was not credible.",1,Support,C,0,1,0,1
1108,"On voting day, this week the vast majority of the British public will not vote for UKIP.","Following prolonged negotiations between the three political parties and BBC, ITV and Sky News ahead of the 2010 debates, strict rules were agreed on the style of questioning and the division of time for leaders' answers.",2,No Relation,C,0,0,1,1
827,"The momentum is with UKIP; Labour, Conservative and Liberal areas are all now vulnerable to them. ",He promised that his party would sing Mr Lynam's humorous version of Send in the Clowns at its South East conference on 8 June.,2,No Relation,C,0,0,1,1
2571,is   intelligent design   sciencemost definitely yes otherwise no one could argue it was wrong in the first place,but we are not arguing that it is wrong,0,Attack,C,1,0,0,1
2558,and minimize the ad hominems and iders will listen,i believe arguments from the opposing camps that say it looks like it was designed so it must have been designed and natural selection could have produced it so we believe natural selection did produce it are not going to lead to resolution of this issue,1,Support,C,0,1,0,1
980,A vote for UKIP is a vote to leave the EU and recover power over our national life.,I have left a message for her (Mrs May) but I haven't managed to speak to her.,2,No Relation,C,0,0,1,1
438,"In UKIP, we have a new political force which looks likely to poll very well in a national election.",UKIP's Nigel Farage said the surge in support for his party was not a freak result but a continuation of a trend which had seen it rise in the national polls.,1,Support,C,0,1,0,1
3534,evolutionists cannot support their theory and expect you to find proof to support yours,i thought you said that you had been following the converstaion i guess you did not understand any of it,0,Attack,C,1,0,0,1
2252,UKIP do have more than Nigel Farage able to deal with media interviews.,"The pair spoke to Andrew Neil and Jo Coburn on the Daily Politics ahead of Tuesday afternoon's Liberal Democrat conference debate on a motion about the EU,",2,No Relation,C,0,0,1,1
740,"I voted Tory for 30 years and started supporting UKIP because I want a sovereign, democratic , well governed Britain with Britain put first and its getting clearer by the day that the old Liblabcon parties will not do that.","But he played down recent polls, saying UKIP will come, UKIP will go.",0,Attack,C,0,0,1,0
2112,"It feels like UKIP is anti most things and base their politics on this: Anti-aid, Anti-immigrant ‚Äì at times even anti-politics; it is therefore difficult to understand what they actually stand for and want to work towards.",UKIP leader Nigel Farage said any members proven to have extreme right wing views would be expelled.,0,Attack,C,0,0,1,0
2912,just because id claims that it is scientifically relevant and in fact can lead to affect research directions does not mean that their claims are accurate and truthful especially given the simple fact that in the last  years id has failed to show much of any example that supports their claims,it is entirely misleading to imply that academic freedom is gives license to present nonscience like idthese academic freedom bills which typically work in conjunction with the science standards are written to strictly prohibit the teaching of religion creationism creation science creation facts and id,1,Support,C,0,1,0,1
2267,"I think Farage makes a much better leader than any of the other parties, he's full of enthusiasm and is not a PR man like the current leaders of the 3 main parties.","Despite the strong performances at the recent by-elections, it is true that Nigel Farage, in terms of electoral success, remains a political minnow.",0,Attack,C,1,0,0,1
2605,carter points out that the coincidence found by bondi belonged to three classes the traditional kind  without use of the anthropic principle  those which only require the use of a weak anthropic principle and  those which require the invocation of an extended and hence rather more questionable strong anthropic principle,is actually quite simple,1,Support,C,1,0,0,0
1638,"I think Farage makes a much better leader than any of the other parties, he's full of enthusiasm and is not a PR man like the current leaders of the 3 main parties.","Mr Campbell Bannerman, one of UKIP's 12 MEPs in the European Parliament and deputy leader, lost out to Nigel Farage in a leadership contest in November.",2,No Relation,C,0,1,0,0
2948,ricardo the bible was definitely written as is,its not that cut and dried,1,Support,C,1,0,0,0
3850,All nations have a right to nuclear weapons,Nuclear weapons serve to defuse international conflicts and force compromise,1,Support,C,0,1,0,1
288,"UKIP are a two trick pony, Europe and immigration that's it.",Conservative MEP Daniel Hannan said the Tories and UKIP should start having conversations and stop calling each other names.,2,No Relation,C,0,0,1,1
2054,Whether UKIP can deliver on their promises if they were to win power at the next general election is a moot point because they will not win power.,It comes two weeks after she accused the UKIP leader of bullying and being anti-women and a Stalinist and threatened to leave the party.,2,No Relation,C,0,0,1,1
1851,"UKIP is a not a real party, with a clear global ideology and vision addressing all aspects of society: it is focusing on a handful of issues (all centered around membership in the EU and migrants), mostly ignoring global financial issues, health, education, security etc.","I believe that what UKIP is doing is vital for this country, and of course the party's financial management is crucial.",0,Attack,C,1,0,0,1
1314,Cameron had it right and UKIP could tip the balance towards Labour in the crucial marginal seats in the GE where the battle will take place .,"UKIP, which campaigns for the UK to leave the European Union, has performed well in recent Westminster by-elections and polls have suggested it has enjoyed a surge in support.",1,Support,C,0,1,0,1
3585,i know an atheist who is far more logical than anyone else i have heard to date,well one can not be truly logical and not be an atheist or at least agnostic as any religion simply flys in the face of logic,1,Support,C,0,1,0,1
2160,UKIP is a vessel through which a protest is being delivered. ,But there are signs UKIP is starting to pick up the sort of protest votes that traditionally go to the Liberal Democrats - as well as benefiting from a slump in support for the British National Party.,1,Support,C,0,1,0,1
836,"Any of the ""working class"" who believe UKIP will represent them have not read a UKIP manifesto!",The magazine quotes her as saying it would be a travesty if UKIP came in and took the seats off our councillors or indeed me when their policies and beliefs were very conservative.,1,Support,C,0,1,0,1
198,For what its worth I think UKIP is a one trick pony and is unelectable in a general election.,"By-elections always are as uneven as this, Mr Clegg commented, but in the general election UKIP will not gain many votes.",1,Support,C,0,1,0,1
1374,UKIP and the Greens are the only parties to date that haven't screwed us all over.,"That's not a critic's view of the man who is stepping down as leader of the UK Independence Party after less than a year, but the verdict of Lord Pearson himself.",2,No Relation,C,1,0,0,0
2633,as a final blow to the discovery institutes attempts to get intelligent design into the catholic door the church announced an evolution congress which failed to invited creationists and intelligent design   httpwww,for years now the intelligent design proponents and the discovery institute have been working the catholic angle getting some of its cardinals into trouble,1,Support,C,0,1,0,1
3908,I believe that opinion polls harm the democratic process,Citizens have a fundamental right to vote on whatever the basis they choose,0,Attack,C,0,0,1,0
3054,the author seems to thing there is no extrabiblical evidence of a young earth,all of those socalled evidences have been debunked by real scientists with real degrees and have true understanding of science,0,Attack,C,0,1,0,0
1871,UKIP are in no way a single issue party and if Labour or the Conservatives were to give us a referendum UKIP would still have a full manifesto that would attract many voters.,"Al-Qaeda's beliefs were at odds with classical and contemporary mainstream Islam, she added.",2,No Relation,C,0,0,1,1
1856,"UKIP advocates for the UK leaving the European Union which would be a bad idea ‚Äì but they are trying to leverage on the british people‚Äôs need to belong and pride to be british, which further sparks their anti-foreigner standpoint.",Their debate followed a Daily Politics flim looking at a possible pact between UKIP and the Tories.,2,No Relation,C,0,0,1,1
2556,it always devolves to this when talking to id proponents,hasnt anybody here read a molecular cell biology textbook the machinery of the cell is a rube goldberg apparatus,1,Support,C,0,0,1,0
604,"For many UKIP voters, it does not particularly matter what the party's policies are, but that UKIP is not Labour or Conservative.","Mr Farage supported Lord Pearson during the last leadership contest, saying the peer was the only serious and credible candidate for the job.",2,No Relation,C,0,0,1,1
2601,we also investigate axis of evil aoe type anomalies which detect phase correlations between different multipoles in harmonic space,while i am quite happy with pwning  of the three statements you made i am certainly willing to look at your final claim which references a statement by richard ryals,1,Support,C,0,0,1,0
1013,Big business will not support UKIP given the devastation that withdrawal from the EU would cause.,"Lord Hanningfield is no longer a member after the court case, he said.",2,No Relation,C,0,0,1,1
1180,"Arguably, UKIP & co. aspire to destroy the culture created in Europe after WWII, which has been based on openness, free travel, migration and cross-geographic access to goods and labour markets.","And for those with underlying problems, like drug addiction and illiteracy, there will be an intensive regime of help.",2,No Relation,C,0,0,1,1
90,"UKIP are a two trick pony, Europe and immigration that's it.","UKIP is branching out on its policy focus, currently focusing its local election campaign on fat cat executives who are currently directing cuts at vital front line services while protecting trendy non-jobs.",0,Attack,C,1,0,0,1
966,UKIP are not a single issue party anymore; UK Sovereignty is the crux of their party political platform but they've certainly expanded from that singular issue in recent years.,"Original leader and UKIP founder Alan Sked quit before the 1999 European elections, after arguing the party should refuse seats in the gravy train of the Strasbourg Parliament.",2,No Relation,C,0,1,0,0
3175,ok so youre saying since youve never seen an ape which is the wrong animal again evolve into a human and never seen god create a human god wins this debate so just because we havent proven were from chimpanzees gives grounds to say god made us theres a huger spectrum out there,she said shes never seen an ape evolve into a human,1,Support,C,0,1,0,1
3926,US intervention in Libya lacking congressional approval was illegal,Humanitarian reasons prompted swift intervention,0,Attack,C,1,0,0,1
565,I think a lot of UKIP supporters would be outraged if one of the consequences of leaving the EU was to price them out of buying virtually any of today's niceties.,"If you want to have a managed migration policy, you cannot remain a member of the European Union.",0,Attack,C,0,0,1,0
3620,did anyone else expect anything less these evil fundie christians can have affairs    or even  marriages yet gay people are a threat to marriage by wanting to get married,you hear that cry allowing gays to marry will cause the downfall of civilization but you never hear how or why,1,Support,C,1,0,0,0
745,"If UKIP don't like being smeared, then they need to stop smearing, stigmatising, and fear mongering about others.","But UKIP, whose conference takes place at Eastbourne's Congress Theatre and Winter Gardens, is keen to be seen as more than a single-issue party and other issues on the agenda include defence, education and housing.",0,Attack,C,0,0,1,0
2314,i wrote a good philosophical question and i think you and i would agree that this adaptation could have been guided by some higher agency of course by using a fully natural mechanism such questions remain scientifically vacuous,i surely intend to do so but these issues go beyond questions of policy,1,Support,C,0,1,0,1
2799,is good science a liberal theme if you love true science you must be a liberalyou are in good company but remember that good science including evolutionary science knows no boundaries christians republicans democrats and independents all accept the facts of science of course given the historical link between evangelicals and republicans we do observe a stronger lack of understanding of science amongst some who also happen to be republicans but do not confuse cause and effect here,the national center for science education does not as its name implies promote and support science education in the united states in a general sense,0,Attack,C,1,0,0,1
3394, there are documented cases of specific species adapting over time, i think  the case against evolution is wrong and misinformed,1,Support,C,0,1,0,1
1882,If anyone seriously thinks that UKIP will offer some kind of answer to our current problems then I think that they are going to be sadly disappointed.,UKIP has evolved over the two decades since it was created from an anti-EU pressure group into a fully fledged party which has now proved that it can succeed beyond European elections.,0,Attack,C,1,0,0,1
3355, we have similar dna to a cabbage is that just because god was having a good joke with his angel mates, evolution is true im a christian but im not in denial adam and eve is a load of sh   its probably meant to be symbolic and easy to understand for the people of the day remember that was over  years ago,1,Support,C,0,1,0,1
275,"I and many others will be voting UKIP not because of a handful of people that have said stupid things, it will be because I identify and agree with their overarching principles.",UKIP leader Nigel Farage said he was pleased with the way pools were shaping up.,1,Support,C,0,0,1,0
1515,"UKIP do not bear scrutiny either as a coherent policy offer or a group of potential ministers , they are an insurgent party of protest with one message.","He said it was proof that UKIP is no longer just a protest party and is broadening its appeal across the country, not just the south of England.",0,Attack,C,1,0,0,1
3012,but how does the bible self authenticate the verses about four rivers coming out of eden it doesntyou must be joking,youre missing the point about the four rivers,0,Attack,C,1,0,0,1
484,Plenty of survey's have shown UKIP to be the most hated of the main parties.,If it manages to make a few gains on 5 May - and avoid slipping backwards - it should be enough to maintain the sense of momentum generated by its recent Westminster by-election successes.,2,No Relation,C,0,0,1,1
278,"The greens and ukip provide encouragement for labour and conservatives alike to address some issues people care about, albeit only lip service to retain votes mainly.",The party will pick its candidate on Thursday night.,2,No Relation,C,0,0,1,1
837,"If UKIP do hold the balance of power and get into government, their only condition will be an in/out EU referendum.","The plan was then that he would run for office again in 2014 and step down after a year if he won a seat, in favour of a colleague, Mr Tilbrook says.",2,No Relation,C,0,0,1,1
948,"Arguably, UKIP & co. aspire to destroy the culture created in Europe after WWII, which has been based on openness, free travel, migration and cross-geographic access to goods and labour markets.",I am proud of being a UKIP candidate and very proud of the achievements of my daughter who represents the people of Witham in an exemplarily fashion.,0,Attack,C,0,1,0,0
603,Only an idiot would think a UKIP win would result in withdrawal from the EU the day after.,"If you want to have a managed migration policy, you cannot remain a member of the European Union.",0,Attack,C,0,1,0,0
1969,UKIP and the Greens are the only parties to date that haven't screwed us all over.,"I was delighted to cast my vote for [UKIP leader] Nigel Farage's team in Sussex, where I live, said Lynam.",1,Support,C,0,1,0,1
2546,but dont try to lead me astayi wanted to try and lead to the truth from being astrayactually,icdesigni think behe has made the case for obvious design within the cell and i dont think you will findanyone who could put it any more clear,0,Attack,C,0,0,1,0
1908,"I don't think most people realise the benefits of free trade at all, and UKIP capitalise on peoples ignorance of the benefits of free trade as much as they can.",It comes as William Hague ruled out an electoral pact with UKIP.,2,No Relation,C,0,0,1,1
888,"My observation is that UKIP often are reluctant to directly answer any questions of substance, which can be accounted for by the fact that they really have no policies.",Farage insisted his party was not a pressure group and demanded action to simplify the tax system.,0,Attack,C,1,0,0,1
2037,"I don't necessarily think Nigel Farage is worthy of PM, I think they need a new leader.",One stall is fronted by Marta Andreasen - a sitting UKIP MEP - who has called for the leader Nigel Farage to resign.,1,Support,C,0,1,0,1
2784,joe gnow you are just lying,einsteinit was of course a lie what you read about my religious convictions a lie which is being systematically repeated,1,Support,C,1,0,0,0
1768,UKIP and the Greens are the only parties to date that haven't screwed us all over.,UKIP say it proves their message is cutting through regularly.,1,Support,C,0,0,1,0
2404,i find much more animosity spouted by the atheist,just as advances in genetic and protein research and mathematics are enabling us to understand and explain how evolution works a growing number of our society are rejecting science in favor of myth and fake science,1,Support,C,0,0,1,0
2482,none of these promises have much relevance to id as a concept nor have few if any come to fruition,the only reason there would be more research into junk dna would be because id supporters have misunderstood what id has to say about junk dna  which is precisely nothing,1,Support,C,1,0,0,0
1087,I'm no fan of UKIP but well done to them for initiating a much needed shake up of British politics.,I want to free this country from the European Union and then I want us to have a much smaller level of state interference in our lives in this country.,1,Support,C,0,1,0,1
763,"UKIP are an independent party and have shown that their appeal is broad, making big dents in staunchly Labour voting areas as well as the recent bi-election successes.","In response to the direct question, whether or not you were a Member of the House of Lords, you said Yes, but without the right to sit or vote.",2,No Relation,C,1,0,0,0
40,The hate campaign against Eastern Europeans that was and is run by UKIP legitimises anything said against them.,The UKIP leader had told the Guardian that there was no way his party could work with Mr Cameron under any circumstances.,2,No Relation,C,0,0,1,1
2492,so your argument is by pushing scientists to find more junk dna it is in fact useless to the organism vestigial limbs my tailbone does nothing and has no purpose and i could have it removed with no damage to my functioning and other disproofs of intelligent design id serves the purpose of annoying scientists into progresscouldnt you just advance the cause of science by doing experiments and recording data,unfortunately dr,1,Support,C,0,0,1,0
2832,because of course id really does not mean anything significant,you continue to quote dishonest sources,0,Attack,C,1,0,0,1
2431,i grant your point sir,i appreciate your contributions as they provide an independent view into why so many have come to accept the scientific vacuity of id,1,Support,C,0,1,0,1
4036,i cant believe that a great film like this can receive such a low rating while the likes of shawshank redemption and batman sit comfortably in the top  list of the entire website,this film is very underrated especially by critics why this film is a big twist even better than sixth sense and that crap memento,1,Support,C,0,1,0,1
1460,UKIP is the only party that has understood the damage immigration does to the UK and its policies aim at repairing this.,"And there's quite a lot of them, he added.",2,No Relation,C,0,0,1,1
1073,I think it's far too simplistic to argue all UKIP supporters are racist - there is a real groundswell against the political establishment which over the past 20 years or so has started to converge in terms of image and policies.,UKIP's rise in national opinion polls and recent strong performances at Westminster by-elections have led some Tories to warn a split in the centre-right vote would make it easier for Labour to form the next government.,1,Support,C,0,1,0,1
3929,We should allow voting at 16 in European Parliament elections,Youth are not represented in politics,1,Support,C,0,1,0,1
2629,btw you people continue to ignore the fact that natural processes cannot account for the origins of nature because natural processes only exist in nature,jaywhat makes you qualify as a design theorist  please be specific,1,Support,C,1,0,0,0
3652,limassol no doubt about it it has the most beautiful beaches and the most fun places to visit,i disagree about the most beautiful beaches part,0,Attack,C,1,0,0,1
2007,UKIP are blatantly disregarding the possibility of man made climate change.,Mr Farage has successfully broadened UKIP's appeal away from Europe.,2,No Relation,C,0,0,1,1
3794,We should ban religious symbols in public buildings,Banning religious symbols is just a way of unfairly targeting people,0,Attack,C,1,0,0,1
1610,UKIP's proposals on membership in the EU and migrants are at best purely demagogic: they do not take into account facts and more general issues.,Grant Shapps said the revised seats would be right and fair but denied he was in secret talks with the Liberal Democrats to get them through Parliament.,2,No Relation,C,0,0,1,1
406,"The UKIP mainstay vote is in normal working people because they never voted for 4 million immigrants, they never voted for Multiculturalism.",He will do what he thinks is best for the country in its relations with the EU.,2,No Relation,C,0,0,1,1
161,The success Ukip had in the european elections will be sufficient to galvanise one or preferably all the other parties to rid us of the EU's political influence.,"The Green Party, so often the fourth contender in local election races, now faces a very serious rival for that spot in UKIP.",1,Support,C,0,0,1,0
1753,"UKIP must get used to the idea of being widely criticised for their bullshit just as other parties always have and I find them racist, sexist, homophobic, embarrassing, unpleasant, fake, ill-prepared, trivial, incompetent, barely organised and dull.","The responsibility of politicians in this situation when people are getting anxious is to try to reassure them and give the facts, not panic and resort to populist measures that do harm.",1,Support,C,1,0,0,0
621,"UKIP are a two trick pony, Europe and immigration that's it.","However, a decision on officially adopting the idea as party policy is not expected for some time.",2,No Relation,C,1,0,0,0
4020,as far as acting and cinematography go this film was great but the content and plot were horrible,it was not made to be just a family movie it was also meant to be serious movie with a mix of realism and fantasy combined for mature viewers most specially that what makes the movie special,0,Attack,C,1,0,0,1
3678,nothing is more important than my research time and i just think this is a distraction,no my research time is more important than your research time,0,Attack,C,1,0,0,1
3351, you shouldnt just blindly repeat things you hear, did you really just say that no scientist can support evolution  the theory of evolution came about from scientific discovery so your statement makes hardly any sense,1,Support,C,0,1,0,1
3310, its impossible to argue with you people, all animals share the same dna so we must be related if you look at the evidence something religious people dont do you will see that there is more evidence for it than against it,1,Support,C,0,0,1,0
1649,"UKIP are a two trick pony, Europe and immigration that's it.","Explaining his decision to swap sides, Mr Campbell Bannerman - MEP for the East of England - said UKIP had become obsessed with single issue politics, internal fighting and shouting from the sidelines.",1,Support,C,0,1,0,1
1570,It's a protest vote because (most) people know that UKIP will never net in power.,"In contrast, the Liberal Democrat's Bill Newton Dunn quit the Tories in protest at its increasing hostility to Europe. And now?",2,No Relation,C,1,0,0,0
3716,usually the best city in every country is the capital so i would go for madrid ,i would love to go there as well,1,Support,C,0,1,0,1
984,"The sooner we are out of the EU, the sooner we can start making this country great again.","He also rejected calls by UKIP leader Nigel Farage to be allowed to take part, saying they should be restricted to potential future prime ministers.",2,No Relation,C,0,0,1,1
345,"On voting day, this week the vast majority of the British public will not vote for UKIP.",Voters go to the polls on Thursday.,2,No Relation,C,0,0,1,1
2240,"UKIP advocates for the UK leaving the European Union which would be a bad idea – but they are trying to leverage on the british people’s need to belong and pride to be british, which further sparks their anti-foreigner standpoint.",The group suggest that within five years UKIP will have more members than the Tories at the current rate of attrition.,2,No Relation,C,0,0,1,1
989,Support for UKIP simply indicates that people have noticed that the major parties do not represent their interests.,"Concern for Labour who, even when the coalition is so unpopular, found themselves an irrelevant fourth.",2,No Relation,C,0,0,1,1
1883,"If UKIP want to retain these voters and attract more in a general election then they need to come up with policies other than ""leave the EU"" and ""its all the immigrants fault"".",Mr Farage has successfully broadened UKIP's appeal away from Europe.,0,Attack,C,1,0,0,1
1148,"Marketing UKIP as ""the people's army"" is a bitter irony.","In opposition, Mr Cameron promised to hold a referendum on the Lisbon Treaty amending the EU constitution but, once in power, said he was unable to do so because it had already been ratified.",2,No Relation,C,0,0,1,1
2881,the smoking guns are well established,jon buell the president of the foundation for thought and ethics testified in court enjoyby mr,0,Attack,C,0,0,1,0
2345,we dont know but we do know a designer wasnt involved,pvm the quotewe dont know but we do know a designer wasnt involved,0,Attack,C,0,1,0,0
77,If anyone seriously thinks that UKIP will offer some kind of answer to our current problems then I think that they are going to be sadly disappointed.,"He told the BBC he hoped they happened, but added that I think David Cameron's not sure whether he wants to do them.",2,No Relation,C,0,0,1,1
4034,this film is easily one of the best movies ive ever seen yes it is pretty easy to guess the ending but it still wasnt ruined by that fact it is a work of art it is rewatchable,i wholeheartedly agree ive just seen it tonight and was blown away by it i will be thinking of this movie for a long time,1,Support,C,0,1,0,1
2892,nothing in the early drafts state that the creator was specifically god or anything supernatural something the di is already emphasizing on this site,the term creation and creationists have very clear and religious meanings,0,Attack,C,1,0,0,1
2836,creationism has more solid evidence than   evolution   does,creationism has more solid evidence than   evolution   does,0,Attack,C,0,1,0,0
2205,The hate campaign against Eastern Europeans that was and is run by UKIP legitimises anything said against them.,"Liberal Democrat leader Jason Zadrozny believes what sets his party apart from its rivals, is an alternative offer for the people of Nottinghamshire .",2,No Relation,C,0,0,1,1
331,The people and media that are criticising UKIP are highlighting the genuine concerns about UKIP and their policies towards immigrants.,"UKIP's Jane Collins came second with 4,648 votes and the British National Party's Marlene Guest came third.",2,No Relation,C,0,0,1,1
3827,Bribery is sometimes acceptable,Individuals may have no choice,1,Support,C,0,1,0,1
1410,"I sense that Farage is a total megalomaniac, a charlatan, someone who is in it for the attention and the glory and that in a strange way, that many UKIP voters know this but don't seem to mind.","UKIP's call for withdrawal from the EU remains popular at European elections, and Farage's party has a known political brand.",0,Attack,C,1,0,0,1
70,People are not voting for UKIP because of immigration propaganda but because of their direct experience of immigration.,"This is said to have enraged Mr Nattrass, who reportedly changed his mind.",2,No Relation,C,0,1,0,0
300,"For many UKIP voters, it does not particularly matter what the party's policies are, but that UKIP is not Labour or Conservative.",The spread-betting tycoon made the comment during a debate on EU proposals for gender quotas in the boardroom.,2,No Relation,C,0,0,1,1
3979,was anyone else disappointed by the ending of the movie it feels to me like there couldve been a few scenes about what happens next im no writer but i do feel this wasnt appealing at all,i thought the ending was a perfect ending for this outstanding film,0,Attack,C,1,0,0,1
914,Many racists and especially xenophobes find the UKIP message appealing.,"Local council elections were also being held in Anglesey in Wales, which is currently classified as No Overall Control but is dominated by independents.",2,No Relation,C,0,0,1,1
1635,"In UKIP, we have a new political force which looks likely to poll very well in a national election on thursday.","Mr Farage, speaking to the BBC's Len Tingle, said the election result represented significant progress.",1,Support,C,0,1,0,1
3901,The International Criminal Court should be recognised,The ICC fails to prevent atrocities,0,Attack,C,1,0,0,1
2273,The success Ukip had in the european elections will be sufficient to galvanise one or preferably all the other parties to rid us of the EU's political influence.,I believe that what UKIP is doing is vital for this country.,1,Support,C,0,1,0,1
615,If there are enough Ukip votes it should frighten all the parties sufficiently to make them realise they can't just ignore the electorate.,"Unlike all the others I actually had a job in the real world, for 20 years, Mr Farage said.",2,No Relation,C,0,0,1,1
1505,Plenty of survey's have shown UKIP to be the most hated of the main parties.,"UKIP's local election manifesto, concentrates on its flagship policy of ending open door immigration and putting pressure on the government not to lift restrictions on workers from Bulgaria and Romania on 1 January, which proved a successful formula in Eastleigh.",2,No Relation,C,1,0,0,0
3499,the article as a whole never made that argument either,okay yankee fan keep pretending that it does not well if you never read the article you would not be pretending as that would be an argument from position of ignorance,0,Attack,C,1,0,0,1
2447,there was much that darwin did not know at that time that we now know and his original theory has since been supplanted by more modern versions of his theory,yet it demonstrated a radical   change   over the comparatively short span of twenty years,1,Support,C,0,1,0,1
2237,The hate campaign against Eastern Europeans that was and is run by UKIP legitimises anything said against them.,"He has finally acknowledged the damage that unrestricted eastern European immigration has had on the prospects of British workers, especially our youngsters.",0,Attack,C,0,0,1,0
3385, i really do not know where to start with this one at the time of writing this response apparently evolution is incorrect, has anyone got a more rational explanation,1,Support,C,1,0,0,0
1455,"UKIP doesn't understand that young people are, by and large, progressive.","Mr Farage had an upbeat message for activists at his local elections campaign launch on Wednesday, saying UKIP was attracting more young members - the party says more than 100 of its candidates are under 25.",0,Attack,C,1,0,0,1
24,Ukip are doing well for the very simple reason folk have at last realized that they are being lied to by LibLabCon and now have somewhere else to go.,She said she was absolutely ecstatic and the UKIP's performance showed that the coalition government was taking the country in the wrong direction.,1,Support,C,0,1,0,1
1207,"The greens and ukip provide encouragement for labour and conservatives alike to address some issues people care about, albeit only lip service to retain votes mainly.",But Conservative Party chairman Grant Shapps categorically ruled out a deal with UKIP.,0,Attack,C,0,0,1,0
1266,"The UKIP mainstay vote is in normal working people because they never voted for 4 million immigrants, they never voted for Multiculturalism.","Mr Silvester, a Christian, defected to UKIP from the Conservatives in February last year in protest against the government's decision to introduce same-sex marriages.",2,No Relation,C,1,0,0,0
1552,UKIP's sole aim at the general election is to get a smallish number of MPs elected but enough to hold the balance of power and do a deal with the Tories.,"We're not going to do a pact with UKIP anymore than I'm going to do a pact with the Lib Dems and go into the next election with them, said Mr Shapps.",0,Attack,C,1,0,0,1
3799,I prefer trade to aid,Trade provides developing countries with an important basis for their own improvement,1,Support,C,0,1,0,1
2191,UKIP want to get us out of the EU to make the British people much worse off then they already are.,"In their leaflets, UKIP says that 29 million Bulgarian and Romanians will have the right to live, work and draw benefits in the UK and while many will be fine, hard-working people, suggests the country may struggle to cope with another influx of people needing jobs, housing schools, hospitals and benefits.",0,Attack,C,0,0,1,0
913,The current smear strategy against UKIP is not pulling people back but pushing them towards UKIP and if this carries on then things are going to be a lot tighter by the time the general election comes.,"In opposition, David Cameron said the Tories would reduce the figure from a peak of about 250,000 under the previous Labour government to the tens of thousands.",2,No Relation,C,1,0,0,0
930,If UKIP is really the best our country can do for an alternative then we are all doomed.,I don't want to underestimate the difficulties that still face us.,2,No Relation,C,0,0,1,1
237,The people and media that are criticising UKIP are highlighting the genuine concerns about UKIP and their policies towards immigrants.,"They spoke about pay levels, maternity leave and gardening leave in the financial world in a Daily Politics debate with Andrew Neil and Jo Coburn.",2,No Relation,C,1,0,0,0
1550,UKIP are a joke outfit full of small-minded Neanderthals who think the 1950s are the future.,"In the past, UKIP has won only a handful of seats in council elections.",2,No Relation,C,0,1,0,0
180,"The Green Party stands out as different, UKIP are just another bunch of neo-cons, although further out to the right.","If UKIP topped May's poll, he added, how can they possibly keep us out of the leaders' debates next year?",2,No Relation,C,1,0,0,0
3616,the most practical triumph of science over religion is not the acceptance of the fact of evolution by the pope or of the acknowledgement of a heliocentric solar system it was in the seventeenth century when churches began to put up lightning conductors,i was reminded of this also,1,Support,C,0,1,0,1
1211,"If UKIP do hold the balance of power and get into government, their only condition will be an in/out EU referendum.",The meeting at the community hall in Watersfield near Pulborough was packed.,2,No Relation,C,0,0,1,1
975,Plenty of survey's have shown UKIP to be the most hated of the main parties.,"His pitch is that the three larger parties are virtually indistinguishable, led by a small group of people from the same political elite who have never done a real day's work in their lives.",2,No Relation,C,0,0,1,1
1453,"UKIP is certainly NOT racist or xenophobic - if you, as I'm you have done, read our policies on the website there is no suggestion of this at all, it is more a rumour and conspiracy of the lefties. ",Mr Hague also said he would set out more detail on the government's plans to renegotiate Britain's relationship with the European Union before next year's European elections.,2,No Relation,C,0,0,1,1
2188,"I don't think most people realise the benefits of free trade at all, and UKIP capitalise on peoples ignorance of the benefits of free trade as much as they can.",The result is expected to be announced at about 02:00 on Friday.,2,No Relation,C,0,0,1,1
3253,this is why i have my doubts about id too but the main premise of it which is why i accept it as probable is still very rational,and i guess those differences bring us right back to the atheist vs,1,Support,C,0,1,0,1
2302,if creationism should be taught it should not be taught in science classes,teaching creationism is akin to childabuse,1,Support,C,0,1,0,1
3528,gay marriage does have a drastic affect on our society,prove it got any credible scientific or sociological studies,0,Attack,C,1,0,0,1
4010,this movie absolutely fell flat after the discovery at the crash site was made,the movie isnt about the twist its about the interactions between the two clones its about character and character development i know twist endings are the thing now but thats not what this movie is,0,Attack,C,1,0,0,1
1949,UKIP are blatantly disregarding the possibility of man made climate change.,"I think the debate predominantly should be about people who have a prospect of becoming prime minister, Mr Cameron told the BBC's Andrew Marr show.",2,No Relation,C,0,0,1,1
2253,"Marketing UKIP as ""the people's army"" is a bitter irony.","Of course it is racist, the language, the rhetoric, the membership, who doubts it?",2,No Relation,C,0,1,0,0
1565,"The problem with popularism but no substance, like UKIP represent, is that it just results in things getting worse and worse.","UKIP appears to have struck a chord with many voters on the issue of immigration, campaigning against the relaxation of working restrictions on Bulgarians and Romanians due to come into force in January.",0,Attack,C,1,0,0,1
2073,"If UKIP want to retain these voters and attract more in a general election then they need to come up with policies other than ""leave the EU"" and ""its all the immigrants fault"".","Conservative party vice chairman Michael Fabricant said the party had struggled to present a distinctive message during the Eastleigh election, saying UKIP had managed to connect with traditional blue-collar Tory voters on issues such as crime and immigration in a way the Conservatives had not.",2,No Relation,C,0,1,0,0
3844,The voting age should be lowered to sixteen years,Parents are guardians and should be trusted to vote in their childrens interests,0,Attack,C,1,0,0,1
1630,UKIP isn't committed exclusively to either right-wing or left-wing ideology and that’s a very good place to be.,"He also suggested that his party might get its first seats in the UK Parliament at the general election in 2015, and argued it was not just taking votes from the right wing of British politics.",1,Support,C,0,1,0,1
3997,after sitting through this movie i could not fathom why it is rated so high after the clone plot is revealed the movie lacks the grip and mystery altogether,movie has enough grip and mistery all the way through the ending doesnt need a punch the ending needs to end the movie,0,Attack,C,1,0,0,1
3949,Transparency is necessary for security,Transparency prevents public relations disasters,1,Support,C,0,1,0,1
540,The only reason we are even having a sensible debate about Europe are UKIP.,Mr Neville added that he was a big supporter of gay marriage and said he believed the government was right to seek to legalise it in England.,2,No Relation,C,0,0,1,1
2716,your half right ,the di is quick to argue that jones overstepped its bound by declaring id not be scientific even though both the plaintiffs and the defendants insisted that the judge address this because the existence of a valid secular purpose which is not a sham is an important aspect in determining if something is unconstitutionaljudge jonesdefendants presented no convincing evidence that they were motived by any valid secular purposealthough defendants attempt to persuade this court that each board member who voted for the biology curriculum change did so for the secular purposed of improving science education and to exercise critical thinking skills their contentions are simply irreconcilable with the record evidence,0,Attack,C,0,0,1,0
812,"UKIP are an independent party and have shown that their appeal is broad, making big dents in staunchly Labour voting areas as well as the recent bi-election successes.","He said the party would consider other measures including the legal route if it did not get redress from the council, which he said was continually backtracking.",2,No Relation,C,0,0,1,1
1763,UKIP isn't committed exclusively to either right-wing or left-wing ideology and that’s a very good place to be.,All this is making the Tory membership pretty pessimistic.,2,No Relation,C,0,0,1,1
3909,I believe that opinion polls harm the democratic process,Tactical voting is legitimate within the democratic process,0,Attack,C,0,0,1,0
1930,"I think Farage makes a much better leader than any of the other parties, he's full of enthusiasm and is not a PR man like the current leaders of the 3 main parties.","Oh and if the last few minutes of reading this article has felt like the Nigel Farage Show, he still dominates this political party.",1,Support,C,0,1,0,1
190,"I don't necessarily think Nigel Farage is worthy of PM, I think they need a new leader.","Where Natalie Bennett remains a faltering speaker, Caroline Lucas is assured, the darling of the party faithful.",2,No Relation,C,0,1,0,0
2944,i recall somewhere in genesis when   god   banished and marked cain some sort of reference to other people being alive other than just the first family ie adamevecain and abel and that the only reason that he would have marked abel was to protect him but protect him from whom if they are indeed the only other people so that logically leads to the assumption that there were other people living along side the first family,they too present some very compelling evidence to their side of this one,1,Support,C,0,1,0,1
3222,evolution has never been proven and will never be proven because it never happened,although i firmly believe in evolution it is only a theory and even though theories have evidence and are backed up with facts they are not  true and can probably never really be proven like the big bang theory,1,Support,C,0,1,0,1
2684,in case you didnt see it their was an atheist or two in those foxholes but not for very long hahahasounds like a collection of anecdotal stories made by a biased source,casey writesid doesnt try to address theological questions about the identity nature or origin of the designer,1,Support,C,0,0,1,0
268,"If you think that the Tories are nasty, heaven help us if UKIP get in because they would be nastier, more cruel, and more bigoted.",A UKIP candidate in Somerset was suspended from the party on Tuesday after a photo of him apparently making a Nazi-style salute appeared on his Facebook page.,1,Support,C,0,1,0,1
363,"Labour should be running scared of UKIP, now the working class are starting to realise that Labour is for middle class socialists and the public sector.",The prime minister said Britain was a fairer country because of the new law but admitted he did not expect the furore it generated.,2,No Relation,C,0,0,1,1
3292, yes evolution has hard scientific fact and the creationists put all of their faith in a book that is supposed to be the word of god but it was written by people, none of the things that people put forward as evidence of a god are evidence for a specific religion,1,Support,C,0,1,0,1
2335,pvm is confused,joethe design inference reached based on our knowledge of what nature operating freely can  cannot do coupled with our knowledge of what designing agencies can do,0,Attack,C,0,0,1,0
2664,first id is being applied only to objects that have high levels of csi,according to its advocates the designer responsible for intelligent design in biology could be any sort of creative intelligence capable of engineering the basic elements of life,1,Support,C,1,0,0,0
1140,"I don't necessarily think Nigel Farage is worthy of PM, I think they need a new leader.","While there will be no mention of the members who quit in protest at his leadership, he will acknowledge internal clashes.",2,No Relation,C,0,0,1,1
2606,is actually quite simple,remember this is about islands claim and carters arguments,1,Support,C,0,1,0,1
3703,nuclear energy is the most efficient once all potential hazards are eliminated,there is no good way to handle the waste created in the process,0,Attack,C,1,0,0,1
2305,laurie goodstein, public opinion is unimportant to whether creationism belongs in science classes  public opinion does not determine whether creationism qualifies as science,0,Attack,C,0,0,1,0
2329,highlanderthe exact same is true when modern science reveals an ic structure such as the flagellar motor  assembly,highlanderi am sure that highlander is familiar with the  foundational works of behe and dembskiboth rely on the absence of science being  able to explain a particular feature to infer design,1,Support,C,0,0,1,0
2736,tj again only valid if you trust judge jones and judge jones is really only the aclu in disguise because of how much he copied from them,tji dont believe the  similarity in the aclus submission and the judges analysis was a lucky or freak coincidence im illinformed because i think he copied it rightyou seem to be ill informed about both the extent as well as the relevance of this so called copying,0,Attack,C,1,0,0,1
403,"There's an election next month, UKIP are campaigning on the streets right now, and candidate upon candidate keeps churning out ridiculous (often racist, sexist or homophobic) views.","Other parties standing included the Trade Unionist and Socialist Coalition, which fought 120 seats, the BNP, with 99 candidates and the English Democrats, with 38 candidates.",2,No Relation,C,0,0,1,1
2197,"UKIP do not bear scrutiny either as a coherent policy offer or a group of potential ministers , they are an insurgent party of protest with one message.",Mr Cameron dismissed UKIP's showing as a protest by voters and promised to stay true to his principles.,1,Support,C,0,1,0,1
449,"UKIP are a fairly right wing group as I'm sure will become clear when they actually produce some policies other than the ""its all the eu's"" fault.","I can understand the problems of ministers who are in austerity and who are contributing but I can easily find common language with people in Cornwall, Wales, and Northern Ireland for their projects.",2,No Relation,C,0,0,1,1
2467,of course id has to move from its position of ignorance to a position which allows it to be fully reconcilable with science namely by arguing a position of front loading which moves the design event to coincide with the big bang,i dont agree with the very first statement that id limits its claims to what can be scientifically inferred from the empirical domain,1,Support,C,1,0,0,0
3401, i interpret the creation story as a metaphor with science as how god made humans, then again i often wondered as a child why and how the whole universe was created in the first place,0,Attack,C,0,0,1,0
498,"The problem with popularism but no substance, like UKIP represent, is that it just results in things getting worse and worse.","Although the UK cannot veto the Budget on its own, Mr Osborne has said the fight will be joined over the issue and Brussels needs a reality check.",2,No Relation,C,0,0,1,1
2850,the following statement by the employee of ncse is the exact form of inference to the best explanation that id scientists use to demonstrate that there is intelligence behind life,idnetthe following statement by the employee of ncse is the exact form of inference to the best explanation that id scientists use to demonstrate that there is intelligence behind life,0,Attack,C,0,1,0,0
3840,The voting age should be lowered to sixteen years,Sixteen year olds are mature enough to vote,1,Support,C,0,1,0,1
2690,we may disagree as to the ability of id proponents to explain the ultimate source of complexity,who designed the designer is a valid and important point and ids fatal flaw,1,Support,C,0,1,0,1
3970,animal kingdom is better than the town and winters bonei have just seen animal kingdom and wow what an awesome movie it was,i totally agree animal kingdom to me was the best movie of the year,1,Support,C,0,1,0,1
2720,yes you are right,tjthe government report on the issue validates the charges against the smithsonian institute,0,Attack,C,0,1,0,0
2105,UKIP are in no way a single issue party and if Labour or the Conservatives were to give us a referendum UKIP would still have a full manifesto that would attract many voters.,"In a wide-ranging interview, Mr Davis also warned about the electoral challenge posed by the UK Independence Party, which campaigns for the UK to leave the European Union.",2,No Relation,C,0,0,1,1
433,The people and media that are criticising UKIP are highlighting the genuine concerns about UKIP and their policies towards immigrants.,Many trusts simply brush under the carpet these claims in order to cover up their liability to unpaid costs.,2,No Relation,C,1,0,0,0
3948,Transparency is necessary for security,Transparency prevents or corrects mistakes,1,Support,C,0,1,0,1
1471,UKIP will continue to grow as will the arrogance of the other parties.,"As the party celebrates its 20th anniversary with its annual conference on Friday, City spokesman Steven Woolfe said it had grown tremendously.",1,Support,C,0,1,0,1
1202,Many racists and especially xenophobes find the UKIP message appealing.,"UKIP beat us in 2009; a year later we won 24% of the vote in the general election and UKIP were nowhere, the deputy prime minister told Channel 4 News.",2,No Relation,C,1,0,0,0
3578,it is helpful if one understands evolution before one attempts to debunk it,i know what you mean you should see some of the other books he has at his site as well,1,Support,C,0,1,0,1
2602,while i am quite happy with pwning  of the three statements you made i am certainly willing to look at your final claim which references a statement by richard ryals,quite well i am sure,1,Support,C,0,0,1,0
3135,because you cant imagine a reason why both chimps and humans have a chunk of dna that has the same viral code doesnt mean its   evolution  ,this is not a proof of   evolution   from chimps,0,Attack,C,0,1,0,0
2592,the first point stressed in my college biology class was in fact that we as scientists cannot ascribe purpose to chemical and biological functions,jay richards says theres especially intriguing evidence of design in cosmology physics and astronomy,1,Support,C,1,0,0,0
3467,with all the debt obama has generated for our nation he deserves to be filibustered into the ground ,which planet in your parallel uni haverse did this happen on you should stick to topics on which you know something,0,Attack,C,1,0,0,1
97,"The greens and ukip provide encouragement for labour and conservatives alike to address some issues people care about, albeit only lip service to retain votes mainly.",Later he appeared to reject the idea of a pact outright when he said on Twitter no deals with the Tories.,2,No Relation,C,0,0,1,1
3714,usually the best city in every country is the capital so i would go for madrid ,i have never been there but a friend of mine went last summer and she said that madrid is really wonderful,1,Support,C,0,1,0,1
2013,UKIP are the only party willing to have a sensible open debate on the key issues affecting the country. ,He said it was time for a proper debate about the difference between a refugee - who fears for his or her life - or somebody moving simply for economic benefit.,2,No Relation,C,0,1,0,0
1631,The Ukip is only an effect of years and years of fake politics and a lot of radical chic talking nonsense through editorials.,"UKIP, which has called for withdrawal from the European Union and greater restrictions on immigration, has seen improved poll ratings this year.",1,Support,C,1,0,0,0
1831,"The problem with popularism but no substance, like UKIP represent, is that it just results in things getting worse and worse.",I believe that what UKIP is doing is vital for this country.,0,Attack,C,1,0,0,1
189,Many racists and especially xenophobes find the UKIP message appealing.,"UKIP said Bhutto, 35, had recently resigned his party membership.",2,No Relation,C,0,0,1,1
2356,the the myths and stories of the bible were never meant to be taken as history in our sense of the word and certainly not   science  ,  this will and is already descending into a debate about the philosophy of science,0,Attack,C,0,0,1,0
3432, the evidence that supports evolution is not only significantly abundant but predominately irrefutable, who enters into a scientific debate about evolution asking only for opinions are you serious forget opinions,1,Support,C,0,1,0,1
2493,unfortunately dr,i was wondering where behe got his data since lenksis site showed clearly how fitness had been increasing so the claim that at best there were a few degenerative mutations shows a lack of familiarity with the actual data or perhaps a sign of forgetfulness,1,Support,C,1,0,0,0
477,"Any of the ""working class"" who believe UKIP will represent them have not read a UKIP manifesto!","Demetri Marchessini, who has made two donations totalling £10,000 to UKIP, is a conservative nut case who wrote a book arguing women who wear trousers are demonstrating hostile behaviour.",1,Support,C,0,1,0,1
1808,UKIP are a joke outfit full of small-minded Neanderthals who think the 1950s are the future.,"I believe that what UKIP is doing is vital for this country, and of course the party's financial management is crucial.",0,Attack,C,1,0,0,1
2781,as for scientific evidence for id start with the genetic code,as for scientific evidence for id start with the genetic code,0,Attack,C,0,1,0,0
1705,UKIP are blatantly disregarding the possibility of man made climate change.,"Conservative chairman Baroness Warsi said the result was disappointing for her party, although not unexpected.",2,No Relation,C,0,0,1,1
1698,"UKIP are a fairly right wing group as I'm sure will become clear when they actually produce some policies other than the ""its all the eu's"" fault.",UKIP leader Nigel Farage said any members proven to have extreme right wing views would be expelled.,0,Attack,C,0,1,0,0
1529,A strong UKIP vote suggests there's a lot of the British public who aren't on board with the current set-up.,"He debated with journalist and historian Sir Max Hastings who said Britain can't stay in Europe on any terms, but said leaving could mean the UK could find a very tough time out there.",2,No Relation,C,1,0,0,0
1186,Ukip are doing well for the very simple reason folk have at last realized that they are being lied to by LibLabCon and now have somewhere else to go.,They (the Conservatives) know they have lost the argument on jobs and immigration and UKIP have stolen a march on them.,1,Support,C,0,1,0,1
2743,in my previous post i discussed by the auscss arguments were flawedboth factually and logically,schen,0,Attack,C,0,0,1,0
2056,UKIP are not a single issue party anymore; UK Sovereignty is the crux of their party political platform but they've certainly expanded from that singular issue in recent years.,"On Labour's opposition to benefit cuts being rolled out as part of the deficit reduction programme, Mr Cameron is expected to say they are patronising people, patting them on the head and putting a benefit cheque in their hands.",2,No Relation,C,0,0,1,1
1632,If there are enough Ukip votes it should frighten all the parties sufficiently to make them realise they can't just ignore the electorate.,"Asked about his party's policy on regulating banks during a BBC interview, he said he had not come on the programme to deal with the minutiae.",2,No Relation,C,0,0,1,1
780,"Marketing UKIP as ""the people's army"" is a bitter irony.","Your assertion that you are a member, but without the right to sit or vote, is a contradiction in terms.",2,No Relation,C,0,0,1,1
2183,"I don't think most people realise the benefits of free trade at all, and UKIP capitalise on peoples ignorance of the benefits of free trade as much as they can.","They say it would lead to legislative gridlock, a failure of the single market and an end to free trade as national parliaments adopted protectionist policies across the union.",1,Support,C,0,0,1,0
1941,"The problem with popularism but no substance, like UKIP represent, is that it just results in things getting worse and worse.",UKIP says it is campaigning on a pro democracy message - aiming to rejuvenate local politics.,0,Attack,C,1,0,0,1
2868,i do not wish to begin to defend the di as i am not familiar enough with their theory,i am glad that someone is trying to oppose the paradigm of undirected chancenonintelligent necessity,0,Attack,C,0,0,1,0
1805,"I don't necessarily think Nigel Farage is worthy of PM, I think they need a new leader.","I was delighted to cast my vote for [UKIP leader] Nigel Farage's team in Sussex, where I live, said Lynam.",0,Attack,C,1,0,0,1
2202,"The sooner we are out of the EU, the sooner we can start making this country great again.",Opponents say the new system risks politicising the police.,2,No Relation,C,1,0,0,0
3402, then again i often wondered as a child why and how the whole universe was created in the first place, evidence indicating intelligent design is abundant and overwhelming,1,Support,C,0,1,0,1
3372, it cant  be wrong this is something natural, evolution is defined in wikipedia as a change in the inherited traits of a population from one generation to the next,1,Support,C,0,1,0,1
1,"If UKIP don't like being smeared, then they need to stop smearing, stigmatising, and fear mongering about others.",The by-election was called after former Lib Dem cabinet minister Chris Huhne resigned as an MP following an admission he had perverted the course of justice over driving licence points.,2,No Relation,C,0,0,1,1
1215,UKIP are not a single issue party anymore; UK Sovereignty is the crux of their party political platform but they've certainly expanded from that singular issue in recent years.,"However, its share of the vote did increase by nearly 1% as it polled more than 919,000 votes.",2,No Relation,C,0,1,0,0
464,"My observation is that UKIP often are reluctant to directly answer any questions of substance, which can be accounted for by the fact that they really have no policies.",Conservative MP Peter Bone spoke of uniting eurosceptic voices with a call to harness those forces in some holy alliance.,2,No Relation,C,0,0,1,1
2021,"UKIP do not bear scrutiny either as a coherent policy offer or a group of potential ministers , they are an insurgent party of protest with one message.","The Liberal Democrats will select their candidate at the weekend, while the Tories will pick theirs on Thursday.",2,No Relation,C,0,0,1,1
2377,the expansion of the universe is biblically supported,so if the bible can be used as a source for scientific discovery or guidance then what else in there can be demonstrated to be true scientifically  by what process did god stretch out the heavens where does god get the   energy   to do so,0,Attack,C,1,0,0,1
1404,"UKIP are a fairly right wing group as I'm sure will become clear when they actually produce some policies other than the ""its all the eu's"" fault.",I am confident that we will double our scores nationally on where we were in [the local elections in] 2007.,2,No Relation,C,0,0,1,1
2349,the question is somewhat meaningless because you can believe that we were created by design and still conclude that intelligent design as proposed by the discovery institute and its fellows  is a scientifically vacuous concept,all too often the terms of this debate dont get defined,0,Attack,C,0,1,0,0
1407,I think it's far too simplistic to argue all UKIP supporters are racist - there is a real groundswell against the political establishment which over the past 20 years or so has started to converge in terms of image and policies.,The government's introduction of gay marriage legislation has also dismayed many Conservative activists.,1,Support,C,0,1,0,1
2143,UKIP is a vessel through which a protest is being delivered. ,"After Conservative MPs effectively killed off the idea of House of Lords reform in August, Lib Dem leader Nick Clegg announced his party would oppose plans for boundary changes.",2,No Relation,C,0,1,0,0
78,UKIP are in no way a single issue party and if Labour or the Conservatives were to give us a referendum UKIP would still have a full manifesto that would attract many voters.,"Following the 2010 election Lord Pearson announced in August 2010 he was stepping down, saying he did not enjoy party politics - five hopefuls entered the race to succeed him, with Farage triumphing.",2,No Relation,C,0,1,0,0
1661,UKIP isn't committed exclusively to either right-wing or left-wing ideology and that’s a very good place to be.,You all think euroscepticism is a right-wing view - it is not.,1,Support,C,0,0,1,0
2914,islandno as i said they are typically by law strictly prohibitive of id creationism which is a huge difference that you dont want to willingly acknowledge,the national center for science education has a good reason to be concerned about intelligent design,1,Support,C,1,0,0,0
1679,UKIP getting a large chunk of the vote in the EU elections sends a message to Europe that they cannot take the UK membership for granted.,"To be honest I have no idea which way the voters around the table will go and I'm not suggesting this as anything but anecdotal, but the political parties will be seeking to impress the likes of them and win their hearts.",2,No Relation,C,1,0,0,0
257,Plenty of survey's have shown UKIP to be the most hated of the main parties.,I think Mr Cable's always had a rather creative interpretation of what collective responsibility ought to look like.,2,No Relation,C,0,0,1,1
3439, youre right there isnt a shred of positive evidence for creationism and creationists dont even try, how com everyone here is bickering try the flood,0,Attack,C,0,0,1,0
43,"The greens and ukip provide encouragement for labour and conservatives alike to address some issues people care about, albeit only lip service to retain votes mainly.",The UK Independence Party had its best ever local election night with a 14% share of the vote where they had candidates.,1,Support,C,0,1,0,1
2481,id has legal and educational merit because it is a bona fide scientific theory ,none of these promises have much relevance to id as a concept nor have few if any come to fruition,1,Support,C,1,0,0,0
915,The success Ukip had in the european elections will be sufficient to galvanise one or preferably all the other parties to rid us of the EU's political influence.,"But UKIP has a mountain to climb compared with its larger rivals and still lacks the strength on the ground that the Lib Dems, Conservatives and Labour can command.",0,Attack,C,1,0,0,1
1154,"The UKIP mainstay vote is in normal working people because they never voted for 4 million immigrants, they never voted for Multiculturalism.","Lynton Crosby, who ran Boris Johnson's successful mayoral re-election campaign, told the BBC the party should pre-empt Labour in pledging a poll.",2,No Relation,C,0,0,1,1
1452,Beyond leaving the EU and migration what policies do ukip have?,"I fear that on climate change and energy policy, UKIP have nothing to offer.",1,Support,C,0,1,0,1
