orig_idx,arg1,arg2,support [true value],support_label,strategy,pred_attack,pred_support,pred_neither,pred_relevance
1950, if we werent continually evolving most of us  wouldnt be offended by the way the rest are degenerating, no no no  we are evolving constantly we have evolve so much that now we have the power to create,1,Support,A,0,,,
358,"UKIP are a two trick pony, Europe and immigration that's it.","UKIP's views are very different compared to the three main parties, and not just on immigration and the EU!",0,Attack,A,1,,,
1345,so tj you seem to have made quite a few foolish arguments how familiar are you with augustinetj  well i know that he believed the earth was created instantaneously not progressively and was according to scripture less than  years old,after some diversions to point out that augustine himself held some inconsistent positions tj finally comes to the quote i providedtji understand what he is saying but for this to be valid the unbeliever has to accurate in what he believes,0,Attack,A,0,,,
1048, features that appear vestigial and functionless actually serve a function eg, features that appear vestigial and functionless actually serve a function eg,0,Attack,A,0,,,
2405,I prefer trade to aid,Trade provides developing countries with an important basis for their own improvement,1,Support,A,0,,,
1872,i think you have some misconceptions about what evolution actually is,answers answers answersthanks,1,Support,A,0,,,
1696,your argument breaks down if your audience rejects the notion that adam was created ex nihilo with the appearance of age,with all due respects here is my bottom line though i run the risk of being arrogan and closedminded i only write for the judeochristian world view,0,Attack,A,0,,,
1166,behe assertsdesign is recognized in the purposeful arrangement of partswho decides if an arrangement of parts is purposeful  what does purposeful really mean in that statement  do the parts have purpose  does the arrangement have purpose  did the designer have purpose  if i take an old wristwatch and remove all the springs and gears and arrange them in a circle is the circle designed  if i throw them in a heap are all of the parts of the watch no longer designed  if i pick up some metal shavings off of the floor from under the lathe in the machine shop and arrange them into a complicated mathematical pattern that i generated using a computer program can you tell if this is a purposeful design or just a random designis a virus designed  a prion  a fragment of rna a benzene molecule  how can you tellwaving your hands and saying i know design when i see it and all life was obviously designed just wont cut it,who decides if an arrangement of parts is purposeful what does purposeful really mean in that statement do the parts have purposeif there is some form of synergy in the arrangement then yes that would be purposeful,0,Attack,A,0,,,
378,UKIP are not a single issue party anymore; UK Sovereignty is the crux of their party political platform but they've certainly expanded from that singular issue in recent years.,And on a broader platform UKIP claims to be winning support among younger voters and students.,1,Support,A,0,,,
848,UKIP's sole aim at the general election is to get a smallish number of MPs elected but enough to hold the balance of power and do a deal with the Tories.,I can categorically rule out any form of electoral pact with UKIP or anyone else.,0,Attack,A,1,,,
399,"I sense that Farage is a total megalomaniac, a charlatan, someone who is in it for the attention and the glory and that in a strange way, that many UKIP voters know this but don't seem to mind.",There is only one party in this country that can guarantee the people in this country will get a referendum on the EU and that is UKIP.,0,Attack,A,1,,,
1786,hey razza for i wanna say thanks for standing up for what u believe in most people want hard evidence that will prove gods existence when really we ourselves are evidence that god exists,i have never seen an ape evolve into a human and although i have never seen god that makes more sense than evolution,0,Attack,A,1,,,
756,UKIP's sole aim at the general election is to get a smallish number of MPs elected but enough to hold the balance of power and do a deal with the Tories.,"Earlier this year, UKIP leader Nigel Farage said he was open to the idea of a pact but demanded a referendum pledge written in blood.",1,Support,A,0,,,
2541,We should force think tanks to reveal all of their sources for resource funding,People have a right to know where their information comes from,1,Support,A,0,,,
785,"The ratio of nutters in UKIP is far higher than in other parties, especially so since they seem determined to take all the Tories' fruitcakes off them.",Amjad Bashir was responding to comments on Wednesday's Daily Politics from ex-deputy PM Lord Heseltine that UKIP was a racist party.,1,Support,A,0,,,
1263,youre lucky not enough people know or care enough about your religion to throw out opinions based on it presented as science philosophy logic or fact on the spot,hello richardi admire your wealth in cash funds,0,Attack,A,0,,,
987,that one is from isaiah ,yes god is by his nature  supernatural,0,Attack,A,0,,,
122,"In UKIP, we have a new political force which looks likely to poll very well in a national election.",UKIP's Nigel Farage said the surge in support for his party was not a freak result but a continuation of a trend which had seen it rise in the national polls.,1,Support,A,0,,,
220,"Any of the ""working class"" who believe UKIP will represent them have not read a UKIP manifesto!",UKIP says it is campaigning on a pro democracy message - aiming to rejuvenate local politics.,0,Attack,A,1,,,
2520,We should negotiate with terrorists,Negotiation is the only way to solve the underlying problem,1,Support,A,0,,,
1231,that figures,contribution from joe gjoe ggeez pvm your position that everything comes down to sheer dumb luck is totally vacuous,0,Attack,A,1,,,
719,UKIP is the only party that has understood the damage immigration does to the UK and its policies aim at repairing this.,The Bulgarian President Rosen Plevneliev has warned that Britain's immigration policy could harm its image as a great global power that pioneered integration.,0,Attack,A,1,,,
2109,it is up to you argue with me or argue with the person you want me to be,it is up to you stop bringing up red herrings or arguing by personal attack or do not expect me to treat your posts with any less contempt than i have for most of what has been posted to this board,0,Attack,A,0,,,
132,UKIP and the Greens are the only parties that haven't screwed us all over yet,"Both the UK Independence Party, which is fielding a record number of candidates, and the Green Party of England and Wales are hoping to make notable gains.",1,Support,A,0,,,
228,"If UKIP don't like being smeared, then they need to stop smearing, stigmatising, and fear mongering about others.","But UKIP, whose conference takes place at Eastbourne's Congress Theatre and Winter Gardens, is keen to be seen as more than a single-issue party and other issues on the agenda include defence, education and housing.",0,Attack,A,1,,,
1480,pvmcool now the claim is the arrival of variation,i appreciate that you are making attempts to answer all these issues,1,Support,A,0,,,
1772,a lot of them are stupid and come up with outright stupid ignorant arguments against it,not stupid but ignorant and perhaps even foolish,1,Support,A,1,,,
2628,as far as acting and cinematography go this film was great but the content and plot were horrible,are you serious this film is class the way the real world and the fantasy world its not an easy mix to get right,0,Attack,A,1,,,
1207,we also investigate axis of evil aoe type anomalies which detect phase correlations between different multipoles in harmonic space,while i am quite happy with pwning  of the three statements you made i am certainly willing to look at your final claim which references a statement by richard ryals,1,Support,A,0,,,
2384,paper and preferably yellow post it notes for important reminders in app lists tend to be forgotten about,paper is much better and allows you to make more personal notes,1,Support,A,0,,,
208,"The momentum is definitely with UKIP at the moment, hopefully that will continue with the up and coming by-elections.","Talking of the EU, Godfrey Bloom said UKIP was the only game in town, the only party that is going to get us out.",1,Support,A,0,,,
2272,why not london has it all culture fun exhibitions parks what more do you want,better weather,0,Attack,A,1,,,
2409,I prefer trade to aid,Trade requires infrastructure,0,Attack,A,0,,,
866,UKIP are in no way a single issue party and if Labour or the Conservatives were to give us a referendum UKIP would still have a full manifesto that would attract many voters.,Mr Farage has successfully broadened UKIP's appeal away from Europe.,1,Support,A,0,,,
1788,correction its an ancestor of both chimpanzees and humans,oh boy here we go again,1,Support,A,0,,,
2358,low co emissions ,i do agree with this,1,Support,A,0,,,
145,A vote for UKIP would be a vote for a Tory-UKIP alliance that would be more right-wing than a Tory government.,"As well as campaigning against wind farms and increased migration, which UKIP claims is placing a strain on housing and public services, the party has three overarching polices for councils across England, all of which appear thoroughly right wing.",1,Support,A,0,,,
2519,We should negotiate with terrorists,Negotiation encourages moderation,1,Support,A,0,,,
2341,but there are very nice beaches nearby,this is true for example baratti is lovely,1,Support,A,0,,,
2297,you can get any other tablet for much less that has the same features ,build quality and response time to input are much better than on other tablets,0,Attack,A,1,,,
2439,Bribery is sometimes acceptable,The demand for bribes would end if companies stopped supplying them,0,Attack,A,1,,,
156,The current smear strategy against UKIP is not pulling people back but pushing them towards UKIP and if this carries on then things are going to be a lot tighter by the time the general election comes.,Any eccentric comment made by any UKIP [member] immediately becomes a huge national scandal.,1,Support,A,1,,,
1649,after the entire cain and able thing the brother left to another group of people to find a wife,aig argues that pretexts brought by the reader are to blame for difficulties accepting the bible as literal truth,1,Support,A,0,,,
2370,perhaps the most quality consistent series with a stellar character development,no dropoff in quality as the show progresses unlike shows such as dexter californication etc,1,Support,A,0,,,
1605,you cant prove anything using that same thing you have to use evidences outside of that,there is no proof that there even exists a god to begin with so in that case you cant really use that either,0,Attack,A,0,,,
939,highlanderthe lack of evidence supporting materialist assumptions complexity is a chance arrangement means the opposite could be true,these two moves ruling out regularity and then ruling out chance  constitute the design inference,1,Support,A,0,,,
2474,We should create a United Nations standing army,A United Nations standing army would not be costeffective,0,Attack,A,1,,,
1333,ok you are right on this point as well,tjok you are right on this point as well,0,Attack,A,0,,,
2640,this film is easily one of the best movies ive ever seen yes it is pretty easy to guess the ending but it still wasnt ruined by that fact it is a work of art it is rewatchable,i wholeheartedly agree ive just seen it tonight and was blown away by it i will be thinking of this movie for a long time,1,Support,A,0,,,
2468,We should promote democratisation,Developing countries are generally not altruistic enough to fully support countries and as a result they achieve a useless halfway state,0,Attack,A,1,,,
129,I think a lot of UKIP supporters would be outraged if one of the consequences of leaving the EU was to price them out of buying virtually any of today's niceties.,Eurosceptic Paul Sykes said UKIP was the last best hope for Britain and he would help fund its election campaign.,0,Attack,A,1,,,
154,The more the 'mainstream' parties smear and lie about UKIP the more their support rises.,UKIP leader Nigel Farage said his party was on a journey from a party of protest to a party of government.,1,Support,A,0,,,
1612,which do you believe they are after all both based on books written by men,i actively attend the origins conferences hosted by a variety of different organizations including christian universities reasons to believe and most recently the skeptic society,1,Support,A,0,,,
2129,i was only joking it hit me this morning though that if i am willing to talk about abortion without bringing up god i wonder if the pro choicers could argue their position without bringing up womens rights,womens rights actually exist unlike the christian god,0,Attack,A,1,,,
1344,this is one of the things wesley cites to bolster his case  httpvangogh,so tj you seem to have made quite a few foolish arguments how familiar are you with augustinetj  well i know that he believed the earth was created instantaneously not progressively and was according to scripture less than  years old,1,Support,A,1,,,
2188,japan and the former soviet union had very high rates of abortion because of the lack of birth control neither country made such a decision because of religion,that was the past i am speaking of now,1,Support,A,1,,,
569,"The UKIP party is a populist party at the right end of the spectrum, which exploits people's fears of the foreign and unknown.",The committee said the EU had helped to transform Europe from a continent of war to a continent of peace.,1,Support,A,1,,,
289,The success Ukip had in the european elections will be sufficient to galvanise one or preferably all the other parties to rid us of the EU's political influence.,"But UKIP has a mountain to climb compared with its larger rivals and still lacks the strength on the ground that the Lib Dems, Conservatives and Labour can command.",0,Attack,A,1,,,
1092,i assert that they have been heard and their arguments have been refuted and thus they are legitimately ignored until they come up with some actual scientific evidence and arguments,if theres something on    evolution    news its irrelevant to intelligent design andor distorted beyond all scientific recognition,0,Attack,A,1,,,
1215,whats there left to do,you mean ones like wmap shows that we are at the center of the universe or the quote of carterwell i realize that one does remain the goldilocks enigma is a falsifiable observation that makes testable predictionsas i already explained though observations are seldomly falsified as they are based on observed data,1,Support,A,1,,,
996,this is the age old question,oasthadare we machines choosing between incorrect and correct responses or are we sentient being choosing between good and evil how could you not teach thisthats a good topic for sunday school,0,Attack,A,0,,,
263,Many racists and especially xenophobes find the UKIP message appealing.,"He was a UKIP supporter, he said, because he wanted the UK to withdraw from the European Union, which is by no means a xeniphobic sentiment.",0,Attack,A,1,,,
1079,why would consideration of the designer necessarily introduce religious discussions about theological questions clearly it is because his concept of the designer is a supernatural onewhich was exactly what i was arguing,the ayn rand center says id claims that design can be inferred merely from observed complexity specified complexityi,1,Support,A,0,,,
2633,once you know all the in and outs or all the magic tricks of the movie i dosnt seem as good,i think it gets better you notice little things you get more into looking at the picture not just fitting the pieces,0,Attack,A,0,,,
671,"UKIP are indeed far from perfect, but they have grown as a party because the Establishment Parties have deceived the public for so long on informing and educating on WHAT IS THE EU SUPERSTATE project.","UKIP appears to have struck a chord with many voters on the issue of immigration, campaigning against the relaxation of working restrictions on Bulgarians and Romanians due to come into force in January.",1,Support,A,0,,,
2217,i will post another in the next couple of days,bless your heart,1,Support,A,0,,,
2021, its not falling apart its evolving as new data arrives, people like you should be banned from this website,1,Support,A,0,,,
142,Support for UKIP simply indicates that people have noticed that the major parties do not represent their interests.,"But if you're looking for a serious politician, with a strategic brain, who is able to lead a party and develop and expand a party, well,you won't find them at UKIP",0,Attack,A,1,,,
1495,while i did feel for some time that id had merit i also must admit that i believed for some time that it was religious due to those early pandas drafts,i changed my mind and felt somewhat angry when i realized just what those early drafts meantyou mean you accepted the attempt to reconcile the early drafts while ignoring the facts sadly you seem to have fallen victim of di propaganda,0,Attack,A,1,,,
517,UKIP are not a single issue party anymore; UK Sovereignty is the crux of their party political platform but they've certainly expanded from that singular issue in recent years.,UKIP has evolved over the two decades since it was created from an anti-EU pressure group into a fully fledged party which has now proved that it can succeed beyond European elections.,1,Support,A,0,,,
1877,there is no actual absolute proof of evolution as some of the people here have stated,evolution has never been witnessed,0,Attack,A,1,,,
945,joe i do,joewe look at the options,1,Support,A,0,,,
2244,the only certain answer is that no one is able to know that,not entirely true,0,Attack,A,1,,,
1393,and seeing that pvm doesnt care about the truth why is he a scientiston the contrary i have been asking you several times now how does id explains the bacterial flagella,joe gi never said anything about einsteins religious convictions,1,Support,A,0,,,
1445,how do we observe   evolution   occurring i do not see one creature evolving into another one,when i read casey luskins article he made some very good points,0,Attack,A,0,,,
510,It's a protest vote because (most) people know that UKIP will never net in power.,But Mr Cameron dismissed UKIP's showing as a protest by voters and promised to stay true to his principles.,1,Support,A,1,,,
1194,anybody that thinks there is currently a healthy scientific debate over intelligent design has missed the history of the last  years,fxl wrote so why arent physicists saying gravity is as well established as the theory of   evolution  it  is obvious isnt it i hope not to be too snarky but the pope finally got around to admitting that  galileo was correct in teaching that the earth revolved around the sun get the gravity connection,0,Attack,A,1,,,
143,UKIP are a joke outfit full of small-minded Neanderthals who think the 1950s are the future.,"And last autumn, MEP Godfrey Bloom embarrassed the party when he used the phrase bongo bongo land and joked that some female activists were sluts.",1,Support,A,0,,,
2148,that can be proven,no it can not scientific theories are not proven,0,Attack,A,1,,,
202,"Even a UKIP European candidate, Janice Atkinson, another ex-Tory, admits leaving the EU would be problematic.","Speaking on The World At One Nigel Farage, leader of the UKIP party, told presenter Shaun Ley that he believes that UKIP are offering a real alternative, and leaving the EU is at the heart of it.",0,Attack,A,1,,,
1640,there is much scientific evidence to proof it its just that you wouldnt believe it anyway,i do not believe in science,0,Attack,A,1,,,
1359,pvmfirst of all the judge observed that the school board was strongly motivated by religious beliefs and the fact that they believed that id presented a scientific hypothesis and thus a valid secular purpose was their downfall ,bowmanmore on the aclus rubber stamped ruling by a practicing attorneynothing wrong with quoting from a well argued submission by the aclubowmanthat said none of this relates to the id ruling since the board members were not id advocates except perhaps superficially,0,Attack,A,0,,,
201,"If UKIP have a good general election and manage to take a few seats then that can only benefit Labour, because all of the seats that UKIP can possibly, conceivably win - well they are all Tory seats.","But as politicians and the public become more used to devolved government, Giles Dilnot looks at the rise of other parties and UKIP looking to enter NI politics.",1,Support,A,0,,,
334,"As far as immigration is concerned all Ukip want is a level playing field for non EU migrants and to control the numbers so, if anything, Ukip are too soft on immigration.",Godfrey Bloom's and other UKIP party members' actions are an insult to all those who have fought against fascism.,0,Attack,A,0,,,
1653,while aig tries to defend genesis with the weakest possible argument answers in creation explain genesis i in a way that gives it a literal interpretation that is still in line with   science  ,the only assuption we make in science is that the nature of the universe is consistant and rational,1,Support,A,0,,,
1155,icdesignas far as scientific findings go the numbers of evolution believing scientists is on a major decline,i think behe has made the case for obviousdesign within the cell and i dont think you will findanyone who could put it any more clear,1,Support,A,0,,,
1875,evolution has been proven many times,evolution has not been proven,0,Attack,A,1,,,
1846,nothing appeared its very simple,contrary to some belief evolution doesnt conflict with creationismyou just have to read the first story of the bible adam and eve in a less literal sense,1,Support,A,0,,,
2103,how despite centuries of artificial breeding and decades of experiments no one has ever observed one species turn into another speciation,out and out lie there is really no other way to put this,0,Attack,A,0,,,
138,"I would say it's the anti-ukip brigade who have no substance to their argument (or facts), they simply shout ""racist"" with nothing to substantiate this slur, or become crude and insulting.","Commentators have predicted success for UKIP in the forthcoming European elections, but the borderline racist views of some of its outspoken members have caused a headache for the party leader.",0,Attack,A,1,,,
633,"I don't necessarily think Nigel Farage is worthy of PM, I think they need a new leader.","Oh and if the last few minutes of reading this article has felt like the Nigel Farage Show, he still dominates this political party.",0,Attack,A,0,,,
493,It's a protest vote because (most) people know that UKIP will never net in power.,But as one UKIP member said to me - if this is a protest vote it's a bloody big protest.,0,Attack,A,0,,,
2652,i turned this movie off halfway through because i was bored out of my skull then i come here and its got a high rating granted its got a good storyline good acting nice cinematography but somehow still managed to bore me to tears,im with you on this one brian both my husband and i sat there tempted to turn it off though there was nothing better on at the time so we sat it out,1,Support,A,0,,,
69,If UKIP is really the best our country can do for an alternative then we are all doomed.,"Europe had in the last few years become a huge issue due to the euro crisis and the bailouts, said Mr Helmer, and UKIP is making people aware of this.",0,Attack,A,1,,,
2221,we take reality and describe it in our minds and thus form it into abstract concepts which we can operate with,this is my understanding as well interestingly concepts only approximate that which they intend to define confusion between concept and actuality is fertile ground for misunderstanding,1,Support,A,0,,,
652,Plenty of survey's have shown UKIP to be the most hated of the main parties.,"UKIP appears to have struck a chord with many voters on the issue of immigration, campaigning against the relaxation of working restrictions on Bulgarians and Romanians due to come into force in January.",0,Attack,A,1,,,
135,"Any of the ""working class"" who believe UKIP will represent them have not read a UKIP manifesto!","Demetri Marchessini, who has made two donations totalling £10,000 to UKIP, is a conservative nut case who wrote a book arguing women who wear trousers are demonstrating hostile behaviour.",1,Support,A,1,,,
474,If there are enough Ukip votes it should frighten all the parties sufficiently to make them realise they can't just ignore the electorate.,"He named several seats where his party could win at Westminster level, and claimed the press was desperately scared on UKIP, and keen to run stories attacking his party.",1,Support,A,0,,,
1619,youre missing the point about the four rivers,you are opening the door to a nonliteral explanation of the text,1,Support,A,0,,,
589,UKIP doesn't need to win power to force the changes people want.,UKIP leader Nigel Farage has demanded a written in blood guarantee of a referendum on EU membership before entering any pact with another party.,1,Support,A,1,,,
1844,actully uncomplext compunds bonded to geather to create chemicals and very very uncomplect cell fragments that then banded to geather with otherthings for survival and formed the first very simple cells that then became more complext,god was created by people who needed faith in something,1,Support,A,0,,,
2416,We should grant politicians immunity from prosecution,Seeing a politician put on trial hurts the integrity of their office,1,Support,A,0,,,
1777,to me i do not see us evolving even if it takes forever it still does not show,first of all there have been writings in hebrew ,1,Support,A,0,,,
2247,this could not be more far from the truth because running is more intense the general health benefits are higher within reason more pain is more gain,jogging is just as good as walking but it is done at a faster pace which results in higher impact on your knees hips and other joints,0,Attack,A,1,,,
603,UKIP is a vessel through which a protest is being delivered. ,But Mr Cameron dismissed UKIP's showing as a protest by voters and promised to stay true to his principles.,1,Support,A,0,,,
418,"As far as immigration is concerned all Ukip want is a level playing field for non EU migrants and to control the numbers so, if anything, Ukip are too soft on immigration.","Mr Farage will tell members at the conference in London that, by the 2015 general election, UKIP will overtake the Lib Dems in terms of its support base.",1,Support,A,0,,,
2516,I believe that opinion polls harm the democratic process,Opinion polls provide useful information to politicians,0,Attack,A,1,,,
1389,id explains the genetic code the same way we explain a computer code,joe gnow you are just lying,1,Support,A,1,,,
1003,i think this comes down to an irreducible complexity argument,as much as i might believe that there is some sort of creator and that a creation occurred you cannot justifiably intermingle science and religion,1,Support,A,1,,,
2420,We should grant politicians immunity from prosecution,Immunity for politicians is an unjust double standard,0,Attack,A,1,,,
1997, nothing in biology makes sense except in light of evolution, i definitely agree with evolution,1,Support,A,0,,,
1071,intelligent design if true would indeed have amazing implications,in arguing for the existence of god dr,1,Support,A,1,,,
1401,the  commandments are not the sole source of morality,what i am saying is if we teach laws,0,Attack,A,1,,,
2095,yes i have read these things,but did not understand them,0,Attack,A,1,,,
793,"ukip's policies on health, education, taxation and all the things that affect peoples lives are non-existent.",The two-day conference is also set to discuss the UKIP leadership's plans to ensure migrants have private health insurance and for social housing to be prioritised for people whose parents or grandparents were born locally.,0,Attack,A,1,,,
1450,jim,jimfinally i just want to say that it appears to me that statements made against id and their proponents  made by others not you  regarding id has been so emotionally charged it makes me feel their judgment is affected,1,Support,A,0,,,
1558,from here we can see that the bible already is going to not have any sort of  exact meaning,in  when questioned by clarence darrow william jennings bryan stood by the bible,1,Support,A,1,,,
2090,i am always right except when i am wrong,so far you have been nothing but wrong,0,Attack,A,1,,,
1785,the theory behind evolution is not that an organism evolves during its lifetime but that the species evolves over thousands if not millions of years or generations,hey razza for i wanna say thanks for standing up for what u believe in most people want hard evidence that will prove gods existence when really we ourselves are evidence that god exists,0,Attack,A,0,,,
1860,and i guess those differences bring us right back to the atheist vs,aristotle socrates and plato,1,Support,A,0,,,
2008, then again i often wondered as a child why and how the whole universe was created in the first place, evidence indicating intelligent design is abundant and overwhelming,1,Support,A,1,,,
197,I'm no fan of UKIP but well done to them for initiating a much needed shake up of British politics.,Some earlier polls have had UKIP snapping at the heels of the Liberal Democrats - and leader Nigel Farage has said its aim must be to overtake Nick Clegg's Liberal Democrats to become the third force in British politics.,1,Support,A,0,,,
624,"Ukip is the only party advocating withdrawal from the failing EU, a sensible idea for a lot of people!",Amjad Bashir was responding to comments on Wednesday's Daily Politics from ex-deputy PM Lord Heseltine that UKIP was a racist party.,0,Attack,A,1,,,
269,"I sense that Farage is a total megalomaniac, a charlatan, someone who is in it for the attention and the glory and that in a strange way, that many UKIP voters know this but don't seem to mind.","He also said it should be predominantly about people who have a chance of being PM, a category which he said did not include Mr Farage, who was only in it for some publicity.",1,Support,A,0,,,
549,"The People's Army is on the march and UKIP will get Britain back from the Liblabcon, Establishment and MSM political abusers of our country.",UKIP has won 42 seats so far and is averaging 26 per cent of the vote in the wards where it is standing.,1,Support,A,1,,,
554,"Whatever you think of UKIP, you've got to admit that Farage is a superb speaker.","He's very outspoken - even the people who don't share his message think that he's a great speaker and fun to listen to, says Soini.",1,Support,A,0,,,
1694,include the transmission of the biblical text,using logic to apply consistent artistry to the mass of creation we may assert the existence of the artist almighty god  if we exercise faith toward god by believing that he exists in the very manner that he says that he does then we may logically apply his consistent character including his artistic signature in creation to all things that god the artist creates,0,Attack,A,0,,,
804,"If UKIP want to retain these voters and attract more in a general election then they need to come up with policies other than ""leave the EU"" and ""its all the immigrants fault"".",UKIP says it is campaigning on a pro democracy message - aiming to rejuvenate local politics.,0,Attack,A,1,,,
1275,first off the human eye did not pop into existence by chance it is the result of billions of years worth of   evolution  ,the whole point of bringing up the eye example is to demonstrate that id is an actual theory and not a simple example in which someone proclaims that something is too complex based on their own judgements,0,Attack,A,1,,,
495,"The ratio of nutters in UKIP is far higher than in other parties, especially so since they seem determined to take all the Tories' fruitcakes off them.","Immigration has also been an issue and UKIP, which rejects charges of being racist, sees the EU question being at the heart of it.",0,Attack,A,0,,,
1093,if theres something on    evolution    news its irrelevant to intelligent design andor distorted beyond all scientific recognition,if theres something on    evolution   news its irrelevant to intelligent design andor distorted beyond all scientific recognition,0,Attack,A,0,,,
2339,lucca is lovely and off the tuscan beaten track,pretty walled town close to the better known florence and pisa a great basis for visiting tuscany,1,Support,A,0,,,
1029,satan is sure behind all of these things,thats classy,1,Support,A,0,,,
1416,the writer of this piece is working for a salary,idnetthe writer of this piece is working for a salary,0,Attack,A,0,,,
1224,if we dont know then no one can say that a designer was not involved or not required, joeif we dont know then no one can say that a designer was not involved or not required,0,Attack,A,0,,,
1752,what does random premarital sex lead toa number of possible outcomes based on a number of factors,i believe that the first chapters of genesis including the ancient history of the hebrew people should be understood within the context of covenant,1,Support,A,0,,,
771,"UKIP is a party stronger for its diverse opinions and sometimes anarchic views; much better than the automatons in the Establishment parties, who just say what they think the public wants to hear, except when the mask slips.",And they also seemed very thankful to have the colourful Nigel Farage back as party leader.,1,Support,A,0,,,
1408,as to the ncse not wanting to discuss somehow i see few id proponents on this group and behe seems to have ignored matzkes excellent critiques,agreed that religious belief should not necessarily compel the rejection of wellestablished results from welldeveloped scientific fields,1,Support,A,0,,,
374,"It's true that UKIP dont have ideas to suit everyone, but at the moment they are heads above the pillocks at No 10 today.",And there are signs UKIP is starting to pick up the sort of protest votes that traditionally go to the Liberal Democrats - as well as benefiting from a slump in support for the British National Party.,1,Support,A,0,,,
1346,after some diversions to point out that augustine himself held some inconsistent positions tj finally comes to the quote i providedtji understand what he is saying but for this to be valid the unbeliever has to accurate in what he believes,so tj you seem to have made quite a few foolish arguments how familiar are you with augustinetj  well i know that he believed the earth was created instantaneously not progressively and was according to scripture less than  years old,0,Attack,A,1,,,
2165,that post was a joy to read,yes great post bradley well written perceptive and insightful,1,Support,A,0,,,
2494,Terrorism can sometimes be justified,Terrorism creates a negative abusable portrayal,0,Attack,A,1,,,
1063,i was going to post a long reply discussing each quote in detail but i decided this was so much simpler,in fact the history of life shows a pattern of explosions where new fossil forms come into existence without any clear evolutionary precursors concurring with design theory that predicts that species might appear abruptly,1,Support,A,1,,,
507,"UKIP advocates for the UK leaving the European Union which would be a bad idea – but they are trying to leverage on the british people’s need to belong and pride to be british, which further sparks their anti-foreigner standpoint.","UKIP appears to have struck a chord with many voters on the issue of immigration, campaigning against the relaxation of working restrictions on Bulgarians and Romanians due to come into force in January.",0,Attack,A,0,,,
1388,as for scientific evidence for id start with the genetic code,id explains the genetic code the same way we explain a computer code,0,Attack,A,1,,,
1898, yes evolution has hard scientific fact and the creationists put all of their faith in a book that is supposed to be the word of god but it was written by people, none of the things that people put forward as evidence of a god are evidence for a specific religion,1,Support,A,0,,,
872,UKIP want to get us out of the EU to make the British people much worse off then they already are.,"He also warned that if a proposed referendum led to the UK leaving the EU, there would be dire consequences for the country's global influence.",1,Support,A,0,,,
2123,creation scientists read the sedimentary record of the placement of strata as evidence of the great flood while evo scientists read the same evidence very differently as evidence of an old earth,and creationists who can not tell the difference between cats and nuclear reactors do not understand fluid mechanics,0,Attack,A,1,,,
1510,stop eating at creationists heads and settle down a tad,it is not entirely clear to me who you are inditing for being rude so i wont attempt to defend them,0,Attack,A,1,,,
2577,animal kingdom is better than the town and winters bonei have just seen animal kingdom and wow what an awesome movie it was,it certainly is and its a crime this didnt get a bigger push i think mainstream audiences would have loved it easily one of the best films of the year,1,Support,A,0,,,
1069,the di is correct to point out that a lack of merit of id should not be confused with its religious implications however the combinations of its religious foundations with a lack of scientific content provides a strong argument against id having merit scientifically and delegates it to the realm of theology,but i think you dont realize the importance of your concession that the di is correct to point out that a lack of merit of id should not be confused with its religious implications,1,Support,A,1,,,
2522,We should negotiate with terrorists,Negotiations cannot take place while innocents are being threatened,0,Attack,A,1,,,
525,"In UKIP, we have a new political force which looks likely to poll very well in a national election on thursday.","More people were considering voting for UKIP at a general election than ever before, he suggested, and this current poll surge was different from previous spikes in support which were linked to European elections.",1,Support,A,0,,,
1197,richard dawkins and victor stenger argue that the existence of a creative superintelligence or god are scientific questions,the first point stressed in my college biology class was in fact that we as scientists cannot ascribe purpose to chemical and biological functions,0,Attack,A,1,,,
2000, there are documented cases of specific species adapting over time, i think  the case against evolution is wrong and misinformed,1,Support,A,1,,,
362,"If UKIP do hold the balance of power and get into government, their only condition will be an in/out EU referendum.",The EU is no longer an academic debate because it's affecting people in their everyday lives.,1,Support,A,1,,,
765,"UKIP is a not a real party, with a clear global ideology and vision addressing all aspects of society: it is focusing on a handful of issues (all centered around membership in the EU and migrants), mostly ignoring global financial issues, health, education, security etc.",Mr Farage has successfully broadened UKIP's appeal away from Europe.,0,Attack,A,1,,,
1638,i dont see what is so hard about it,your stating what you believe not what can be demonstrated scientifically,0,Attack,A,1,,,
1479,sologosi dont believe that there is a significant controversy about the concept of natural selection,pvmcool now the claim is the arrival of variation,0,Attack,A,1,,,
2624,the themes and the dark tragedy to life wrapped around a child is so realistic to how kids are raised now it is truly amazing and a feat to behold to see,i found del toros attempts to blend fantasy and reality to be quite ham fisted and lazy,0,Attack,A,1,,,
2235,carefully think about this statement christianity is based upon the essential beliefs that god is allpowerful man is fallen and in need of redemption,well there is a little more to it than that but agreed,1,Support,A,0,,,
1614,have you been to the icr facility to watch their presentationicr teaches hilarious nonsense,are they any less a scientist because they use   science   and their   education   to prove that evolution is falsethey are not scientists because their evidence is false,1,Support,A,1,,,
1195,fxl wrote so why arent physicists saying gravity is as well established as the theory of   evolution  it  is obvious isnt it i hope not to be too snarky but the pope finally got around to admitting that  galileo was correct in teaching that the earth revolved around the sun get the gravity connection,it is obvious isnt it i hope not to be too snarky but the pope finally got around to admitting that galileo was correct in teaching that the earth revolved around the sun get the gravity connection,0,Attack,A,0,,,
175,Hopefully we will see our first UKIP MP before the general elections next year.,He said UKIP was the real party of law and order and he vowed to continue campaigning for them.,1,Support,A,0,,,
2279,high vehicle cost,that is only a short term problem these vehicles will get cheaper in time,0,Attack,A,1,,,
759,"UKIP will lead the UK to independence from the oppressive EU, which is the only chance Britain has at restoring its former glory.","UKIP defied the odds again at last year's European elections, beating Labour into third place, much to the dismay of those, on the left and right, who had written the party off as a busted flush.",1,Support,A,0,,,
2379,yes marihuana does much less harm if at all to the human body than cigarettes ,indeed it is hypocritical to criminalise marihuana while alcohol etc are perfectly acceptable,1,Support,A,0,,,
1397, i have been a christian most of my life and the ten years i lived outside the community was hell on earth,poblic schools are not to promote   religion  ,1,Support,A,0,,,
1292,caseyeven the widelytouted theistic evolutionary biologist kenneth miller has claimed in five editions of his popular high school biology textbooks that the implication of evolution is that it works without either plan or purpose and is random and undirected,pandasthumb also explored these accusations    httpwww,1,Support,A,0,,,
442,UKIP's proposals on membership in the EU and migrants are at best purely demagogic: they do not take into account facts and more general issues.,UKIP says it is campaigning on a pro democracy message - aiming to rejuvenate local politics.,0,Attack,A,1,,,
222,"On voting day, this week the vast majority of the British public will not vote for UKIP.","At the 2010 general election,  support dwindled to 3.1% and UKIP did not win a Westminster seat.",1,Support,A,0,,,
1900, theres no rational reason to accept creationism its simply empty claims with no evidence it has no predictive powers it cannot explain what we see in nature and it introduces a level of complexity with no explanation requiring mindless faith, the prospect of creationism is pretty absurd,1,Support,A,0,,,
1829,although i firmly believe in evolution it is only a theory and even though theories have evidence and are backed up with facts they are not  true and can probably never really be proven like the big bang theory,why is it more reasonable to conclude common descent rather than common design from the similarity we see among species,1,Support,A,1,,,
1504,   httpwww,i am not welcome at ucd a site which takes pride in ignorance over arguments,0,Attack,A,0,,,
2650,i turned this movie off halfway through because i was bored out of my skull then i come here and its got a high rating granted its got a good storyline good acting nice cinematography but somehow still managed to bore me to tears,oh no i have seen the whole movie multiple times definitely a film i will not get tired of any time soon,0,Attack,A,1,,,
2012, i dont attempt to defend either intelligent design or creationism, b tr  tr valigntop ,1,Support,A,0,,,
649,"Arguably, UKIP & co. aspire to destroy the culture created in Europe after WWII, which has been based on openness, free travel, migration and cross-geographic access to goods and labour markets.","I was delighted to cast my vote for [UKIP leader] Nigel Farage's team in Sussex, where I live, said Lynam.",0,Attack,A,1,,,
377,"UKIP are just another bunch of freeloaders, using peoples fears and prejudice to gain votes so that they can get their snouts into the trough.","I think UKIP is a party that is really on the up, now that we have got the positive bit between our teeth, we are really going to go places.",0,Attack,A,1,,,
1667,does the bible state that the world was created in six days,what do you think,0,Attack,A,0,,,
1201,island referenced a  article however science does proceed and indeedabstract we apply the recently defined multipole vector framework to the frequencyspecific firstyear wmap sky maps estimating the lowl multipole coefficients from the highlatitude sky by means of a power equalization filter,   httpwww,1,Support,A,0,,,
2303,i do not think any eu citizen should have the right to vote in other eu countries because most people do not understand or know enough about other countries,i think the same argument could be made about peoples own countries though,0,Attack,A,0,,,
1591,very interesting summary,most of those heavy gasses were filtered out of the atmosphere before life had even emerged and the atmosphere was changed to oxygen long before plants evolved,1,Support,A,0,,,
1041,specifically the theory predicts that we will find large amounts of specified complexity in natural objects,i am an experimental scientist,1,Support,A,0,,,
2510,I believe that opinion polls harm the democratic process,Opinion polls can lead to tactical voting which may have unintended outcomes,1,Support,A,0,,,
2401,We should ban religious symbols in public buildings,Religious symbols are personal therefore they should not matter to others,0,Attack,A,1,,,
1651,the bible is true because the bible says so is incredibly juvenile logic,everything i say is correct regardless of logic or evidence that attempts to prove me wrong,1,Support,A,1,,,
616,"If UKIP don't like being smeared, then they need to stop smearing, stigmatising, and fear mongering about others.","It has rejected claims by cabinet minister Ken Clarke and others that it is simply against foreigners, arguing that it is in favour of a sensible managed migration policy, something Mr Farage argues is not possible while Britain remains in the EU.",0,Attack,A,1,,,
1358,lets just cut to the chase id does not perform any empirical and statistical verifications at best they could perform statistical falsifications of a particular scientific hypothesis but even the simplest hypotheses are not easily captured in statistics and thus id has found that most examples of supposedly designed systems cannot really be tested using id methodology,pvmfirst of all the judge observed that the school board was strongly motivated by religious beliefs and the fact that they believed that id presented a scientific hypothesis and thus a valid secular purpose was their downfall ,0,Attack,A,1,,,
1451,jimfinally i just want to say that it appears to me that statements made against id and their proponents  made by others not you  regarding id has been so emotionally charged it makes me feel their judgment is affected,or that evolution is a process involving randomness and natural selection,1,Support,A,0,,,
2596,i read the book which is subtle philosophical and nuanced at the beginning of the year and last night i watched the dvd of this film what utter rubbish the film is a boring sweary standard thriller,this film is a masterpiece it pains me that you consider it a mere simplistic thriller maybe you should watch it again a good five years from now,0,Attack,A,1,,,
1150,im not a cell expert but lets expand out to the human body,im not a cell expert either and understanding what behe wrote in his argument doesnt require it because he didnt say anything except cellular machinery is complex therefore it must be designed,0,Attack,A,1,,,
2136,you did not ask for a quote which says we should ban guns and you posed the question to anti gunners you did not ask for anti gun comments,so if you quoted ted kennedy when he said to his wife in an event that was not even publicized good morning sweetie that would be an answer,0,Attack,A,1,,,
1491,why should god be directly implicated when it looks like a duck smells like a duck walks like a duck,fxl insists that just because god is absent from the book that it therefor could not have been based on creationism even though it defined creationism to be in line with its predecessors and later renamed the term to read design,0,Attack,A,1,,,
2455,All nations have a right to nuclear weapons,Nuclear weapons give states valuable agendasetting power on the international stage,1,Support,A,0,,,
486,UKIP doesn't need to win power to force the changes people want.,A ComRes survey for BBC One's Sunday Politics found 22% of Tory local councillors supported a pact with the UKIP.,1,Support,A,1,,,
1258,the eonic website claims erroneouslythe one thing darwinists dont want to find is such a nonrandom pattern anywhere,secrets of the genome january   by john c,1,Support,A,0,,,
1011,just as advances in genetic and protein research and mathematics are enabling us to understand and explain how evolution works a growing number of our society are rejecting science in favor of myth and fake science,i really have to give the antiiders credit you have a lot of faith,0,Attack,A,0,,,
990,science can never conclusively prove that there is no god unless proof of another   god   is somehow found,  intelligent design does have merit,0,Attack,A,1,,,
1744,it is only the closest science can come to explaining the origin of human existence and how things developed over timeyes,so would you say that the those in the bible lied about jesus doing miracles and god showing himself through signs or etc,1,Support,A,1,,,
2192,probably bought with our taxpayer dollars and that is why jimmie carter got awarded one too,i think you are on to some thing there,1,Support,A,0,,,
2040, wrong  evolution is probably the most supported theory in biology  its withstood considerable scrutiny for the past  years and is as strong as ever, if your trying to find evidence in the bible your right,1,Support,A,1,,,
878,"Even a UKIP European candidate, Janice Atkinson, another ex-Tory, admits leaving the EU would be problematic.",But UKIP said leaving the EU was the only way to fully take control of the UK's borders.,0,Attack,A,1,,,
1664,as a prisoner,i have found that most web sights about religion and   evolution   are bunk and are promoted by an agenda not open to reason,1,Support,A,0,,,
2054,what is a repeatable experiment is made meaningless,what does this have to do with what you started out with can you not at least pick a topic and stick with it,0,Attack,A,1,,,
2630,as far as acting and cinematography go this film was great but the content and plot were horrible,i respect your opinion but i feel like every reason you give is missing the point completely,0,Attack,A,1,,,
618,"I think Farage makes a much better leader than any of the other parties, he's full of enthusiasm and is not a PR man like the current leaders of the 3 main parties.",For Nigel Farage convincing his fiercest critics among UKIP's members and its estranged onetime supporters that he remains the right man to lead the party may be difficult.,0,Attack,A,1,,,
488,"If UKIP don't like being smeared, then they need to stop smearing, stigmatising, and fear mongering about others.",It comes two weeks after she accused the UKIP leader of bullying and being anti-women and a Stalinist and threatened to leave the party.,1,Support,A,1,,,
986,im hardly the authority for all the great questions in life,that one is from isaiah ,1,Support,A,1,,,
1368,robert crowtherlike modern evolutionary theory there is more than just one side to the debate,here is the response to irons which was also published in the montana law review,0,Attack,A,0,,,
50,"Even a UKIP European candidate, Janice Atkinson, another ex-Tory, admits leaving the EU would be problematic.",But immigration has also been an issue and UKIP sees the EU question being at the heart of it.,0,Attack,A,0,,,
1692,one thing for sure time was and continues to be passing differently in different parts of the universe,but what have ancient scriptures ultimately proven,1,Support,A,1,,,
1072,in arguing for the existence of god dr,of course id has to move from its position of ignorance to a position which allows it to be fully reconcilable with science namely by arguing a position of front loading which moves the design event to coincide with the big bang,1,Support,A,0,,,
325,"The momentum is with UKIP; Labour, Conservative and Liberal areas are all now vulnerable to them. ",I want to campaign for Britain to break free from the EU and UKIP are the party to do it.,1,Support,A,0,,,
924,archfilejockey quoted kent hovind as saying asking an atheist why he cant find god is like asking a thief why he cant find a police officer,einsteins quotes are not supportive of id he was talking about the fabric of the universe not the means by which species evolve,1,Support,A,1,,,
141,"As far as immigration is concerned all Ukip want is a level playing field for non EU migrants and to control the numbers so, if anything, Ukip are too soft on immigration.",Eurosceptic UKIP's success in the local elections has renewed pressure on David Cameron to hold an in-out referendum.,1,Support,A,0,,,
906,schools should not teach theories that are completely at odds with each other,because students are impressionable if you teach them the literal truth of genesis as science they may well believe you,1,Support,A,0,,,
2178,concepts do not come from somewhere they are not physical entities and do not have physical properties such as locations beginnings or ends they do not require a creator physical the universe or imaginary god,this is my thinking exactly,1,Support,A,0,,,
1625, do you read books other than those produced by humanists just askingi am not a biblical scholar so i had to look for this but according to the catholic encyclopedia article on the canon of the new testament the idea of a complete and clearcut canon of the new testament existing from the beginning that is from apostolic times has no foundation in history,andrew holt heres my take on your question,0,Attack,A,0,,,
1473,but most of it seems to be in the responsesuch as  because the ncse thinks science should be a voting contestthats just plain silly its the dissent from darwinism which attempts to create a controversy where there is none,i do not wish to begin to defend the di as i am not familiar enough with their theory,0,Attack,A,0,,,
2594,i read the book which is subtle philosophical and nuanced at the beginning of the year and last night i watched the dvd of this film what utter rubbish the film is a boring sweary standard thriller,sadly yes it just became a standard thriller,1,Support,A,0,,,
1419,today one of the fundamental goals of scientists studying the theory of   evolution   is to figure out how life on earth began,the origins of life are the focus of a great deal of study but it focuses more on biochemistry then   evolutionary biology   as there was nothing to evolve before the first cells existed,0,Attack,A,1,,,
502,"The problem with popularism but no substance, like UKIP represent, is that it just results in things getting worse and worse.","UKIP appears to have struck a chord with many voters on the issue of immigration, campaigning against the relaxation of working restrictions on Bulgarians and Romanians due to come into force in January.",0,Attack,A,1,,,
1134,prototypic should read phenotypic,as much as behes somewhat misleadingyet when lenski tracked down the mutations they tended to be degradative changes ones which destroyed genes or made them less efficient,1,Support,A,0,,,
2044, it is only belief, youre right there isnt a shred of positive evidence for creationism and creationists dont even try,1,Support,A,0,,,
1892,your right,so what is the difference in saying god is nothing and there is no god and god is nonexistent there is no difference all of the above statements have the same meaning,0,Attack,A,0,,,
1200,islandthe wmap anamoly indicates that we are at the center of the universe   httpcerncourier,island referenced a  article however science does proceed and indeedabstract we apply the recently defined multipole vector framework to the frequencyspecific firstyear wmap sky maps estimating the lowl multipole coefficients from the highlatitude sky by means of a power equalization filter,1,Support,A,1,,,
251,I'm no fan of UKIP but well done to them for initiating a much needed shake up of British politics.,"Mr Wheeler previously made a donation to UKIP - which wants the UK to leave the European Union - in the run-up to the 2009 European elections, saying that they are driving needed change.",1,Support,A,0,,,
559,"ukip's policies on health, education, taxation and all the things that affect peoples lives are non-existent.","Here is how I see it - immigration, welfare and education are totally linked.",0,Attack,A,1,,,
1945, yes the theory of evolution is wrong it got popular when darwin wrote the book the origin of species but later on many scientists proved from several experiments that it is an incorrect theory, there is no scientist can give strong evidence to support evolution,0,Attack,A,0,,,
1400,why dont you tell meare they needed to for   health   and safety of the country,the  commandments are not the sole source of morality,0,Attack,A,1,,,
1919, the evidence has it, and the reason why there are so many species that arent on this planet any longer,1,Support,A,0,,,
992,jumpstart helps us understand the eliminative nature of idit is difficult even improbable to imagine how such a process could happen without being jump started,how did life begin ,0,Attack,A,0,,,
880,teaching evolution exclusively is dangerous to science and reason, creationism is scientifically testable,1,Support,A,1,,,
2200,come on it is andy schlafly what do you expect from the spawn of phyllis,oh that explains a lot i actually forgot who she was had to google the name,1,Support,A,0,,,
2292,it is far too expensive,other phones are more expensive,0,Attack,A,1,,,
2431,European Parliament elections should involve only one voting district all of Europe and not separate country seats,This avoids the real questions about the European Parliament,0,Attack,A,1,,,
1256,may as well get to work on it,landonevolutionary science may have progressed but it has not explained the evolution of man or history,1,Support,A,1,,,
1518,just because id claims that it is scientifically relevant and in fact can lead to affect research directions does not mean that their claims are accurate and truthful especially given the simple fact that in the last  years id has failed to show much of any example that supports their claims,it is entirely misleading to imply that academic freedom is gives license to present nonscience like idthese academic freedom bills which typically work in conjunction with the science standards are written to strictly prohibit the teaching of religion creationism creation science creation facts and id,1,Support,A,1,,,
1487,the smoking guns are well established,jon buell the president of the foundation for thought and ethics testified in court enjoyby mr,0,Attack,A,0,,,
307,"I think Farage makes a much better leader than any of the other parties, he's full of enthusiasm and is not a PR man like the current leaders of the 3 main parties.",Mention Farage and the facial expression you're met with is one of crumpled disgust.,0,Attack,A,1,,,
2120,evolutionists say that certain animals in a population are genetically superior than others and these genetic superiors are more successful breeders,sometimes the state of the education system in the usa makes me cry,0,Attack,A,0,,,
1078,should we just reject the bigbang as being unscientific since it would require a supernatural cause according to the nd premise you list is the best you can really come up with is who designed the designer,why would consideration of the designer necessarily introduce religious discussions about theological questions clearly it is because his concept of the designer is a supernatural onewhich was exactly what i was arguing,1,Support,A,1,,,
580,UKIP's sole aim at the general election is to get a smallish number of MPs elected but enough to hold the balance of power and do a deal with the Tories.,"Foreign Secretary William Hague has meanwhile ruled out an electoral pact with UKIP, after a BBC poll suggested nearly 25% of Conservative councillors were in favour of such a deal.",0,Attack,A,1,,,
533,"It feels like UKIP is anti most things and base their politics on this: Anti-aid, Anti-immigrant – at times even anti-politics; it is therefore difficult to understand what they actually stand for and want to work towards.","He also warned that if a proposed referendum led to the UK leaving the EU, there would be dire consequences for the country's global influence.",1,Support,A,0,,,
1467,jimremember the question we are addressing is does id have merit i have explained why i think it does,but its more than we dont understand thus designed,0,Attack,A,1,,,
1257,landonevolutionary science may have progressed but it has not explained the evolution of man or history,the eonic website claims erroneouslythe one thing darwinists dont want to find is such a nonrandom pattern anywhere,1,Support,A,1,,,
1757,i really feel sorry for you,the history of the bible including its compilation by the early church is quite well known,1,Support,A,0,,,
288,"Arguably, UKIP & co. aspire to destroy the culture created in Europe after WWII, which has been based on openness, free travel, migration and cross-geographic access to goods and labour markets.","UKIP has a simple, understandable message, which has led to the party gaining bigger shares of the votes in European elections.",0,Attack,A,0,,,
1768,genesis  and  say and there was evening and there was morning a sixth day,i can see how it would be interpreted as a contradiction,0,Attack,A,0,,,
2073,with all the debt obama has generated for our nation he deserves to be filibustered into the ground ,which planet in your parallel uni haverse did this happen on you should stick to topics on which you know something,0,Attack,A,0,,,
1751,youve got it right,what does random premarital sex lead toa number of possible outcomes based on a number of factors,0,Attack,A,0,,,
421,A forensic examination of UKIP's policies would nail once and for all the Establishment lie that they're a bunch of swivel-eyed racists.,Farage told the BBC the Conservatives were virtually indistinguishable from Labour and the Lib Dems on many issues and that UKIP was offering a real alternative.,1,Support,A,0,,,
1774,i agree with your definition of ignorance but i feel that ignorance crosses into stupidity when those who are ignorant but have the means to inform themselves fail to do so,yeah thats kinda true,0,Attack,A,0,,,
835,UKIP want to get us out of the EU to make the British people much worse off then they already are.,But UKIP said leaving the EU was the only way to fully take control of the UK's borders.,0,Attack,A,1,,,
1870,mutation and natural selection are the two driving forces behind evolution,the bacteria mutated,0,Attack,A,0,,,
1968, can we get one thing straight, the simplest way to prove it is this,1,Support,A,0,,,
1861,aristotle socrates and plato,that if you look into all beliefs and theories you will find a flawthis is very true for almost all theories,1,Support,A,0,,,
514,"UKIP don't lecture, they try to represent the people, which is why they are doing so well.","UKIP appears to have struck a chord with many voters on the issue of immigration, campaigning against the relaxation of working restrictions on Bulgarians and Romanians due to come into force in January.",1,Support,A,0,,,
1931, evolutionist say we were boiling outerspace for a billion years in soup then bang we have earth                               retarted                 if evolution is real how come we cant take monkeys with us on airplanes   supposedly we evolved out of animals, i believe in evolution evolution is the mechanism that some species of animals and plants use to adapt to certain circumstances do to the change,1,Support,A,1,,,
1805,ive studied a lot of biology and to me evolution has indeed been proved,maths is the only branch of science that offers  proof of its arguments,1,Support,A,1,,,
1958, did you really just say that no scientist can support evolution  the theory of evolution came about from scientific discovery so your statement makes hardly any sense, evolution is the real deal,1,Support,A,0,,,
2249,awful hotel bad service bad location and very over priced,i did a small search and i found that it is not far from the city centre so that means that the location is not so bad,0,Attack,A,1,,,
877,"The whole UKIP-for-the-working-class narrative is utterly insane since, if we left the EU, the poor would still be competing with cheap foreign labor.",Mr Farage has successfully broadened UKIP's appeal away from Europe.,0,Attack,A,0,,,
761,It is because of UKIP that we are finally discussing the European question and about immigration and thank goodness for that.,Sir Menzies Campbell suggested the government was worried about a political backlash amid public concerns about immigration levels in general.,1,Support,A,1,,,
2133,do you understand something like sociobiology counts as good science if it consists of a body of work produced by people applying scientific methods rigorously,and if id consists of a body of work that you and an established special interest do not like then its not good science,0,Attack,A,1,,,
663,The more the 'mainstream' parties smear and lie about UKIP the more their support rises.,"And with UKIP riding high in national opinion polls and coming second in the recent Eastleigh by-election, Mr Farage predicted his party would win seats in each of the 34 councils where elections are being held.",1,Support,A,0,,,
1289,i recommend this bookgod in the foxhole by charles sasser not that youll read it but hey its worth a try,in case you didnt see it their was an atheist or two in those foxholes but not for very long hahahasounds like a collection of anecdotal stories made by a biased source,0,Attack,A,1,,,
121,Ukip are doing well for the very simple reason folk have at last realized that they are being lied to by LibLabCon and now have somewhere else to go.,"Voters appear restive, often reluctant to support the larger parties.",1,Support,A,0,,,
1325,tjlook what happened to richard stenburg when he had the courage to allow an id piece get published scientists and his peers jumped all over him,yes you are right,0,Attack,A,0,,,
1156,i think behe has made the case for obviousdesign within the cell and i dont think you will findanyone who could put it any more clear,ok whatever dude,0,Attack,A,0,,,
1609,the argument youre making would make sense if we could all just go up to god and ask hey is this true and god could give his answer directly to anyone who asked,this is so because it has been proven,1,Support,A,1,,,
1170,intelligent design works off positive predictions about where experience tells us that   intelligent design   is the cause at work,meaningless nonsense of course,0,Attack,A,1,,,
2075,the only stupid question is the unasked one,and many of the questions that creationists ask,0,Attack,A,1,,,
345,"Much of UKIP's meteoric rise has to do with political correctness, and the fact that ordinary people are sick of it.",He said he had been impressed by David Cameron's leadership while UKIP was beset by internal fighting and was not a credible political force.,0,Attack,A,1,,,
2540,We should allow voting at 16 in European Parliament elections,EU elections would put young people off voting,0,Attack,A,1,,,
2626,as far as acting and cinematography go this film was great but the content and plot were horrible,it was not made to be just a family movie it was also meant to be serious movie with a mix of realism and fantasy combined for mature viewers most specially that what makes the movie special,0,Attack,A,1,,,
348,"I don't see UKIP as being far right, they're just further right than the rest who have congregated arund the middle ground.",Early results show many voters seem to be turning away from the three main political parties and flocking to UKIP and the Greens.,1,Support,A,0,,,
1090,i am always tickled by claims of id advocates that darwinism stifles inquiry and that only id creationism will break the shackles that darwinism puts on the mind that id creationism will open avenues of insight into practically everything,it also means that scientists who hold legitimate scientific views deserve to be heard even if their views differ from the consensus,1,Support,A,1,,,
2368,apple no comparison there excellent quality longevity of hardware amazing support,also much smaller decrease in value over time compared to other laptops,1,Support,A,0,,,
2406,I prefer trade to aid,Trade is a longterm basis for international cooperation,1,Support,A,0,,,
2538,We should allow voting at 16 in European Parliament elections,This would be a slippery slope to forcing all countries to allow the vote at sixteen for all votes,0,Attack,A,1,,,
1084,needless to say even id proponents have come to realize that id is lacking scientifically speakingfor instance young earth creationist philosopher and id proponent paul nelson is on the record as saying easily the biggest challenge facing the id community is to develop a fullfledged theory of biological design,this post by casey luskin graphically illustrates why intelligent design is not science,1,Support,A,0,,,
2544,We should force think tanks to reveal all of their sources for resource funding,Legally requiring disclosure from all benefits think tanks,1,Support,A,0,,,
680,If anyone seriously thinks that UKIP will offer some kind of answer to our current problems then I think that they are going to be sadly disappointed.,UKIP has evolved over the two decades since it was created from an anti-EU pressure group into a fully fledged party which has now proved that it can succeed beyond European elections.,0,Attack,A,1,,,
234,"I and many others will be voting UKIP not because of a handful of people that have said stupid things, it will be because I identify and agree with their overarching principles.",Eurosceptic Paul Sykes said UKIP was the last best hope for Britain and he would help fund its election campaign.,1,Support,A,0,,,
1031,in order to better understand intelligent design it is important to appreciate how it abuses and conflates terminologies,how does science explain information in life versus intelligent design proponents and why do id proponents misrepresent science when describing for instance neodarwinismcasey luskin writesproponents of neodarwinism contend that the information in life arose via purposeless blind and unguided processes,1,Support,A,0,,,
379,Big business will not support UKIP given the devastation that withdrawal from the EU would cause.,"Ms Dorries said many executives had huge empathy with UKIP, whose poll ratings have risen recently.",0,Attack,A,1,,,
2111,i have not studied evolution according to your way of thinking,really what a surprise so tell me if you do not know what it is or how it works how do you know that you are opposed to it,0,Attack,A,1,,,
677,UKIP doesn't need to win power to force the changes people want.,"According to the Daily Telegraph, Mr Farage suggested to Mr Murdoch at the meal that he would form an electoral pact with the Conservatives if David Cameron stood down as leader.",1,Support,A,0,,,
357,UKIP and the Greens are the only parties to date that haven't screwed us all over.,"In contrast, the Conservatives have seen their membership levels fall.",1,Support,A,0,,,
561,UKIP are the only party willing to have a sensible open debate on the key issues affecting the country. ,The group suggest that within five years UKIP will have more members than the Tories at the current rate of attrition.,1,Support,A,0,,,
14,"UKIP are a fairly right wing group as I'm sure will become clear when they actually produce some policies other than the ""its all the eu's"" fault.","UKIP are probably a flash in the pan and they are a protest vote for disaffected voters who think Tories aren't right wing enough, Green activist Andrew Murray tells me.",1,Support,A,1,,,
2132,i wonder if you would think differently if those two guys got away raped your wife killed your kids burned your house and you somehow knew that they could have been stopped back in texas,dreaming up imaginary what if situations does not prove anything,0,Attack,A,1,,,
1453,or that evolution is a process involving randomness and natural selection,you give interesting and complex answers,0,Attack,A,0,,,
371,"The greens and ukip provide encouragement for labour and conservatives alike to address some issues people care about, albeit only lip service to retain votes mainly.",But Conservative Party chairman Grant Shapps categorically ruled out a deal with UKIP.,0,Attack,A,1,,,
748,UKIP are blatantly disregarding the possibility of man made climate change.,"Mr Farage was challenged on a number of issues - including the party's attitude towards climate change, maternity leave and small businesses, diversity in the party and the European Union.",1,Support,A,0,,,
1637,one of the major problems that we all have in fact its the same problem adam and eve had in the garden of eden is that we tend to start from outside gods word and then go to what god has written in the bible orin adams casewhat god forbade him to do to try to interpret it on the basis of our own preset ideas,i dont see what is so hard about it,0,Attack,A,1,,,
933,naming two well known id proponents does not a citation make to support pvms twisted version of id arguments,seems highlander was somewhat quick in his response as i am more than willing to support my claims,0,Attack,A,0,,,
1530,your friend pvm gave out in this discussion  httpwww,um this thread is months old and no one is reading it,0,Attack,A,1,,,
459,"Arguably, UKIP & co. aspire to destroy the culture created in Europe after WWII, which has been based on openness, free travel, migration and cross-geographic access to goods and labour markets.",You all think euroscepticism is a right-wing view - it is not.,0,Attack,A,1,,,
216,If UKIP is really the best our country can do for an alternative then we are all doomed.,A UKIP candidate in Somerset was suspended from the party on Tuesday after a photo of him apparently making a Nazi-style salute appeared on his Facebook page.,1,Support,A,1,,,
515,UKIP are in no way a single issue party and if Labour or the Conservatives were to give us a referendum UKIP would still have a full manifesto that would attract many voters.,"But it is also one which means people often dismiss it as a single issue party, unlikely to become a force in Westminster politics.",0,Attack,A,1,,,
18,If UKIP is really the best our country can do for an alternative then we are all doomed.,UKIP Oxfordshire councillor David Silvester was suspended recently after he said in an interview that changing the law to allow gay people to marry had caused floods.,1,Support,A,1,,,
1995, people who believe that god created the earth keep saying that they got this from the bible, i believe in evolution,1,Support,A,0,,,
1167,who decides if an arrangement of parts is purposeful what does purposeful really mean in that statement do the parts have purposeif there is some form of synergy in the arrangement then yes that would be purposeful,we detect design by looking for the telltale signs that an intelligent agent acted,0,Attack,A,1,,,
1732,in genesis we have no reason to believe that one day meant any more than one day today,in genesis we have no reason to believe that one day meant any more than one day today,0,Attack,A,0,,,
2627,as far as acting and cinematography go this film was great but the content and plot were horrible,yes this movie was pretty bad,1,Support,A,0,,,
1427,that in no way describes the current theories about how life began,so would you like to give a better explanation on what current ool theories exist this is definitely a subject in origins debate that interests me most,0,Attack,A,0,,,
1586,there are two possibilities about the origin of the universe it blinked into existence,read genesis chapter ,0,Attack,A,1,,,
1151,im not a cell expert either and understanding what behe wrote in his argument doesnt require it because he didnt say anything except cellular machinery is complex therefore it must be designed,but dont try to lead me astayi wanted to try and lead to the truth from being astrayactually,0,Attack,A,1,,,
2258,limassol no doubt about it it has the most beautiful beaches and the most fun places to visit,i disagree about the most beautiful beaches part,0,Attack,A,1,,,
126,"If you want an insight into just how disorganised UKIP are, go and read what their members, candidates and supporters write on the Telegraph.",The party's campaigning effort has become far more professional and well-funded in the past two years as a result.,0,Attack,A,1,,,
1730,i do believe the world was created in  days,are we really arrogant enough to think that a day to us equals a day to god the thing is the bible never says how long a day is,0,Attack,A,1,,,
2357,electric vehicles,low co emissions ,1,Support,A,0,,,
516,"I suspect the main reason a new Left party hasn't emerged with similar prominence to UKIP is because UK politics has, like that in the USA, become the plaything of the wealthy.","UKIP appears to have struck a chord with many voters on the issue of immigration, campaigning against the relaxation of working restrictions on Bulgarians and Romanians due to come into force in January.",0,Attack,A,1,,,
1212,is actually quite simple,remember this is about islands claim and carters arguments,1,Support,A,0,,,
689,"No doubt ordinary people are fed up with the behaviour of the Westminster bubble, but the other reason why UKIP is doing well is that they're articulating the concerns of working people, which Tories never do and Labour hasn't done since if fell under the spell of Tony Blair.","UKIP defied the odds again at last year's European elections, beating Labour into third place, much to the dismay of those, on the left and right, who had written the party off as a busted flush.",1,Support,A,1,,,
1840,to each their own as a personal belief i have nothing against those that subscribe to creationism but feel strongly that it does not belong in schools,life consist of nothing but creations,0,Attack,A,0,,,
1391,einsteinit was of course a lie what you read about my religious convictions a lie which is being systematically repeated,i never said anything about einsteins religious convictions,0,Attack,A,1,,,
859,"If UKIP want to retain these voters and attract more in a general election then they need to come up with policies other than ""leave the EU"" and ""its all the immigrants fault"".","In 2006, the lower-key Knapman retired, to be replaced by Nigel Farage, an eye-catching media performer who pledged to make UKIP a truly representative party, ending its image as a single-issue pressure group.",0,Attack,A,1,,,
2514,I believe that opinion polls harm the democratic process,Citizens have a fundamental right to vote on whatever the basis they choose,0,Attack,A,0,,,
857,"Despite you best efforts at pretending otherwise, UKIP are still widely disliked and untrusted by the majority of the population.","Mr Cameron once described UKIP as a party of fruitcakes, loonies and closet racists.",1,Support,A,0,,,
2603,after sitting through this movie i could not fathom why it is rated so high after the clone plot is revealed the movie lacks the grip and mystery altogether,movie has enough grip and mistery all the way through the ending doesnt need a punch the ending needs to end the movie,0,Attack,A,1,,,
1940, on what day did god make the fossils  very simplistic yes it is, in the beginning,1,Support,A,1,,,
2507,The International Criminal Court should be recognised,The ICC fails to prevent atrocities,0,Attack,A,1,,,
1675,the earth is not billions of years old because that would mean your ancient holy book and everything you believe in would be wrongim sorry but this took serious cahones to write as a defense of your beliefs,all aig is showing is that the author of one part of the bible took the author of another part of the bible literally not that either one knew what they were talking about,1,Support,A,1,,,
916,richard dawkins,the proiders claim that id uses scientific method infers design by testing positive predictionsdiscovery institute on id uses scien,1,Support,A,0,,,
1859,this is why i have my doubts about id too but the main premise of it which is why i accept it as probable is still very rational,and i guess those differences bring us right back to the atheist vs,1,Support,A,1,,,
2572,animal kingdom is better than the town and winters bonei have just seen animal kingdom and wow what an awesome movie it was,i completely agree with you its such a shame animal kingdom wont recieve the recognition it deserves during awards season just because it isnt a big hollywood film,1,Support,A,0,,,
2281,hybrid electric vehicle,cost will reduce with scale,0,Attack,A,0,,,
109,The success Ukip had in the european elections will be sufficient to galvanise one or preferably all the other parties to rid us of the EU's political influence.,"And with UKIP riding high in national opinion polls and coming second in the recent Eastleigh by-election, Mr Farage predicted his party would win seats in each of the 34 councils where elections are being held.",1,Support,A,1,,,
1554,ricardo the bible was definitely written as is,its not that cut and dried,1,Support,A,1,,,
538,UKIP's sole aim at the general election is to get a smallish number of MPs elected but enough to hold the balance of power and do a deal with the Tories.,One Conservative MP has suggested his party consider a pact with UKIP at the next election.,1,Support,A,0,,,
2286,nothing is more important than my research time and i just think this is a distraction,but if we get this right we will waste less research time with dodgy students we wish we had rejected at interview,0,Attack,A,1,,,
851,If there are enough Ukip votes it should frighten all the parties sufficiently to make them realise they can't just ignore the electorate.,"Nigel Farage said the prime minister was terrified of losing votes to UKIP, and its rising poll rating and doubted any referendum would take place under the present government.",1,Support,A,0,,,
1157,ok whatever dude,icdesign is suddenly not interested in hearing about science anymore,0,Attack,A,0,,,
907,because students are impressionable if you teach them the literal truth of genesis as science they may well believe you,if creationism should be taught it should not be taught in science classes,1,Support,A,0,,,
1161,i was using your rhetorical question to attempt to get a discussion going,it always devolves to this when talking to id proponents,1,Support,A,0,,,
728,"Ukip has British values, wants to get British industry kick started back to the fore front again, become more self-sufficient.","He also warned that if a proposed referendum led to the UK leaving the EU, there would be dire consequences for the country's global influence.",0,Attack,A,0,,,
1178,but we are not arguing that it is wrong,the theory of   intelligent design   holds that certain features of the universe and of living things are best explained by an intelligent causefine,0,Attack,A,1,,,
2402,We should ban religious symbols in public buildings,If you ban one thing you have to ban lots of things,0,Attack,A,1,,,
2259,no it is athens mate,i like athens but it is definitely not the best,0,Attack,A,1,,,
108,If UKIP is really the best our country can do for an alternative then we are all doomed.,"Deputy Prime Minister Nick Clegg, whose Liberal Democrats oppose a referendum, said leaving altogether would make us less safe because we co-operate in the European Union to go after criminal gangs that cross borders.",1,Support,A,1,,,
659,"The problem with popularism but no substance, like UKIP represent, is that it just results in things getting worse and worse.",I believe that what UKIP is doing is vital for this country.,0,Attack,A,1,,,
565,It's a protest vote because (most) people know that UKIP will never net in power.,"Ahead of May's local elections, Conservative cabinet minister Ken Clarke dismissed UKIP as a protest party and a collection of clowns.",1,Support,A,0,,,
333,I suspect when people do start to focus and the election is close UKIPs incoherent policies will be exposed.,The scale of the UKIP threat will be tested in May's European elections.,0,Attack,A,1,,,
1404,liberals will loose this battle,is good science a liberal theme if you love true science you must be a liberalyou are in good company but remember that good science including evolutionary science knows no boundaries christians republicans democrats and independents all accept the facts of science of course given the historical link between evangelicals and republicans we do observe a stronger lack of understanding of science amongst some who also happen to be republicans but do not confuse cause and effect here,0,Attack,A,1,,,
1688,well once you accept the existence of an all powerful deity then anything is possible,aig decries scientists for making unproven assumptions while making many of their own,1,Support,A,0,,,
2663,after all the attention and awards etc and an imdb rating of  i was so shocked to finally see this film and have it be so bad,i liked it but i did find it quite underwhelming,1,Support,A,0,,,
714,People are not voting for UKIP because of immigration propaganda but because of their direct experience of immigration.,"UKIP's two biggest policy themes - withdrawal from the European Union and the impact of immigration - enjoy a prominence in mainstream political debate never seen before, our correspondent adds.",1,Support,A,0,,,
2470,We should promote democratisation,The immense cost and effort involved in sustaining democracy across the world in countries that are not prepared to fully accept responsibility themselves does not equal the benefits,0,Attack,A,1,,,
2551,Transparency is necessary for security,Transparency is a good in and of itself,1,Support,A,1,,,
1685,aig doesnt believe the geological data,there are some answers in there,1,Support,A,1,,,
1764,first even as a biblebelieving creationist i want to say thanks for bring attention to genesis ,the study of science is intriguing but it shouldnt get in the way of ruling out the creator,0,Attack,A,0,,,
253,"If UKIP have a good general election and manage to take a few seats then that can only benefit Labour, because all of the seats that UKIP can possibly, conceivably win - well they are all Tory seats.","The anti-European Union party is hoping to win the most seats in the contest, building on its strong poll ratings and success in last year's local elections.",1,Support,A,1,,,
1008,that reply was to allogic,and i was just the reverse,1,Support,A,1,,,
383,Many racists and especially xenophobes find the UKIP message appealing.,It is thought to have been one of the factors behind a mass defection of grassroots members to the UK Independence Party (UKIP) in some parts of the country.,1,Support,A,0,,,
744,"UKIP are a fairly right wing group as I'm sure will become clear when they actually produce some policies other than the ""its all the eu's"" fault.",It is not clear how well the eurosceptics will get along - UKIP has said it will not work with the far right parties from France and the Netherlands,0,Attack,A,1,,,
1055,so what using   intelligent design    is the purpose of the appendixid simply predicted that the appendix would have a function,do you know that there is a god youre  on this,0,Attack,A,1,,,
497,"I think Farage makes a much better leader than any of the other parties, he's full of enthusiasm and is not a PR man like the current leaders of the 3 main parties.",And they also seemed very thankful to have the colourful Nigel Farage back as party leader.,1,Support,A,1,,,
2363,undergrads contribute to research,yes and urop is great,1,Support,A,0,,,
757,UKIP language tends to portray the real experiences of UKIP people not the politically correct fantasy construct that too many people on here seem comfortable with.,But Mr Cameron dismissed UKIP's showing as a protest by voters and promised to stay true to his principles.,0,Attack,A,0,,,
434,UKIPs strength is based on ignorance and idiots.,"He said it was proof that UKIP is no longer just a protest party and is broadening its appeal across the country, not just the south of England.",0,Attack,A,1,,,
343,"The People's Army is on the march and UKIP will get Britain back from the Liblabcon, Establishment and MSM political abusers of our country.","Former TV Apprentice Katie Hopkins, from the new I Want a Referendum Party, claimed UKIP talked a lot, but did not deliver, and said her group was looking for cross-party support.",0,Attack,A,1,,,
137,The reason why UKIP has gained so many votes is because the main parties refuse to deal with immigration and the EU.,"He also suggested that UKIP might get its first seats in the UK Parliament at the general election in 2015, and argued it was not just taking votes from the right wing of British politics.",1,Support,A,0,,,
273,The only reason we are even having a sensible debate about Europe are UKIP.,"It is doing the country serious damage because there are large numbers of potential investors in the UK who would bring employment here, who are being warned off because of the uncertainty all of this is creating.",0,Attack,A,1,,,
704,"UKIP specifically targets and stigmatises people from specific nations, mostly eastern Europeans, arguing these comments are ‚Äúfine‚Äù because they only represent national not racial stereotypes. They are being extremely racist with their political approach in a way that may be borderline legal, but definitely not okay.","Mr Dimitrov said UKIP leader Nigel Farage was usually very feeble in presenting solid arguments, suggesting he preferred to engage in propaganda which deviates markedly from the essence of the debate.",1,Support,A,0,,,
2246,indeed walking at a fast pace has the same and probably more benefits than jogging,this could not be more far from the truth because running is more intense the general health benefits are higher within reason more pain is more gain,0,Attack,A,1,,,
1753,i believe that the first chapters of genesis including the ancient history of the hebrew people should be understood within the context of covenant,you skewed whatever argument you were wishing to present by quoting from the cathoic catechism,0,Attack,A,0,,,
834,A strong UKIP vote suggests there's a lot of the British public who aren't on board with the current set-up.,"Over three million jobs in this country, directly or indirectly, depend on us being in the EU, so that is a big choice.",0,Attack,A,1,,,
1929, god created the world we did not evolve from monkeys its in the good book, the evolution that i believe in is not the kind you think,1,Support,A,1,,,
2175,i apologise if i have offended you jason furthermore i must admit that i do not actually own a camel,apology accepted i kind of figured you did not,1,Support,A,0,,,
2269,community is my favourite,not one of my favourites,0,Attack,A,1,,,
1439,you continue to quote dishonest sources,the ncses response to id is that about  scientist dont believe in id and you shouldnt either,0,Attack,A,1,,,
472,"UKIPs main issue has always been the EU, immigration has just been the bit that highlights what a failure the project has been.","UKIP, which has called for withdrawal from the European Union and greater restrictions on immigration, has seen improved poll ratings this year.",1,Support,A,0,,,
74,I think it's far too simplistic to argue all UKIP supporters are racist - there is a real groundswell against the political establishment which over the past 20 years or so has started to converge in terms of image and policies.,Conservative voters instinctively know what the right thing is but unfortunately the Conservative Party doesn't so many dienchanted people ave been flocking to UKIP.,1,Support,A,0,,,
2137,catholics have a different belief the goal is to always save both mother and child if the fetus dies during the attempt to save both then that is what happens for instance with an ectopic pregnancy the goal is not to kill he fetus the goal is to save both mother and fetus,you told me in an earlier post that the mother should die even if they predict the fetus will kill the mother your bible states otherwise,0,Attack,A,1,,,
2280,hybrid electric vehicle,takes too long to charge,0,Attack,A,1,,,
91,"The momentum is definitely with UKIP at the moment, hopefully that will continue with the up and coming by-elections.","And for supporters on the right, UKIP can claim to offer the real deal Conservative cordial, rather than what they see as the diluted squash of coalition.",1,Support,A,0,,,
1943, i feel the need to distinguish between microevolution and macroevolution, yes i believe the theory of evolution is wrong as there are no scientific facts about that,1,Support,A,1,,,
2169,they only need  of the legislature so they will probably get that but if it actually gets to the polls the conservatives took a big hit when they ran around screaming if gays get married society will collapse and we will all be doomed,this will be interesting i am keeping my fingers crossed,1,Support,A,0,,,
2121,nobody refused to treat her the first hospital just flat out misdiagnosed her,they were not insured they could not get in for treatment without insurance both were preventable deaths,0,Attack,A,1,,,
2573,animal kingdom is better than the town and winters bonei have just seen animal kingdom and wow what an awesome movie it was,animal kingdom is easily the best film ive seen this year and i see anything worth seeing and certainly one of my personal favourites,1,Support,A,0,,,
241,"I agree with UKIP on the EU, but the rest of their policies are dangerous right wing bile.",Some have also suggested that UKIP may appeal to disaffected BNP voters.,1,Support,A,0,,,
1592,most of those heavy gasses were filtered out of the atmosphere before life had even emerged and the atmosphere was changed to oxygen long before plants evolved,i had always been taught it was the plants,1,Support,A,1,,,
1894,zingo he can be taught i know that there is no difference between those statements,aithiesm constitutes that nothing created the universe,0,Attack,A,0,,,
2113,well at least your name is right on,your ignorance is showing concerning both history and anthropology,0,Attack,A,0,,,
223,Cameron had it right and UKIP could tip the balance towards Labour in the crucial marginal seats in the GE where the battle will take place .,"UKIP is getting itself now into a position in some of the marginals where it is a serious contender to win seats in Parliament, and not just split them.",1,Support,A,1,,,
508,"If UKIP want to retain these voters and attract more in a general election then they need to come up with policies other than ""leave the EU"" and ""its all the immigrants fault"".","The charge put by its deputy leader David Campbell Bannerman when he defected to the Conservatives in the wake of the May elections was that UKIP remained, at heart, a single issue pressure group.",1,Support,A,0,,,
1143,design is recognized in the purposeful arrangement of parts storms  tornadoes hurricanes etc,im sorry but this argument of design is apparent not real always make me scratch my head in bewilderment,0,Attack,A,1,,,
1254,ps including creationism as a n option and stopping hypnosis on students would bring up their iqs immediately if we include   creationism   we should include all the creationist stories,just when you think you have seen and heard it all the landons  eonic effect pops up again,1,Support,A,0,,,
828,UKIP is a vessel through which a protest is being delivered. ,But there are signs UKIP is starting to pick up the sort of protest votes that traditionally go to the Liberal Democrats - as well as benefiting from a slump in support for the British National Party.,1,Support,A,1,,,
2242,super mario kart it is one of the most fun games i have played in my life ,super mario brothers is by far the best in my opinion more levels more fun,0,Attack,A,1,,,
29,Intellectually I rate Farage much higher than Cameron; he has a very sharp and quick wit and is an excellent public speaker.,"Natalie Bennett gave him a name check in her speech, dismissing Mr Farage as just waving a pint and a cigarette and grinning.",0,Attack,A,1,,,
803,"In fact, all UKIP seems to talk about now is withdrawl from the EU without any genuine policy around UK's domestic economy.","It is also one which means people often dismiss it as a single issue party, unlikely to become a force in Westminster politics.",1,Support,A,0,,,
2078,i have cited several pieces of evidence that prove you wrong you just wish to ignore them as you do everything that contridicts your belief,you have not proven anything all you have done is spew your same old which ignores what i actually say and reinterprets it to mean what you want it to say,0,Attack,A,1,,,
973,first i believe that religion is manmade as are christ buddha mohammed et al,ask yourself this if the universe is expanding what happens when that expansion ceases my answer is that it cant be random,0,Attack,A,1,,,
837,"UKIP will lead the UK to independence from the oppressive EU, which is the only chance Britain has at restoring its former glory.","In contrast, the Liberal Democrat's Bill Newton Dunn quit the Tories in protest at its increasing hostility to Europe.",0,Attack,A,1,,,
2477,We should create a United Nations standing army,A United Nations standing army renders the United Nations a de facto state but without a territory or a population,0,Attack,A,1,,,
701,"The sooner we are out of the EU, the sooner we can start making this country great again.",Lord Pearson said he hoped the results would increase pressure for a referendum on EU membership.,1,Support,A,0,,,
783,It is because of UKIP that we are finally discussing the European question and about immigration and thank goodness for that.,"UKIP had increased its vote by 50% in the general election and had many exciting plans for the future, he said, but it was time for a younger leader to show how liberating and enriching life would be outside the EU, saying he was confident one would emerge.",1,Support,A,0,,,
2033, evolution is still happening, sorry but this is not an opinion,1,Support,A,1,,,
303,The current smear strategy against UKIP is not pulling people back but pushing them towards UKIP and if this carries on then things are going to be a lot tighter by the time the general election comes.,"There needs to be a clearer narrative on immigration, stressing not only the need to restrict numbers, but also to determine which individuals, with what skills, enter our country, as UKIP proposes.",1,Support,A,0,,,
564,UKIP are not a single issue party anymore; UK Sovereignty is the crux of their party political platform but they've certainly expanded from that singular issue in recent years.,"The charge put by its deputy leader David Campbell Bannerman when he defected to the Conservatives in the wake of the May elections was that UKIP remained, at heart, a single issue pressure group.",0,Attack,A,1,,,
567,UKIP and the Greens are the only parties to date that haven't screwed us all over.,"The Tory leadership is running scared of its backbenchers by offering to renegotiate the UK's relationship with Brussels, he said in the Observer.",1,Support,A,0,,,
1376,just what if there is a creator  isnt science after truth  has science proven that there is no creator why is recognizing the possibility that there was intelligence behind the emergence of life a nonscientific idea  basically what you are saying is that if there was a creator or intelligence behind the emergence of life science will never be able to come up with the right answer rightso your whole premise for id being nonscientific is the unproven worldview of naturalismyou start off right from the get go with the assumption that there is no creator or any intelligence involved in the emergence of life and go and try and prove your idea with science,they simply want to show that there is good scientific evidence for considering the role of intelligence in the emergence of life,0,Attack,A,1,,,
221,People are not voting for UKIP because of immigration propaganda but because of their direct experience of immigration.,"It is doing the country serious damage because there are large numbers of potential investors in the UK who would bring employment here, who are being warned off because of the uncertainty all of this is creating.",0,Attack,A,0,,,
2263,should visited and joined be the same,no joined is the date a user registered to the website and visited is the date of hisher last visit do you think the names are not clear,0,Attack,A,0,,,
2094,in the latter case that is because more fornicators are shacking up rather than getting married which is why there is fewer divorces if a state allows gay marriages their spirituality is in the toilet,good the less moronic spirituality in each state the better lets move out of the dark ages as fast as we can,0,Attack,A,0,,,
665,UKIP and the Greens are the only parties to date that haven't screwed us all over.,UKIP say it proves their message is cutting through regularly.,1,Support,A,0,,,
35,"I sense that Farage is a total megalomaniac, a charlatan, someone who is in it for the attention and the glory and that in a strange way, that many UKIP voters know this but don't seem to mind.",Marta Andreasen said Mr Farage had abjectly failed and should go.,1,Support,A,0,,,
369,A vote for UKIP is a vote to leave the EU and recover power over our national life.,Farage acknowledged that the first past the post system would make it difficult for his party to win a seat at Westminster and this would leave UKIP with little influence.,0,Attack,A,1,,,
1843,you say the bible is the only proof of creationism,actully uncomplext compunds bonded to geather to create chemicals and very very uncomplect cell fragments that then banded to geather with otherthings for survival and formed the first very simple cells that then became more complext,0,Attack,A,1,,,
266,The more the 'mainstream' parties smear and lie about UKIP the more their support rises.,"UKIP recorded their best ever Westminster election performance and brought humiliation to the Conservative candidate, in the process triggering a debate within the party about how to deal with their rivals.",1,Support,A,0,,,
1647,tell me have you ever read the origin of the species i have and i find it to be a pretty far stretch,many people claim that certain writings are the word of god,1,Support,A,0,,,
614,"The problem with popularism but no substance, like UKIP represent, is that it just results in things getting worse and worse.","UKIP, which has called for withdrawal from the European Union and greater restrictions on immigration, has seen improved poll ratings this year.",0,Attack,A,1,,,
454,UKIP will continue to grow as will the arrogance of the other parties.,"As the party celebrates its 20th anniversary with its annual conference on Friday, City spokesman Steven Woolfe said it had grown tremendously.",1,Support,A,0,,,
411,"As far as immigration is concerned all Ukip want is a level playing field for non EU migrants and to control the numbers so, if anything, Ukip are too soft on immigration.","It is a simple, understandable message, which has led to the party gaining bigger shares of the votes in European elections.",1,Support,A,0,,,
1556,its not that cut and dried,look at it like this,0,Attack,A,0,,,
1687,usher got a bad rap,well once you accept the existence of an all powerful deity then anything is possible,1,Support,A,0,,,
1984, i think you will find that there is a vast amount of evidence for evolution if you would care to look, being an atheist in a catholic school i can tell you that catholicism or christianity does not dispel the idea of evolution,1,Support,A,0,,,
716,"UKIP's position is not reasonable, but racists and proto-fascist, considering they have nothing to say about the finance capital bombing of the economy, but to put all the blame for Europe's woes onto immigration.","There needs to be a clearer narrative on immigration, stressing not only the need to restrict numbers, but also to determine which individuals, with what skills, enter our country, he said.",0,Attack,A,0,,,
283,"In fact, all UKIP seems to talk about now is withdrawl from the EU without any genuine policy around UK's domestic economy.",There's more to UKIP than our policy of wanting to withdraw from the European Union and we will show that.,0,Attack,A,1,,,
1210,islandcontrary to modern and variant interpretations the anthropic principle was originally formalized by carter as an ideological statement against the dogmatic nonscientific prejudices that scientists commonly harbor that cause them to consciously deny anthropic relevance in the physics so they instead tend to be willfully ignorant of just enough pertinent facts to maintain an irrational cosmological bias that leads to absurd copernicanlike projections of mediocrity that contradict what is actually observed,carter points out that the coincidence found by bondi belonged to three classes the traditional kind  without use of the anthropic principle  those which only require the use of a weak anthropic principle and  those which require the invocation of an extended and hence rather more questionable strong anthropic principle,1,Support,A,0,,,
1811,evolution really is true but as we all know the main reason of how we evolve is because of god our lord,that is where you are wrong,1,Support,A,1,,,
1534,heres some links to actual passages something nick failed to provide as requested,debates like this do nothing more but cause problems for people who are trying to pursue legitimate alternatives to neodarwinian theory,0,Attack,A,0,,,
448,"UKIP is not at all taking into account the financial effects of their only real policy, leaving the EU.","The charge put by its deputy leader David Campbell Bannerman when he defected to the Conservatives in the wake of the May elections was that UKIP remained, at heart, a single issue pressure group.",1,Support,A,0,,,
8,Ukip are doing well for the very simple reason folk have at last realized that they are being lied to by LibLabCon and now have somewhere else to go.,She said she was absolutely ecstatic and the UKIP's performance showed that the coalition government was taking the country in the wrong direction.,1,Support,A,0,,,
1261,paulunfortunately a review of the entire corpus of actual scientific journal articles reveals an inconvenient truth the socalled empirical scientific truths of intelligent design creationism seem to be entirely missing,to sneer at aynrandinstitute and ayn rands philosophy is to fail to address the growing primary reason why people are deciding god is not an explanation of anything,1,Support,A,0,,,
2158,after all these years it still hurts,certainly it does,1,Support,A,0,,,
2609,one million voters disagree with you what do you think they saw in this movie that you did not,yes completely agree i loved this film watched it twice on successive nights what a clever storyline and full marks to sam rockwell wonderful actor,1,Support,A,1,,,
1271,according to its advocates the designer responsible for intelligent design in biology could be any sort of creative intelligence capable of engineering the basic elements of life,complexity is the more the norm than the exception,0,Attack,A,1,,,
2014, i agree that it is slowly falling apart, you know a debate like this can be put up to get intelligent information exchange,1,Support,A,0,,,
1563,to the  currently   voting   yes that raises six immediate questions i assume this means the sun was created first how many days did that take to even have a day how long did creating the rest of the universe take or if it took six whole days to create the earth would the creator have had time to create all the rest i mean some of these galaxies are awfully huge and with a lot of intricatekly moving interstellar dust and radiation that had to be started off precesly right to fool modern astronomers why did the creator go to all this trouble to conceal the evidence behind a massive coverup of radiological datings cosmic radiation and well essentially the entire findings of geology and astronomy as supported by chemistry and physics why create all the kinds of   animals   during these days and then conceal this astounding fact behind what to evolutionary biologists and paleontologists seem an amazingly consistent set of interlocking facts from genetics behaviour morphology biogeography extinctions speciations fossils records epidemiology and immunology that fits with life evolving according to rather well understood processes why were so much of this omitted from the bible i mean a few hints about geology to predict earthquakes or the germ theory of disease would have been rather handy to thwart the devils work and a description of relativity would have been impressive,as one commenter has already touched on,0,Attack,A,0,,,
2518,We should negotiate with terrorists,No negotiation encourages the hunt for a bigger lever,1,Support,A,1,,,
1810,evolution is basically common sense once you put down your bible and get out of the church,evolution really is true but as we all know the main reason of how we evolve is because of god our lord,1,Support,A,1,,,
1972, i definitely think it has something to do with everything as there is quite a lot of evidence for it e, no scientist can give strong evidence to support evolution      your dishonesty and ignorance of science proves you are not fit to even ask the question,1,Support,A,1,,,
691,UKIP will continue to grow as will the arrogance of the other parties.,The group suggest that within five years UKIP will have more members than the Tories at the current rate of attrition.,1,Support,A,0,,,
1770,my point was not that genesis contradicted itself but that if you took it literally it contradicted itself,when there is clear and overwhelming proof that evolution is the process by which life has developed on earth it is painfully stupid to believe that the earth was created as it is now  years ago by a magical man in the sky,1,Support,A,1,,,
300,"Arguably, UKIP & co. aspire to destroy the culture created in Europe after WWII, which has been based on openness, free travel, migration and cross-geographic access to goods and labour markets.",I am proud of being a UKIP candidate and very proud of the achievements of my daughter who represents the people of Witham in an exemplarily fashion.,0,Attack,A,0,,,
2499,I support the truth and reconciliation commission,The South African reconciliation commission has proven itself to be ineffective,0,Attack,A,1,,,
2389,the best way to protect Scottish interests in the EU is to vote for independence,An independent Scotland would avoid having a referendum on EU membership,1,Support,A,1,,,
1204,we must be prepared to take account  of the fact that our location in the universe is necessarily privileged to the extent of being compatible with our existence as observersand even that formulation has been taken apart by rudolf haller in his book nonexistence and predicationunderstanding is the first step towards formulating a workable hypothesis and popularization thereof,science of course has tested the principle even though for a long time it stood as an assumption,1,Support,A,1,,,
15,The Tories should be running scared of UKIP.,"The campaign was dominated by a war of words between the Conservatives and the UK Independence Party, which senior Tories fear will take a significant chunk of their votes.",1,Support,A,0,,,
80,"If you think that the Tories are nasty, heaven help us if UKIP get in because they would be nastier, more cruel, and more bigoted.",A UKIP candidate in Somerset was suspended from the party on Tuesday after a photo of him apparently making a Nazi-style salute appeared on his Facebook page.,1,Support,A,1,,,
1392,i never said anything about einsteins religious convictions,and seeing that pvm doesnt care about the truth why is he a scientiston the contrary i have been asking you several times now how does id explains the bacterial flagella,0,Attack,A,1,,,
1335,well isnt that what the whole debate here is about,tjagain you may have faith that methodological materialism will solve all of these problems in the distant future,0,Attack,A,1,,,
687,UKIP language tends to portray the real experiences of UKIP people not the politically correct fantasy construct that too many people on here seem comfortable with.,"UKIP appears to have struck a chord with many voters on the issue of immigration, campaigning against the relaxation of working restrictions on Bulgarians and Romanians due to come into force in January.",1,Support,A,0,,,
2359,electric vehicles,lovely they do not smell,1,Support,A,0,,,
410,"I and many others will be voting UKIP not because of a handful of people that have said stupid things, it will be because I identify and agree with their overarching principles.","Asked if this meant he was calling UKIP racist, he replied of course it is racist, of course, who doubts that?",0,Attack,A,1,,,
1826,us evolving from chimpanzees yes it is chimps that we share the most dna with not apes and not monkeys is merely an idea just because their dna is so similar to ours,correct the only way that either side could be proven is wether or not we can prove or disprove god,0,Attack,A,1,,,
1874,then why is the top of mt everest covered in fossilized clamsbecause nearly all mountains used to be ancient sea floor genius,evolution has been proven many times,1,Support,A,1,,,
46,"The momentum is definitely with UKIP at the moment, hopefully that will continue with the up and coming by-elections.",Mr Farron said he was expecting it to be a tough fight but said UKIP was determined to win.,1,Support,A,0,,,
2302,yes i never thought of that but that is a brilliant question and so true when you are part of a big family you should have a say in things that affect you ,this may be a first step in losing cultural individuality,0,Attack,A,1,,,
2015, you know a debate like this can be put up to get intelligent information exchange, yes if what you are saying is true then im for it,1,Support,A,0,,,
979,i dont really care  ,currently   science   feels its accelerating,1,Support,A,0,,,
703,Plenty of survey's have shown UKIP to be the most hated of the main parties.,UKIP says it is campaigning on a pro democracy message - aiming to rejuvenate local politics.,0,Attack,A,1,,,
2469,We should promote democratisation,Promoting democracy too often verges towards imperialism,0,Attack,A,1,,,
895,openmindedness toward creationism is important,attempts to conceal the creationismevolution controversy from students are dogmatic promotions of evolution,1,Support,A,1,,,
2161,here in new hampshire not known as a bastion of liberalism civil unions passed the state legislature this year i am now covered under my partners state sponsored he is a state worker health insurance we are grateful,oh i hear you i am covered by my partners insurance here as well i would not have been able to get the insurance if we were not legally a union,1,Support,A,0,,,
694,UKIP are the political manifestation of the local pub bore.,"UKIP recorded their best ever Westminster election performance and brought humiliation to the Conservative candidate, in the process triggering a debate within the party about how to deal with their rivals.",0,Attack,A,1,,,
388,For what its worth I think UKIP is a one trick pony and is unelectable in a general election.,"When a political party goes from being very small to being medium-sized or big, it's rather like growing up, Farage said, but we have expanded our policies far beyond the EU.",0,Attack,A,1,,,
563,"The sooner we are out of the EU, the sooner we can start making this country great again.",Former Europe Minister Denis MacShane said the EU was Britain's biggest trading partner.,0,Attack,A,1,,,
2396,We should ban religious symbols in public buildings,Religious symbols cause problems in schools,1,Support,A,0,,,
148,UKIP are in no way a single issue party and if Labour or the Conservatives were to give us a referendum UKIP would still have a full manifesto that would attract many voters.,"UK Independence Party leader Nigel Farage has launched his party's local election manifesto, saying it is far more than just a call for a referndum.",1,Support,A,0,,,
2592,movies should be fun entertaining this movie is not waste of my time,actually i thought it was very uplifting whenever there is life and hope its no longer depressing,0,Attack,A,1,,,
23,"UKIP are a two trick pony, Europe and immigration that's it.","UKIP is branching out on its policy focus, currently focusing its local election campaign on fat cat executives who are currently directing cuts at vital front line services while protecting trendy non-jobs.",0,Attack,A,1,,,
634,UKIP is a vessel through which a protest is being delivered. ,But as one UKIP member said to me - if this is a protest vote it's a bloody big protest.,0,Attack,A,0,,,
155,"I would say it's the anti-ukip brigade who have no substance to their argument (or facts), they simply shout ""racist"" with nothing to substantiate this slur, or become crude and insulting.","Former deputy leader David Campbell Bannerman defected to the Tories soon after, expressing concerns about UKIP's direction, drifting further to the right.",0,Attack,A,0,,,
2135,i believe abortion is a crime against humanity and should be outlawed,i think the same about religion why should you get your way and tryannise women and i not get mine,0,Attack,A,1,,,
290,People are not voting for UKIP because of immigration propaganda but because of their direct experience of immigration.,I am very confident UKIP is going to get a bigger percentage share of the vote than anybody can yet quite believe here in the Westminster village.,1,Support,A,0,,,
711,UKIP's proposals on membership in the EU and migrants are at best purely demagogic: they do not take into account facts and more general issues.,"Foreign Secretary William Hague has meanwhile ruled out an electoral pact with UKIP, after a BBC poll suggested nearly 25% of Conservative councillors were in favour of such a deal.",1,Support,A,1,,,
27,Big business will not support UKIP given the devastation that withdrawal from the EU would cause.,We cannot have any control over who comes to Britain while we are members of the EU.,0,Attack,A,0,,,
2635,this film is easily one of the best movies ive ever seen yes it is pretty easy to guess the ending but it still wasnt ruined by that fact it is a work of art it is rewatchable,i didnt watch the last  minutes the movie was giving me a headache,0,Attack,A,1,,,
2634,once you know all the in and outs or all the magic tricks of the movie i dosnt seem as good,same here i watched it nearly a decade after i had originally seen it and reached the same conclusion you did,1,Support,A,0,,,
2383,app based to do list is the way to go you can synchronise your lists on all your devices and have them everywhere you go ,i agree additionally mind maps can serve as a to do list and it might be hard to create and update it on paper,1,Support,A,0,,,
2348,absolutely everybody knows about foursquare but nobody remembers gowalla they offered identical features and also launched on the same day same conference,nice example,1,Support,A,0,,,
1209,quite well i am sure,islandcontrary to modern and variant interpretations the anthropic principle was originally formalized by carter as an ideological statement against the dogmatic nonscientific prejudices that scientists commonly harbor that cause them to consciously deny anthropic relevance in the physics so they instead tend to be willfully ignorant of just enough pertinent facts to maintain an irrational cosmological bias that leads to absurd copernicanlike projections of mediocrity that contradict what is actually observed,1,Support,A,1,,,
2322,usually the best city in every country is the capital so i would go for madrid ,i would love to go there as well,1,Support,A,0,,,
209,The only reason we are even having a sensible debate about Europe are UKIP.,"Isolating Britain and damaging Britain's reputation is not the right history to write, he said.",0,Attack,A,1,,,
2513,I believe that opinion polls harm the democratic process,Citizens should be respected for their opinions,0,Attack,A,0,,,
752,People are not voting for UKIP because of immigration propaganda but because of their direct experience of immigration.,Sir Menzies Campbell suggested the government was worried about a political backlash amid public concerns about immigration levels in general.,1,Support,A,0,,,
949,and as with all scientific inferences further research can either confirm or refute that inference,as i said earlier experience demonstrates that it matters a great deal to an investigation whether or not that which is being investigated occurred via agency involvement or by nature operating freely,0,Attack,A,0,,,
1399,why dont we   add   those inand believe me those commandments werent invented at that time,why dont you tell meare they needed to for   health   and safety of the country,0,Attack,A,1,,,
844,UKIP are a joke outfit full of small-minded Neanderthals who think the 1950s are the future.,"UKIP are certainly trying to professionalise, to move away from its more amateurish origins, but they seem to fail to do so.",1,Support,A,0,,,
2502,The International Criminal Court should be recognised,The deterrent effect of the Court ensures widespread and equal adherence to international law,1,Support,A,0,,,
1918, you dont have to believe anything, the evidence has it,1,Support,A,1,,,
1551,they too present some very compelling evidence to their side of this one,only someone who does not beleive in god would have to ask how the world was created in six days,0,Attack,A,1,,,
1665,i have found that most web sights about religion and   evolution   are bunk and are promoted by an agenda not open to reason,why does any one think god is limited to time,0,Attack,A,1,,,
1565,the bible is the most published and most wide spread book of all times,people tend to focus on the trees,0,Attack,A,0,,,
743,UKIP are in no way a single issue party and if Labour or the Conservatives were to give us a referendum UKIP would still have a full manifesto that would attract many voters.,"The charge put by its deputy leader David Campbell Bannerman when he defected to the Conservatives in the wake of the May elections was that UKIP remained, at heart, a single issue pressure group.",0,Attack,A,1,,,
443,Beyond leaving the EU and migration what policies do ukip have?,"I fear that on climate change and energy policy, UKIP have nothing to offer.",1,Support,A,1,,,
496,UKIP doesn't need to win power to force the changes people want.,"He proposes a pact, in which the Conservatives would promise a referendum after 2015 and in return UKIP would not stand against Tory candidates.",1,Support,A,1,,,
543,"UKIP's position is not reasonable, but racists and proto-fascist, considering they have nothing to say about the finance capital bombing of the economy, but to put all the blame for Europe's woes onto immigration.","Mr Cameron also said he did not think it would be right for Britain - or in the national interest - to leave the EU entirely, pointing out that some 50% of nation's trade was with the EU.",1,Support,A,0,,,
2448,The voting age should be lowered to sixteen years,Voting at a lower age would increase participation,1,Support,A,0,,,
792,"Ukip has British values, wants to get British industry kick started back to the fore front again, become more self-sufficient.",The committee said the EU had helped to transform Europe from a continent of war to a continent of peace.,0,Attack,A,1,,,
1347,so tj you seem to have made quite a few foolish arguments how familiar are you with augustinetj  well i know that he believed the earth was created instantaneously not progressively and was according to scripture less than  years old,i will address the post by americans united for separation of church and state here and then address the question of constitutionality in another post,1,Support,A,1,,,
2471,We should create a United Nations standing army,A United Nations Standing Army would solve the problem of American military hegemony,1,Support,A,1,,,
2423,European Parliament elections should involve only one voting district all of Europe and not separate country seats,One person one vote that will count in exactly the same way as everyone elses,1,Support,A,0,,,
2651,oh no ive seen the whole movie multiple times definitely a film i wont get tired of any time soon,yeah this is a definite rewatchable film really heavy but never boring and i for one would love to know the answer to arthur burns last question,1,Support,A,0,,,
721,UKIP do have more than Nigel Farage able to deal with media interviews.,But it has been criticised for relying too heavily on leader Nigel Farage to promote its policies.,0,Attack,A,1,,,
1004,as much as i might believe that there is some sort of creator and that a creation occurred you cannot justifiably intermingle science and religion,id has no merit except as a religious idea,1,Support,A,1,,,
1726,by supporting the idea that the bible stands or falls on a  day creation you have proven dr,dr,1,Support,A,1,,,
1865,ok,evolution has basically been proven there is no evidence for the biblical story common claims made by evolutionists,0,Attack,A,0,,,
2561,Governments should be allowed to disrupt Internet service on grounds of national security,The internet is a threat to public safety,1,Support,A,0,,,
802,"If we leave the EU we will save billions of pounds which can then be invested in our ailing national infrastructure, notably the NHS.",The committee said the EU had helped to transform Europe from a continent of war to a continent of peace.,0,Attack,A,1,,,
1288,because i hate to break it to you but   christians   believe that the world is round so does that mean you disagreebut is a round earth inherently a christian positionalso pagans believe that the earth is round as well,i recommend this bookgod in the foxhole by charles sasser not that youll read it but hey its worth a try,0,Attack,A,0,,,
582,A strong UKIP vote suggests there's a lot of the British public who aren't on board with the current set-up.,"He said the UK should quit the EU, with the referendum being moved forward.",1,Support,A,0,,,
1266,science is testable,if intelligent design says nothing about the supposed designer then of what value is it if the designer created life millions or billions of years ago what was his purpose in doing so what iswas the designer like did the designer give specific instructions to his creations as most religions teach the id promoters delibrately leave such questions unanswered in their official pronouncements about id,1,Support,A,1,,,
817,People are not voting for UKIP because of immigration propaganda but because of their direct experience of immigration.,"It is not just about UKIP it's that the British people are as interested and concerned about Europe, as they are about the economy, as they are about immigration.",1,Support,A,1,,,
636,Plenty of survey's have shown UKIP to be the most hated of the main parties.,The group suggest that within five years UKIP will have more members than the Tories at the current rate of attrition.,0,Attack,A,0,,,
2458,All nations have a right to nuclear weapons,The right of selfdefence must be exercised in accordance with international law,0,Attack,A,1,,,
1784,i agree totally with what you said cerin,the theory behind evolution is not that an organism evolves during its lifetime but that the species evolves over thousands if not millions of years or generations,0,Attack,A,0,,,
1712,i am a strong believer in the authority and inspiration of the word of god,the fact that we do not know i believe only gives more power to godyes  our ignorance proves that there is a god  or maybe not,0,Attack,A,1,,,
2100,i also think it is noteworthy that the pro life movement is really making a difference if anything to hit the polls in elections and send the message that we are tired of a cheap view of life in this nation,funny did not hear them complaining about the iraqis dying in the street also they did not seem to mind that the abortion rate which was declining under clinton has been rising under bush,0,Attack,A,1,,,
1713,the fact that we do not know i believe only gives more power to godyes  our ignorance proves that there is a god  or maybe not,imagine you found a grain of rice and you wanted to measure its length,1,Support,A,0,,,
951,we dont know but we do know a designer wasnt involved,pvm the quotewe dont know but we do know a designer wasnt involved,0,Attack,A,0,,,
1722,the young earth creationist dogma demands that the obvious features of the earths geology can not exist,you didnt read this  creation ex nihilo and the earth  did you,0,Attack,A,1,,,
322,The momentum is with UKIP; Conservative areas are all now vulnerable to them. ,"Peter Kellner, president of survey organisation YouGov, said he expects UKIP to worry the Tories by potentially wrecking their chances of winning an overall majority.",1,Support,A,0,,,
232,Intellectually I rate Farage much higher than Cameron; he has a very sharp and quick wit and is an excellent public speaker.,"General elections, however, with their first-past-the-post voting systems, have been a very different story and Farage has failed to make the breakthrough he has been hoping for.",0,Attack,A,1,,,
60,"I and many others will be voting UKIP not because of a handful of people that have said stupid things, it will be because I identify and agree with their overarching principles.","I think that it's a misjudgement frankly to equate the leadership of a party which is part of government with a protest group, particularly a protest group which frankly is more about immigration than it is about Europe.",0,Attack,A,1,,,
1802,fact shmakt,yes everyone evolves as everyone endures mutations,0,Attack,A,0,,,
2141,i would never hurt a child i would much prefer to torture gun owners,so now you are freely and willingly admitting that youd take pleasure in inflicting pain and suffering on innocent people who have never done anything to you,0,Attack,A,1,,,
2091,said like a cruel evil person who has no concern for his fellow man,said like a lazy ignorant person who would rather i have off the sweat of others than go out and earn for himself,0,Attack,A,1,,,
2009, evidence indicating intelligent design is abundant and overwhelming, granted creationism is not provable through the use of the scientific method,1,Support,A,1,,,
1607,read romans chapter ,you cant use the bible to prove the bible thus that is an invalid argument,0,Attack,A,1,,,
1734,if scientific inquiry has shown conclusively that genesis is at best allegorical then christians should reconsider beliefs that presume a historical interpretation of eden,doctrines such as original sin substitutionary atonement and the trinity are very well described in the bible,0,Attack,A,1,,,
1516,whats a darwinist can someone who says that the other side is mishandling terms really afford to label someone as darwinist i neither worship darwin nor accept his writings as absolute truth,luskin quotesmay not the principle of uniformity then be used in a broader frame of consideration to suggest that dna had an intelligent cause at the beginningthis would seem to be the usual trick of origins science  an attempt to claim that abiogenesis is impossible,1,Support,A,1,,,
1739,  science   always wants to separate that messy first cell from   evolution   theory,you said tentacles could become legs,0,Attack,A,0,,,
61,"In UKIP, we have a new political force which looks likely to poll very well in a national election.",But it has been criticised for relying too heavily on leader Nigel Farage to promote its policies.,0,Attack,A,1,,,
2084,so we all deserve to be tortured for ever for beleiving in evolution,tortured you shut your mouth if you are not a christian then yes i will pray for you,0,Attack,A,1,,,
433,"I don't necessarily think Nigel Farage is worthy of PM, I think they need a new leader.","Mr Dimitrov said UKIP leader Nigel Farage was usually very feeble in presenting solid arguments, suggesting he preferred to engage in propaganda which deviates markedly from the essence of the debate.",1,Support,A,1,,,
2533,We should allow voting at 16 in European Parliament elections,The voting age should be the same across the Union,1,Support,A,0,,,
1014,theism is a belief in gods,forgot that atheism isnt a religion and if i say otherwise people will apologetically insist im wrong,0,Attack,A,0,,,
555,It's a protest vote because (most) people know that UKIP will never net in power.,He argued that his party was on a journey from a party of protest to a party of government.,0,Attack,A,1,,,
1174,actually the construction of the cell rather suggests chance,jaythat means that anyone who dares speak of purpose or design within science or when discussing scientific evidence ceases to be a scientist,1,Support,A,1,,,
417,"If you think that the Tories are nasty, heaven help us if UKIP get in because they would be nastier, more cruel, and more bigoted.","The penny is beginning to drop with the British people and British businesses that we are no longer a self-governing nation, and UKIP are here to remedy this.",0,Attack,A,1,,,
370,Labour won't have anything to do with UKIP as they are more right-wing than the Tories. ,"His fellow MEP and leadership candidate Gerard Batten, campaigning in a bright pink UKIP blazer, said he wanted to make the party more radical.",1,Support,A,0,,,
2214,they did way back when the us did too,and way back when they were legally able to defend themselves to,1,Support,A,1,,,
1208,while i am quite happy with pwning  of the three statements you made i am certainly willing to look at your final claim which references a statement by richard ryals,quite well i am sure,1,Support,A,0,,,
1338,tji agree with you though that darwinism does not automatically lead a person to atheism,tjthe dover verdict was a farce,1,Support,A,,,,
464,"I think Farage makes a much better leader than any of the other parties, he's full of enthusiasm and is not a PR man like the current leaders of the 3 main parties.","Mr Dimitrov said UKIP leader Nigel Farage was usually very feeble in presenting solid arguments, suggesting he preferred to engage in propaganda which deviates markedly from the essence of the debate.",0,Attack,A,,,,
1718,you get a gold star there has to be a first cause and within chaos theory there is a possibility of artificial intelligence but self awareness that is the real problem,since when speaking to one of the other posters did chance become a word to bias any argument against   evolution    doesnt make sense unless the poster is reading into something that probably isnt inferred and possibly feels an affront to his or her sensibilities,1,Support,A,,,,
245,"I and many others will be voting UKIP not because of a handful of people that have said stupid things, it will be because I identify and agree with their overarching principles.",There have been repeated attempts through the early years of the party to smear UKIP but nobody in the British press believes it any more.,1,Support,A,,,,
192,It is because of UKIP that we are finally discussing the European question and about immigration and thank goodness for that.,UKIP's fortunes have improved and it recorded its best performance in a parliamentary by-election in Rotherham in December.,1,Support,A,,,,
2309,nuclear energy is the most efficient once all potential hazards are eliminated,there is no good way to handle the waste created in the process,0,Attack,A,,,,
1994, evolution is correct, people who believe that god created the earth keep saying that they got this from the bible,1,Support,A,,,,
782,UKIP doesn't need to win power to force the changes people want.,I can categorically rule out any form of electoral pact with UKIP or anyone else.,0,Attack,A,,,,
1452,or that evolution is a process involving randomness and natural selection,or that evolution is a process involving randomness and natural selection,1,Support,A,,,,
1113,in fact behes claim is either tautological or it is wrong,in fact behes claim is either tautological or it is wrong,0,Attack,A,,,,
1503,in pandas we read creation means that the various forms of life began abruptly through the agency of an intelligent creator with their distinctive features already intact,   httpwww,0,Attack,A,,,,
673,"If we leave the EU we will save billions of pounds which can then be invested in our ailing national infrastructure, notably the NHS.",Former Europe Minister Denis MacShane said the EU was Britain's biggest trading partner.,0,Attack,A,,,,
1871,the bacteria mutated,i think you have some misconceptions about what evolution actually is,0,Attack,A,,,,
1895,aithiesm constitutes that nothing created the universe, god does exist he created evolution,0,Attack,A,,,,
1681,why should we just stop  why not keep trying to understand the universe  i could never imagine being satisfied with a god did it,there are some things human beings were not meant to understand because the god who created this universe is a being who is greater than all of his creation,0,Attack,A,,,,
2312,i believe a phd is still not really required if you aim a position in the corporate world you should only do a phd if you aim at a career at a univeristy,i disagree with that most of the phd students pursue a career in industry after they finish i read somewhere that only a small percentage of phd students stay,0,Attack,A,,,,
1537,there are two and they are fundamentally different,six days on gods terms not mans terms,0,Attack,A,,,,
1012,i really have to give the antiiders credit you have a lot of faith,while in science you cannot prove or falsify the existence of god and id doesnt change that i agree that when it comes to blind faith dawkins and pz myers are guilty of the same thing,1,Support,A,,,,
166,I think it's far too simplistic to argue all UKIP supporters are racist - there is a real groundswell against the political establishment which over the past 20 years or so has started to converge in terms of image and policies.,"On this, and many other matters, UKIP's views chime with mine and I am delighted to join the party which is fast becoming a real force in British politics.",1,Support,A,,,,
810,"UKIP are a two trick pony, Europe and immigration that's it.","UKIP are certainly trying to professionalise, to move away from its more amateurish origins.",0,Attack,A,,,,
1220,you gave  claims of intelligent design intelligent agents sometimes leave traces of their activity behind like fingerprints on evidence,also christians concerned about science,0,Attack,A,0,,,
1899, none of the things that people put forward as evidence of a god are evidence for a specific religion, theres no rational reason to accept creationism its simply empty claims with no evidence it has no predictive powers it cannot explain what we see in nature and it introduces a level of complexity with no explanation requiring mindless faith,1,Support,A,1,,,
20,A forensic examination of UKIP's policies would nail once and for all the Establishment lie that they're a bunch of swivel-eyed racists.,"Asked whether some UKIP members were closet racists, he added that the truth is some UKIP members are.",0,Attack,A,1,,,
2447,The voting age should be lowered to sixteen years,No taxation without representation,1,Support,A,0,,,
73,"In fact, all UKIP seems to talk about now is withdrawl from the EU without any genuine policy around UK's domestic economy.","UKIP has reached unprecedented heights in the opinion polls under Mr Farage, prospering in May's local elections.",0,Attack,A,1,,,
193,"The UKIP party is a populist party at the right end of the spectrum, which exploits people's fears of the foreign and unknown.","Then there is UKIP's founder Alan Sked, who wrote to the The Times to say that UKIP has been fooling its voters and members for far too long.",1,Support,A,0,,,
678,"Ukip has British values, wants to get British industry kick started back to the fore front again, become more self-sufficient.","Over three million jobs in this country, directly or indirectly, depend on us being in the EU, so that is a big choice.",0,Attack,A,1,,,
1025,the response to my comment id contradicts itself is a series of peculiarly unclear assertions,guided by a larger force,0,Attack,A,0,,,
854,"Ukip has British values, wants to get British industry kick started back to the fore front again, become more self-sufficient.","That said, Lord Davies told peers the bill was an excellent idea, because he was quite confident that any such inquiry would decide that the benefits of EU membership outweigh the costs.",0,Attack,A,1,,,
2022, people like you should be banned from this website, there is positive evidence against macroevolution,0,Attack,A,0,,,
932,highlanderpvm seems unaware randomness and design are mutually exclusive concepts,naming two well known id proponents does not a citation make to support pvms twisted version of id arguments,0,Attack,A,1,,,
1963, evolution is completely true darwin hit the nail right on the head when he defined the theory of evolution and the survival of the fittest understanding, evolution is simply the genetic change in populations of organisms over successive generations,1,Support,A,0,,,
971,i recently read that after careful study the backwards wiring is essential,if you are going to comment on something in   science   you need to back it up with actual data,0,Attack,A,1,,,
2305,yes they already have their own strong currency they can make it on their own plus they always come last at the eurovision song contest,the eu is not just about currency it is also about being able to travel without a visa and other economic factors,0,Attack,A,1,,,
2315,great i loved him a fantastic actor,indeed he was amazing,1,Support,A,0,,,
1410,tjopen debate is all we are asking for,some places do seem more open to honest debate over evolution rather than just trying to brainwash kids,0,Attack,A,0,,,
829,I think it's far too simplistic to argue all UKIP supporters are racist - there is a real groundswell against the political establishment which over the past 20 years or so has started to converge in terms of image and policies.,"UKIP appears to have struck a chord with many voters on the issue of immigration, campaigning against the relaxation of working restrictions on Bulgarians and Romanians due to come into force in January.",1,Support,A,0,,,
1884,evolution has actually never been observed,your definition of faith is atheistic it actually denotes the essence of the term foolish,1,Support,A,0,,,
1867,ok,wow,1,Support,A,0,,,
98,"The country faces more than two big issues, which is where Ukip come apart at the seams in an incoherent bunch of right wing horse shit from whatever Think Tank came along at the time.","UKIP has reached unprecedented heights in the opinion polls under Mr Farage, prospering in May's local elections.",0,Attack,A,1,,,
1095,if biology leads to new design if it is viewed in that contextand it never has and never will,and it never has and never will,0,Attack,A,0,,,
44,"I sense that Farage is a total megalomaniac, a charlatan, someone who is in it for the attention and the glory and that in a strange way, that many UKIP voters know this but don't seem to mind.",Nigel Farage understood people want us to do even more for hard-working people.,0,Attack,A,1,,,
161,"UKIP are just trying to stir up fear, using peoples fears and prejudice to gain votes so that they can get their snouts into the trough.","We can only stir it up because it is already there, red hot and seething against us.",0,Attack,A,1,,,
2083,this seems to conflict with some of your earlier posts wherein you support terrorists,you show me the post where i said i thought terrorists killing children was a good idea and i will eat my keyboard,0,Attack,A,1,,,
1386,i guess this means that what id proponents say about id is irrelevant even though said proponents are the ones who started idfascinating indeed,as for scientific evidence for id start with the genetic code,1,Support,A,1,,,
584,"The problem with popularism but no substance, like UKIP represent, is that it just results in things getting worse and worse.","The responsibility of politicians in this situation when people are getting anxious is to try to reassure them and give the facts, not panic and resort to populist measures that do harm.",1,Support,A,1,,,
1474,i do not wish to begin to defend the di as i am not familiar enough with their theory,i am glad that someone is trying to oppose the paradigm of undirected chancenonintelligent necessity,0,Attack,A,0,,,
918,island statesyou pretend like the appearance doesnt beg a real scientific question because you are overreacting to your perceived motivation of idists but not because you are thinking like an honest scientist would,you are missing the point the ad hominem is not that i did not understand your argument i can see why given your limited exposure to id you may have come to that conclusion,1,Support,A,1,,,
1689,aig decries scientists for making unproven assumptions while making many of their own,you are ignoring centuries of good scholarship including that in the last century specifically engaging the arguments of historical criticism and socalled higher reasoning,1,Support,A,1,,,
692,If anyone seriously thinks that UKIP will offer some kind of answer to our current problems then I think that they are going to be sadly disappointed.,"Mr Wheeler, who has criticised David Cameron's attitude to the EU, said UKIP's success was vital.",0,Attack,A,1,,,
2480,We should use torture to obtain information from suspected terrorists,Terrorist organisations such as Al Qaida do not respect the rights of individuals and the only way to fight fire is with fire,1,Support,A,0,,,
2182,you are right unless some people find their backbones and since it does not look like that is going to happen i guess the rest of us better grow an extra one,got your back,1,Support,A,1,,,
272,UKIP are a joke outfit full of small-minded Neanderthals who think the 1950s are the future.,"We have really connected with voters in this constituency, Farage told the BBC.",0,Attack,A,1,,,
753,"Ukip has British values, wants to get British industry kick started back to the fore front again, become more self-sufficient.","Deputy Prime Minister Nick Clegg, whose Liberal Democrats oppose a referendum, said leaving altogether would make us less safe because we co-operate in the European Union to go after criminal gangs that cross borders.",0,Attack,A,1,,,
2531,US intervention in Libya lacking congressional approval was illegal,Congress was appropriately and openly consulted,0,Attack,A,1,,,
2250,i would suggest just buying a tablet either an ipad or any android tablet no need to pay the cost of a laptop,some tablets are more expensive than laptops so i propose to buy a laptop or a netbook,0,Attack,A,1,,,
2661,after all the attention and awards etc and an imdb rating of  i was so shocked to finally see this film and have it be so bad,i agree did not like this either in fact i stopped watching once waltz was killed because i just didnt care anymore,1,Support,A,0,,,
1051,id simply predicted that the appendix would have a function,if it cannot make predictions then it is not a viable theory,0,Attack,A,1,,,
839,UKIP getting a large chunk of the vote in the EU elections sends a message to Europe that they cannot take the UK membership for granted.,Mr Farage also insisted he believes his party can win May's European elections.,1,Support,A,1,,,
2325,you can always check booking dot com it is always a safe choice i have been using it for several years now,indeed booking dot com is the best choice,1,Support,A,0,,,
373,The Greens offer much more of an alternative to the big parties than UKIP ever will,"And yet all the opinion polls and recent by-elections suggest that it is UKIP that is poised to pick up the protest vote, not the Greens.",0,Attack,A,1,,,
1053,there was much that darwin did not know at that time that we now know and his original theory has since been supplanted by more modern versions of his theory,yet it demonstrated a radical   change   over the comparatively short span of twenty years,1,Support,A,1,,,
2027, i didnt see it so it cant be true, i have repeatedly asked for proof on this site and have yet to be supplied with any real proof,1,Support,A,1,,,
842,UKIP want to get us out of the EU to make the British people much worse off then they already are.,"In their leaflets, UKIP says that 29 million Bulgarian and Romanians will have the right to live, work and draw benefits in the UK and while many will be fine, hard-working people, suggests the country may struggle to cope with another influx of people needing jobs, housing schools, hospitals and benefits.",0,Attack,A,1,,,
430,UKIP's sole aim at the general election is to get a smallish number of MPs elected but enough to hold the balance of power and do a deal with the Tories.,A ComRes survey for BBC One's Sunday Politics found 22% of Tory local councillors supported a pact with the UKIP.,1,Support,A,0,,,
162,"UKIP are just another bunch of freeloaders, using peoples fears and prejudice to gain votes so that they can get their snouts into the trough.","The Green Party, so often the fourth contender in local election races, now faces a very serious rival for that spot in UKIP.",0,Attack,A,0,,,
1060, jay intelligent design id has scientific merit in paleontology because in many instances it can be applied to the fossil record to detect where design has occurred in the history of life by finding the rapid introduction of large amounts of complex and specified information csi,since we proposed punctuated equilibria to explain trends it is infuriating to be quoted again and again by creationists  whether through design or stupidity i do not know  as admitting that the fossil record includes no transitional forms,1,Support,A,1,,,
882, evolution is unobserved it is an unproven theory  the term evolution can describe a number of things some of which are directly observable while others are not,the theory of evolution is not falsifiable,1,Support,A,1,,,
2051,i read it in the text,well as we can see from other recent posts your reading comprehension is below high school level,0,Attack,A,1,,,
2125,the medical establishment has convinced people that we are what we are because what our genes say we are,which is why the medical establishment endorses smoking drinking heavily and a fatty diet with no excercise because they believe we are predestined by our genes right why do you persist with these blatant lies,0,Attack,A,0,,,
2177,did a famous gangster not once escape from jail using a gun he carved from soap maybe oz should ban bars of soap,yea that was uncle john,1,Support,A,0,,,
1354,forrest who has written a history of id was an expert witness in the dover case and her piece recounts the various personal attacks and snide comments she had to endure during the trial,he was a judge,1,Support,A,1,,,
7,"I would say it's the anti-ukip brigade who have no substance to their argument (or facts), they simply shout ""racist"" with nothing to substantiate this slur, or become crude and insulting.","Mr Cameron once described UKIP as a party of fruitcakes, loonies and closet racists.",0,Attack,A,1,,,
2407,I prefer trade to aid,Systemic aid is detrimental to African society,1,Support,A,0,,,
306,"I don't think most people realise the benefits of free trade at all, and UKIP capitalise on peoples ignorance of the benefits of free trade as much as they can.","Speaking ahead of the party's annual conference, he said UKIP would become the third force in British politics and top the poll at the European elections in 2014.",0,Attack,A,0,,,
710,"The problem with popularism but no substance, like UKIP represent, is that it just results in things getting worse and worse.",UKIP says it is campaigning on a pro democracy message - aiming to rejuvenate local politics.,0,Attack,A,1,,,
1758,the history of the bible including its compilation by the early church is quite well known,i didnt realize how crazy some people were,1,Support,A,0,,,
702,"I think Farage makes a much better leader than any of the other parties, he's full of enthusiasm and is not a PR man like the current leaders of the 3 main parties.","Oh and if the last few minutes of reading this article has felt like the Nigel Farage Show, he still dominates this political party.",1,Support,A,0,,,
1198,the first point stressed in my college biology class was in fact that we as scientists cannot ascribe purpose to chemical and biological functions,jay richards says theres especially intriguing evidence of design in cosmology physics and astronomy,1,Support,A,1,,,
2232,that is the opinion i hold that ccws should not be required but this thread assumes that ccws are required,that is why i voted as i did as well ideally i would prefer the none required policy,1,Support,A,0,,,
265,Many racists and especially xenophobes find the UKIP message appealing.,A UKIP spokesman said these kinds of people did not dictate its policy.,0,Attack,A,1,,,
304,I think a lot of UKIP supporters would be outraged if one of the consequences of leaving the EU was to price them out of buying virtually any of today's niceties.,Mr Farage said his party was making huge progress towards achieving that goal going in one year from 4.5% in the polls to a high of 16%.,0,Attack,A,0,,,
278,"My observation is that UKIP often are reluctant to directly answer any questions of substance, which can be accounted for by the fact that they really have no policies.",Farage insisted his party was not a pressure group and demanded action to simplify the tax system.,0,Attack,A,1,,,
964,jumpstartthe anti id crowd will insist on a strict materialistic cause and effect definition of science,  when materialist impose the supernatural all they are doing is saying somethings are beyond being explained through nature and by science,0,Attack,A,1,,,
845,"If you want an insight into just how mad and bad UKIP are, go and read what their members, candidates and supporters write on the Telegraph.",He said UKIP was clearly taking a very right wing position which pandered to an obvious anti-Europeanism.,1,Support,A,0,,,
302,Hopefully we will see our first UKIP MP before the general elections next year.,UKIP has won 42 seats so far and is averaging 26 per cent of the vote in the wards where it is standing.,1,Support,A,0,,,
2151,what new class this is a silly statement too general,yes joe i agree,1,Support,A,0,,,
518,"In UKIP, we have a new political force which looks likely to poll very well in a national election on thursday.","UKIP recorded their best ever Westminster election performance and brought humiliation to the Conservative candidate, in the process triggering a debate within the party about how to deal with their rivals.",1,Support,A,0,,,
1192,theology it says in his profile,theology it says in his profile,0,Attack,A,0,,,
2282,go by bike,people are too lazy,0,Attack,A,0,,,
1966, the theories of evolution and creationism are not mutually exclusive but are actually complimentary, mate,1,Support,A,0,,,
542,"Europe is no longer fit for purpose and we'd do better to be out than in, plus save a whole load of cash.","Over three million jobs in this country, directly or indirectly, depend on us being in the EU, so that is a big choice.",0,Attack,A,1,,,
1570,yes im fully aware what a solar eclipse is,yes im fully aware what a solar eclipse is,0,Attack,A,0,,,
1409,agreed that religious belief should not necessarily compel the rejection of wellestablished results from welldeveloped scientific fields,tjopen debate is all we are asking for,0,Attack,A,0,,,
1432,casey relies on the fallacy that undermining evolution somehow provides merit to id,luskin saysin the title of its first opening statement the ncse charges that id should be rejected because it is a religiously motivated attack on science,1,Support,A,0,,,
2150,do you believe that you will hear an understanding of god that you have not heard before or are you of the belief you are openminded on the subject and might well have an epiphany,what possible concern is any of that to you some actually search for knowledge through debate this is a debate forum if you recall do not play if you are not so inclined but to post warnings not to fall in this trap come on,0,Attack,A,1,,,
698,"UKIP's position is not reasonable, but racists and proto-fascist, considering they have nothing to say about the finance capital bombing of the economy, but to put all the blame for Europe's woes onto immigration.","The charge put by its deputy leader David Campbell Bannerman when he defected to the Conservatives in the wake of the May elections was that UKIP remained, at heart, a single issue pressure group.",1,Support,A,0,,,
794,"If UKIP took all their anti-establishment guff and turned it on the banks and financial institutions then they would have more legitimacy, but instead they turn on Polish and Roma fruit pickers who do unskilled work for minimum wage.",The announcement comes two weeks after a roll out of Home Office vans with posters warning illegal immigrants to go home or face arrest was cancelled.,1,Support,A,0,,,
1044,casey luskin knows how to use impressive multisyllabic words to suggest that hes intelligent,all human design and resulting construction starts with what exists a designer and things entities,1,Support,A,0,,,
886, evolution is an observable fact  while creationists often attempt to describe evolution as merely a theory this is not exactly the case,teaching creationisms truth is necessary in upholding the truth of the bible,0,Attack,A,1,,,
1974, theres really no way yet to prove it but the precedence of the evolution of all other species including our own has led to a conclusion that we most likely came from something else, as far as evolution god and the creation of man is concerned maybe evolution is an explanation of how and not why,1,Support,A,0,,,
1349,in my previous post i discussed by the auscss arguments were flawedboth factually and logically,schen,0,Attack,A,0,,,
2539,We should allow voting at 16 in European Parliament elections,This would complicate elections,0,Attack,A,1,,,
513,Labour won't have anything to do with UKIP as they are more right-wing than the Tories. ,UKIP leader Nigel Farage said any members proven to have extreme right wing views would be expelled.,0,Attack,A,0,,,
297,If there are enough Ukip votes it should frighten all the parties sufficiently to make them realise they can't just ignore the electorate.,"Earlier this week, former Conservative peer Lord Stevens joined the party, becoming UKIP's third peer, sitting alongside former party leader Lord Pearson of Rannoch and Lord Willoughby de Broke in Parliament.",1,Support,A,0,,,
2597,undoubtably the best film of the decade,definitely one of them no doubt,1,Support,A,0,,,
259,"I think Farage makes a much better leader than any of the other parties, he's full of enthusiasm and is not a PR man like the current leaders of the 3 main parties.","Bulgarian people are raising a lot of questions today about the democratic, tolerant and humane British society and whether someone like Nigel Farage is an appropriate representative of it.",0,Attack,A,1,,,
1816,charles darwin wrote about the theory of biological evolution not antievolution just because the word anti is in front of something it does not make it correct mate,actually im not sure its been proven,0,Attack,A,1,,,
1628,for the bible to be divinely inspired all the persons writing the bible or translating the bible had to be listening to god all the time,now the trick is to prove that all of the authors were free of stray thoughts and theological spin,1,Support,A,1,,,
248,Ukip are doing well for the very simple reason folk have at last realized that they are being lied to by LibLabCon and now have somewhere else to go.,"UKIP sources pointed out that while its performance in the English local elections was not startling, the party had secured more votes than in any previous local election and had come second in more wards than ever before.",1,Support,A,0,,,
2248,jogging is just as good as walking but it is done at a faster pace which results in higher impact on your knees hips and other joints,walking can be a wonderfully leisurely pastime but the burn is not as significant as running for the same period of time,0,Attack,A,0,,,
1855,id doesnt undermine evolution,id does undermine evolution because supporters of id wish to put a sticker in every textbook that says something along the lines of evolution is just a theory,1,Support,A,1,,,
237,"If UKIP have a good general election and manage to take a few seats then that can only benefit Labour, because all of the seats that UKIP can possibly, conceivably win - well they are all Tory seats.","The Times newspaper reported that Conservative Party officials have already been dispatched to the seat to lay the groundwork for their campaign, with fear of UKIP snatching the seat taking hold.",1,Support,A,1,,,
2134,gay marriage does have a drastic affect on our society,prove it got any credible scientific or sociological studies,0,Attack,A,1,,,
2271,not london for sure,why not london has it all culture fun exhibitions parks what more do you want,0,Attack,A,1,,,
1795,what evidence is there that universal evolution doesnt exist the universe constantly changes,this is not a debate on whether you can disprove it or not this is a debate on if in your mind its been proved,0,Attack,A,0,,,
2380,nuclear energy is the most efficient once all potential hazards are eliminated,zero co emissions and can now be produced much safer than previous generations,1,Support,A,0,,,
2637,i didnt watch the last  minutes the movie was giving me a headache,ok so i thought it was only me but after watching this movie i had a massive headache also i thought the movie was terrible it was all over the damn place and difficult to follow,1,Support,A,0,,,
2509,I believe that opinion polls harm the democratic process,Opinion polls are subject to bias and often produce faulty information on which decision are made,1,Support,A,0,,,
2326,i stayed a couple of times at the londa beach hotel it is fantastic friendly stuff great service and beautiful location,i went to its website and indeed it looks like a magnificent place to stay in,1,Support,A,0,,,
2595,i read the book which is subtle philosophical and nuanced at the beginning of the year and last night i watched the dvd of this film what utter rubbish the film is a boring sweary standard thriller,i had heard nothing but praise for this movie and was also fairly letdown aside from the cinematography i didnt see anything unique about it,1,Support,A,0,,,
816,UKIP's sole aim at the general election is to get a smallish number of MPs elected but enough to hold the balance of power and do a deal with the Tories.,It comes as William Hague ruled out an electoral pact with UKIP.,0,Attack,A,1,,,
468,UKIP actually wants to repeal the Human Rights act which is in place to guarantee basic human rights and would be disastrous if they ever were successful with this.,"I believe that what UKIP is doing is vital for this country, and of course the party's financial management is crucial.",0,Attack,A,1,,,
1749,but i can see she didnt teach you much,i didnt respond to a word of your post because you didnt give me a word to respond to that wasnt an attack itself,1,Support,A,0,,,
360,UKIP are a joke outfit full of small-minded Neanderthals who think the 1950s are the future.,"There are those, UKIP, thinking backwardly, saying we should turn our backs on the world and on our wider obligations, that we should cut ourselves off from influential organisations in the belief that we can go it alone.",1,Support,A,0,,,
1519,it is entirely misleading to imply that academic freedom is gives license to present nonscience like idthese academic freedom bills which typically work in conjunction with the science standards are written to strictly prohibit the teaching of religion creationism creation science creation facts and id,islandno as i said they are typically by law strictly prohibitive of id creationism which is a huge difference that you dont want to willingly acknowledge,1,Support,A,0,,,
1546,certainly there is value in the documents from which human culture has derived the christian bible the value of which is to be determined individually by the reader,how can anyone believe that the human race began with just one pair adam and eve and refuse to face the logical consequence that the human race would have to have with brothersister incest  if god wanted to start the human race with just one pair of biological ancestors then he must have ordained incestuous marriage for at least the first generation of humans,1,Support,A,1,,,
1547,how can anyone believe that the human race began with just one pair adam and eve and refuse to face the logical consequence that the human race would have to have with brothersister incest  if god wanted to start the human race with just one pair of biological ancestors then he must have ordained incestuous marriage for at least the first generation of humans,actually i meant to say that if adam and eves children had to practice incest in order to go forth and multiply then it meant that god ordained it,1,Support,A,0,,,
1641,i do not believe in science,all this is hard to understand,0,Attack,A,0,,,
83,Many racists and especially xenophobes find the UKIP message appealing.,A UKIP candidate in Somerset was suspended from the party on Tuesday after a photo of him apparently making a Nazi-style salute appeared on his Facebook page.,1,Support,A,1,,,
1054,yet it demonstrated a radical   change   over the comparatively short span of twenty years,so what using   intelligent design    is the purpose of the appendixid simply predicted that the appendix would have a function,1,Support,A,0,,,
1206,this rather poorly phrased term suggests that there may be an enigma but lets look at the apparent correlation between habitability and our existence as observers,we also investigate axis of evil aoe type anomalies which detect phase correlations between different multipoles in harmonic space,1,Support,A,0,,,
806,It's a protest vote because (most) people know that UKIP will never net in power.,"He said it was proof that UKIP is no longer just a protest party and is broadening its appeal across the country, not just the south of England.",0,Attack,A,1,,,
270,UKIP are asking the questions that haven't been asked by the opposition or the media.,"Europe had in the last few years become a huge issue due to the euro crisis and the bailouts, and UKIP was the only party addressing this problem head on.",1,Support,A,0,,,
927,grayling explains in his review of fullers latest book quite well how id is doomed to remain scientifically vacuousfuller has written about popper he seems to forget poppers killer point namely a theory that explains everything explains nothing,pvm wrote however this is false and misleading,0,Attack,A,1,,,
2496,I support the truth and reconciliation commission,Truth and reconciliation are more important than retribution following violent and long term conflicts,1,Support,A,0,,,
1226,the only way that design could be detected in nature is if there were objects around that werent designed,and one of the reasons why id appears to be lousy theology but what the heck  i am sure iders can find yet another ad hoc explanation for this,1,Support,A,0,,,
2167,this is where the competition really occurs this is why natural selection the ability to go on to breed on the level of the population is actually nonrandom,wow supersport got something right,1,Support,A,0,,,
1087,id has legal and educational merit because it is a bona fide scientific theory ,none of these promises have much relevance to id as a concept nor have few if any come to fruition,1,Support,A,1,,,
499,A strong UKIP vote suggests there's a lot of the British public who aren't on board with the current set-up.,"Deputy Prime Minister Nick Clegg, whose Liberal Democrats oppose a referendum, said leaving altogether would make us less safe because we co-operate in the European Union to go after criminal gangs that cross borders.",0,Attack,A,1,,,
2489,The US should ban cluster bombs,The Ban is Unfeasible,0,Attack,A,1,,,
635,"I think Farage makes a much better leader than any of the other parties, he's full of enthusiasm and is not a PR man like the current leaders of the 3 main parties.",The party's leader Nigel Farage has promised to cause a political earthquake at next year's polls after a strong showing in local elections.,1,Support,A,0,,,
2185,to travel along the logic of the singularity expanding it is obvious that the singularity is what we have today,yes in a way we are in the same thing that existed way back then it has just expanded since then so its much bigger now,1,Support,A,0,,,
1323,the di is quick to argue that jones overstepped its bound by declaring id not be scientific even though both the plaintiffs and the defendants insisted that the judge address this because the existence of a valid secular purpose which is not a sham is an important aspect in determining if something is unconstitutionaljudge jonesdefendants presented no convincing evidence that they were motived by any valid secular purposealthough defendants attempt to persuade this court that each board member who voted for the biology curriculum change did so for the secular purposed of improving science education and to exercise critical thinking skills their contentions are simply irreconcilable with the record evidence,for goodness sakes guys very few people are advocating the mandatory teaching of id in schools,0,Attack,A,0,,,
2528,US intervention in Libya lacking congressional approval was illegal,US intervention is not consistent with other aspects of US law,1,Support,A,1,,,
2230,the fetus has never achieved conciousness let alone has known anything,well you get the idea,1,Support,A,0,,,
2211,and the organism is not equipped to function in any predetermined fashion,that is right it merely has the capacity to make errors which sometimes slightly improves function in a particular environment and those tend to accumulate over time,1,Support,A,0,,,
2550,We should force think tanks to reveal all of their sources for resource funding,Private investors have a right to privacy,0,Attack,A,1,,,
2116,then a man who needs an artifical heart to survive is a new species of man that is the analogy i gave and you ignored,and well he should have ignored it your analogy is nonsense,0,Attack,A,1,,,
2377,yes i never thought of that but that is a brilliant question and so true when you are part of a big family you should have a say in things that affect you ,if one is truly serious about a unified europe this possibility should at least enter a discussion,1,Support,A,0,,,
2240,possibly so but it would not be fun go with friends,it is not such a good idea for a fifteen years old child to travel either with friends or alone in any case he can not even protect himself from any danger ,0,Attack,A,1,,,
173,"Much of UKIP's meteoric rise has to do with political correctness, and the fact that ordinary people are sick of it.",Mr Farage said it was very important that UKIP gets a voice in Westminster.,1,Support,A,0,,,
2385,i liked it all loose ends where tied up nicely,i could not have summed it up better than this,1,Support,A,0,,,
2452,The voting age should be lowered to sixteen years,Young people would be more likely to misuse their vote,0,Attack,A,1,,,
1926, i do not believe that we evolved from monkeys or any other animal i believe that god created us in his own image, it is very wrong we didnt evolve from apes,1,Support,A,1,,,
2351,game of thrones is one of the best,i like it a lot,1,Support,A,0,,,
426,UKIP is not at all taking into account the financial effects of leaving the EU: Europe is the main market for the UK. ,UKIP has evolved over the two decades since it was created from an anti-EU pressure group into a fully fledged party which has now proved that it can succeed beyond European elections.,0,Attack,A,1,,,
2278,hybrid electric vehicle,high vehicle cost,0,Attack,A,1,,,
354,"The momentum is definitely with UKIP at the moment, hopefully that will continue with the up and coming by-elections.",He said the UKIP had never been more important for our freedom as a self-governing democracy and had to go on telling the truth about Europe.,1,Support,A,0,,,
800,"UKIP is a not a real party, with a clear global ideology and vision addressing all aspects of society: it is focusing on a handful of issues (all centered around membership in the EU and migrants), mostly ignoring global financial issues, health, education, security etc.",Mr Farage has successfully broadened UKIP's appeal away from Europe.,0,Attack,A,1,,,
923,i understand why id proponents would like to embrace newton and others as relevant to id,archfilejockey quoted kent hovind as saying asking an atheist why he cant find god is like asking a thief why he cant find a police officer,1,Support,A,0,,,
2581,i remember being underwhelmed when this first came out but enough time had passed when i caught it on tv so perhaps i had just been in the wrong mood back then maybe this time ill enjoy it but no,brilliant film disliked by people with no imagination,0,Attack,A,1,,,
1434,the ncse says that    intelligent design    is a religiously motivated attack on science but the ncse does not claim that is why it should be rejected,id is not science because it can never make a prediction that is meaningful,0,Attack,A,1,,,
2087,how can it get anymore embarrassing for science that they got the premise wrong for all these years,do you actually have any idea how science works why are you not embarrassed for creationism,0,Attack,A,1,,,
82,"Marketing UKIP as ""the people's army"" is a bitter irony.",Recent polls have suggested a rise in UKIP support amid the eurozone crisis.,0,Attack,A,0,,,
766,UKIP doesn't need to win power to force the changes people want.,"We're not going to do a pact with UKIP anymore than I'm going to do a pact with the Lib Dems and go into the next election with them, said Mr Shapps.",0,Attack,A,1,,,
1575,and what of those who having studied the bible and the physical world determine that the bible has no basis in fact,some people see it as a day to the lord is a  years,0,Attack,A,1,,,
2446,The voting age should be lowered to sixteen years,Sixteen year olds are mature enough to vote,1,Support,A,0,,,
376,Hopefully we will see our first UKIP MP before the general elections next year.,"But Mr Cameron described UKIP's members as fruitcakes, loonies and closet racists, mostly.",0,Attack,A,1,,,
2361,go by bike,yeah really great idea bikes rock,1,Support,A,0,,,
386,I suspect when people do start to focus and the election is close UKIPs incoherent policies will be exposed.,Conservative MP Tim Loughton said bringing in the eurosceptic party to a TV debate would show it to be a complete load of old hot air with a very charismatic and beaming person in charge and not much else.,1,Support,A,0,,,
2657,the only good thing in this movie was dr schultz after that it was a yawn fest,it won  oscars and got great reviews so a lot of people disagree with you it was a really entertaining movie with a great cast definitely not one of the worst movies,0,Attack,A,1,,,
92,UKIP are blatantly disregarding the possibility of man made climate change.,And he dismissed wind power and other renewables as playground technology.,1,Support,A,0,,,
2173,creationism starts with a conclusion and finds data to support it according to the scientific method one is supposed to look at data and draw a conclusion from it therefore creationism is not science and needs not take any scientific consideration,been saying that ever since the first time i heard about creationsism,1,Support,A,0,,,
2376,as a mediator with as little violence as possible,they should also not veto every single attempt at an un resolution,1,Support,A,0,,,
2362,but if we get this right we will waste less research time with dodgy students we wish we had rejected at interview,i fully agree,1,Support,A,0,,,
2428,European Parliament elections should involve only one voting district all of Europe and not separate country seats,Big countries will dominate,0,Attack,A,1,,,
2658,the only good thing in this movie was dr schultz after that it was a yawn fest,very true its as unpleasant as can be and not entertaining in the least this has to be the most overrated film of the past two years,1,Support,A,0,,,
1506,try and quote the right text next time,luskins opinesas i discussed in my rebuttals to the first two opening statements of the national center for science education ncse some of their common debate tactics includeof course,0,Attack,A,0,,,
717,A strong UKIP vote suggests there's a lot of the British public who aren't on board with the current set-up.,UKIP said leaving the EU was the only way to fully take control of the UK's borders.,1,Support,A,0,,,
1458,when there was a move to distribute unlocking the mystery of life dvd to australian schools a few worried scientists headed by michael archer from unsw got together and signed a letter on behalf of  scientists and educators,idnetto comment on whether id has merit or not it is minimally necessary that people be properly informed of the arguments involved,0,Attack,A,0,,,
1497,you mean you accepted the attempt to reconcile the early drafts while ignoring the facts sadly you seem to have fallen victim of di propaganda,nothing in the early drafts state that the creator was specifically god or anything supernatural something the di is already emphasizing on this site,0,Attack,A,1,,,
722,"Arguably, UKIP & co. aspire to destroy the culture created in Europe after WWII, which has been based on openness, free travel, migration and cross-geographic access to goods and labour markets.","I was delighted to cast my vote for [UKIP leader] Nigel Farage's team in Sussex, where I live, said Lynam.",0,Attack,A,0,,,
1426,a non living entity possibly though it depends on you definition,that in no way describes the current theories about how life began,1,Support,A,1,,,
940,these two moves ruling out regularity and then ruling out chance  constitute the design inference,pvm is confused,0,Attack,A,1,,,
1990, this is pure ignorance, i really do not know where to start with this one at the time of writing this response apparently evolution is incorrect,1,Support,A,0,,,
51,"As far as immigration is concerned all Ukip want is a level playing field for non EU migrants and to control the numbers so, if anything, Ukip are too soft on immigration.",Certainly by the time of the general election UKIP will be the third-highest-membership party in Britain.,1,Support,A,0,,,
884, teaching creationism is dangerous to science and reason  if a theory that does not follow the scientific method is taught in schools as science science and reasoning will be undermined, creationism is not scientifically testable,1,Support,A,0,,,
134,Plenty of survey's have shown UKIP to be the most hated of the main parties.,"At the final tour stop, in Tunbridge Wells, Kent, he told supporters in the town centre UKIP was drawing support from across the political spectrum, not just disaffected Tory voters as the media assumed.",0,Attack,A,1,,,
2567,this was just an amateurish hodgepodge of the departed the town and we own the night and sopranos,completely agree swing and a miss on this one kept waiting for something to happen maybe i wasnt in the right mood for it but it just didnt deliver at all more limp than month old lettuce,1,Support,A,0,,,
688,UKIP is the only party that has understood the damage immigration does to the UK and its policies aim at repairing this.,"Mr Farage, speaking to the BBC's Len Tingle, said the election result represented significant progress.",1,Support,A,0,,,
2079,science has managed to show that life and non life are not distinct and are indeed simply a continuium of molecular complexity and function,you have got to be kidding me this has got to be one of the absolute dumbest things i have heard you are truly one confused individual if you can not tell there is a distinct difference between a living thing and a non living thing that nonliving things are missing something that living things have,0,Attack,A,1,,,
2570,im not saying its a bad movie but its no where near as special as it has been made out to be,the pacing can be slow at times but overall watch it again and think about it yeah this film is pretty awesome is what will come to mind,0,Attack,A,0,,,
1678,i believe that the day creation of the universe as we know it today has to be taken literally even though scripture does say that one day in the eyes of the heavenly father is like a thousand years,if the sevenday week is relevant shouldnt the names of the days be relevant as well specifically the days named after pagan godsodins day thors day freyas day etc,0,Attack,A,1,,,
187,Cameron had it right and UKIP could tip the balance towards Labour in the crucial marginal seats in the GE where the battle will take place .,"UKIP is also hoping for a good result in Labour heartland South Shields, with Labour sources suggesting it could get as much as 30% of the vote.",1,Support,A,0,,,
1636,the first problem with the debate question is that neither time nor space exists per se,one of the major problems that we all have in fact its the same problem adam and eve had in the garden of eden is that we tend to start from outside gods word and then go to what god has written in the bible orin adams casewhat god forbade him to do to try to interpret it on the basis of our own preset ideas,1,Support,A,0,,,
435,It is more likely that Tory voters would vote tactically for UKIP to keep Labour out and that means Labour are at a real disadvantage. ,"UK Independence party leader Nigel Farage has said he is expecting a big swing to his party in the seat, with most polls carried out in the seat putting the party third, ahead of Labour.",1,Support,A,0,,,
2340,lots and lots of things to see i loved the kitchens at the royal palace the egyptian museum and the museum of cinema such a variety of things to see,sounds lovely,1,Support,A,0,,,
1947, i am going to borrow from churchill, i believe evolution is correct and whats up with this lack of understanding that evolution is a sloooooooow process       with the making everything is  days and resting on the seventh  which conveniently happens to be a week,1,Support,A,0,,,
1800,read the whole comment that he makes first,well personally my second cousin by marriage on my mothers side descends from the archea branch but my bosses boss is an arachnid,0,Attack,A,0,,,
1937, i believe evolution did occur but god created it, if your with god then there is no debate,1,Support,A,1,,,
1234,it is a fact that design can be determined in the absence of a designer,btw you people continue to ignore the fact that natural processes cannot account for the origins of nature because natural processes only exist in nature,0,Attack,A,1,,,
2013, b tr  tr valigntop , i agree that it is slowly falling apart,1,Support,A,0,,,
1302,how does the antiid position explain the bacterial flagellum it just evolved,i understand the ad hominem approach chosen by joe after all what is the alternative showing that id really lives up to what joe claims it isjoe gand again the design inference relies on observations data and experience,0,Attack,A,1,,,
1661,all of those socalled evidences have been debunked by real scientists with real degrees and have true understanding of science,it is unfortuanate that creationists cannot be persuaded by facts,1,Support,A,0,,,
631,"ukip's policies on health, education, taxation and all the things that affect peoples lives are non-existent.","He suggested that as many as 20 Conservative MPs shared common ground with UKIP on tax, energy and education and there was a whole list of areas where they agree with us.",0,Attack,A,1,,,
1098,so your argument is by pushing scientists to find more junk dna it is in fact useless to the organism vestigial limbs my tailbone does nothing and has no purpose and i could have it removed with no damage to my functioning and other disproofs of intelligent design id serves the purpose of annoying scientists into progresscouldnt you just advance the cause of science by doing experiments and recording data,unfortunately dr,1,Support,A,0,,,
344,The success Ukip had in the european elections will be sufficient to galvanise one or preferably all the other parties to rid us of the EU's political influence.,"UKIP is still a party driven by a fundamental desire to get Britain out of the EU, and it's Conservatives, or at least Conservative leaners, who are the bulk of its supporters.",1,Support,A,0,,,
139,The only reason we are even having a sensible debate about Europe are UKIP.,The UKIP MEP reckoned a number of Conservatives who want a referendum on the EU in the current Parliament need to grow a backbone and do something about it.,1,Support,A,0,,,
1454,you give interesting and complex answers,take your time id rather have you think about it digest it and respond than give a hasty response which would not help us resolve these issues,0,Attack,A,0,,,
1357, we focus only on the constitutional aspects to this issue,lets just cut to the chase id does not perform any empirical and statistical verifications at best they could perform statistical falsifications of a particular scientific hypothesis but even the simplest hypotheses are not easily captured in statistics and thus id has found that most examples of supposedly designed systems cannot really be tested using id methodology,0,Attack,A,1,,,
165,"I voted Tory for 30 years and started supporting UKIP because I want a sovereign, democratic , well governed Britain with Britain put first and its getting clearer by the day that the old Liblabcon parties will not do that.","Business for New Europe director Phillip Souta, which organised the letter, said reform of the EU was needed and claimed We are better off in, in many, many ways indeed.",0,Attack,A,1,,,
271,A vote for UKIP would be a vote for a Tory-UKIP alliance that would be more right-wing than a Tory government.,UKIP says it is campaigning on a pro democracy message - aiming to rejuvenate local politics.,0,Attack,A,1,,,
1462,which i argue is the main reason people have come to embrace id and object to sciencecouldnt atheism be the main reason people have come to embrace a certain type of evolution and object to id  the emotions so commonly seen in the rejection of id support this,couldnt atheism be the main reason people have come to embrace a certain type of evolution and object to id the emotions so commonly seen in the rejection of id support this,0,Attack,A,0,,,
2413,We should grant politicians immunity from prosecution,Giving politicians immunity from prosecution allows them to focus on performing their duties,1,Support,A,0,,,
1824,if what you say is true then nothing at all is scientific fact,it has not been proven and i dont think it can be,0,Attack,A,1,,,
1717,maybe get someone to do your studies who doesnt pay a tithe  someone who perhaps doesnt own a   bible  ,consider reading chance or purposeat any rate chance is an obviously derogatory word to try to bias the argument against   evolution   and purpose is obviously meant to imply that some intelligence is involved,1,Support,A,1,,,
2450,The voting age should be lowered to sixteen years,Parents are guardians and should be trusted to vote in their childrens interests,0,Attack,A,1,,,
2119,you snipped most of my remarks because you were unable to address them you have no answers and have been reduced to insult,actually i snipped your remarks because you twisted what i said and i am already spending too much time arguing with random complainers and i was in a hurry to do something more important at the time,0,Attack,A,1,,,
242,I think it's far too simplistic to argue all UKIP supporters are racist - there is a real groundswell against the political establishment which over the past 20 years or so has started to converge in terms of image and policies.,"The party, which campaigns for the UK to leave the European Union, said numbers had increased by more than 13,000 to about 32,500 in 2013.",1,Support,A,0,,,
531,UKIP are the only party willing to have a sensible open debate on the key issues affecting the country. ,"UKIP, which has called for withdrawal from the European Union and greater restrictions on immigration, has seen improved poll ratings this year.",1,Support,A,0,,,
2606,you are right it should be a nine stars hands down,that was my rating this film is superior in every respect and most of all its ideas,1,Support,A,0,,,
2245,any state of the art pc with a game pad,i think that the best consoles by far are either the xbox or the ps,0,Attack,A,0,,,
124,Cameron had it right and UKIP could tip the balance towards Labour in the crucial marginal seats in the GE where the battle will take place .,"In the end, I think it will strengthen our role in Europe and our continued membership and the opportunities it gives Britain as a country.",1,Support,A,1,,,
1447, it seems to me that luskin is being more scientific in that he talks about a method for testing idthats ironic because luskin presents no testable id,in answering your questions i will try to keep on point,0,Attack,A,0,,,
976,i cannot argue with your opinions as to what you want to believe,i fail to see how id can help us here,0,Attack,A,1,,,
2493,Terrorism can sometimes be justified,Harm to others is never legitimate,0,Attack,A,1,,,
1541,feel free to respond,to start with with i think the wikipedia page  httpen,1,Support,A,0,,,
1274,intelligent design has been misrepresented as some kackamamy religiously motivated scheme by those who are afraid to challenge what they believe in,first off the human eye did not pop into existence by chance it is the result of billions of years worth of   evolution  ,0,Attack,A,1,,,
1244,funny how being completely wrong about the earth revolving around the sun can make the catholic church a bit gun shy about claiming that   science   is incorrect without evidence to back it up,in the th century fundamentalist supported the idea that new species appear abruptly catastrophism,0,Attack,A,0,,,
1024,the response to my comment id contradicts itself is a series of peculiarly unclear assertions,the response to my comment id contradicts itself is a series of peculiarly unclear assertions,0,Attack,A,0,,,
1735,doctrines such as original sin substitutionary atonement and the trinity are very well described in the bible,first of all i have no presupposed attitude,0,Attack,A,0,,,
107,"I sense that Farage is a total megalomaniac, a charlatan, someone who is in it for the attention and the glory and that in a strange way, that many UKIP voters know this but don't seem to mind.",There's an attitude that either you keep silent about everything that's been going on in UKIP and wit Farage or suffer the consequences.,1,Support,A,0,,,
2314,i believe he overused the hero type of comic movies,i totally agree but do you not think that this is a characteristic that distinguishes all of tarantinos characters the exaggerated behavior,1,Support,A,0,,,
2260,i think that there should be something that judges the percentage of people that are satisfied with your answer ,how would this be different to the rating of a particular replyanswer that it currently has,0,Attack,A,1,,,
662,UKIP doesn't need to win power to force the changes people want.,Mr Fabricant said an electoral pact with UKIP - in which the Tories would promise a referendum on European Union membership after 2015 and in return UKIP would not stand against Tory candidates - could help the Conservatives win an extra 20-40 seats at the next election.,1,Support,A,1,,,
1396,  it sounds like there was an overarching policy limiting students speech on campus for this one, i have been a christian most of my life and the ten years i lived outside the community was hell on earth,0,Attack,A,0,,,
2058,do you believe in purple unicorns on uranus have you or anyone been to uranus to check,uranus is a ball of gas genius,0,Attack,A,1,,,
909,teaching creationism is akin to childabuse,preventing creationism to be taught is not violating freedom of religion,1,Support,A,1,,,
2373,i have to go for apple it did introduce the iphone the applications market and mobile social networking,i agree apple has also been voted as the worlds number one brand,1,Support,A,0,,,
1889,ignorance of terminology,a theory as the word is used by scientists is a detailed description of some aspect of the universes workings that is based on longcontinued observation and where possible experiment that is the result of careful reasoning from those oservations and experiments and that has survived the critical studies of scientists generally,1,Support,A,0,,,
982,psyop asks rhetorically if the universe is expanding what happens when that expansion ceases first of all the expansion of our universe is an observed fact,the expansion of the universe is biblically supported,0,Attack,A,0,,,
2568,this was just an amateurish hodgepodge of the departed the town and we own the night and sopranos,while i can see your point of view i enjoyed the pace of the film the tension especially when pope was onscreen had me holding my breath,0,Attack,A,0,,,
2620,so im warning all of you guys whos expecting an epic tale beautiful cinematography and lots of action this was one of the most boring films ever made and nothing like other war movies,people who do not like a particular film but never refer to the actual themes expressed in it and instead just say that its boring basically says that they are idiots,0,Attack,A,1,,,
672,UKIP want to get us out of the EU to make the British people much worse off then they already are.,"He debated with journalist and historian Sir Max Hastings who said Britain can't stay in Europe on any terms, but said leaving could mean the UK could find a very tough time out there.",1,Support,A,1,,,
439,"UKIP's position is not reasonable, but racists and proto-fascist, considering they have nothing to say about the finance capital bombing of the economy, but to put all the blame for Europe's woes onto immigration.",Mr Andor previously said the UK risked being seen as a nasty country.,1,Support,A,0,,,
359,UKIP are in no way a single issue party and if Labour or the Conservatives were to give us a referendum UKIP would still have a full manifesto that would attract many voters.,"UKIP, which campaigns for the UK to leave the European Union, averaged 25% of the vote in the wards where it was standing in Thursday's elections and won more than 140 seats, its best ever result.",1,Support,A,0,,,
978,it allows some people to scientifically believe in   god   ,i dont really care  ,0,Attack,A,0,,,
1682,there are some things human beings were not meant to understand because the god who created this universe is a being who is greater than all of his creation,what proof can you offer that right now we have reached the maximum limit of human knowledge  why is it at this moment that nothing more should be known why not  years ago or  years from nowi am not here to argue scripture on god because the bible tells us that the man who lacks wisdom says that there is no god psalm  verse you do realize that quoting from the bible only works when you are talking with christians,0,Attack,A,1,,,
416,The reason why UKIP has gained so many votes is because the main parties refuse to deal with immigration and the EU.,"Farage's outspoken speeches in Brussels against what he perceives as euro-nonsense are legendary, both for their wit and passion.",1,Support,A,0,,,
2266,people who eat at such places every week will not be really bothered personally i try to stay away from it for many reasons not just because of the stories,care to share those reasons,0,Attack,A,0,,,
1672,is it me or is it you only time will tell,if the existence of a fossil record contradicting parts of the bible then that does not disprove in and of itself the fossil record,0,Attack,A,1,,,
2498,I support the truth and reconciliation commission,Reconciliation can be used to conceal political corruption and patrimony,0,Attack,A,1,,,
1280,the random comes in when particles of rna that came out of the primordial ooze aligned by chance in such a way to produce a singlecelled organism,intelligent design is in fact religiously basedso  ,0,Attack,A,1,,,
888,if we are descended from animals then the unique relationship between man and god is undermined,it is not appropriate to teach creationism as a means for upholding the bible,0,Attack,A,0,,,
2041, if your trying to find evidence in the bible your right, god is just an imaginary friend for adults,1,Support,A,1,,,
2456,All nations have a right to nuclear weapons,Nuclear weapons serve to defuse international conflicts and force compromise,1,Support,A,0,,,
820,UKIP's sole aim at the general election is to get a smallish number of MPs elected but enough to hold the balance of power and do a deal with the Tories.,"According to the Daily Telegraph, Mr Farage suggested to Mr Murdoch at the meal that he would form an electoral pact with the Conservatives if David Cameron stood down as leader.",1,Support,A,0,,,
2390,the best way to protect Scottish interests in the EU is to vote for independence,Scotland is more pro EU than the rest of the UK,1,Support,A,1,,,
391,"UKIP advocates for the UK leaving the European Union which would be a bad idea – but they are trying to leverage on the british people’s need to belong and pride to be british, which further sparks their anti-foreigner standpoint.",Nigel Farage said most Ukippers have got robust views on immigration and he described them as sensible views.,0,Attack,A,1,,,
1223,and again the design inference is based on our current knowledge that being we have an understanding of what nature operating freely is capable of and we couple that with our knowledge of what designing agencies are capable of,if we dont know then no one can say that a designer was not involved or not required,0,Attack,A,0,,,
1137,for educating us about the immense scientific amount of information that seldomly gets disseminated when id proponents claim that x could not have evolved,remember nick matzke a few years ago he outlined based on an extensive study of the scientific literature and homology studies a plausible scenario for the evolution of the bacterial flagellum,1,Support,A,0,,,
1488,jon buell the president of the foundation for thought and ethics testified in court enjoyby mr,you still have yet to provide any passages within pandas which state that god is directly implicated saying that the fte is religious therefore so is pandas,0,Attack,A,1,,,
413,For what its worth I think UKIP is a one trick pony and is unelectable in a general election.,"UKIP meets just days after one of its ex-deputy leaders quit the party, frustrated by its totalitarian leadership and narrow policies.",1,Support,A,0,,,
2461,All nations have a right to nuclear weapons,Possessing nuclear weapons will be counter to the peaceful interests of states,0,Attack,A,1,,,
621,UKIP doesn't need to win power to force the changes people want.,"David Cameron should consider a pact with UKIP, his elections adviser has said.",1,Support,A,1,,,
1455,take your time id rather have you think about it digest it and respond than give a hasty response which would not help us resolve these issues,the following statement by the employee of ncse is the exact form of inference to the best explanation that id scientists use to demonstrate that there is intelligence behind life,0,Attack,A,0,,,
1710,we have two different literal interpretations,abraham isaac and jacob belonged to different tribes and were not related but the stories grew together into a collection and the persons were tied together as members of the same family,1,Support,A,1,,,
2593,i read the book which is subtle philosophical and nuanced at the beginning of the year and last night i watched the dvd of this film what utter rubbish the film is a boring sweary standard thriller,i agree with about ninety percent of what you said i was also let down by this movie with all the hype this movie got before it was released i was expecting a masterpiece but no it was just puppet theater,1,Support,A,0,,,
2007, i interpret the creation story as a metaphor with science as how god made humans, then again i often wondered as a child why and how the whole universe was created in the first place,0,Attack,A,0,,,
1160,i asked the questions to give mr behe a hint about how to formulate a proper argument,i was using your rhetorical question to attempt to get a discussion going,1,Support,A,1,,,
1218,in my discussions with island i have come to the conclusion that i was mistaken in calling island an id supporter,the argument always had intuitive plausibility,1,Support,A,1,,,
163,"I would say it's the anti-ukip brigade who have no substance to their argument (or facts), they simply shout ""racist"" with nothing to substantiate this slur, or become crude and insulting.","The 2009 poll saw UKIP's total grow to 13 seats, pushing Labour into third place with 16% of the vote.",1,Support,A,1,,,
284,"I sense that Farage is a total megalomaniac, a charlatan, someone who is in it for the attention and the glory and that in a strange way, that many UKIP voters know this but don't seem to mind.","The UK Independent Party says it is the only party which will pull the UK out of the European Union and, with Nigel Farage at the helm, will put us back on track.",0,Attack,A,1,,,
1912, you are under the mistaken impression that complexity and ability to buy washing machines equals more evolved, just judging from the question obviously the op hasnt got even a high school understanding of what evolution is,1,Support,A,0,,,
1235,btw you people continue to ignore the fact that natural processes cannot account for the origins of nature because natural processes only exist in nature,jaywhat makes you qualify as a design theorist  please be specific,1,Support,A,0,,,
1456,the following statement by the employee of ncse is the exact form of inference to the best explanation that id scientists use to demonstrate that there is intelligence behind life,idnetthe following statement by the employee of ncse is the exact form of inference to the best explanation that id scientists use to demonstrate that there is intelligence behind life,0,Attack,A,0,,,
1372,the u,here is irons response to the so called rebuttalreply to rebuttalby peter ironsthe pages of a respected law review are rarely filled with such pejorative terms as smear and innuendo poisoning the well and personal attacks,1,Support,A,1,,,
346,"If UKIP don't like being smeared, then they need to stop smearing, stigmatising, and fear mongering about others.","UKIP is simply demanding a referendum on whether Britain should stay in the EU, they are not being unreasonable.",0,Attack,A,1,,,
840,"I don't think most people realise the benefits of free trade at all, and UKIP capitalise on peoples ignorance of the benefits of free trade as much as they can.","They say it would lead to legislative gridlock, a failure of the single market and an end to free trade as national parliaments adopted protectionist policies across the union.",1,Support,A,1,,,
1583,the point of the debate is to set up a straw man that the world was created in six days that antichristians can knock down,then why does this argument always seem to come from the creationists  aig was not founded and is not funded by the scientific community,1,Support,A,0,,,
2295,despite its price the ipad is still my favourite,you can get any other tablet for much less that has the same features,0,Attack,A,1,,,
256,"If UKIP have a good general election and manage to take a few seats then that can only benefit Labour, because all of the seats that UKIP can possibly, conceivably win - well they are all Tory seats.",Mr Farage's pitch is attractive to voters.,1,Support,A,0,,,
1163,hasnt anybody here read a molecular cell biology textbook the machinery of the cell is a rube goldberg apparatus,and minimize the ad hominems and iders will listen,1,Support,A,0,,,
1097,the biologic institutemy my what nonsense,so your argument is by pushing scientists to find more junk dna it is in fact useless to the organism vestigial limbs my tailbone does nothing and has no purpose and i could have it removed with no damage to my functioning and other disproofs of intelligent design id serves the purpose of annoying scientists into progresscouldnt you just advance the cause of science by doing experiments and recording data,1,Support,A,1,,,
750,UKIP are the only party willing to have a sensible open debate on the key issues affecting the country. ,"UKIP appears to have struck a chord with many voters on the issue of immigration, campaigning against the relaxation of working restrictions on Bulgarians and Romanians due to come into force in January.",1,Support,A,0,,,
1778,first of all there have been writings in hebrew ,theres no point arguing against evolution when you dont understand it in the first place,0,Attack,A,1,,,
56,"If UKIP want to retain these voters and attract more in a general election then they need to come up with policies other than ""leave the EU"" and ""its all the immigrants fault"".",Mr Farage - who was re-elected leader last year - has made improving the party's performance in local elections and broadening their policies a priority.,0,Attack,A,0,,,
1600,is god all powerful no because he gave that up when he gave mankind free will,so if god is not all powerful and all knowing then god is fallible,1,Support,A,0,,,
99,The success Ukip had in the european elections will be sufficient to galvanise one or preferably all the other parties to rid us of the EU's political influence.,"Isolating Britain and damaging Britain's reputation is not the right history to write, he said.",0,Attack,A,1,,,
1831,its all a theory,if man evolved from apes then why is there still apes to evolve is to change and the ape didnt,1,Support,A,1,,,
2631,this film is the poster child for hollywood greed at work its a depressing plot devoid of compassionate characters i mean they kill a child in this movie who finds that entertaining,i started posting a riposte to your ridiculous message then i stopped and deleted it either youre taking the mick or you are an idiot either way i dont care,0,Attack,A,0,,,
1398,poblic schools are not to promote   religion  ,why dont we   add   those inand believe me those commandments werent invented at that time,0,Attack,A,1,,,
1384,joe gthe only way to label intelligent design religious is to change the definition of religion,as you have been told already what phil says is irrelevant to id,0,Attack,A,0,,,
453,"Ukip is the only party advocating withdrawal from the failing EU, a sensible idea for a lot of people!","UKIP's local election manifesto, concentrates on its flagship policy of ending open door immigration and putting pressure on the government not to lift restrictions on workers from Bulgaria and Romania on 1 January, which proved a successful formula in Eastleigh.",1,Support,A,0,,,
339,The success Ukip had in the european elections will be sufficient to galvanise one or preferably all the other parties to rid us of the EU's political influence.,"It is doing the country serious damage because there are large numbers of potential investors in the UK who would bring employment here, who are being warned off because of the uncertainty all of this is creating.",0,Attack,A,1,,,
1538,six days on gods terms not mans terms,feel free to respond,0,Attack,A,0,,,
1469,but its more than we dont understand thus designed,i am fast drawing to the conclusion that this discussion will never end,0,Attack,A,0,,,
734,UKIP doesn't need to win power to force the changes people want.,One Conservative MP has suggested his party consider a pact with UKIP at the next election.,1,Support,A,0,,,
1468,but its more than we dont understand thus designed,but its more than we dont understand thus designed,0,Attack,A,0,,,
1794,therefore your usurpation of supposed assumption of stated opinion cannot be proven or supported by evidence but is not substantial enough to answer the question specifically,what evidence is there that universal evolution doesnt exist the universe constantly changes,1,Support,A,,,,
375,"There's an election next month, UKIP are campaigning on the streets right now, and candidate upon candidate keeps churning out ridiculous (often racist, sexist or homophobic) views.","Mr Neville, interim chair of Youth Independence - UKIP's youth wing - has been asked to stand down after comments he made in an interview with BBC Radio 4's The World at One last month.",1,Support,A,,,,
1691,the scripture is silent as to which locale in the spacetime continuum the author of the account was measuring time from on the first day of creation,one thing for sure time was and continues to be passing differently in different parts of the universe,1,Support,A,,,,
537,"In UKIP, we have a new political force which looks likely to poll very well in a national election on thursday.","Mr Farage, speaking to the BBC's Len Tingle, said the election result represented significant progress.",1,Support,A,,,,
1561,genesis is very clear that the evening and the morning were the first day,carbon  is not the only method of dating used to determine the age of the universe,0,Attack,A,,,,
1893,so what is the difference in saying god is nothing and there is no god and god is nonexistent there is no difference all of the above statements have the same meaning,zingo he can be taught i know that there is no difference between those statements,0,Attack,A,,,,
1705,agreed  percent  this is my frustration with people who want to find every possible motive to discredit creationism they seem to want everyone to accept their viewpoints without question while they seemingly want to question and discredit anyone who does not see from their points of view,god created the universe therefore god created   science  ,0,Attack,A,,,,
1107,michael behe may be best known for his book darwins black box and to a lesser extent its sequel the edge of evolution,in his latest book edge of evolution behe attempts to define this edge by pointing to malaria as an example of a designed system in which according to behe two simultaneous mutations are required and given the estimated probabilities of  in  this may be quite unlikely,1,Support,A,,,,
2395,We should ban religious symbols in public buildings,Many symbols are seen as a symbol of oppression on women,1,Support,A,,,,
1043,i am an experimental scientist,i only need one sentence to reply to this can the   existence   of a designer be verified by the scientific method  oh it cant oh darn,0,Attack,A,,,,
144,"I sense that Farage is a total megalomaniac, a charlatan, someone who is in it for the attention and the glory and that in a strange way, that many UKIP voters know this but don't seem to mind.","Mr Farage, who failed in his attempt to become an MP in May, said he was the best man to lead UKIP from the front.",0,Attack,A,,,,
68,"On voting day, this week the vast majority of the British public will not vote for UKIP.","Mr Wheeler, who has criticised David Cameron's attitude to the EU, said UKIP's success was vital.",0,Attack,A,,,,
2381,i believe this question basically depends on each country for example in cyprus solar and wind seem the way to go other countries have different needs,i agree my country has got a lot of coal for example so most power plants are coal powered,1,Support,A,,,,
102,"If UKIP don't like being smeared, then they need to stop smearing, stigmatising, and fear mongering about others.","If UKIP has good cause to think that it should be in the TV debates and it's excluded, we will provide an alternative form of entertainment on the evening.",0,Attack,A,,,,
2146,you do get critized for talking about god any other god other than the christian god that is,in your own little fantasy world,0,Attack,A,,,,
1411,some places do seem more open to honest debate over evolution rather than just trying to brainwash kids,you are confusing mn with is a methodology with a worldview again,0,Attack,A,,,,
2344,when you are in your user profile and you select go to question it does not show the entire question tree,thank you for your feedback it will be fixed in the next update,1,Support,A,,,,
2301,i think nokia is reaching its end unless it adopts android,if windows gets their act together i do believe that nokia has one more chance at a comeback,0,Attack,A,,,,
527,UKIP's sole aim at the general election is to get a smallish number of MPs elected but enough to hold the balance of power and do a deal with the Tories.,"David Cameron should consider a pact with UKIP, his elections adviser has said.",1,Support,A,,,,
21,Support for UKIP is just growing because people are sick of the Tories and want to register protest.,Nigel Farage will tell activists at their spring conference later that the party has an appeal beyond disaffected Conservative voters.,0,Attack,A,,,,
864,A vote for UKIP would be a vote for a Tory-UKIP alliance that would be more right-wing than a Tory government.,He said UKIP was clearly taking a very right wing position which pandered to an obvious anti-Europeanism.,1,Support,A,,,,
2424,European Parliament elections should involve only one voting district all of Europe and not separate country seats,Get out the vote,1,Support,A,,,,
2548,We should force think tanks to reveal all of their sources for resource funding,Being subject to scrutiny discourages investors from supporting good projects,0,Attack,A,,,,
597,UKIP's sole aim at the general election is to get a smallish number of MPs elected but enough to hold the balance of power and do a deal with the Tories.,"He proposes a pact, in which the Conservatives would promise a referendum after 2015 and in return UKIP would not stand against Tory candidates.",1,Support,A,,,,
1259,secrets of the genome january   by john c,the response by the discovery institute says that the methodology for detecting design which i discuss in my first opening statement is entirely empirical and scientific,1,Support,A,,,,
153,"Despite their best efforts at pretending otherwise, UKIP are still widely disliked and untrusted by the majority of the population.",Mr Farage said the issue of Europe was resonating more with the British public.,0,Attack,A,,,,
438,"Europe is no longer fit for purpose and we'd do better to be out than in, plus save a whole load of cash.","Mr Cameron also said he did not think it would be right for Britain - or in the national interest - to leave the EU entirely, pointing out that some 50% of nation's trade was with the EU.",0,Attack,A,,,,
168,Beyond leaving the EU and migration what ukip have no policies!,"And, alongside that central desire to get out of the European Union, the party is now pushing a broader range of ideas, from being anti-gay marriage to pro-grammar school.",0,Attack,A,,,,
2298,samsung produces some great tvs since they have fantastic image quality and are full of features,i have had some bad experience with the reliability of samsung products,0,Attack,A,,,,
1934, i do agree that evolution is wrong in the sense that it does not explain or support our existence, evolution is most certainly wrong,1,Support,A,,,,
768,If anyone seriously thinks that UKIP will offer some kind of answer to our current problems then I think that they are going to be sadly disappointed.,"UKIP appears to have struck a chord with many voters on the issue of immigration, campaigning against the relaxation of working restrictions on Bulgarians and Romanians due to come into force in January.",0,Attack,A,,,,
2190,legality does not matter religous implications do not matter other peoples moral considerations do not matter what matters is you and what you are going to think about yourself in  years,exact to the point and beautiful,1,Support,A,,,,
489,"UKIP are a two trick pony, Europe and immigration that's it.",UKIP has evolved over the two decades since it was created from an anti-EU pressure group into a fully fledged party which has now proved that it can succeed beyond European elections.,0,Attack,A,,,,
2140,evolutionists cannot support their theory and expect you to find proof to support yours,i thought you said that you had been following the converstaion i guess you did not understand any of it,0,Attack,A,,,,
2162,these so called pro lifers do not care if women die because of forced pregnancies,of course they do not care being selfish is a cornerstone of who they are they think that all women are invisible,1,Support,A,,,,
2139,i think the bible is a great book its teachings are great but so are just about every other religion,oh really so blowing yourself and a bunch of other innocent people up in the name of allah is a great teaching,0,Attack,A,,,,
1440,the ncses response to id is that about  scientist dont believe in id and you shouldnt either,its not about believing in id many people have come to accept by faith the existence of a god but rather that scientists do not believe that id has much of anything to offer scientifically speaking,0,Attack,A,,,,
1981, scientists can present a great deal more evidence for evolution various fossils in chronological order clearly showing an evolving skeletal structure than a christian can present for intelligent design none, well as being one of the denoted tie breakers of this debating conversation topic i would like to point out that evolution is both a fact and a theory,1,Support,A,,,,
2501,The International Criminal Court should be recognised,The ICC offers justice to victims of war crimes,1,Support,A,,,,
2163,sounds great it is this aspect of our lives that the conservatives will not see but anyway more power to you and i hope that you and your partner have many long and happy years together,thank you i think we will,1,Support,A,,,,
1729,an appeal to one narrow religious text isnt very persuasive,i do believe the world was created in  days,0,Attack,A,1,,,
2584,was anyone else disappointed by the ending of the movie it feels to me like there couldve been a few scenes about what happens next im no writer but i do feel this wasnt appealing at all,i felt it fit the whole narrative style,0,Attack,A,1,,,
571,The people and media that are criticising UKIP are highlighting the genuine concerns about UKIP and their policies towards immigrants.,"UKIP appears to have struck a chord with many voters on the issue of immigration, campaigning against the relaxation of working restrictions on Bulgarians and Romanians due to come into force in January.",0,Attack,A,0,,,
2194,i do not care much either way as long as he never walks around loose again but life in prison is going to cost the taxpayers hundreds of thousands of dollars that money could be better spent in the war on terror,that is why i say kill the bastard,1,Support,A,1,,,
1283,well since they do not it is a true statement,while it is true that   science   and   religion   have little to do with one another that has never stopped teachers from pointing out that science refutes religion,0,Attack,A,1,,,
2542,We should force think tanks to reveal all of their sources for resource funding,Think tanks??? power of objectivity is the best form of marketing for biased views,1,Support,A,1,,,
1435,id is not science because it can never make a prediction that is meaningful,id is not science because it can never make a prediction that is meaningful,0,Attack,A,0,,,
931,pvm i am sure that highlander is familiar with the  foundational works of behe and dembski  both rely on the absence of science being  able to explain a particular feature to infer design,highlanderpvm seems unaware randomness and design are mutually exclusive concepts,0,Attack,A,1,,,
2010, granted creationism is not provable through the use of the scientific method, creationism is mythology and intelligent design is a politically based movement to secure the support of a certain segment of the population,1,Support,A,1,,,
1149,icdesignwhat is a intelligent design and why is your example an intelligent design simple straight forward question,if something can arise spontaneously then a designer certainly isnt provenwhat is proven is that a designer is unnecessary,1,Support,A,0,,,
935,highlanderthe exact same is true when modern science reveals an ic structure such as the flagellar motor  assembly,highlanderi am sure that highlander is familiar with the  foundational works of behe and dembskiboth rely on the absence of science being  able to explain a particular feature to infer design,1,Support,A,0,,,
230,"Despite their best efforts at pretending otherwise, UKIP are still widely disliked and untrusted by the majority of the population.","Now, out there on main street, people realise that Europe is effecting their everyday lives and they like what UKIP are saying.",0,Attack,A,1,,,
795,"On voting day, this week the vast majority of the British public will not vote for UKIP.",UKIP has won 42 seats so far and is averaging 26 per cent of the vote in the wards where it is standing.,0,Attack,A,1,,,
1789,oh boy here we go again,i could argue the many reasons i dont believe in creationism but i would never be able to end my list,1,Support,A,1,,,
293,"If UKIP do hold the balance of power and get into government, their only condition will be an in/out EU referendum.",Chancellor George Osborne has pledged to fight UKIP's unacceptable proposal on an EU referndum.,0,Attack,A,1,,,
1158,icdesign is suddenly not interested in hearing about science anymore, what features of the complexity of the cell points to intelligent design how does the complexity of the cell point to intelligent design these are the kinds of questions you should be answering with this argument,1,Support,A,1,,,
2332,how about a second hand clothing fashion parade and sale,maybe you could have a cake sale,1,Support,A,0,,,
1602,if you take a basic biology course at the high school level just a reminder biology is accepted by almost all religions regarding contentthere would be a detailed explanation of how life was created by chemical compounds and reactions,if the bible is the inspired word of the infinite creator god then it must be selfauthenticating and selfattestingand it is,1,Support,A,1,,,
1446,when i read casey luskins article he made some very good points, it seems to me that luskin is being more scientific in that he talks about a method for testing idthats ironic because luskin presents no testable id,0,Attack,A,1,,,
17,UKIP are a joke outfit full of small-minded Neanderthals who think the 1950s are the future.,There was also embarrassment this year as MEP Godfrey Bloom resigned from the party's group in the European Parliament after being criticised for joking that a group of female UKIP members who did not clean behind their fridges were sluts.,1,Support,A,0,,,
177,"Arguably, UKIP & co. aspire to destroy the culture created in Europe after WWII, which has been based on openness, free travel, migration and cross-geographic access to goods and labour markets.","Only 33% said they would never consider voting UKIP, with many people seemingly taken by their message.",0,Attack,A,0,,,
186,UKIP and the Greens are the only parties to date that haven't screwed us all over.,"Some recent polls have placed UKIP, which wants the UK to leave the EU, in third place ahead of the Liberal Democrats.",1,Support,A,0,,,
644,It is because of UKIP that we are finally discussing the European question and about immigration and thank goodness for that.,"UKIP had increased its vote by 50% in the general election and had many exciting plans for the future, he said, but it was time for a younger leader to show how liberating and enriching life would be outside the EU, saying he was confident one would emerge.",1,Support,A,0,,,
2467,We should promote democratisation,People are safer and happier under democracy and countries who benefit from this have a duty to ensure the human rights of everyone in world,1,Support,A,0,,,
1706,god created the universe therefore god created   science  ,once again we are attempting to split hairs over things that are beyond the frailty of the human brain,0,Attack,A,1,,,
1328, lets see would these titles copied from the table of contents of the house of representatives report entitled intolerance and the politicization of science at the smithsonian back up you or me  ,have you read the original emails based on which the conclusions were madeyou do understand the meaning of a congressional report by the majority party dont you,0,Attack,A,1,,,
2126,the only obsession i see is the obsession gays have in seeking acceptance for their lifestyles,you keep starting all these threads on gays called obsession,0,Attack,A,1,,,
41,Ukip are doing well for the very simple reason folk have at last realized that they are being lied to by LibLabCon and now have somewhere else to go.,"An opposition party in the middle of a parliamentary term amid a deeply difficult economy should expect victories and plenty of them, but this is often meaningless.",0,Attack,A,1,,,
855,The people and media that are criticising UKIP are highlighting the genuine concerns about UKIP and their policies towards immigrants.,The Bulgarian President Rosen Plevneliev has warned that Britain's immigration policy could harm its image as a great global power that pioneered integration.,1,Support,A,0,,,
697,If there are enough Ukip votes it should frighten all the parties sufficiently to make them realise they can't just ignore the electorate.,"But Mr Farage said Mr Barroso was very very frightened of UKIP and the UKIP argument in the UK, and similar movements in other EU nations.",1,Support,A,0,,,
1306,i asked ask yourself this simple question how does id explain the bacterial flagella it doesnt it merely calls it designed which is a placeholder for our ignorance as to how to explain the flagella,an underlying assumption of id is that intelligence is a property which we can generally understand through our observations of intelligent agents in the natural world,1,Support,A,0,,,
943,joe argues that the design inference is disallowed and we agree to the extent that it fails to be scientifically relevant a posteriori but of course it is never disallowed a priori,joewe look at the options,0,Attack,A,0,,,
1979, evolution is defined in wikipedia as a change in the inherited traits of a population from one generation to the next, well evolution is by far the most logical idea i have heard about where man came from,1,Support,A,0,,,
622,UKIP is the only party that has understood the damage immigration does to the UK and its policies aim at repairing this.,"And he accused the government of burying their head in the sand over the size of the Roma community living in the UK, which he said was revealed in a recent study by Salford University.",1,Support,A,0,,,
658,"I think Farage makes a much better leader than any of the other parties, he's full of enthusiasm and is not a PR man like the current leaders of the 3 main parties.","They will each have plenty of opportunities to publicly debate the party's performance, and to make the case against the return of Nigel Farage.",0,Attack,A,1,,,
255,UKIP are not a single issue party anymore; UK Sovereignty is the crux of their party political platform but they've certainly expanded from that singular issue in recent years.,"We have fundamentally changed the national debate on Europe, immigration, education and I really believe that given the trajectory UKIP's on there is a real opportunity for us to get significant representation in 2015.",1,Support,A,1,,,
911,laurie goodstein, public opinion is unimportant to whether creationism belongs in science classes  public opinion does not determine whether creationism qualifies as science,0,Attack,A,1,,,
1698,therefore i dont have time to explore any other world viewsin other words religion is easy and science is hard,scientific evidence do you need i mean weve got writing from before  years ago evidence of mankinds making things over  years old,1,Support,A,1,,,
2457,All nations have a right to nuclear weapons,Public acknowledgement of the right to nuclear deterrence will benefit the public regulation of nuclear weapons generally,1,Support,A,0,,,
2442,We should fear the power of government over the internet,Internet regulation is an attempt by big interest groups to regulate the internet in their favour,1,Support,A,1,,,
1511,it is not entirely clear to me who you are inditing for being rude so i wont attempt to defend them,i cant say i agree with too much of what zebrakin said so i wont defend him,0,Attack,A,0,,,
1849,i think evolution is an actual truth since we are able to prove it and all,hey i feel the same way almost took the brain cells out of my head,1,Support,A,0,,,
1617,this is my proof that he existswell your proof is a terrible waste of valuable electrons and also ridiculous nonsense,but how does the bible self authenticate the verses about four rivers coming out of eden it doesntyou must be joking,0,Attack,A,1,,,
1902, as an archaeologist i have to say that creationism is wrong, creationism is absurd and wrong and so its fellowtraveller intelligent design,1,Support,A,0,,,
1485,so i decided to check out the actual articles in question and much to my dismay i came to realize that this seemed to be a blatant quote out of context,after reading the points between the ncse and the discovery institute on that claim i am still skeptical of this as well,0,Attack,A,0,,,
1094,if theres something on    evolution   news its irrelevant to intelligent design andor distorted beyond all scientific recognition,if biology leads to new design if it is viewed in that contextand it never has and never will,0,Attack,A,1,,,
147,A vote for UKIP would be a vote for a Tory-UKIP alliance that would be more right-wing than a Tory government.,I also wasn't satisfied with some of the track records of some of the guys in UKIP.,1,Support,A,0,,,
1321,this objection highlights one of the problems with public education the government should not be in the position of deciding what people ought to believe about science anymore than they should decide what people ought to believe about religion,your half right ,0,Attack,A,0,,,
446,UKIP are in no way a single issue party and if Labour or the Conservatives were to give us a referendum UKIP would still have a full manifesto that would attract many voters.,"Explaining his decision to swap sides, Mr Campbell Bannerman - MEP for the East of England - said UKIP had become obsessed with single issue politics, internal fighting and shouting from the sidelines.",0,Attack,A,1,,,
2252,what about a second hand book sale,nobody buys books anymore,0,Attack,A,1,,,
1021,my other comment focused more on my atheist background but i wanted to respond to your scientific misconceptions,the name intelligent design is itself a hoax,1,Support,A,1,,,
1196,it is obvious isnt it i hope not to be too snarky but the pope finally got around to admitting that galileo was correct in teaching that the earth revolved around the sun get the gravity connection,richard dawkins and victor stenger argue that the existence of a creative superintelligence or god are scientific questions,1,Support,A,1,,,
2209,and i was not disappointed,can not be dissapointed if i know not to expect more,1,Support,A,0,,,
1309,youre right much if not all of the claims about supernatural claimspremises of id make it invalid rest on some faulty views on what supernatural actually means,natural pertaining to or part of the observable world,0,Attack,A,0,,,
1184,the actual limitations that creationists try to bring to light are nonsense,from a review of explore evolutioncounterclaims follow that seek to undermine the earlier conclusions including the circular reasoning of the molecular clock the potential fabrications of haeckels ontogeny recapitulates phylogeny how differing family trees are created via anatomical and molecular patterns of relationships and the meaning of gaps in fossil evidence,0,Attack,A,1,,,
2465,We should promote democratisation,Democracy is a universal value which is not specific to western world and so should not be reserved as a privilege for those who happen to be born there,1,Support,A,0,,,
2662,after all the attention and awards etc and an imdb rating of  i was so shocked to finally see this film and have it be so bad,i too was not too crazy about it there was too much music and not enough dialogue and very few surprises and the blood spurting was a little over the top,1,Support,A,0,,,
436,The success Ukip had in the european elections will be sufficient to galvanise one or preferably all the other parties to rid us of the EU's political influence.,"UKIP appears to have struck a chord with many voters on the issue of immigration, campaigning against the relaxation of working restrictions on Bulgarians and Romanians due to come into force in January.",1,Support,A,0,,,
2223,you are saying it is impossible to take marriage out of the government i have all people currently married a civil union and let people from now on get a civil union from the government and marriage from the church it really would not be that hard,i think we all could live with this,1,Support,A,0,,,
1660,the author seems to thing there is no extrabiblical evidence of a young earth,all of those socalled evidences have been debunked by real scientists with real degrees and have true understanding of science,0,Attack,A,1,,,
1736,first of all i have no presupposed attitude,i wish my education in biology was better im reluctant to engage creationists on   evolution   because i just dont have the knowledge,1,Support,A,1,,,
1308, without a scientific definition of natural scientists cannot distinguish between natural explanations and supernatural ones,youre right much if not all of the claims about supernatural claimspremises of id make it invalid rest on some faulty views on what supernatural actually means,1,Support,A,0,,,
865,"UKIP are a fairly right wing group as I'm sure will become clear when they actually produce some policies other than the ""its all the eu's"" fault.",You all think euroscepticism is a right-wing view - it is not.,0,Attack,A,1,,,
1227,and one of the reasons why id appears to be lousy theology but what the heck  i am sure iders can find yet another ad hoc explanation for this,yes jim we see objects on a daily basis that were not designed,0,Attack,A,1,,,
1303,i understand the ad hominem approach chosen by joe after all what is the alternative showing that id really lives up to what joe claims it isjoe gand again the design inference relies on observations data and experience,dias i explained in my fourth opening statement design can be inferred regardless of whether the designer is natural or supernatural,1,Support,A,0,,,
552,UKIP are a joke outfit full of small-minded Neanderthals who think the 1950s are the future.,"UKIP appears to have struck a chord with many voters on the issue of immigration, campaigning against the relaxation of working restrictions on Bulgarians and Romanians due to come into force in January.",0,Attack,A,0,,,
774,It is more likely that Tory voters would vote tactically for UKIP to keep Labour out and that means Labour are at a real disadvantage. ,It was a very comfortable win for Labour who secured over 50% of the vote.,0,Attack,A,1,,,
1287,could it be that you are biased against   religion   because i hate to break it to you but   christians   believe that the world is round so does that mean you disagree your foundation should be on whether or not your point of view is provable and truthful,because i hate to break it to you but   christians   believe that the world is round so does that mean you disagreebut is a round earth inherently a christian positionalso pagans believe that the earth is round as well,0,Attack,A,1,,,
862,UKIP do have more than Nigel Farage able to deal with media interviews.,It is Nigel Farage's future that will interest UKIP watchers now.,0,Attack,A,0,,,
2444,We should fear the power of government over the internet,Internet governance is necessary to combat heinous crimes committed via the internet,0,Attack,A,1,,,
485,"Europe is no longer fit for purpose and we'd do better to be out than in, plus save a whole load of cash.","In a separate interview with BBC Radio 5 live, he warned of the possible consequences of an in-out referendum on the UK's relationship with the EU.",0,Attack,A,0,,,
1783,i find it immensely amusing when christians require proof before theyll believe in something,i agree totally with what you said cerin,0,Attack,A,0,,,
424,"UKIP's position is not reasonable, but racists and proto-fascist, considering they have nothing to say about the finance capital bombing of the economy, but to put all the blame for Europe's woes onto immigration.","He debated with journalist and historian Sir Max Hastings who said Britain can't stay in Europe on any terms, but said leaving could mean the UK could find a very tough time out there.",1,Support,A,1,,,
1524,teachers have no freedom to misinform and miseducate students,purelabor claims that there is no proof for either side,0,Attack,A,1,,,
1916, its impossible to argue with you people, all animals share the same dna so we must be related if you look at the evidence something religious people dont do you will see that there is more evidence for it than against it,1,Support,A,1,,,
2613,this movie absolutely fell flat after the discovery at the crash site was made,i actually really loved moon i was invested the entire way through,0,Attack,A,1,,,
1327,tjthe government report on the issue validates the charges against the smithsonian institute, lets see would these titles copied from the table of contents of the house of representatives report entitled intolerance and the politicization of science at the smithsonian back up you or me  ,0,Attack,A,1,,,
2189,you missed montys point catholics are christians i have heard that there are more than  different sects that claim to be christian including orthodox christians and various and sundry protestant sects,this is correct it is almost insulting to regard people as either a christian or catholic as this also implies that orthodox are neither,1,Support,A,0,,,
64,The reason why UKIP has gained so many votes is because the main parties refuse to deal with immigration and the EU.,"Isolating Britain and damaging Britain's reputation is not the right history to write, he said.",0,Attack,A,1,,,
2588,movies should be fun entertaining this movie is not waste of my time ,a candle shines brightest in the darkness corny but its true all the horrible events and surroundings only highlight the beauty of hope love humankind etc i find this film so inspirational only film to ever make me cry from happiness,0,Attack,A,1,,,
1566,people tend to focus on the trees,i agree he didnt want to confuse us,0,Attack,A,0,,,
1412,you are confusing mn with is a methodology with a worldview again,who the designer is has nothing to do with it and everyone knows that,1,Support,A,0,,,
1057,i am confident there is a god,in fact the history of life shows a pattern of explosions where new fossil forms come into existence without any clear evolutionary precursors concurring with design theory that predicts that species might appear abruptly,0,Attack,A,1,,,
1037,i grant your point sir,i appreciate your contributions as they provide an independent view into why so many have come to accept the scientific vacuity of id,1,Support,A,0,,,
487,It is because of UKIP that we are finally discussing the European question and about immigration and thank goodness for that.,"Over three million jobs in this country, directly or indirectly, depend on us being in the EU, so that is a big choice.",0,Attack,A,1,,,
1481,i appreciate that you are making attempts to answer all these issues,but i certainly do believe that nature exhibits intelligence and design not to mention beauty and love,0,Attack,A,1,,,
2275,too thin it will not be very durable,but the used material is strong so two centimeter seems to be a good choice,0,Attack,A,1,,,
967, pvm why would materialists impose the supernatural this just does not make sense,jumpstarti reckon well have to take your word on your christianity,0,Attack,A,1,,,
1140,science did not design the functionality scientists observed the functionality and developed theories on how it function  how that function came about,beheif scientific merit is judged by the correspondence between theory and physical reality then the theory of intelligent design rates very strongly,1,Support,A,1,,,
2506,The International Criminal Court should be recognised,The novel crime of aggression leads to the prosecution of those seeking to protect human rights,0,Attack,A,0,,,
2427,European Parliament elections should involve only one voting district all of Europe and not separate country seats,This encourages Europe wide thinking,1,Support,A,0,,,
1133,i apologize for using misleading wording,prototypic should read phenotypic,1,Support,A,0,,,
2149,the people that already own weapons do not seem to be doing much to combat crime,well what do you expect everytime gun owners try and do anything to combat crime you liberal sissies yell and scream about vigilantism and foam at the mouth as you talk about how were taking the law into our own hands and that well be administering death sentences without trials for matters as trivial as jaywalking,0,Attack,A,1,,,
204,If anyone seriously thinks that UKIP will offer some kind of answer to our current problems then I think that they are going to be sadly disappointed.,They might be voting for UKIP because they want to have a referendum on Europe.,0,Attack,A,0,,,
769,"If we leave the EU we will save billions of pounds which can then be invested in our ailing national infrastructure, notably the NHS.","Mr Cameron also said he did not think it would be right for Britain - or in the national interest - to leave the EU entirely, pointing out that some 50% of nation's trade was with the EU.",0,Attack,A,1,,,
2159,right wing abortion activists are divorced from reality,agreed your ideas are pretty cool,1,Support,A,0,,,
1062,discovery institute quote mines mayrwhat one actually found was nothing but discontinuities,i was going to post a long reply discussing each quote in detail but i decided this was so much simpler,1,Support,A,0,,,
805,If anyone seriously thinks that UKIP will offer some kind of answer to our current problems then I think that they are going to be sadly disappointed.,"More people were considering voting for UKIP at a general election than ever before, he suggested, and this current poll surge was different from previous spikes in support which were linked to European elections.",0,Attack,A,1,,,
1239,as a final blow to the discovery institutes attempts to get intelligent design into the catholic door the church announced an evolution congress which failed to invited creationists and intelligent design   httpwww,for years now the intelligent design proponents and the discovery institute have been working the catholic angle getting some of its cardinals into trouble,1,Support,A,0,,,
696,UKIP is the only party that has understood the damage immigration does to the UK and its policies aim at repairing this.,The number of immigrants arriving in the country remained virtually unaltered over the period.,0,Attack,A,1,,,
625,"UKIP is not an isolated phenomenon: France has Le Pen, Germany has AfD, and all of these have in common that they are nationalist, anti-European, and more right than mainstream conservative parties.",He said UKIP was clearly taking a very right wing position which pandered to an obvious anti-Europeanism.,1,Support,A,0,,,
2193,faced with an increasingly vocal populace that is questioning evolution museums across the united states have begun training their staff and volunteers to become better proponents of evolution while tripping up irrational supporters of the bibles history of earth,damn straight it is irrational,1,Support,A,0,,,
1185,from a review of explore evolutioncounterclaims follow that seek to undermine the earlier conclusions including the circular reasoning of the molecular clock the potential fabrications of haeckels ontogeny recapitulates phylogeny how differing family trees are created via anatomical and molecular patterns of relationships and the meaning of gaps in fossil evidence,ac grayling responds to steve fullers defence of his book dissent over descent,1,Support,A,0,,,
113,It is because of UKIP that we are finally discussing the European question and about immigration and thank goodness for that.,Following UKIP's pressure the government committed itself to holding a comprehensive and detailed review of the extent of EU powers and their impact on the UK in its 2010 coalition agreement.,1,Support,A,0,,,
885, creationism is not scientifically testable, evolution is an observable fact  while creationists often attempt to describe evolution as merely a theory this is not exactly the case,1,Support,A,1,,,
1679,if the sevenday week is relevant shouldnt the names of the days be relevant as well specifically the days named after pagan godsodins day thors day freyas day etc,human beings added names to the days of week they were originally and simply numbers,0,Attack,A,1,,,
1020,with belief,my other comment focused more on my atheist background but i wanted to respond to your scientific misconceptions,0,Attack,A,0,,,
747,"Arguably, UKIP & co. aspire to destroy the culture created in Europe after WWII, which has been based on openness, free travel, migration and cross-geographic access to goods and labour markets.","He said the UK should quit the EU, with the referendum being moved forward.",0,Attack,A,0,,,
632,UKIP is a vessel through which a protest is being delivered. ,He argued that his party was on a journey from a party of protest to a party of government.,0,Attack,A,1,,,
1948, i believe evolution is correct and whats up with this lack of understanding that evolution is a sloooooooow process       with the making everything is  days and resting on the seventh  which conveniently happens to be a week, i believe its right,1,Support,A,0,,,
1542,to start with with i think the wikipedia page  httpen, and the lord god formed man of the dust of the ground and breathed into his nostrils the breath of life and man became a living soul,1,Support,A,0,,,
2274,the wall thickness x should be five millimeter,thickness on a continued section should be as uniform as possible,0,Attack,A,0,,,
1725,if the   bible   is to be taken literally then wouldnt a literal interpretation include a literal interpretation of genesis,by supporting the idea that the bible stands or falls on a  day creation you have proven dr,1,Support,A,1,,,
1114,in fact behes claim is either tautological or it is wrong,and one still wonders why id is considered to be scientifically vacuous by so many people including many christians,1,Support,A,0,,,
867,"On voting day, this week the vast majority of the British public will not vote for UKIP.",He said people voted for UKIP because they were offering policy solutions and common sense ideas.,0,Attack,A,1,,,
2030, go read on the origin of species, if you wanted to start an actual debate you should have said there is no convincing evidence,1,Support,A,1,,,
573,UKIP are not a single issue party anymore; UK Sovereignty is the crux of their party political platform but they've certainly expanded from that singular issue in recent years.,"UKIP are certainly trying to professionalise, to move away from its more amateurish origins.",1,Support,A,0,,,
950,as i said earlier experience demonstrates that it matters a great deal to an investigation whether or not that which is being investigated occurred via agency involvement or by nature operating freely,we dont know but we do know a designer wasnt involved,0,Attack,A,1,,,
972,if you are going to comment on something in   science   you need to back it up with actual data,first i believe that religion is manmade as are christ buddha mohammed et al,0,Attack,A,0,,,
1360,bowmanmore on the aclus rubber stamped ruling by a practicing attorneynothing wrong with quoting from a well argued submission by the aclubowmanthat said none of this relates to the id ruling since the board members were not id advocates except perhaps superficially,nothing wrong with quoting from a well argued submission by the aclu,0,Attack,A,0,,,
1950, if we werent continually evolving most of us  wouldnt be offended by the way the rest are degenerating, no no no  we are evolving constantly we have evolve so much that now we have the power to create,1,Support,B,1,0,,
358,"UKIP are a two trick pony, Europe and immigration that's it.","UKIP's views are very different compared to the three main parties, and not just on immigration and the EU!",0,Attack,B,1,0,,
1345,so tj you seem to have made quite a few foolish arguments how familiar are you with augustinetj  well i know that he believed the earth was created instantaneously not progressively and was according to scripture less than  years old,after some diversions to point out that augustine himself held some inconsistent positions tj finally comes to the quote i providedtji understand what he is saying but for this to be valid the unbeliever has to accurate in what he believes,0,Attack,B,1,0,,
1048, features that appear vestigial and functionless actually serve a function eg, features that appear vestigial and functionless actually serve a function eg,0,Attack,B,0,1,,
2405,I prefer trade to aid,Trade provides developing countries with an important basis for their own improvement,1,Support,B,0,1,,
1872,i think you have some misconceptions about what evolution actually is,answers answers answersthanks,1,Support,B,1,0,,
1696,your argument breaks down if your audience rejects the notion that adam was created ex nihilo with the appearance of age,with all due respects here is my bottom line though i run the risk of being arrogan and closedminded i only write for the judeochristian world view,0,Attack,B,1,0,,
1166,behe assertsdesign is recognized in the purposeful arrangement of partswho decides if an arrangement of parts is purposeful  what does purposeful really mean in that statement  do the parts have purpose  does the arrangement have purpose  did the designer have purpose  if i take an old wristwatch and remove all the springs and gears and arrange them in a circle is the circle designed  if i throw them in a heap are all of the parts of the watch no longer designed  if i pick up some metal shavings off of the floor from under the lathe in the machine shop and arrange them into a complicated mathematical pattern that i generated using a computer program can you tell if this is a purposeful design or just a random designis a virus designed  a prion  a fragment of rna a benzene molecule  how can you tellwaving your hands and saying i know design when i see it and all life was obviously designed just wont cut it,who decides if an arrangement of parts is purposeful what does purposeful really mean in that statement do the parts have purposeif there is some form of synergy in the arrangement then yes that would be purposeful,0,Attack,B,0,1,,
378,UKIP are not a single issue party anymore; UK Sovereignty is the crux of their party political platform but they've certainly expanded from that singular issue in recent years.,And on a broader platform UKIP claims to be winning support among younger voters and students.,1,Support,B,0,1,,
848,UKIP's sole aim at the general election is to get a smallish number of MPs elected but enough to hold the balance of power and do a deal with the Tories.,I can categorically rule out any form of electoral pact with UKIP or anyone else.,0,Attack,B,1,0,,
399,"I sense that Farage is a total megalomaniac, a charlatan, someone who is in it for the attention and the glory and that in a strange way, that many UKIP voters know this but don't seem to mind.",There is only one party in this country that can guarantee the people in this country will get a referendum on the EU and that is UKIP.,0,Attack,B,1,0,,
1786,hey razza for i wanna say thanks for standing up for what u believe in most people want hard evidence that will prove gods existence when really we ourselves are evidence that god exists,i have never seen an ape evolve into a human and although i have never seen god that makes more sense than evolution,0,Attack,B,1,0,,
756,UKIP's sole aim at the general election is to get a smallish number of MPs elected but enough to hold the balance of power and do a deal with the Tories.,"Earlier this year, UKIP leader Nigel Farage said he was open to the idea of a pact but demanded a referendum pledge written in blood.",1,Support,B,0,1,,
2541,We should force think tanks to reveal all of their sources for resource funding,People have a right to know where their information comes from,1,Support,B,0,1,,
785,"The ratio of nutters in UKIP is far higher than in other parties, especially so since they seem determined to take all the Tories' fruitcakes off them.",Amjad Bashir was responding to comments on Wednesday's Daily Politics from ex-deputy PM Lord Heseltine that UKIP was a racist party.,1,Support,B,1,0,,
1263,youre lucky not enough people know or care enough about your religion to throw out opinions based on it presented as science philosophy logic or fact on the spot,hello richardi admire your wealth in cash funds,0,Attack,B,1,0,,
987,that one is from isaiah ,yes god is by his nature  supernatural,0,Attack,B,0,1,,
122,"In UKIP, we have a new political force which looks likely to poll very well in a national election.",UKIP's Nigel Farage said the surge in support for his party was not a freak result but a continuation of a trend which had seen it rise in the national polls.,1,Support,B,0,1,,
220,"Any of the ""working class"" who believe UKIP will represent them have not read a UKIP manifesto!",UKIP says it is campaigning on a pro democracy message - aiming to rejuvenate local politics.,0,Attack,B,0,1,,
2520,We should negotiate with terrorists,Negotiation is the only way to solve the underlying problem,1,Support,B,0,1,,
1231,that figures,contribution from joe gjoe ggeez pvm your position that everything comes down to sheer dumb luck is totally vacuous,0,Attack,B,1,0,,
719,UKIP is the only party that has understood the damage immigration does to the UK and its policies aim at repairing this.,The Bulgarian President Rosen Plevneliev has warned that Britain's immigration policy could harm its image as a great global power that pioneered integration.,0,Attack,B,1,0,,
2109,it is up to you argue with me or argue with the person you want me to be,it is up to you stop bringing up red herrings or arguing by personal attack or do not expect me to treat your posts with any less contempt than i have for most of what has been posted to this board,0,Attack,B,1,0,,
132,UKIP and the Greens are the only parties that haven't screwed us all over yet,"Both the UK Independence Party, which is fielding a record number of candidates, and the Green Party of England and Wales are hoping to make notable gains.",1,Support,B,0,1,,
228,"If UKIP don't like being smeared, then they need to stop smearing, stigmatising, and fear mongering about others.","But UKIP, whose conference takes place at Eastbourne's Congress Theatre and Winter Gardens, is keen to be seen as more than a single-issue party and other issues on the agenda include defence, education and housing.",0,Attack,B,0,1,,
1480,pvmcool now the claim is the arrival of variation,i appreciate that you are making attempts to answer all these issues,1,Support,B,0,1,,
1772,a lot of them are stupid and come up with outright stupid ignorant arguments against it,not stupid but ignorant and perhaps even foolish,1,Support,B,0,1,,
2628,as far as acting and cinematography go this film was great but the content and plot were horrible,are you serious this film is class the way the real world and the fantasy world its not an easy mix to get right,0,Attack,B,1,0,,
1207,we also investigate axis of evil aoe type anomalies which detect phase correlations between different multipoles in harmonic space,while i am quite happy with pwning  of the three statements you made i am certainly willing to look at your final claim which references a statement by richard ryals,1,Support,B,0,1,,
2384,paper and preferably yellow post it notes for important reminders in app lists tend to be forgotten about,paper is much better and allows you to make more personal notes,1,Support,B,0,1,,
208,"The momentum is definitely with UKIP at the moment, hopefully that will continue with the up and coming by-elections.","Talking of the EU, Godfrey Bloom said UKIP was the only game in town, the only party that is going to get us out.",1,Support,B,0,1,,
2272,why not london has it all culture fun exhibitions parks what more do you want,better weather,0,Attack,B,1,0,,
2409,I prefer trade to aid,Trade requires infrastructure,0,Attack,B,0,1,,
866,UKIP are in no way a single issue party and if Labour or the Conservatives were to give us a referendum UKIP would still have a full manifesto that would attract many voters.,Mr Farage has successfully broadened UKIP's appeal away from Europe.,1,Support,B,0,1,,
1788,correction its an ancestor of both chimpanzees and humans,oh boy here we go again,1,Support,B,0,1,,
2358,low co emissions ,i do agree with this,1,Support,B,1,0,,
145,A vote for UKIP would be a vote for a Tory-UKIP alliance that would be more right-wing than a Tory government.,"As well as campaigning against wind farms and increased migration, which UKIP claims is placing a strain on housing and public services, the party has three overarching polices for councils across England, all of which appear thoroughly right wing.",1,Support,B,0,1,,
2519,We should negotiate with terrorists,Negotiation encourages moderation,1,Support,B,0,1,,
2341,but there are very nice beaches nearby,this is true for example baratti is lovely,1,Support,B,0,1,,
2297,you can get any other tablet for much less that has the same features ,build quality and response time to input are much better than on other tablets,0,Attack,B,1,0,,
2439,Bribery is sometimes acceptable,The demand for bribes would end if companies stopped supplying them,0,Attack,B,1,0,,
156,The current smear strategy against UKIP is not pulling people back but pushing them towards UKIP and if this carries on then things are going to be a lot tighter by the time the general election comes.,Any eccentric comment made by any UKIP [member] immediately becomes a huge national scandal.,1,Support,B,1,0,,
1649,after the entire cain and able thing the brother left to another group of people to find a wife,aig argues that pretexts brought by the reader are to blame for difficulties accepting the bible as literal truth,1,Support,B,1,0,,
2370,perhaps the most quality consistent series with a stellar character development,no dropoff in quality as the show progresses unlike shows such as dexter californication etc,1,Support,B,0,1,,
1605,you cant prove anything using that same thing you have to use evidences outside of that,there is no proof that there even exists a god to begin with so in that case you cant really use that either,0,Attack,B,0,1,,
939,highlanderthe lack of evidence supporting materialist assumptions complexity is a chance arrangement means the opposite could be true,these two moves ruling out regularity and then ruling out chance  constitute the design inference,1,Support,B,0,1,,
2474,We should create a United Nations standing army,A United Nations standing army would not be costeffective,0,Attack,B,1,0,,
1333,ok you are right on this point as well,tjok you are right on this point as well,0,Attack,B,0,1,,
2640,this film is easily one of the best movies ive ever seen yes it is pretty easy to guess the ending but it still wasnt ruined by that fact it is a work of art it is rewatchable,i wholeheartedly agree ive just seen it tonight and was blown away by it i will be thinking of this movie for a long time,1,Support,B,0,1,,
2468,We should promote democratisation,Developing countries are generally not altruistic enough to fully support countries and as a result they achieve a useless halfway state,0,Attack,B,1,0,,
129,I think a lot of UKIP supporters would be outraged if one of the consequences of leaving the EU was to price them out of buying virtually any of today's niceties.,Eurosceptic Paul Sykes said UKIP was the last best hope for Britain and he would help fund its election campaign.,0,Attack,B,1,0,,
154,The more the 'mainstream' parties smear and lie about UKIP the more their support rises.,UKIP leader Nigel Farage said his party was on a journey from a party of protest to a party of government.,1,Support,B,0,1,,
1612,which do you believe they are after all both based on books written by men,i actively attend the origins conferences hosted by a variety of different organizations including christian universities reasons to believe and most recently the skeptic society,1,Support,B,1,0,,
2129,i was only joking it hit me this morning though that if i am willing to talk about abortion without bringing up god i wonder if the pro choicers could argue their position without bringing up womens rights,womens rights actually exist unlike the christian god,0,Attack,B,0,1,,
1344,this is one of the things wesley cites to bolster his case  httpvangogh,so tj you seem to have made quite a few foolish arguments how familiar are you with augustinetj  well i know that he believed the earth was created instantaneously not progressively and was according to scripture less than  years old,1,Support,B,1,0,,
2188,japan and the former soviet union had very high rates of abortion because of the lack of birth control neither country made such a decision because of religion,that was the past i am speaking of now,1,Support,B,1,0,,
569,"The UKIP party is a populist party at the right end of the spectrum, which exploits people's fears of the foreign and unknown.",The committee said the EU had helped to transform Europe from a continent of war to a continent of peace.,1,Support,B,1,0,,
289,The success Ukip had in the european elections will be sufficient to galvanise one or preferably all the other parties to rid us of the EU's political influence.,"But UKIP has a mountain to climb compared with its larger rivals and still lacks the strength on the ground that the Lib Dems, Conservatives and Labour can command.",0,Attack,B,1,0,,
1092,i assert that they have been heard and their arguments have been refuted and thus they are legitimately ignored until they come up with some actual scientific evidence and arguments,if theres something on    evolution    news its irrelevant to intelligent design andor distorted beyond all scientific recognition,0,Attack,B,1,0,,
1215,whats there left to do,you mean ones like wmap shows that we are at the center of the universe or the quote of carterwell i realize that one does remain the goldilocks enigma is a falsifiable observation that makes testable predictionsas i already explained though observations are seldomly falsified as they are based on observed data,1,Support,B,1,0,,
996,this is the age old question,oasthadare we machines choosing between incorrect and correct responses or are we sentient being choosing between good and evil how could you not teach thisthats a good topic for sunday school,0,Attack,B,0,1,,
263,Many racists and especially xenophobes find the UKIP message appealing.,"He was a UKIP supporter, he said, because he wanted the UK to withdraw from the European Union, which is by no means a xeniphobic sentiment.",0,Attack,B,1,0,,
1079,why would consideration of the designer necessarily introduce religious discussions about theological questions clearly it is because his concept of the designer is a supernatural onewhich was exactly what i was arguing,the ayn rand center says id claims that design can be inferred merely from observed complexity specified complexityi,1,Support,B,1,0,,
2633,once you know all the in and outs or all the magic tricks of the movie i dosnt seem as good,i think it gets better you notice little things you get more into looking at the picture not just fitting the pieces,0,Attack,B,1,0,,
671,"UKIP are indeed far from perfect, but they have grown as a party because the Establishment Parties have deceived the public for so long on informing and educating on WHAT IS THE EU SUPERSTATE project.","UKIP appears to have struck a chord with many voters on the issue of immigration, campaigning against the relaxation of working restrictions on Bulgarians and Romanians due to come into force in January.",1,Support,B,1,0,,
2217,i will post another in the next couple of days,bless your heart,1,Support,B,1,0,,
2021, its not falling apart its evolving as new data arrives, people like you should be banned from this website,1,Support,B,1,0,,
142,Support for UKIP simply indicates that people have noticed that the major parties do not represent their interests.,"But if you're looking for a serious politician, with a strategic brain, who is able to lead a party and develop and expand a party, well,you won't find them at UKIP",0,Attack,B,1,0,,
1495,while i did feel for some time that id had merit i also must admit that i believed for some time that it was religious due to those early pandas drafts,i changed my mind and felt somewhat angry when i realized just what those early drafts meantyou mean you accepted the attempt to reconcile the early drafts while ignoring the facts sadly you seem to have fallen victim of di propaganda,0,Attack,B,1,0,,
517,UKIP are not a single issue party anymore; UK Sovereignty is the crux of their party political platform but they've certainly expanded from that singular issue in recent years.,UKIP has evolved over the two decades since it was created from an anti-EU pressure group into a fully fledged party which has now proved that it can succeed beyond European elections.,1,Support,B,0,1,,
1877,there is no actual absolute proof of evolution as some of the people here have stated,evolution has never been witnessed,0,Attack,B,1,0,,
945,joe i do,joewe look at the options,1,Support,B,1,0,,
2244,the only certain answer is that no one is able to know that,not entirely true,0,Attack,B,1,0,,
1393,and seeing that pvm doesnt care about the truth why is he a scientiston the contrary i have been asking you several times now how does id explains the bacterial flagella,joe gi never said anything about einsteins religious convictions,1,Support,B,1,0,,
1445,how do we observe   evolution   occurring i do not see one creature evolving into another one,when i read casey luskins article he made some very good points,0,Attack,B,0,1,,
510,It's a protest vote because (most) people know that UKIP will never net in power.,But Mr Cameron dismissed UKIP's showing as a protest by voters and promised to stay true to his principles.,1,Support,B,1,0,,
1194,anybody that thinks there is currently a healthy scientific debate over intelligent design has missed the history of the last  years,fxl wrote so why arent physicists saying gravity is as well established as the theory of   evolution  it  is obvious isnt it i hope not to be too snarky but the pope finally got around to admitting that  galileo was correct in teaching that the earth revolved around the sun get the gravity connection,0,Attack,B,1,0,,
143,UKIP are a joke outfit full of small-minded Neanderthals who think the 1950s are the future.,"And last autumn, MEP Godfrey Bloom embarrassed the party when he used the phrase bongo bongo land and joked that some female activists were sluts.",1,Support,B,0,1,,
2148,that can be proven,no it can not scientific theories are not proven,0,Attack,B,1,0,,
202,"Even a UKIP European candidate, Janice Atkinson, another ex-Tory, admits leaving the EU would be problematic.","Speaking on The World At One Nigel Farage, leader of the UKIP party, told presenter Shaun Ley that he believes that UKIP are offering a real alternative, and leaving the EU is at the heart of it.",0,Attack,B,1,0,,
1640,there is much scientific evidence to proof it its just that you wouldnt believe it anyway,i do not believe in science,0,Attack,B,0,1,,
1359,pvmfirst of all the judge observed that the school board was strongly motivated by religious beliefs and the fact that they believed that id presented a scientific hypothesis and thus a valid secular purpose was their downfall ,bowmanmore on the aclus rubber stamped ruling by a practicing attorneynothing wrong with quoting from a well argued submission by the aclubowmanthat said none of this relates to the id ruling since the board members were not id advocates except perhaps superficially,0,Attack,B,1,0,,
201,"If UKIP have a good general election and manage to take a few seats then that can only benefit Labour, because all of the seats that UKIP can possibly, conceivably win - well they are all Tory seats.","But as politicians and the public become more used to devolved government, Giles Dilnot looks at the rise of other parties and UKIP looking to enter NI politics.",1,Support,B,1,0,,
334,"As far as immigration is concerned all Ukip want is a level playing field for non EU migrants and to control the numbers so, if anything, Ukip are too soft on immigration.",Godfrey Bloom's and other UKIP party members' actions are an insult to all those who have fought against fascism.,0,Attack,B,1,0,,
1653,while aig tries to defend genesis with the weakest possible argument answers in creation explain genesis i in a way that gives it a literal interpretation that is still in line with   science  ,the only assuption we make in science is that the nature of the universe is consistant and rational,1,Support,B,1,0,,
1155,icdesignas far as scientific findings go the numbers of evolution believing scientists is on a major decline,i think behe has made the case for obviousdesign within the cell and i dont think you will findanyone who could put it any more clear,1,Support,B,1,0,,
1875,evolution has been proven many times,evolution has not been proven,0,Attack,B,1,0,,
1846,nothing appeared its very simple,contrary to some belief evolution doesnt conflict with creationismyou just have to read the first story of the bible adam and eve in a less literal sense,1,Support,B,1,0,,
2103,how despite centuries of artificial breeding and decades of experiments no one has ever observed one species turn into another speciation,out and out lie there is really no other way to put this,0,Attack,B,0,1,,
138,"I would say it's the anti-ukip brigade who have no substance to their argument (or facts), they simply shout ""racist"" with nothing to substantiate this slur, or become crude and insulting.","Commentators have predicted success for UKIP in the forthcoming European elections, but the borderline racist views of some of its outspoken members have caused a headache for the party leader.",0,Attack,B,1,0,,
633,"I don't necessarily think Nigel Farage is worthy of PM, I think they need a new leader.","Oh and if the last few minutes of reading this article has felt like the Nigel Farage Show, he still dominates this political party.",0,Attack,B,1,0,,
493,It's a protest vote because (most) people know that UKIP will never net in power.,But as one UKIP member said to me - if this is a protest vote it's a bloody big protest.,0,Attack,B,0,1,,
2652,i turned this movie off halfway through because i was bored out of my skull then i come here and its got a high rating granted its got a good storyline good acting nice cinematography but somehow still managed to bore me to tears,im with you on this one brian both my husband and i sat there tempted to turn it off though there was nothing better on at the time so we sat it out,1,Support,B,0,1,,
69,If UKIP is really the best our country can do for an alternative then we are all doomed.,"Europe had in the last few years become a huge issue due to the euro crisis and the bailouts, said Mr Helmer, and UKIP is making people aware of this.",0,Attack,B,0,1,,
2221,we take reality and describe it in our minds and thus form it into abstract concepts which we can operate with,this is my understanding as well interestingly concepts only approximate that which they intend to define confusion between concept and actuality is fertile ground for misunderstanding,1,Support,B,0,1,,
652,Plenty of survey's have shown UKIP to be the most hated of the main parties.,"UKIP appears to have struck a chord with many voters on the issue of immigration, campaigning against the relaxation of working restrictions on Bulgarians and Romanians due to come into force in January.",0,Attack,B,1,0,,
135,"Any of the ""working class"" who believe UKIP will represent them have not read a UKIP manifesto!","Demetri Marchessini, who has made two donations totalling £10,000 to UKIP, is a conservative nut case who wrote a book arguing women who wear trousers are demonstrating hostile behaviour.",1,Support,B,1,0,,
474,If there are enough Ukip votes it should frighten all the parties sufficiently to make them realise they can't just ignore the electorate.,"He named several seats where his party could win at Westminster level, and claimed the press was desperately scared on UKIP, and keen to run stories attacking his party.",1,Support,B,0,1,,
1619,youre missing the point about the four rivers,you are opening the door to a nonliteral explanation of the text,1,Support,B,0,1,,
589,UKIP doesn't need to win power to force the changes people want.,UKIP leader Nigel Farage has demanded a written in blood guarantee of a referendum on EU membership before entering any pact with another party.,1,Support,B,1,0,,
1844,actully uncomplext compunds bonded to geather to create chemicals and very very uncomplect cell fragments that then banded to geather with otherthings for survival and formed the first very simple cells that then became more complext,god was created by people who needed faith in something,1,Support,B,0,1,,
2416,We should grant politicians immunity from prosecution,Seeing a politician put on trial hurts the integrity of their office,1,Support,B,1,0,,
1777,to me i do not see us evolving even if it takes forever it still does not show,first of all there have been writings in hebrew ,1,Support,B,0,1,,
2247,this could not be more far from the truth because running is more intense the general health benefits are higher within reason more pain is more gain,jogging is just as good as walking but it is done at a faster pace which results in higher impact on your knees hips and other joints,0,Attack,B,1,0,,
603,UKIP is a vessel through which a protest is being delivered. ,But Mr Cameron dismissed UKIP's showing as a protest by voters and promised to stay true to his principles.,1,Support,B,0,1,,
418,"As far as immigration is concerned all Ukip want is a level playing field for non EU migrants and to control the numbers so, if anything, Ukip are too soft on immigration.","Mr Farage will tell members at the conference in London that, by the 2015 general election, UKIP will overtake the Lib Dems in terms of its support base.",1,Support,B,0,1,,
2516,I believe that opinion polls harm the democratic process,Opinion polls provide useful information to politicians,0,Attack,B,1,0,,
1389,id explains the genetic code the same way we explain a computer code,joe gnow you are just lying,1,Support,B,1,0,,
1003,i think this comes down to an irreducible complexity argument,as much as i might believe that there is some sort of creator and that a creation occurred you cannot justifiably intermingle science and religion,1,Support,B,1,0,,
2420,We should grant politicians immunity from prosecution,Immunity for politicians is an unjust double standard,0,Attack,B,1,0,,
1997, nothing in biology makes sense except in light of evolution, i definitely agree with evolution,1,Support,B,0,1,,
1071,intelligent design if true would indeed have amazing implications,in arguing for the existence of god dr,1,Support,B,1,0,,
1401,the  commandments are not the sole source of morality,what i am saying is if we teach laws,0,Attack,B,0,1,,
2095,yes i have read these things,but did not understand them,0,Attack,B,1,0,,
793,"ukip's policies on health, education, taxation and all the things that affect peoples lives are non-existent.",The two-day conference is also set to discuss the UKIP leadership's plans to ensure migrants have private health insurance and for social housing to be prioritised for people whose parents or grandparents were born locally.,0,Attack,B,1,0,,
1450,jim,jimfinally i just want to say that it appears to me that statements made against id and their proponents  made by others not you  regarding id has been so emotionally charged it makes me feel their judgment is affected,1,Support,B,0,1,,
1558,from here we can see that the bible already is going to not have any sort of  exact meaning,in  when questioned by clarence darrow william jennings bryan stood by the bible,1,Support,B,1,0,,
2090,i am always right except when i am wrong,so far you have been nothing but wrong,0,Attack,B,1,0,,
1785,the theory behind evolution is not that an organism evolves during its lifetime but that the species evolves over thousands if not millions of years or generations,hey razza for i wanna say thanks for standing up for what u believe in most people want hard evidence that will prove gods existence when really we ourselves are evidence that god exists,0,Attack,B,1,0,,
1860,and i guess those differences bring us right back to the atheist vs,aristotle socrates and plato,1,Support,B,0,1,,
2008, then again i often wondered as a child why and how the whole universe was created in the first place, evidence indicating intelligent design is abundant and overwhelming,1,Support,B,0,1,,
197,I'm no fan of UKIP but well done to them for initiating a much needed shake up of British politics.,Some earlier polls have had UKIP snapping at the heels of the Liberal Democrats - and leader Nigel Farage has said its aim must be to overtake Nick Clegg's Liberal Democrats to become the third force in British politics.,1,Support,B,0,1,,
624,"Ukip is the only party advocating withdrawal from the failing EU, a sensible idea for a lot of people!",Amjad Bashir was responding to comments on Wednesday's Daily Politics from ex-deputy PM Lord Heseltine that UKIP was a racist party.,0,Attack,B,1,0,,
269,"I sense that Farage is a total megalomaniac, a charlatan, someone who is in it for the attention and the glory and that in a strange way, that many UKIP voters know this but don't seem to mind.","He also said it should be predominantly about people who have a chance of being PM, a category which he said did not include Mr Farage, who was only in it for some publicity.",1,Support,B,0,1,,
549,"The People's Army is on the march and UKIP will get Britain back from the Liblabcon, Establishment and MSM political abusers of our country.",UKIP has won 42 seats so far and is averaging 26 per cent of the vote in the wards where it is standing.,1,Support,B,0,1,,
554,"Whatever you think of UKIP, you've got to admit that Farage is a superb speaker.","He's very outspoken - even the people who don't share his message think that he's a great speaker and fun to listen to, says Soini.",1,Support,B,0,1,,
1694,include the transmission of the biblical text,using logic to apply consistent artistry to the mass of creation we may assert the existence of the artist almighty god  if we exercise faith toward god by believing that he exists in the very manner that he says that he does then we may logically apply his consistent character including his artistic signature in creation to all things that god the artist creates,0,Attack,B,0,1,,
804,"If UKIP want to retain these voters and attract more in a general election then they need to come up with policies other than ""leave the EU"" and ""its all the immigrants fault"".",UKIP says it is campaigning on a pro democracy message - aiming to rejuvenate local politics.,0,Attack,B,1,0,,
1275,first off the human eye did not pop into existence by chance it is the result of billions of years worth of   evolution  ,the whole point of bringing up the eye example is to demonstrate that id is an actual theory and not a simple example in which someone proclaims that something is too complex based on their own judgements,0,Attack,B,1,0,,
495,"The ratio of nutters in UKIP is far higher than in other parties, especially so since they seem determined to take all the Tories' fruitcakes off them.","Immigration has also been an issue and UKIP, which rejects charges of being racist, sees the EU question being at the heart of it.",0,Attack,B,0,1,,
1093,if theres something on    evolution    news its irrelevant to intelligent design andor distorted beyond all scientific recognition,if theres something on    evolution   news its irrelevant to intelligent design andor distorted beyond all scientific recognition,0,Attack,B,0,1,,
2339,lucca is lovely and off the tuscan beaten track,pretty walled town close to the better known florence and pisa a great basis for visiting tuscany,1,Support,B,0,1,,
1029,satan is sure behind all of these things,thats classy,1,Support,B,1,0,,
1416,the writer of this piece is working for a salary,idnetthe writer of this piece is working for a salary,0,Attack,B,0,1,,
1224,if we dont know then no one can say that a designer was not involved or not required, joeif we dont know then no one can say that a designer was not involved or not required,0,Attack,B,0,1,,
1752,what does random premarital sex lead toa number of possible outcomes based on a number of factors,i believe that the first chapters of genesis including the ancient history of the hebrew people should be understood within the context of covenant,1,Support,B,1,0,,
771,"UKIP is a party stronger for its diverse opinions and sometimes anarchic views; much better than the automatons in the Establishment parties, who just say what they think the public wants to hear, except when the mask slips.",And they also seemed very thankful to have the colourful Nigel Farage back as party leader.,1,Support,B,0,1,,
1408,as to the ncse not wanting to discuss somehow i see few id proponents on this group and behe seems to have ignored matzkes excellent critiques,agreed that religious belief should not necessarily compel the rejection of wellestablished results from welldeveloped scientific fields,1,Support,B,0,1,,
374,"It's true that UKIP dont have ideas to suit everyone, but at the moment they are heads above the pillocks at No 10 today.",And there are signs UKIP is starting to pick up the sort of protest votes that traditionally go to the Liberal Democrats - as well as benefiting from a slump in support for the British National Party.,1,Support,B,0,1,,
1346,after some diversions to point out that augustine himself held some inconsistent positions tj finally comes to the quote i providedtji understand what he is saying but for this to be valid the unbeliever has to accurate in what he believes,so tj you seem to have made quite a few foolish arguments how familiar are you with augustinetj  well i know that he believed the earth was created instantaneously not progressively and was according to scripture less than  years old,0,Attack,B,1,0,,
2165,that post was a joy to read,yes great post bradley well written perceptive and insightful,1,Support,B,0,1,,
2494,Terrorism can sometimes be justified,Terrorism creates a negative abusable portrayal,0,Attack,B,1,0,,
1063,i was going to post a long reply discussing each quote in detail but i decided this was so much simpler,in fact the history of life shows a pattern of explosions where new fossil forms come into existence without any clear evolutionary precursors concurring with design theory that predicts that species might appear abruptly,1,Support,B,1,0,,
507,"UKIP advocates for the UK leaving the European Union which would be a bad idea – but they are trying to leverage on the british people’s need to belong and pride to be british, which further sparks their anti-foreigner standpoint.","UKIP appears to have struck a chord with many voters on the issue of immigration, campaigning against the relaxation of working restrictions on Bulgarians and Romanians due to come into force in January.",0,Attack,B,0,1,,
1388,as for scientific evidence for id start with the genetic code,id explains the genetic code the same way we explain a computer code,0,Attack,B,0,1,,
1898, yes evolution has hard scientific fact and the creationists put all of their faith in a book that is supposed to be the word of god but it was written by people, none of the things that people put forward as evidence of a god are evidence for a specific religion,1,Support,B,1,0,,
872,UKIP want to get us out of the EU to make the British people much worse off then they already are.,"He also warned that if a proposed referendum led to the UK leaving the EU, there would be dire consequences for the country's global influence.",1,Support,B,0,1,,
2123,creation scientists read the sedimentary record of the placement of strata as evidence of the great flood while evo scientists read the same evidence very differently as evidence of an old earth,and creationists who can not tell the difference between cats and nuclear reactors do not understand fluid mechanics,0,Attack,B,0,1,,
1510,stop eating at creationists heads and settle down a tad,it is not entirely clear to me who you are inditing for being rude so i wont attempt to defend them,0,Attack,B,1,0,,
2577,animal kingdom is better than the town and winters bonei have just seen animal kingdom and wow what an awesome movie it was,it certainly is and its a crime this didnt get a bigger push i think mainstream audiences would have loved it easily one of the best films of the year,1,Support,B,0,1,,
1069,the di is correct to point out that a lack of merit of id should not be confused with its religious implications however the combinations of its religious foundations with a lack of scientific content provides a strong argument against id having merit scientifically and delegates it to the realm of theology,but i think you dont realize the importance of your concession that the di is correct to point out that a lack of merit of id should not be confused with its religious implications,1,Support,B,1,0,,
2522,We should negotiate with terrorists,Negotiations cannot take place while innocents are being threatened,0,Attack,B,1,0,,
525,"In UKIP, we have a new political force which looks likely to poll very well in a national election on thursday.","More people were considering voting for UKIP at a general election than ever before, he suggested, and this current poll surge was different from previous spikes in support which were linked to European elections.",1,Support,B,0,1,,
1197,richard dawkins and victor stenger argue that the existence of a creative superintelligence or god are scientific questions,the first point stressed in my college biology class was in fact that we as scientists cannot ascribe purpose to chemical and biological functions,0,Attack,B,1,0,,
2000, there are documented cases of specific species adapting over time, i think  the case against evolution is wrong and misinformed,1,Support,B,0,1,,
362,"If UKIP do hold the balance of power and get into government, their only condition will be an in/out EU referendum.",The EU is no longer an academic debate because it's affecting people in their everyday lives.,1,Support,B,0,1,,
765,"UKIP is a not a real party, with a clear global ideology and vision addressing all aspects of society: it is focusing on a handful of issues (all centered around membership in the EU and migrants), mostly ignoring global financial issues, health, education, security etc.",Mr Farage has successfully broadened UKIP's appeal away from Europe.,0,Attack,B,1,0,,
1638,i dont see what is so hard about it,your stating what you believe not what can be demonstrated scientifically,0,Attack,B,1,0,,
1479,sologosi dont believe that there is a significant controversy about the concept of natural selection,pvmcool now the claim is the arrival of variation,0,Attack,B,1,0,,
2624,the themes and the dark tragedy to life wrapped around a child is so realistic to how kids are raised now it is truly amazing and a feat to behold to see,i found del toros attempts to blend fantasy and reality to be quite ham fisted and lazy,0,Attack,B,1,0,,
2235,carefully think about this statement christianity is based upon the essential beliefs that god is allpowerful man is fallen and in need of redemption,well there is a little more to it than that but agreed,1,Support,B,0,1,,
1614,have you been to the icr facility to watch their presentationicr teaches hilarious nonsense,are they any less a scientist because they use   science   and their   education   to prove that evolution is falsethey are not scientists because their evidence is false,1,Support,B,1,0,,
1195,fxl wrote so why arent physicists saying gravity is as well established as the theory of   evolution  it  is obvious isnt it i hope not to be too snarky but the pope finally got around to admitting that  galileo was correct in teaching that the earth revolved around the sun get the gravity connection,it is obvious isnt it i hope not to be too snarky but the pope finally got around to admitting that galileo was correct in teaching that the earth revolved around the sun get the gravity connection,0,Attack,B,0,1,,
175,Hopefully we will see our first UKIP MP before the general elections next year.,He said UKIP was the real party of law and order and he vowed to continue campaigning for them.,1,Support,B,0,1,,
2279,high vehicle cost,that is only a short term problem these vehicles will get cheaper in time,0,Attack,B,0,1,,
759,"UKIP will lead the UK to independence from the oppressive EU, which is the only chance Britain has at restoring its former glory.","UKIP defied the odds again at last year's European elections, beating Labour into third place, much to the dismay of those, on the left and right, who had written the party off as a busted flush.",1,Support,B,0,1,,
2379,yes marihuana does much less harm if at all to the human body than cigarettes ,indeed it is hypocritical to criminalise marihuana while alcohol etc are perfectly acceptable,1,Support,B,0,1,,
1397, i have been a christian most of my life and the ten years i lived outside the community was hell on earth,poblic schools are not to promote   religion  ,1,Support,B,1,0,,
1292,caseyeven the widelytouted theistic evolutionary biologist kenneth miller has claimed in five editions of his popular high school biology textbooks that the implication of evolution is that it works without either plan or purpose and is random and undirected,pandasthumb also explored these accusations    httpwww,1,Support,B,0,1,,
442,UKIP's proposals on membership in the EU and migrants are at best purely demagogic: they do not take into account facts and more general issues.,UKIP says it is campaigning on a pro democracy message - aiming to rejuvenate local politics.,0,Attack,B,1,0,,
222,"On voting day, this week the vast majority of the British public will not vote for UKIP.","At the 2010 general election,  support dwindled to 3.1% and UKIP did not win a Westminster seat.",1,Support,B,0,1,,
1900, theres no rational reason to accept creationism its simply empty claims with no evidence it has no predictive powers it cannot explain what we see in nature and it introduces a level of complexity with no explanation requiring mindless faith, the prospect of creationism is pretty absurd,1,Support,B,0,1,,
1829,although i firmly believe in evolution it is only a theory and even though theories have evidence and are backed up with facts they are not  true and can probably never really be proven like the big bang theory,why is it more reasonable to conclude common descent rather than common design from the similarity we see among species,1,Support,B,1,0,,
1504,   httpwww,i am not welcome at ucd a site which takes pride in ignorance over arguments,0,Attack,B,1,0,,
2650,i turned this movie off halfway through because i was bored out of my skull then i come here and its got a high rating granted its got a good storyline good acting nice cinematography but somehow still managed to bore me to tears,oh no i have seen the whole movie multiple times definitely a film i will not get tired of any time soon,0,Attack,B,1,0,,
2012, i dont attempt to defend either intelligent design or creationism, b tr  tr valigntop ,1,Support,B,0,1,,
649,"Arguably, UKIP & co. aspire to destroy the culture created in Europe after WWII, which has been based on openness, free travel, migration and cross-geographic access to goods and labour markets.","I was delighted to cast my vote for [UKIP leader] Nigel Farage's team in Sussex, where I live, said Lynam.",0,Attack,B,1,0,,
377,"UKIP are just another bunch of freeloaders, using peoples fears and prejudice to gain votes so that they can get their snouts into the trough.","I think UKIP is a party that is really on the up, now that we have got the positive bit between our teeth, we are really going to go places.",0,Attack,B,1,0,,
1667,does the bible state that the world was created in six days,what do you think,0,Attack,B,1,0,,
1201,island referenced a  article however science does proceed and indeedabstract we apply the recently defined multipole vector framework to the frequencyspecific firstyear wmap sky maps estimating the lowl multipole coefficients from the highlatitude sky by means of a power equalization filter,   httpwww,1,Support,B,0,1,,
2303,i do not think any eu citizen should have the right to vote in other eu countries because most people do not understand or know enough about other countries,i think the same argument could be made about peoples own countries though,0,Attack,B,0,1,,
1591,very interesting summary,most of those heavy gasses were filtered out of the atmosphere before life had even emerged and the atmosphere was changed to oxygen long before plants evolved,1,Support,B,0,1,,
1041,specifically the theory predicts that we will find large amounts of specified complexity in natural objects,i am an experimental scientist,1,Support,B,0,1,,
2510,I believe that opinion polls harm the democratic process,Opinion polls can lead to tactical voting which may have unintended outcomes,1,Support,B,0,1,,
2401,We should ban religious symbols in public buildings,Religious symbols are personal therefore they should not matter to others,0,Attack,B,1,0,,
1651,the bible is true because the bible says so is incredibly juvenile logic,everything i say is correct regardless of logic or evidence that attempts to prove me wrong,1,Support,B,0,1,,
616,"If UKIP don't like being smeared, then they need to stop smearing, stigmatising, and fear mongering about others.","It has rejected claims by cabinet minister Ken Clarke and others that it is simply against foreigners, arguing that it is in favour of a sensible managed migration policy, something Mr Farage argues is not possible while Britain remains in the EU.",0,Attack,B,1,0,,
1358,lets just cut to the chase id does not perform any empirical and statistical verifications at best they could perform statistical falsifications of a particular scientific hypothesis but even the simplest hypotheses are not easily captured in statistics and thus id has found that most examples of supposedly designed systems cannot really be tested using id methodology,pvmfirst of all the judge observed that the school board was strongly motivated by religious beliefs and the fact that they believed that id presented a scientific hypothesis and thus a valid secular purpose was their downfall ,0,Attack,B,1,0,,
1451,jimfinally i just want to say that it appears to me that statements made against id and their proponents  made by others not you  regarding id has been so emotionally charged it makes me feel their judgment is affected,or that evolution is a process involving randomness and natural selection,1,Support,B,1,0,,
2596,i read the book which is subtle philosophical and nuanced at the beginning of the year and last night i watched the dvd of this film what utter rubbish the film is a boring sweary standard thriller,this film is a masterpiece it pains me that you consider it a mere simplistic thriller maybe you should watch it again a good five years from now,0,Attack,B,1,0,,
1150,im not a cell expert but lets expand out to the human body,im not a cell expert either and understanding what behe wrote in his argument doesnt require it because he didnt say anything except cellular machinery is complex therefore it must be designed,0,Attack,B,0,1,,
2136,you did not ask for a quote which says we should ban guns and you posed the question to anti gunners you did not ask for anti gun comments,so if you quoted ted kennedy when he said to his wife in an event that was not even publicized good morning sweetie that would be an answer,0,Attack,B,1,0,,
1491,why should god be directly implicated when it looks like a duck smells like a duck walks like a duck,fxl insists that just because god is absent from the book that it therefor could not have been based on creationism even though it defined creationism to be in line with its predecessors and later renamed the term to read design,0,Attack,B,0,1,,
2455,All nations have a right to nuclear weapons,Nuclear weapons give states valuable agendasetting power on the international stage,1,Support,B,0,1,,
486,UKIP doesn't need to win power to force the changes people want.,A ComRes survey for BBC One's Sunday Politics found 22% of Tory local councillors supported a pact with the UKIP.,1,Support,B,1,0,,
1258,the eonic website claims erroneouslythe one thing darwinists dont want to find is such a nonrandom pattern anywhere,secrets of the genome january   by john c,1,Support,B,0,1,,
1011,just as advances in genetic and protein research and mathematics are enabling us to understand and explain how evolution works a growing number of our society are rejecting science in favor of myth and fake science,i really have to give the antiiders credit you have a lot of faith,0,Attack,B,1,0,,
990,science can never conclusively prove that there is no god unless proof of another   god   is somehow found,  intelligent design does have merit,0,Attack,B,0,1,,
1744,it is only the closest science can come to explaining the origin of human existence and how things developed over timeyes,so would you say that the those in the bible lied about jesus doing miracles and god showing himself through signs or etc,1,Support,B,1,0,,
2192,probably bought with our taxpayer dollars and that is why jimmie carter got awarded one too,i think you are on to some thing there,1,Support,B,0,1,,
2040, wrong  evolution is probably the most supported theory in biology  its withstood considerable scrutiny for the past  years and is as strong as ever, if your trying to find evidence in the bible your right,1,Support,B,1,0,,
878,"Even a UKIP European candidate, Janice Atkinson, another ex-Tory, admits leaving the EU would be problematic.",But UKIP said leaving the EU was the only way to fully take control of the UK's borders.,0,Attack,B,1,0,,
1664,as a prisoner,i have found that most web sights about religion and   evolution   are bunk and are promoted by an agenda not open to reason,1,Support,B,1,0,,
2054,what is a repeatable experiment is made meaningless,what does this have to do with what you started out with can you not at least pick a topic and stick with it,0,Attack,B,1,0,,
2630,as far as acting and cinematography go this film was great but the content and plot were horrible,i respect your opinion but i feel like every reason you give is missing the point completely,0,Attack,B,1,0,,
618,"I think Farage makes a much better leader than any of the other parties, he's full of enthusiasm and is not a PR man like the current leaders of the 3 main parties.",For Nigel Farage convincing his fiercest critics among UKIP's members and its estranged onetime supporters that he remains the right man to lead the party may be difficult.,0,Attack,B,1,0,,
488,"If UKIP don't like being smeared, then they need to stop smearing, stigmatising, and fear mongering about others.",It comes two weeks after she accused the UKIP leader of bullying and being anti-women and a Stalinist and threatened to leave the party.,1,Support,B,0,1,,
986,im hardly the authority for all the great questions in life,that one is from isaiah ,1,Support,B,1,0,,
1368,robert crowtherlike modern evolutionary theory there is more than just one side to the debate,here is the response to irons which was also published in the montana law review,0,Attack,B,0,1,,
50,"Even a UKIP European candidate, Janice Atkinson, another ex-Tory, admits leaving the EU would be problematic.",But immigration has also been an issue and UKIP sees the EU question being at the heart of it.,0,Attack,B,1,0,,
1692,one thing for sure time was and continues to be passing differently in different parts of the universe,but what have ancient scriptures ultimately proven,1,Support,B,1,0,,
1072,in arguing for the existence of god dr,of course id has to move from its position of ignorance to a position which allows it to be fully reconcilable with science namely by arguing a position of front loading which moves the design event to coincide with the big bang,1,Support,B,0,1,,
325,"The momentum is with UKIP; Labour, Conservative and Liberal areas are all now vulnerable to them. ",I want to campaign for Britain to break free from the EU and UKIP are the party to do it.,1,Support,B,0,1,,
924,archfilejockey quoted kent hovind as saying asking an atheist why he cant find god is like asking a thief why he cant find a police officer,einsteins quotes are not supportive of id he was talking about the fabric of the universe not the means by which species evolve,1,Support,B,1,0,,
141,"As far as immigration is concerned all Ukip want is a level playing field for non EU migrants and to control the numbers so, if anything, Ukip are too soft on immigration.",Eurosceptic UKIP's success in the local elections has renewed pressure on David Cameron to hold an in-out referendum.,1,Support,B,1,0,,
906,schools should not teach theories that are completely at odds with each other,because students are impressionable if you teach them the literal truth of genesis as science they may well believe you,1,Support,B,0,1,,
2178,concepts do not come from somewhere they are not physical entities and do not have physical properties such as locations beginnings or ends they do not require a creator physical the universe or imaginary god,this is my thinking exactly,1,Support,B,0,1,,
1625, do you read books other than those produced by humanists just askingi am not a biblical scholar so i had to look for this but according to the catholic encyclopedia article on the canon of the new testament the idea of a complete and clearcut canon of the new testament existing from the beginning that is from apostolic times has no foundation in history,andrew holt heres my take on your question,0,Attack,B,0,1,,
1473,but most of it seems to be in the responsesuch as  because the ncse thinks science should be a voting contestthats just plain silly its the dissent from darwinism which attempts to create a controversy where there is none,i do not wish to begin to defend the di as i am not familiar enough with their theory,0,Attack,B,1,0,,
2594,i read the book which is subtle philosophical and nuanced at the beginning of the year and last night i watched the dvd of this film what utter rubbish the film is a boring sweary standard thriller,sadly yes it just became a standard thriller,1,Support,B,0,1,,
1419,today one of the fundamental goals of scientists studying the theory of   evolution   is to figure out how life on earth began,the origins of life are the focus of a great deal of study but it focuses more on biochemistry then   evolutionary biology   as there was nothing to evolve before the first cells existed,0,Attack,B,,,,
502,"The problem with popularism but no substance, like UKIP represent, is that it just results in things getting worse and worse.","UKIP appears to have struck a chord with many voters on the issue of immigration, campaigning against the relaxation of working restrictions on Bulgarians and Romanians due to come into force in January.",0,Attack,B,,,,
1134,prototypic should read phenotypic,as much as behes somewhat misleadingyet when lenski tracked down the mutations they tended to be degradative changes ones which destroyed genes or made them less efficient,1,Support,B,,,,
2044, it is only belief, youre right there isnt a shred of positive evidence for creationism and creationists dont even try,1,Support,B,,,,
1892,your right,so what is the difference in saying god is nothing and there is no god and god is nonexistent there is no difference all of the above statements have the same meaning,0,Attack,B,,,,
1200,islandthe wmap anamoly indicates that we are at the center of the universe   httpcerncourier,island referenced a  article however science does proceed and indeedabstract we apply the recently defined multipole vector framework to the frequencyspecific firstyear wmap sky maps estimating the lowl multipole coefficients from the highlatitude sky by means of a power equalization filter,1,Support,B,,,,
251,I'm no fan of UKIP but well done to them for initiating a much needed shake up of British politics.,"Mr Wheeler previously made a donation to UKIP - which wants the UK to leave the European Union - in the run-up to the 2009 European elections, saying that they are driving needed change.",1,Support,B,,,,
559,"ukip's policies on health, education, taxation and all the things that affect peoples lives are non-existent.","Here is how I see it - immigration, welfare and education are totally linked.",0,Attack,B,,,,
1945, yes the theory of evolution is wrong it got popular when darwin wrote the book the origin of species but later on many scientists proved from several experiments that it is an incorrect theory, there is no scientist can give strong evidence to support evolution,0,Attack,B,,,,
1400,why dont you tell meare they needed to for   health   and safety of the country,the  commandments are not the sole source of morality,0,Attack,B,,,,
1919, the evidence has it, and the reason why there are so many species that arent on this planet any longer,1,Support,B,,,,
992,jumpstart helps us understand the eliminative nature of idit is difficult even improbable to imagine how such a process could happen without being jump started,how did life begin ,0,Attack,B,,,,
880,teaching evolution exclusively is dangerous to science and reason, creationism is scientifically testable,1,Support,B,,,,
2200,come on it is andy schlafly what do you expect from the spawn of phyllis,oh that explains a lot i actually forgot who she was had to google the name,1,Support,B,,,,
2292,it is far too expensive,other phones are more expensive,0,Attack,B,,,,
2431,European Parliament elections should involve only one voting district all of Europe and not separate country seats,This avoids the real questions about the European Parliament,0,Attack,B,,,,
1256,may as well get to work on it,landonevolutionary science may have progressed but it has not explained the evolution of man or history,1,Support,B,,,,
1518,just because id claims that it is scientifically relevant and in fact can lead to affect research directions does not mean that their claims are accurate and truthful especially given the simple fact that in the last  years id has failed to show much of any example that supports their claims,it is entirely misleading to imply that academic freedom is gives license to present nonscience like idthese academic freedom bills which typically work in conjunction with the science standards are written to strictly prohibit the teaching of religion creationism creation science creation facts and id,1,Support,B,,,,
1487,the smoking guns are well established,jon buell the president of the foundation for thought and ethics testified in court enjoyby mr,0,Attack,B,,,,
307,"I think Farage makes a much better leader than any of the other parties, he's full of enthusiasm and is not a PR man like the current leaders of the 3 main parties.",Mention Farage and the facial expression you're met with is one of crumpled disgust.,0,Attack,B,,,,
2120,evolutionists say that certain animals in a population are genetically superior than others and these genetic superiors are more successful breeders,sometimes the state of the education system in the usa makes me cry,0,Attack,B,0,1,,
1078,should we just reject the bigbang as being unscientific since it would require a supernatural cause according to the nd premise you list is the best you can really come up with is who designed the designer,why would consideration of the designer necessarily introduce religious discussions about theological questions clearly it is because his concept of the designer is a supernatural onewhich was exactly what i was arguing,1,Support,B,1,0,,
580,UKIP's sole aim at the general election is to get a smallish number of MPs elected but enough to hold the balance of power and do a deal with the Tories.,"Foreign Secretary William Hague has meanwhile ruled out an electoral pact with UKIP, after a BBC poll suggested nearly 25% of Conservative councillors were in favour of such a deal.",0,Attack,B,1,0,,
533,"It feels like UKIP is anti most things and base their politics on this: Anti-aid, Anti-immigrant – at times even anti-politics; it is therefore difficult to understand what they actually stand for and want to work towards.","He also warned that if a proposed referendum led to the UK leaving the EU, there would be dire consequences for the country's global influence.",1,Support,B,0,1,,
1467,jimremember the question we are addressing is does id have merit i have explained why i think it does,but its more than we dont understand thus designed,0,Attack,B,1,0,,
1257,landonevolutionary science may have progressed but it has not explained the evolution of man or history,the eonic website claims erroneouslythe one thing darwinists dont want to find is such a nonrandom pattern anywhere,1,Support,B,1,0,,
1757,i really feel sorry for you,the history of the bible including its compilation by the early church is quite well known,1,Support,B,0,1,,
288,"Arguably, UKIP & co. aspire to destroy the culture created in Europe after WWII, which has been based on openness, free travel, migration and cross-geographic access to goods and labour markets.","UKIP has a simple, understandable message, which has led to the party gaining bigger shares of the votes in European elections.",0,Attack,B,0,1,,
1768,genesis  and  say and there was evening and there was morning a sixth day,i can see how it would be interpreted as a contradiction,0,Attack,B,1,0,,
2073,with all the debt obama has generated for our nation he deserves to be filibustered into the ground ,which planet in your parallel uni haverse did this happen on you should stick to topics on which you know something,0,Attack,B,1,0,,
1751,youve got it right,what does random premarital sex lead toa number of possible outcomes based on a number of factors,0,Attack,B,0,1,,
421,A forensic examination of UKIP's policies would nail once and for all the Establishment lie that they're a bunch of swivel-eyed racists.,Farage told the BBC the Conservatives were virtually indistinguishable from Labour and the Lib Dems on many issues and that UKIP was offering a real alternative.,1,Support,B,0,1,,
1774,i agree with your definition of ignorance but i feel that ignorance crosses into stupidity when those who are ignorant but have the means to inform themselves fail to do so,yeah thats kinda true,0,Attack,B,0,1,,
835,UKIP want to get us out of the EU to make the British people much worse off then they already are.,But UKIP said leaving the EU was the only way to fully take control of the UK's borders.,0,Attack,B,1,0,,
1870,mutation and natural selection are the two driving forces behind evolution,the bacteria mutated,0,Attack,B,0,1,,
1968, can we get one thing straight, the simplest way to prove it is this,1,Support,B,0,1,,
1861,aristotle socrates and plato,that if you look into all beliefs and theories you will find a flawthis is very true for almost all theories,1,Support,B,0,1,,
514,"UKIP don't lecture, they try to represent the people, which is why they are doing so well.","UKIP appears to have struck a chord with many voters on the issue of immigration, campaigning against the relaxation of working restrictions on Bulgarians and Romanians due to come into force in January.",1,Support,B,0,1,,
1931, evolutionist say we were boiling outerspace for a billion years in soup then bang we have earth                               retarted                 if evolution is real how come we cant take monkeys with us on airplanes   supposedly we evolved out of animals, i believe in evolution evolution is the mechanism that some species of animals and plants use to adapt to certain circumstances do to the change,1,Support,B,1,0,,
1805,ive studied a lot of biology and to me evolution has indeed been proved,maths is the only branch of science that offers  proof of its arguments,1,Support,B,1,0,,
1958, did you really just say that no scientist can support evolution  the theory of evolution came about from scientific discovery so your statement makes hardly any sense, evolution is the real deal,1,Support,B,0,1,,
2249,awful hotel bad service bad location and very over priced,i did a small search and i found that it is not far from the city centre so that means that the location is not so bad,0,Attack,B,1,0,,
877,"The whole UKIP-for-the-working-class narrative is utterly insane since, if we left the EU, the poor would still be competing with cheap foreign labor.",Mr Farage has successfully broadened UKIP's appeal away from Europe.,0,Attack,B,1,0,,
761,It is because of UKIP that we are finally discussing the European question and about immigration and thank goodness for that.,Sir Menzies Campbell suggested the government was worried about a political backlash amid public concerns about immigration levels in general.,1,Support,B,1,0,,
2133,do you understand something like sociobiology counts as good science if it consists of a body of work produced by people applying scientific methods rigorously,and if id consists of a body of work that you and an established special interest do not like then its not good science,0,Attack,B,0,1,,
663,The more the 'mainstream' parties smear and lie about UKIP the more their support rises.,"And with UKIP riding high in national opinion polls and coming second in the recent Eastleigh by-election, Mr Farage predicted his party would win seats in each of the 34 councils where elections are being held.",1,Support,B,0,1,,
1289,i recommend this bookgod in the foxhole by charles sasser not that youll read it but hey its worth a try,in case you didnt see it their was an atheist or two in those foxholes but not for very long hahahasounds like a collection of anecdotal stories made by a biased source,0,Attack,B,1,0,,
121,Ukip are doing well for the very simple reason folk have at last realized that they are being lied to by LibLabCon and now have somewhere else to go.,"Voters appear restive, often reluctant to support the larger parties.",1,Support,B,0,1,,
1325,tjlook what happened to richard stenburg when he had the courage to allow an id piece get published scientists and his peers jumped all over him,yes you are right,0,Attack,B,0,1,,
1156,i think behe has made the case for obviousdesign within the cell and i dont think you will findanyone who could put it any more clear,ok whatever dude,0,Attack,B,1,0,,
1609,the argument youre making would make sense if we could all just go up to god and ask hey is this true and god could give his answer directly to anyone who asked,this is so because it has been proven,1,Support,B,1,0,,
1170,intelligent design works off positive predictions about where experience tells us that   intelligent design   is the cause at work,meaningless nonsense of course,0,Attack,B,1,0,,
2075,the only stupid question is the unasked one,and many of the questions that creationists ask,0,Attack,B,0,1,,
345,"Much of UKIP's meteoric rise has to do with political correctness, and the fact that ordinary people are sick of it.",He said he had been impressed by David Cameron's leadership while UKIP was beset by internal fighting and was not a credible political force.,0,Attack,B,1,0,,
2540,We should allow voting at 16 in European Parliament elections,EU elections would put young people off voting,0,Attack,B,1,0,,
2626,as far as acting and cinematography go this film was great but the content and plot were horrible,it was not made to be just a family movie it was also meant to be serious movie with a mix of realism and fantasy combined for mature viewers most specially that what makes the movie special,0,Attack,B,0,1,,
348,"I don't see UKIP as being far right, they're just further right than the rest who have congregated arund the middle ground.",Early results show many voters seem to be turning away from the three main political parties and flocking to UKIP and the Greens.,1,Support,B,0,1,,
1090,i am always tickled by claims of id advocates that darwinism stifles inquiry and that only id creationism will break the shackles that darwinism puts on the mind that id creationism will open avenues of insight into practically everything,it also means that scientists who hold legitimate scientific views deserve to be heard even if their views differ from the consensus,1,Support,B,0,1,,
2368,apple no comparison there excellent quality longevity of hardware amazing support,also much smaller decrease in value over time compared to other laptops,1,Support,B,0,1,,
2406,I prefer trade to aid,Trade is a longterm basis for international cooperation,1,Support,B,0,1,,
2538,We should allow voting at 16 in European Parliament elections,This would be a slippery slope to forcing all countries to allow the vote at sixteen for all votes,0,Attack,B,1,0,,
1084,needless to say even id proponents have come to realize that id is lacking scientifically speakingfor instance young earth creationist philosopher and id proponent paul nelson is on the record as saying easily the biggest challenge facing the id community is to develop a fullfledged theory of biological design,this post by casey luskin graphically illustrates why intelligent design is not science,1,Support,B,0,1,,
2544,We should force think tanks to reveal all of their sources for resource funding,Legally requiring disclosure from all benefits think tanks,1,Support,B,0,1,,
680,If anyone seriously thinks that UKIP will offer some kind of answer to our current problems then I think that they are going to be sadly disappointed.,UKIP has evolved over the two decades since it was created from an anti-EU pressure group into a fully fledged party which has now proved that it can succeed beyond European elections.,0,Attack,B,1,0,,
234,"I and many others will be voting UKIP not because of a handful of people that have said stupid things, it will be because I identify and agree with their overarching principles.",Eurosceptic Paul Sykes said UKIP was the last best hope for Britain and he would help fund its election campaign.,1,Support,B,0,1,,
1031,in order to better understand intelligent design it is important to appreciate how it abuses and conflates terminologies,how does science explain information in life versus intelligent design proponents and why do id proponents misrepresent science when describing for instance neodarwinismcasey luskin writesproponents of neodarwinism contend that the information in life arose via purposeless blind and unguided processes,1,Support,B,0,1,,
379,Big business will not support UKIP given the devastation that withdrawal from the EU would cause.,"Ms Dorries said many executives had huge empathy with UKIP, whose poll ratings have risen recently.",0,Attack,B,1,0,,
2111,i have not studied evolution according to your way of thinking,really what a surprise so tell me if you do not know what it is or how it works how do you know that you are opposed to it,0,Attack,B,1,0,,
677,UKIP doesn't need to win power to force the changes people want.,"According to the Daily Telegraph, Mr Farage suggested to Mr Murdoch at the meal that he would form an electoral pact with the Conservatives if David Cameron stood down as leader.",1,Support,B,0,1,,
357,UKIP and the Greens are the only parties to date that haven't screwed us all over.,"In contrast, the Conservatives have seen their membership levels fall.",1,Support,B,0,1,,
561,UKIP are the only party willing to have a sensible open debate on the key issues affecting the country. ,The group suggest that within five years UKIP will have more members than the Tories at the current rate of attrition.,1,Support,B,0,1,,
14,"UKIP are a fairly right wing group as I'm sure will become clear when they actually produce some policies other than the ""its all the eu's"" fault.","UKIP are probably a flash in the pan and they are a protest vote for disaffected voters who think Tories aren't right wing enough, Green activist Andrew Murray tells me.",1,Support,B,0,1,,
2132,i wonder if you would think differently if those two guys got away raped your wife killed your kids burned your house and you somehow knew that they could have been stopped back in texas,dreaming up imaginary what if situations does not prove anything,0,Attack,B,1,0,,
1453,or that evolution is a process involving randomness and natural selection,you give interesting and complex answers,0,Attack,B,0,1,,
371,"The greens and ukip provide encouragement for labour and conservatives alike to address some issues people care about, albeit only lip service to retain votes mainly.",But Conservative Party chairman Grant Shapps categorically ruled out a deal with UKIP.,0,Attack,B,1,0,,
748,UKIP are blatantly disregarding the possibility of man made climate change.,"Mr Farage was challenged on a number of issues - including the party's attitude towards climate change, maternity leave and small businesses, diversity in the party and the European Union.",1,Support,B,0,1,,
1637,one of the major problems that we all have in fact its the same problem adam and eve had in the garden of eden is that we tend to start from outside gods word and then go to what god has written in the bible orin adams casewhat god forbade him to do to try to interpret it on the basis of our own preset ideas,i dont see what is so hard about it,0,Attack,B,1,0,,
933,naming two well known id proponents does not a citation make to support pvms twisted version of id arguments,seems highlander was somewhat quick in his response as i am more than willing to support my claims,0,Attack,B,1,0,,
1530,your friend pvm gave out in this discussion  httpwww,um this thread is months old and no one is reading it,0,Attack,B,1,0,,
459,"Arguably, UKIP & co. aspire to destroy the culture created in Europe after WWII, which has been based on openness, free travel, migration and cross-geographic access to goods and labour markets.",You all think euroscepticism is a right-wing view - it is not.,0,Attack,B,1,0,,
216,If UKIP is really the best our country can do for an alternative then we are all doomed.,A UKIP candidate in Somerset was suspended from the party on Tuesday after a photo of him apparently making a Nazi-style salute appeared on his Facebook page.,1,Support,B,0,1,,
515,UKIP are in no way a single issue party and if Labour or the Conservatives were to give us a referendum UKIP would still have a full manifesto that would attract many voters.,"But it is also one which means people often dismiss it as a single issue party, unlikely to become a force in Westminster politics.",0,Attack,B,1,0,,
18,If UKIP is really the best our country can do for an alternative then we are all doomed.,UKIP Oxfordshire councillor David Silvester was suspended recently after he said in an interview that changing the law to allow gay people to marry had caused floods.,1,Support,B,0,1,,
1995, people who believe that god created the earth keep saying that they got this from the bible, i believe in evolution,1,Support,B,1,0,,
1167,who decides if an arrangement of parts is purposeful what does purposeful really mean in that statement do the parts have purposeif there is some form of synergy in the arrangement then yes that would be purposeful,we detect design by looking for the telltale signs that an intelligent agent acted,0,Attack,B,0,1,,
1732,in genesis we have no reason to believe that one day meant any more than one day today,in genesis we have no reason to believe that one day meant any more than one day today,0,Attack,B,0,1,,
2627,as far as acting and cinematography go this film was great but the content and plot were horrible,yes this movie was pretty bad,1,Support,B,0,1,,
1427,that in no way describes the current theories about how life began,so would you like to give a better explanation on what current ool theories exist this is definitely a subject in origins debate that interests me most,0,Attack,B,0,1,,
1586,there are two possibilities about the origin of the universe it blinked into existence,read genesis chapter ,0,Attack,B,1,0,,
1151,im not a cell expert either and understanding what behe wrote in his argument doesnt require it because he didnt say anything except cellular machinery is complex therefore it must be designed,but dont try to lead me astayi wanted to try and lead to the truth from being astrayactually,0,Attack,B,0,1,,
2258,limassol no doubt about it it has the most beautiful beaches and the most fun places to visit,i disagree about the most beautiful beaches part,0,Attack,B,1,0,,
126,"If you want an insight into just how disorganised UKIP are, go and read what their members, candidates and supporters write on the Telegraph.",The party's campaigning effort has become far more professional and well-funded in the past two years as a result.,0,Attack,B,1,0,,
1730,i do believe the world was created in  days,are we really arrogant enough to think that a day to us equals a day to god the thing is the bible never says how long a day is,0,Attack,B,1,0,,
2357,electric vehicles,low co emissions ,1,Support,B,0,1,,
516,"I suspect the main reason a new Left party hasn't emerged with similar prominence to UKIP is because UK politics has, like that in the USA, become the plaything of the wealthy.","UKIP appears to have struck a chord with many voters on the issue of immigration, campaigning against the relaxation of working restrictions on Bulgarians and Romanians due to come into force in January.",0,Attack,B,1,0,,
1212,is actually quite simple,remember this is about islands claim and carters arguments,1,Support,B,0,1,,
689,"No doubt ordinary people are fed up with the behaviour of the Westminster bubble, but the other reason why UKIP is doing well is that they're articulating the concerns of working people, which Tories never do and Labour hasn't done since if fell under the spell of Tony Blair.","UKIP defied the odds again at last year's European elections, beating Labour into third place, much to the dismay of those, on the left and right, who had written the party off as a busted flush.",1,Support,B,0,1,,
1840,to each their own as a personal belief i have nothing against those that subscribe to creationism but feel strongly that it does not belong in schools,life consist of nothing but creations,0,Attack,B,0,1,,
1391,einsteinit was of course a lie what you read about my religious convictions a lie which is being systematically repeated,i never said anything about einsteins religious convictions,0,Attack,B,1,0,,
859,"If UKIP want to retain these voters and attract more in a general election then they need to come up with policies other than ""leave the EU"" and ""its all the immigrants fault"".","In 2006, the lower-key Knapman retired, to be replaced by Nigel Farage, an eye-catching media performer who pledged to make UKIP a truly representative party, ending its image as a single-issue pressure group.",0,Attack,B,1,0,,
2514,I believe that opinion polls harm the democratic process,Citizens have a fundamental right to vote on whatever the basis they choose,0,Attack,B,1,0,,
857,"Despite you best efforts at pretending otherwise, UKIP are still widely disliked and untrusted by the majority of the population.","Mr Cameron once described UKIP as a party of fruitcakes, loonies and closet racists.",1,Support,B,0,1,,
2603,after sitting through this movie i could not fathom why it is rated so high after the clone plot is revealed the movie lacks the grip and mystery altogether,movie has enough grip and mistery all the way through the ending doesnt need a punch the ending needs to end the movie,0,Attack,B,1,0,,
1940, on what day did god make the fossils  very simplistic yes it is, in the beginning,1,Support,B,0,1,,
2507,The International Criminal Court should be recognised,The ICC fails to prevent atrocities,0,Attack,B,1,0,,
1675,the earth is not billions of years old because that would mean your ancient holy book and everything you believe in would be wrongim sorry but this took serious cahones to write as a defense of your beliefs,all aig is showing is that the author of one part of the bible took the author of another part of the bible literally not that either one knew what they were talking about,1,Support,B,1,0,,
916,richard dawkins,the proiders claim that id uses scientific method infers design by testing positive predictionsdiscovery institute on id uses scien,1,Support,B,0,1,,
1859,this is why i have my doubts about id too but the main premise of it which is why i accept it as probable is still very rational,and i guess those differences bring us right back to the atheist vs,1,Support,B,0,1,,
2572,animal kingdom is better than the town and winters bonei have just seen animal kingdom and wow what an awesome movie it was,i completely agree with you its such a shame animal kingdom wont recieve the recognition it deserves during awards season just because it isnt a big hollywood film,1,Support,B,0,1,,
2281,hybrid electric vehicle,cost will reduce with scale,0,Attack,B,0,1,,
109,The success Ukip had in the european elections will be sufficient to galvanise one or preferably all the other parties to rid us of the EU's political influence.,"And with UKIP riding high in national opinion polls and coming second in the recent Eastleigh by-election, Mr Farage predicted his party would win seats in each of the 34 councils where elections are being held.",1,Support,B,0,1,,
1554,ricardo the bible was definitely written as is,its not that cut and dried,1,Support,B,1,0,,
538,UKIP's sole aim at the general election is to get a smallish number of MPs elected but enough to hold the balance of power and do a deal with the Tories.,One Conservative MP has suggested his party consider a pact with UKIP at the next election.,1,Support,B,0,1,,
2286,nothing is more important than my research time and i just think this is a distraction,but if we get this right we will waste less research time with dodgy students we wish we had rejected at interview,0,Attack,B,1,0,,
851,If there are enough Ukip votes it should frighten all the parties sufficiently to make them realise they can't just ignore the electorate.,"Nigel Farage said the prime minister was terrified of losing votes to UKIP, and its rising poll rating and doubted any referendum would take place under the present government.",1,Support,B,0,1,,
1157,ok whatever dude,icdesign is suddenly not interested in hearing about science anymore,0,Attack,B,0,1,,
907,because students are impressionable if you teach them the literal truth of genesis as science they may well believe you,if creationism should be taught it should not be taught in science classes,1,Support,B,0,1,,
1161,i was using your rhetorical question to attempt to get a discussion going,it always devolves to this when talking to id proponents,1,Support,B,0,1,,
728,"Ukip has British values, wants to get British industry kick started back to the fore front again, become more self-sufficient.","He also warned that if a proposed referendum led to the UK leaving the EU, there would be dire consequences for the country's global influence.",0,Attack,B,1,0,,
1178,but we are not arguing that it is wrong,the theory of   intelligent design   holds that certain features of the universe and of living things are best explained by an intelligent causefine,0,Attack,B,0,1,,
2402,We should ban religious symbols in public buildings,If you ban one thing you have to ban lots of things,0,Attack,B,1,0,,
2259,no it is athens mate,i like athens but it is definitely not the best,0,Attack,B,1,0,,
108,If UKIP is really the best our country can do for an alternative then we are all doomed.,"Deputy Prime Minister Nick Clegg, whose Liberal Democrats oppose a referendum, said leaving altogether would make us less safe because we co-operate in the European Union to go after criminal gangs that cross borders.",1,Support,B,1,0,,
659,"The problem with popularism but no substance, like UKIP represent, is that it just results in things getting worse and worse.",I believe that what UKIP is doing is vital for this country.,0,Attack,B,1,0,,
565,It's a protest vote because (most) people know that UKIP will never net in power.,"Ahead of May's local elections, Conservative cabinet minister Ken Clarke dismissed UKIP as a protest party and a collection of clowns.",1,Support,B,0,1,,
333,I suspect when people do start to focus and the election is close UKIPs incoherent policies will be exposed.,The scale of the UKIP threat will be tested in May's European elections.,0,Attack,B,0,1,,
1404,liberals will loose this battle,is good science a liberal theme if you love true science you must be a liberalyou are in good company but remember that good science including evolutionary science knows no boundaries christians republicans democrats and independents all accept the facts of science of course given the historical link between evangelicals and republicans we do observe a stronger lack of understanding of science amongst some who also happen to be republicans but do not confuse cause and effect here,0,Attack,B,1,0,,
1688,well once you accept the existence of an all powerful deity then anything is possible,aig decries scientists for making unproven assumptions while making many of their own,1,Support,B,1,0,,
2663,after all the attention and awards etc and an imdb rating of  i was so shocked to finally see this film and have it be so bad,i liked it but i did find it quite underwhelming,1,Support,B,1,0,,
714,People are not voting for UKIP because of immigration propaganda but because of their direct experience of immigration.,"UKIP's two biggest policy themes - withdrawal from the European Union and the impact of immigration - enjoy a prominence in mainstream political debate never seen before, our correspondent adds.",1,Support,B,0,1,,
2470,We should promote democratisation,The immense cost and effort involved in sustaining democracy across the world in countries that are not prepared to fully accept responsibility themselves does not equal the benefits,0,Attack,B,0,1,,
2551,Transparency is necessary for security,Transparency is a good in and of itself,1,Support,B,1,0,,
1685,aig doesnt believe the geological data,there are some answers in there,1,Support,B,1,0,,
1764,first even as a biblebelieving creationist i want to say thanks for bring attention to genesis ,the study of science is intriguing but it shouldnt get in the way of ruling out the creator,0,Attack,B,1,0,,
253,"If UKIP have a good general election and manage to take a few seats then that can only benefit Labour, because all of the seats that UKIP can possibly, conceivably win - well they are all Tory seats.","The anti-European Union party is hoping to win the most seats in the contest, building on its strong poll ratings and success in last year's local elections.",1,Support,B,1,0,,
1008,that reply was to allogic,and i was just the reverse,1,Support,B,1,0,,
383,Many racists and especially xenophobes find the UKIP message appealing.,It is thought to have been one of the factors behind a mass defection of grassroots members to the UK Independence Party (UKIP) in some parts of the country.,1,Support,B,0,1,,
744,"UKIP are a fairly right wing group as I'm sure will become clear when they actually produce some policies other than the ""its all the eu's"" fault.",It is not clear how well the eurosceptics will get along - UKIP has said it will not work with the far right parties from France and the Netherlands,0,Attack,B,1,0,,
1055,so what using   intelligent design    is the purpose of the appendixid simply predicted that the appendix would have a function,do you know that there is a god youre  on this,0,Attack,B,1,0,,
497,"I think Farage makes a much better leader than any of the other parties, he's full of enthusiasm and is not a PR man like the current leaders of the 3 main parties.",And they also seemed very thankful to have the colourful Nigel Farage back as party leader.,1,Support,B,1,0,,
2363,undergrads contribute to research,yes and urop is great,1,Support,B,0,1,,
757,UKIP language tends to portray the real experiences of UKIP people not the politically correct fantasy construct that too many people on here seem comfortable with.,But Mr Cameron dismissed UKIP's showing as a protest by voters and promised to stay true to his principles.,0,Attack,B,1,0,,
434,UKIPs strength is based on ignorance and idiots.,"He said it was proof that UKIP is no longer just a protest party and is broadening its appeal across the country, not just the south of England.",0,Attack,B,1,0,,
343,"The People's Army is on the march and UKIP will get Britain back from the Liblabcon, Establishment and MSM political abusers of our country.","Former TV Apprentice Katie Hopkins, from the new I Want a Referendum Party, claimed UKIP talked a lot, but did not deliver, and said her group was looking for cross-party support.",0,Attack,B,1,0,,
137,The reason why UKIP has gained so many votes is because the main parties refuse to deal with immigration and the EU.,"He also suggested that UKIP might get its first seats in the UK Parliament at the general election in 2015, and argued it was not just taking votes from the right wing of British politics.",1,Support,B,1,0,,
273,The only reason we are even having a sensible debate about Europe are UKIP.,"It is doing the country serious damage because there are large numbers of potential investors in the UK who would bring employment here, who are being warned off because of the uncertainty all of this is creating.",0,Attack,B,1,0,,
704,"UKIP specifically targets and stigmatises people from specific nations, mostly eastern Europeans, arguing these comments are ‚Äúfine‚Äù because they only represent national not racial stereotypes. They are being extremely racist with their political approach in a way that may be borderline legal, but definitely not okay.","Mr Dimitrov said UKIP leader Nigel Farage was usually very feeble in presenting solid arguments, suggesting he preferred to engage in propaganda which deviates markedly from the essence of the debate.",1,Support,B,0,1,,
2246,indeed walking at a fast pace has the same and probably more benefits than jogging,this could not be more far from the truth because running is more intense the general health benefits are higher within reason more pain is more gain,0,Attack,B,1,0,,
1753,i believe that the first chapters of genesis including the ancient history of the hebrew people should be understood within the context of covenant,you skewed whatever argument you were wishing to present by quoting from the cathoic catechism,0,Attack,B,1,0,,
834,A strong UKIP vote suggests there's a lot of the British public who aren't on board with the current set-up.,"Over three million jobs in this country, directly or indirectly, depend on us being in the EU, so that is a big choice.",0,Attack,B,1,0,,
1929, god created the world we did not evolve from monkeys its in the good book, the evolution that i believe in is not the kind you think,1,Support,B,0,1,,
2175,i apologise if i have offended you jason furthermore i must admit that i do not actually own a camel,apology accepted i kind of figured you did not,1,Support,B,0,1,,
2269,community is my favourite,not one of my favourites,0,Attack,B,1,0,,
1439,you continue to quote dishonest sources,the ncses response to id is that about  scientist dont believe in id and you shouldnt either,0,Attack,B,1,0,,
472,"UKIPs main issue has always been the EU, immigration has just been the bit that highlights what a failure the project has been.","UKIP, which has called for withdrawal from the European Union and greater restrictions on immigration, has seen improved poll ratings this year.",1,Support,B,0,1,,
74,I think it's far too simplistic to argue all UKIP supporters are racist - there is a real groundswell against the political establishment which over the past 20 years or so has started to converge in terms of image and policies.,Conservative voters instinctively know what the right thing is but unfortunately the Conservative Party doesn't so many dienchanted people ave been flocking to UKIP.,1,Support,B,0,1,,
2137,catholics have a different belief the goal is to always save both mother and child if the fetus dies during the attempt to save both then that is what happens for instance with an ectopic pregnancy the goal is not to kill he fetus the goal is to save both mother and fetus,you told me in an earlier post that the mother should die even if they predict the fetus will kill the mother your bible states otherwise,0,Attack,B,1,0,,
2280,hybrid electric vehicle,takes too long to charge,0,Attack,B,1,0,,
91,"The momentum is definitely with UKIP at the moment, hopefully that will continue with the up and coming by-elections.","And for supporters on the right, UKIP can claim to offer the real deal Conservative cordial, rather than what they see as the diluted squash of coalition.",1,Support,B,0,1,,
1943, i feel the need to distinguish between microevolution and macroevolution, yes i believe the theory of evolution is wrong as there are no scientific facts about that,1,Support,B,1,0,,
2169,they only need  of the legislature so they will probably get that but if it actually gets to the polls the conservatives took a big hit when they ran around screaming if gays get married society will collapse and we will all be doomed,this will be interesting i am keeping my fingers crossed,1,Support,B,0,1,,
2121,nobody refused to treat her the first hospital just flat out misdiagnosed her,they were not insured they could not get in for treatment without insurance both were preventable deaths,0,Attack,B,1,0,,
2573,animal kingdom is better than the town and winters bonei have just seen animal kingdom and wow what an awesome movie it was,animal kingdom is easily the best film ive seen this year and i see anything worth seeing and certainly one of my personal favourites,1,Support,B,0,1,,
241,"I agree with UKIP on the EU, but the rest of their policies are dangerous right wing bile.",Some have also suggested that UKIP may appeal to disaffected BNP voters.,1,Support,B,0,1,,
1592,most of those heavy gasses were filtered out of the atmosphere before life had even emerged and the atmosphere was changed to oxygen long before plants evolved,i had always been taught it was the plants,1,Support,B,1,0,,
1894,zingo he can be taught i know that there is no difference between those statements,aithiesm constitutes that nothing created the universe,0,Attack,B,0,1,,
2113,well at least your name is right on,your ignorance is showing concerning both history and anthropology,0,Attack,B,1,0,,
223,Cameron had it right and UKIP could tip the balance towards Labour in the crucial marginal seats in the GE where the battle will take place .,"UKIP is getting itself now into a position in some of the marginals where it is a serious contender to win seats in Parliament, and not just split them.",1,Support,B,0,1,,
508,"If UKIP want to retain these voters and attract more in a general election then they need to come up with policies other than ""leave the EU"" and ""its all the immigrants fault"".","The charge put by its deputy leader David Campbell Bannerman when he defected to the Conservatives in the wake of the May elections was that UKIP remained, at heart, a single issue pressure group.",1,Support,B,0,1,,
1143,design is recognized in the purposeful arrangement of parts storms  tornadoes hurricanes etc,im sorry but this argument of design is apparent not real always make me scratch my head in bewilderment,0,Attack,B,1,0,,
1254,ps including creationism as a n option and stopping hypnosis on students would bring up their iqs immediately if we include   creationism   we should include all the creationist stories,just when you think you have seen and heard it all the landons  eonic effect pops up again,1,Support,B,1,0,,
828,UKIP is a vessel through which a protest is being delivered. ,But there are signs UKIP is starting to pick up the sort of protest votes that traditionally go to the Liberal Democrats - as well as benefiting from a slump in support for the British National Party.,1,Support,B,0,1,,
2242,super mario kart it is one of the most fun games i have played in my life ,super mario brothers is by far the best in my opinion more levels more fun,0,Attack,B,1,0,,
29,Intellectually I rate Farage much higher than Cameron; he has a very sharp and quick wit and is an excellent public speaker.,"Natalie Bennett gave him a name check in her speech, dismissing Mr Farage as just waving a pint and a cigarette and grinning.",0,Attack,B,1,0,,
803,"In fact, all UKIP seems to talk about now is withdrawl from the EU without any genuine policy around UK's domestic economy.","It is also one which means people often dismiss it as a single issue party, unlikely to become a force in Westminster politics.",1,Support,B,0,1,,
2078,i have cited several pieces of evidence that prove you wrong you just wish to ignore them as you do everything that contridicts your belief,you have not proven anything all you have done is spew your same old which ignores what i actually say and reinterprets it to mean what you want it to say,0,Attack,B,1,0,,
973,first i believe that religion is manmade as are christ buddha mohammed et al,ask yourself this if the universe is expanding what happens when that expansion ceases my answer is that it cant be random,0,Attack,B,1,0,,
837,"UKIP will lead the UK to independence from the oppressive EU, which is the only chance Britain has at restoring its former glory.","In contrast, the Liberal Democrat's Bill Newton Dunn quit the Tories in protest at its increasing hostility to Europe.",0,Attack,B,1,0,,
2477,We should create a United Nations standing army,A United Nations standing army renders the United Nations a de facto state but without a territory or a population,0,Attack,B,0,1,,
701,"The sooner we are out of the EU, the sooner we can start making this country great again.",Lord Pearson said he hoped the results would increase pressure for a referendum on EU membership.,1,Support,B,0,1,,
783,It is because of UKIP that we are finally discussing the European question and about immigration and thank goodness for that.,"UKIP had increased its vote by 50% in the general election and had many exciting plans for the future, he said, but it was time for a younger leader to show how liberating and enriching life would be outside the EU, saying he was confident one would emerge.",1,Support,B,0,1,,
2033, evolution is still happening, sorry but this is not an opinion,1,Support,B,0,1,,
303,The current smear strategy against UKIP is not pulling people back but pushing them towards UKIP and if this carries on then things are going to be a lot tighter by the time the general election comes.,"There needs to be a clearer narrative on immigration, stressing not only the need to restrict numbers, but also to determine which individuals, with what skills, enter our country, as UKIP proposes.",1,Support,B,1,0,,
564,UKIP are not a single issue party anymore; UK Sovereignty is the crux of their party political platform but they've certainly expanded from that singular issue in recent years.,"The charge put by its deputy leader David Campbell Bannerman when he defected to the Conservatives in the wake of the May elections was that UKIP remained, at heart, a single issue pressure group.",0,Attack,B,0,1,,
567,UKIP and the Greens are the only parties to date that haven't screwed us all over.,"The Tory leadership is running scared of its backbenchers by offering to renegotiate the UK's relationship with Brussels, he said in the Observer.",1,Support,B,0,1,,
1376,just what if there is a creator  isnt science after truth  has science proven that there is no creator why is recognizing the possibility that there was intelligence behind the emergence of life a nonscientific idea  basically what you are saying is that if there was a creator or intelligence behind the emergence of life science will never be able to come up with the right answer rightso your whole premise for id being nonscientific is the unproven worldview of naturalismyou start off right from the get go with the assumption that there is no creator or any intelligence involved in the emergence of life and go and try and prove your idea with science,they simply want to show that there is good scientific evidence for considering the role of intelligence in the emergence of life,0,Attack,B,0,1,,
221,People are not voting for UKIP because of immigration propaganda but because of their direct experience of immigration.,"It is doing the country serious damage because there are large numbers of potential investors in the UK who would bring employment here, who are being warned off because of the uncertainty all of this is creating.",0,Attack,B,1,0,,
2263,should visited and joined be the same,no joined is the date a user registered to the website and visited is the date of hisher last visit do you think the names are not clear,0,Attack,B,1,0,,
2094,in the latter case that is because more fornicators are shacking up rather than getting married which is why there is fewer divorces if a state allows gay marriages their spirituality is in the toilet,good the less moronic spirituality in each state the better lets move out of the dark ages as fast as we can,0,Attack,B,0,1,,
665,UKIP and the Greens are the only parties to date that haven't screwed us all over.,UKIP say it proves their message is cutting through regularly.,1,Support,B,1,0,,
35,"I sense that Farage is a total megalomaniac, a charlatan, someone who is in it for the attention and the glory and that in a strange way, that many UKIP voters know this but don't seem to mind.",Marta Andreasen said Mr Farage had abjectly failed and should go.,1,Support,B,0,1,,
369,A vote for UKIP is a vote to leave the EU and recover power over our national life.,Farage acknowledged that the first past the post system would make it difficult for his party to win a seat at Westminster and this would leave UKIP with little influence.,0,Attack,B,0,1,,
1843,you say the bible is the only proof of creationism,actully uncomplext compunds bonded to geather to create chemicals and very very uncomplect cell fragments that then banded to geather with otherthings for survival and formed the first very simple cells that then became more complext,0,Attack,B,0,1,,
266,The more the 'mainstream' parties smear and lie about UKIP the more their support rises.,"UKIP recorded their best ever Westminster election performance and brought humiliation to the Conservative candidate, in the process triggering a debate within the party about how to deal with their rivals.",1,Support,B,1,0,,
1647,tell me have you ever read the origin of the species i have and i find it to be a pretty far stretch,many people claim that certain writings are the word of god,1,Support,B,0,1,,
614,"The problem with popularism but no substance, like UKIP represent, is that it just results in things getting worse and worse.","UKIP, which has called for withdrawal from the European Union and greater restrictions on immigration, has seen improved poll ratings this year.",0,Attack,B,0,1,,
454,UKIP will continue to grow as will the arrogance of the other parties.,"As the party celebrates its 20th anniversary with its annual conference on Friday, City spokesman Steven Woolfe said it had grown tremendously.",1,Support,B,1,0,,
411,"As far as immigration is concerned all Ukip want is a level playing field for non EU migrants and to control the numbers so, if anything, Ukip are too soft on immigration.","It is a simple, understandable message, which has led to the party gaining bigger shares of the votes in European elections.",1,Support,B,0,1,,
1556,its not that cut and dried,look at it like this,0,Attack,B,0,1,,
1687,usher got a bad rap,well once you accept the existence of an all powerful deity then anything is possible,1,Support,B,1,0,,
1984, i think you will find that there is a vast amount of evidence for evolution if you would care to look, being an atheist in a catholic school i can tell you that catholicism or christianity does not dispel the idea of evolution,1,Support,B,0,1,,
716,"UKIP's position is not reasonable, but racists and proto-fascist, considering they have nothing to say about the finance capital bombing of the economy, but to put all the blame for Europe's woes onto immigration.","There needs to be a clearer narrative on immigration, stressing not only the need to restrict numbers, but also to determine which individuals, with what skills, enter our country, he said.",0,Attack,B,0,1,,
283,"In fact, all UKIP seems to talk about now is withdrawl from the EU without any genuine policy around UK's domestic economy.",There's more to UKIP than our policy of wanting to withdraw from the European Union and we will show that.,0,Attack,B,1,0,,
1210,islandcontrary to modern and variant interpretations the anthropic principle was originally formalized by carter as an ideological statement against the dogmatic nonscientific prejudices that scientists commonly harbor that cause them to consciously deny anthropic relevance in the physics so they instead tend to be willfully ignorant of just enough pertinent facts to maintain an irrational cosmological bias that leads to absurd copernicanlike projections of mediocrity that contradict what is actually observed,carter points out that the coincidence found by bondi belonged to three classes the traditional kind  without use of the anthropic principle  those which only require the use of a weak anthropic principle and  those which require the invocation of an extended and hence rather more questionable strong anthropic principle,1,Support,B,0,1,,
1811,evolution really is true but as we all know the main reason of how we evolve is because of god our lord,that is where you are wrong,1,Support,B,1,0,,
1534,heres some links to actual passages something nick failed to provide as requested,debates like this do nothing more but cause problems for people who are trying to pursue legitimate alternatives to neodarwinian theory,0,Attack,B,1,0,,
448,"UKIP is not at all taking into account the financial effects of their only real policy, leaving the EU.","The charge put by its deputy leader David Campbell Bannerman when he defected to the Conservatives in the wake of the May elections was that UKIP remained, at heart, a single issue pressure group.",1,Support,B,0,1,,
8,Ukip are doing well for the very simple reason folk have at last realized that they are being lied to by LibLabCon and now have somewhere else to go.,She said she was absolutely ecstatic and the UKIP's performance showed that the coalition government was taking the country in the wrong direction.,1,Support,B,0,1,,
1261,paulunfortunately a review of the entire corpus of actual scientific journal articles reveals an inconvenient truth the socalled empirical scientific truths of intelligent design creationism seem to be entirely missing,to sneer at aynrandinstitute and ayn rands philosophy is to fail to address the growing primary reason why people are deciding god is not an explanation of anything,1,Support,B,1,0,,
2158,after all these years it still hurts,certainly it does,1,Support,B,0,1,,
2609,one million voters disagree with you what do you think they saw in this movie that you did not,yes completely agree i loved this film watched it twice on successive nights what a clever storyline and full marks to sam rockwell wonderful actor,1,Support,B,1,0,,
1271,according to its advocates the designer responsible for intelligent design in biology could be any sort of creative intelligence capable of engineering the basic elements of life,complexity is the more the norm than the exception,0,Attack,B,1,0,,
2014, i agree that it is slowly falling apart, you know a debate like this can be put up to get intelligent information exchange,1,Support,B,1,0,,
1563,to the  currently   voting   yes that raises six immediate questions i assume this means the sun was created first how many days did that take to even have a day how long did creating the rest of the universe take or if it took six whole days to create the earth would the creator have had time to create all the rest i mean some of these galaxies are awfully huge and with a lot of intricatekly moving interstellar dust and radiation that had to be started off precesly right to fool modern astronomers why did the creator go to all this trouble to conceal the evidence behind a massive coverup of radiological datings cosmic radiation and well essentially the entire findings of geology and astronomy as supported by chemistry and physics why create all the kinds of   animals   during these days and then conceal this astounding fact behind what to evolutionary biologists and paleontologists seem an amazingly consistent set of interlocking facts from genetics behaviour morphology biogeography extinctions speciations fossils records epidemiology and immunology that fits with life evolving according to rather well understood processes why were so much of this omitted from the bible i mean a few hints about geology to predict earthquakes or the germ theory of disease would have been rather handy to thwart the devils work and a description of relativity would have been impressive,as one commenter has already touched on,0,Attack,B,1,0,,
2518,We should negotiate with terrorists,No negotiation encourages the hunt for a bigger lever,1,Support,B,1,0,,
1810,evolution is basically common sense once you put down your bible and get out of the church,evolution really is true but as we all know the main reason of how we evolve is because of god our lord,1,Support,B,1,0,,
1972, i definitely think it has something to do with everything as there is quite a lot of evidence for it e, no scientist can give strong evidence to support evolution      your dishonesty and ignorance of science proves you are not fit to even ask the question,1,Support,B,1,0,,
691,UKIP will continue to grow as will the arrogance of the other parties.,The group suggest that within five years UKIP will have more members than the Tories at the current rate of attrition.,1,Support,B,0,1,,
1770,my point was not that genesis contradicted itself but that if you took it literally it contradicted itself,when there is clear and overwhelming proof that evolution is the process by which life has developed on earth it is painfully stupid to believe that the earth was created as it is now  years ago by a magical man in the sky,1,Support,B,1,0,,
300,"Arguably, UKIP & co. aspire to destroy the culture created in Europe after WWII, which has been based on openness, free travel, migration and cross-geographic access to goods and labour markets.",I am proud of being a UKIP candidate and very proud of the achievements of my daughter who represents the people of Witham in an exemplarily fashion.,0,Attack,B,0,1,,
2499,I support the truth and reconciliation commission,The South African reconciliation commission has proven itself to be ineffective,0,Attack,B,1,0,,
2389,the best way to protect Scottish interests in the EU is to vote for independence,An independent Scotland would avoid having a referendum on EU membership,1,Support,B,0,1,,
1204,we must be prepared to take account  of the fact that our location in the universe is necessarily privileged to the extent of being compatible with our existence as observersand even that formulation has been taken apart by rudolf haller in his book nonexistence and predicationunderstanding is the first step towards formulating a workable hypothesis and popularization thereof,science of course has tested the principle even though for a long time it stood as an assumption,1,Support,B,1,0,,
15,The Tories should be running scared of UKIP.,"The campaign was dominated by a war of words between the Conservatives and the UK Independence Party, which senior Tories fear will take a significant chunk of their votes.",1,Support,B,0,1,,
80,"If you think that the Tories are nasty, heaven help us if UKIP get in because they would be nastier, more cruel, and more bigoted.",A UKIP candidate in Somerset was suspended from the party on Tuesday after a photo of him apparently making a Nazi-style salute appeared on his Facebook page.,1,Support,B,0,1,,
1392,i never said anything about einsteins religious convictions,and seeing that pvm doesnt care about the truth why is he a scientiston the contrary i have been asking you several times now how does id explains the bacterial flagella,0,Attack,B,1,0,,
1335,well isnt that what the whole debate here is about,tjagain you may have faith that methodological materialism will solve all of these problems in the distant future,0,Attack,B,1,0,,
687,UKIP language tends to portray the real experiences of UKIP people not the politically correct fantasy construct that too many people on here seem comfortable with.,"UKIP appears to have struck a chord with many voters on the issue of immigration, campaigning against the relaxation of working restrictions on Bulgarians and Romanians due to come into force in January.",1,Support,B,0,1,,
2359,electric vehicles,lovely they do not smell,1,Support,B,0,1,,
410,"I and many others will be voting UKIP not because of a handful of people that have said stupid things, it will be because I identify and agree with their overarching principles.","Asked if this meant he was calling UKIP racist, he replied of course it is racist, of course, who doubts that?",0,Attack,B,1,0,,
1826,us evolving from chimpanzees yes it is chimps that we share the most dna with not apes and not monkeys is merely an idea just because their dna is so similar to ours,correct the only way that either side could be proven is wether or not we can prove or disprove god,0,Attack,B,1,0,,
1874,then why is the top of mt everest covered in fossilized clamsbecause nearly all mountains used to be ancient sea floor genius,evolution has been proven many times,1,Support,B,1,0,,
46,"The momentum is definitely with UKIP at the moment, hopefully that will continue with the up and coming by-elections.",Mr Farron said he was expecting it to be a tough fight but said UKIP was determined to win.,1,Support,B,0,1,,
2302,yes i never thought of that but that is a brilliant question and so true when you are part of a big family you should have a say in things that affect you ,this may be a first step in losing cultural individuality,0,Attack,B,1,0,,
2015, you know a debate like this can be put up to get intelligent information exchange, yes if what you are saying is true then im for it,1,Support,B,0,1,,
979,i dont really care  ,currently   science   feels its accelerating,1,Support,B,1,0,,
703,Plenty of survey's have shown UKIP to be the most hated of the main parties.,UKIP says it is campaigning on a pro democracy message - aiming to rejuvenate local politics.,0,Attack,B,1,0,,
2469,We should promote democratisation,Promoting democracy too often verges towards imperialism,0,Attack,B,0,1,,
895,openmindedness toward creationism is important,attempts to conceal the creationismevolution controversy from students are dogmatic promotions of evolution,1,Support,B,0,1,,
2161,here in new hampshire not known as a bastion of liberalism civil unions passed the state legislature this year i am now covered under my partners state sponsored he is a state worker health insurance we are grateful,oh i hear you i am covered by my partners insurance here as well i would not have been able to get the insurance if we were not legally a union,1,Support,B,0,1,,
694,UKIP are the political manifestation of the local pub bore.,"UKIP recorded their best ever Westminster election performance and brought humiliation to the Conservative candidate, in the process triggering a debate within the party about how to deal with their rivals.",0,Attack,B,1,0,,
388,For what its worth I think UKIP is a one trick pony and is unelectable in a general election.,"When a political party goes from being very small to being medium-sized or big, it's rather like growing up, Farage said, but we have expanded our policies far beyond the EU.",0,Attack,B,1,0,,
563,"The sooner we are out of the EU, the sooner we can start making this country great again.",Former Europe Minister Denis MacShane said the EU was Britain's biggest trading partner.,0,Attack,B,1,0,,
2396,We should ban religious symbols in public buildings,Religious symbols cause problems in schools,1,Support,B,0,1,,
148,UKIP are in no way a single issue party and if Labour or the Conservatives were to give us a referendum UKIP would still have a full manifesto that would attract many voters.,"UK Independence Party leader Nigel Farage has launched his party's local election manifesto, saying it is far more than just a call for a referndum.",1,Support,B,0,1,,
2592,movies should be fun entertaining this movie is not waste of my time,actually i thought it was very uplifting whenever there is life and hope its no longer depressing,0,Attack,B,0,1,,
23,"UKIP are a two trick pony, Europe and immigration that's it.","UKIP is branching out on its policy focus, currently focusing its local election campaign on fat cat executives who are currently directing cuts at vital front line services while protecting trendy non-jobs.",0,Attack,B,1,0,,
634,UKIP is a vessel through which a protest is being delivered. ,But as one UKIP member said to me - if this is a protest vote it's a bloody big protest.,0,Attack,B,0,1,,
155,"I would say it's the anti-ukip brigade who have no substance to their argument (or facts), they simply shout ""racist"" with nothing to substantiate this slur, or become crude and insulting.","Former deputy leader David Campbell Bannerman defected to the Tories soon after, expressing concerns about UKIP's direction, drifting further to the right.",0,Attack,B,1,0,,
2135,i believe abortion is a crime against humanity and should be outlawed,i think the same about religion why should you get your way and tryannise women and i not get mine,0,Attack,B,0,1,,
290,People are not voting for UKIP because of immigration propaganda but because of their direct experience of immigration.,I am very confident UKIP is going to get a bigger percentage share of the vote than anybody can yet quite believe here in the Westminster village.,1,Support,B,0,1,,
711,UKIP's proposals on membership in the EU and migrants are at best purely demagogic: they do not take into account facts and more general issues.,"Foreign Secretary William Hague has meanwhile ruled out an electoral pact with UKIP, after a BBC poll suggested nearly 25% of Conservative councillors were in favour of such a deal.",1,Support,B,0,1,,
27,Big business will not support UKIP given the devastation that withdrawal from the EU would cause.,We cannot have any control over who comes to Britain while we are members of the EU.,0,Attack,B,1,0,,
2635,this film is easily one of the best movies ive ever seen yes it is pretty easy to guess the ending but it still wasnt ruined by that fact it is a work of art it is rewatchable,i didnt watch the last  minutes the movie was giving me a headache,0,Attack,B,1,0,,
2634,once you know all the in and outs or all the magic tricks of the movie i dosnt seem as good,same here i watched it nearly a decade after i had originally seen it and reached the same conclusion you did,1,Support,B,0,1,,
2383,app based to do list is the way to go you can synchronise your lists on all your devices and have them everywhere you go ,i agree additionally mind maps can serve as a to do list and it might be hard to create and update it on paper,1,Support,B,0,1,,
2348,absolutely everybody knows about foursquare but nobody remembers gowalla they offered identical features and also launched on the same day same conference,nice example,1,Support,B,0,1,,
1209,quite well i am sure,islandcontrary to modern and variant interpretations the anthropic principle was originally formalized by carter as an ideological statement against the dogmatic nonscientific prejudices that scientists commonly harbor that cause them to consciously deny anthropic relevance in the physics so they instead tend to be willfully ignorant of just enough pertinent facts to maintain an irrational cosmological bias that leads to absurd copernicanlike projections of mediocrity that contradict what is actually observed,1,Support,B,0,1,,
2322,usually the best city in every country is the capital so i would go for madrid ,i would love to go there as well,1,Support,B,1,0,,
209,The only reason we are even having a sensible debate about Europe are UKIP.,"Isolating Britain and damaging Britain's reputation is not the right history to write, he said.",0,Attack,B,1,0,,
2513,I believe that opinion polls harm the democratic process,Citizens should be respected for their opinions,0,Attack,B,0,1,,
752,People are not voting for UKIP because of immigration propaganda but because of their direct experience of immigration.,Sir Menzies Campbell suggested the government was worried about a political backlash amid public concerns about immigration levels in general.,1,Support,B,0,1,,
949,and as with all scientific inferences further research can either confirm or refute that inference,as i said earlier experience demonstrates that it matters a great deal to an investigation whether or not that which is being investigated occurred via agency involvement or by nature operating freely,0,Attack,B,0,1,,
1399,why dont we   add   those inand believe me those commandments werent invented at that time,why dont you tell meare they needed to for   health   and safety of the country,0,Attack,B,1,0,,
844,UKIP are a joke outfit full of small-minded Neanderthals who think the 1950s are the future.,"UKIP are certainly trying to professionalise, to move away from its more amateurish origins, but they seem to fail to do so.",1,Support,B,0,1,,
2502,The International Criminal Court should be recognised,The deterrent effect of the Court ensures widespread and equal adherence to international law,1,Support,B,0,1,,
1918, you dont have to believe anything, the evidence has it,1,Support,B,0,1,,
1551,they too present some very compelling evidence to their side of this one,only someone who does not beleive in god would have to ask how the world was created in six days,0,Attack,B,1,0,,
1665,i have found that most web sights about religion and   evolution   are bunk and are promoted by an agenda not open to reason,why does any one think god is limited to time,0,Attack,B,1,0,,
1565,the bible is the most published and most wide spread book of all times,people tend to focus on the trees,0,Attack,B,0,1,,
743,UKIP are in no way a single issue party and if Labour or the Conservatives were to give us a referendum UKIP would still have a full manifesto that would attract many voters.,"The charge put by its deputy leader David Campbell Bannerman when he defected to the Conservatives in the wake of the May elections was that UKIP remained, at heart, a single issue pressure group.",0,Attack,B,1,0,,
443,Beyond leaving the EU and migration what policies do ukip have?,"I fear that on climate change and energy policy, UKIP have nothing to offer.",1,Support,B,0,1,,
496,UKIP doesn't need to win power to force the changes people want.,"He proposes a pact, in which the Conservatives would promise a referendum after 2015 and in return UKIP would not stand against Tory candidates.",1,Support,B,0,1,,
543,"UKIP's position is not reasonable, but racists and proto-fascist, considering they have nothing to say about the finance capital bombing of the economy, but to put all the blame for Europe's woes onto immigration.","Mr Cameron also said he did not think it would be right for Britain - or in the national interest - to leave the EU entirely, pointing out that some 50% of nation's trade was with the EU.",1,Support,B,1,0,,
2448,The voting age should be lowered to sixteen years,Voting at a lower age would increase participation,1,Support,B,0,1,,
792,"Ukip has British values, wants to get British industry kick started back to the fore front again, become more self-sufficient.",The committee said the EU had helped to transform Europe from a continent of war to a continent of peace.,0,Attack,B,1,0,,
1347,so tj you seem to have made quite a few foolish arguments how familiar are you with augustinetj  well i know that he believed the earth was created instantaneously not progressively and was according to scripture less than  years old,i will address the post by americans united for separation of church and state here and then address the question of constitutionality in another post,1,Support,B,1,0,,
2471,We should create a United Nations standing army,A United Nations Standing Army would solve the problem of American military hegemony,1,Support,B,0,1,,
2423,European Parliament elections should involve only one voting district all of Europe and not separate country seats,One person one vote that will count in exactly the same way as everyone elses,1,Support,B,0,1,,
2651,oh no ive seen the whole movie multiple times definitely a film i wont get tired of any time soon,yeah this is a definite rewatchable film really heavy but never boring and i for one would love to know the answer to arthur burns last question,1,Support,B,0,1,,
721,UKIP do have more than Nigel Farage able to deal with media interviews.,But it has been criticised for relying too heavily on leader Nigel Farage to promote its policies.,0,Attack,B,1,0,,
1004,as much as i might believe that there is some sort of creator and that a creation occurred you cannot justifiably intermingle science and religion,id has no merit except as a religious idea,1,Support,B,0,1,,
1726,by supporting the idea that the bible stands or falls on a  day creation you have proven dr,dr,1,Support,B,0,1,,
1865,ok,evolution has basically been proven there is no evidence for the biblical story common claims made by evolutionists,0,Attack,B,0,1,,
2561,Governments should be allowed to disrupt Internet service on grounds of national security,The internet is a threat to public safety,1,Support,B,0,1,,
802,"If we leave the EU we will save billions of pounds which can then be invested in our ailing national infrastructure, notably the NHS.",The committee said the EU had helped to transform Europe from a continent of war to a continent of peace.,0,Attack,B,1,0,,
1288,because i hate to break it to you but   christians   believe that the world is round so does that mean you disagreebut is a round earth inherently a christian positionalso pagans believe that the earth is round as well,i recommend this bookgod in the foxhole by charles sasser not that youll read it but hey its worth a try,0,Attack,B,0,1,,
582,A strong UKIP vote suggests there's a lot of the British public who aren't on board with the current set-up.,"He said the UK should quit the EU, with the referendum being moved forward.",1,Support,B,0,1,,
1266,science is testable,if intelligent design says nothing about the supposed designer then of what value is it if the designer created life millions or billions of years ago what was his purpose in doing so what iswas the designer like did the designer give specific instructions to his creations as most religions teach the id promoters delibrately leave such questions unanswered in their official pronouncements about id,1,Support,B,0,1,,
817,People are not voting for UKIP because of immigration propaganda but because of their direct experience of immigration.,"It is not just about UKIP it's that the British people are as interested and concerned about Europe, as they are about the economy, as they are about immigration.",1,Support,B,0,1,,
636,Plenty of survey's have shown UKIP to be the most hated of the main parties.,The group suggest that within five years UKIP will have more members than the Tories at the current rate of attrition.,0,Attack,B,1,0,,
2458,All nations have a right to nuclear weapons,The right of selfdefence must be exercised in accordance with international law,0,Attack,B,1,0,,
1784,i agree totally with what you said cerin,the theory behind evolution is not that an organism evolves during its lifetime but that the species evolves over thousands if not millions of years or generations,0,Attack,B,0,1,,
1712,i am a strong believer in the authority and inspiration of the word of god,the fact that we do not know i believe only gives more power to godyes  our ignorance proves that there is a god  or maybe not,0,Attack,B,0,1,,
2100,i also think it is noteworthy that the pro life movement is really making a difference if anything to hit the polls in elections and send the message that we are tired of a cheap view of life in this nation,funny did not hear them complaining about the iraqis dying in the street also they did not seem to mind that the abortion rate which was declining under clinton has been rising under bush,0,Attack,B,1,0,,
1713,the fact that we do not know i believe only gives more power to godyes  our ignorance proves that there is a god  or maybe not,imagine you found a grain of rice and you wanted to measure its length,1,Support,B,0,1,,
951,we dont know but we do know a designer wasnt involved,pvm the quotewe dont know but we do know a designer wasnt involved,0,Attack,B,0,1,,
1722,the young earth creationist dogma demands that the obvious features of the earths geology can not exist,you didnt read this  creation ex nihilo and the earth  did you,0,Attack,B,1,0,,
322,The momentum is with UKIP; Conservative areas are all now vulnerable to them. ,"Peter Kellner, president of survey organisation YouGov, said he expects UKIP to worry the Tories by potentially wrecking their chances of winning an overall majority.",1,Support,B,0,1,,
232,Intellectually I rate Farage much higher than Cameron; he has a very sharp and quick wit and is an excellent public speaker.,"General elections, however, with their first-past-the-post voting systems, have been a very different story and Farage has failed to make the breakthrough he has been hoping for.",0,Attack,B,1,0,,
60,"I and many others will be voting UKIP not because of a handful of people that have said stupid things, it will be because I identify and agree with their overarching principles.","I think that it's a misjudgement frankly to equate the leadership of a party which is part of government with a protest group, particularly a protest group which frankly is more about immigration than it is about Europe.",0,Attack,B,1,0,,
1802,fact shmakt,yes everyone evolves as everyone endures mutations,0,Attack,B,0,1,,
2141,i would never hurt a child i would much prefer to torture gun owners,so now you are freely and willingly admitting that youd take pleasure in inflicting pain and suffering on innocent people who have never done anything to you,0,Attack,B,1,0,,
2091,said like a cruel evil person who has no concern for his fellow man,said like a lazy ignorant person who would rather i have off the sweat of others than go out and earn for himself,0,Attack,B,1,0,,
2009, evidence indicating intelligent design is abundant and overwhelming, granted creationism is not provable through the use of the scientific method,1,Support,B,1,0,,
1607,read romans chapter ,you cant use the bible to prove the bible thus that is an invalid argument,0,Attack,B,1,0,,
1734,if scientific inquiry has shown conclusively that genesis is at best allegorical then christians should reconsider beliefs that presume a historical interpretation of eden,doctrines such as original sin substitutionary atonement and the trinity are very well described in the bible,0,Attack,B,1,0,,
1516,whats a darwinist can someone who says that the other side is mishandling terms really afford to label someone as darwinist i neither worship darwin nor accept his writings as absolute truth,luskin quotesmay not the principle of uniformity then be used in a broader frame of consideration to suggest that dna had an intelligent cause at the beginningthis would seem to be the usual trick of origins science  an attempt to claim that abiogenesis is impossible,1,Support,B,1,0,,
1739,  science   always wants to separate that messy first cell from   evolution   theory,you said tentacles could become legs,0,Attack,B,1,0,,
61,"In UKIP, we have a new political force which looks likely to poll very well in a national election.",But it has been criticised for relying too heavily on leader Nigel Farage to promote its policies.,0,Attack,B,1,0,,
2084,so we all deserve to be tortured for ever for beleiving in evolution,tortured you shut your mouth if you are not a christian then yes i will pray for you,0,Attack,B,1,0,,
433,"I don't necessarily think Nigel Farage is worthy of PM, I think they need a new leader.","Mr Dimitrov said UKIP leader Nigel Farage was usually very feeble in presenting solid arguments, suggesting he preferred to engage in propaganda which deviates markedly from the essence of the debate.",1,Support,B,0,1,,
2533,We should allow voting at 16 in European Parliament elections,The voting age should be the same across the Union,1,Support,B,0,1,,
1014,theism is a belief in gods,forgot that atheism isnt a religion and if i say otherwise people will apologetically insist im wrong,0,Attack,B,0,1,,
555,It's a protest vote because (most) people know that UKIP will never net in power.,He argued that his party was on a journey from a party of protest to a party of government.,0,Attack,B,1,0,,
1174,actually the construction of the cell rather suggests chance,jaythat means that anyone who dares speak of purpose or design within science or when discussing scientific evidence ceases to be a scientist,1,Support,B,0,1,,
417,"If you think that the Tories are nasty, heaven help us if UKIP get in because they would be nastier, more cruel, and more bigoted.","The penny is beginning to drop with the British people and British businesses that we are no longer a self-governing nation, and UKIP are here to remedy this.",0,Attack,B,1,0,,
370,Labour won't have anything to do with UKIP as they are more right-wing than the Tories. ,"His fellow MEP and leadership candidate Gerard Batten, campaigning in a bright pink UKIP blazer, said he wanted to make the party more radical.",1,Support,B,1,0,,
2214,they did way back when the us did too,and way back when they were legally able to defend themselves to,1,Support,B,0,1,,
1208,while i am quite happy with pwning  of the three statements you made i am certainly willing to look at your final claim which references a statement by richard ryals,quite well i am sure,1,Support,B,0,1,,
1338,tji agree with you though that darwinism does not automatically lead a person to atheism,tjthe dover verdict was a farce,1,Support,B,0,1,,
464,"I think Farage makes a much better leader than any of the other parties, he's full of enthusiasm and is not a PR man like the current leaders of the 3 main parties.","Mr Dimitrov said UKIP leader Nigel Farage was usually very feeble in presenting solid arguments, suggesting he preferred to engage in propaganda which deviates markedly from the essence of the debate.",0,Attack,B,1,0,,
1718,you get a gold star there has to be a first cause and within chaos theory there is a possibility of artificial intelligence but self awareness that is the real problem,since when speaking to one of the other posters did chance become a word to bias any argument against   evolution    doesnt make sense unless the poster is reading into something that probably isnt inferred and possibly feels an affront to his or her sensibilities,1,Support,B,1,0,,
245,"I and many others will be voting UKIP not because of a handful of people that have said stupid things, it will be because I identify and agree with their overarching principles.",There have been repeated attempts through the early years of the party to smear UKIP but nobody in the British press believes it any more.,1,Support,B,0,1,,
192,It is because of UKIP that we are finally discussing the European question and about immigration and thank goodness for that.,UKIP's fortunes have improved and it recorded its best performance in a parliamentary by-election in Rotherham in December.,1,Support,B,0,1,,
2309,nuclear energy is the most efficient once all potential hazards are eliminated,there is no good way to handle the waste created in the process,0,Attack,B,1,0,,
1994, evolution is correct, people who believe that god created the earth keep saying that they got this from the bible,1,Support,B,0,1,,
782,UKIP doesn't need to win power to force the changes people want.,I can categorically rule out any form of electoral pact with UKIP or anyone else.,0,Attack,B,1,0,,
1452,or that evolution is a process involving randomness and natural selection,or that evolution is a process involving randomness and natural selection,1,Support,B,0,1,,
1113,in fact behes claim is either tautological or it is wrong,in fact behes claim is either tautological or it is wrong,0,Attack,B,0,1,,
1503,in pandas we read creation means that the various forms of life began abruptly through the agency of an intelligent creator with their distinctive features already intact,   httpwww,0,Attack,B,0,1,,
673,"If we leave the EU we will save billions of pounds which can then be invested in our ailing national infrastructure, notably the NHS.",Former Europe Minister Denis MacShane said the EU was Britain's biggest trading partner.,0,Attack,B,1,0,,
1871,the bacteria mutated,i think you have some misconceptions about what evolution actually is,0,Attack,B,1,0,,
1895,aithiesm constitutes that nothing created the universe, god does exist he created evolution,0,Attack,B,1,0,,
1681,why should we just stop  why not keep trying to understand the universe  i could never imagine being satisfied with a god did it,there are some things human beings were not meant to understand because the god who created this universe is a being who is greater than all of his creation,0,Attack,B,1,0,,
2312,i believe a phd is still not really required if you aim a position in the corporate world you should only do a phd if you aim at a career at a univeristy,i disagree with that most of the phd students pursue a career in industry after they finish i read somewhere that only a small percentage of phd students stay,0,Attack,B,1,0,,
1537,there are two and they are fundamentally different,six days on gods terms not mans terms,0,Attack,B,0,1,,
1012,i really have to give the antiiders credit you have a lot of faith,while in science you cannot prove or falsify the existence of god and id doesnt change that i agree that when it comes to blind faith dawkins and pz myers are guilty of the same thing,1,Support,B,0,1,,
166,I think it's far too simplistic to argue all UKIP supporters are racist - there is a real groundswell against the political establishment which over the past 20 years or so has started to converge in terms of image and policies.,"On this, and many other matters, UKIP's views chime with mine and I am delighted to join the party which is fast becoming a real force in British politics.",1,Support,B,0,1,,
810,"UKIP are a two trick pony, Europe and immigration that's it.","UKIP are certainly trying to professionalise, to move away from its more amateurish origins.",0,Attack,B,1,0,,
1220,you gave  claims of intelligent design intelligent agents sometimes leave traces of their activity behind like fingerprints on evidence,also christians concerned about science,0,Attack,B,0,1,,
1899, none of the things that people put forward as evidence of a god are evidence for a specific religion, theres no rational reason to accept creationism its simply empty claims with no evidence it has no predictive powers it cannot explain what we see in nature and it introduces a level of complexity with no explanation requiring mindless faith,1,Support,B,1,0,,
20,A forensic examination of UKIP's policies would nail once and for all the Establishment lie that they're a bunch of swivel-eyed racists.,"Asked whether some UKIP members were closet racists, he added that the truth is some UKIP members are.",0,Attack,B,1,0,,
2447,The voting age should be lowered to sixteen years,No taxation without representation,1,Support,B,0,1,,
73,"In fact, all UKIP seems to talk about now is withdrawl from the EU without any genuine policy around UK's domestic economy.","UKIP has reached unprecedented heights in the opinion polls under Mr Farage, prospering in May's local elections.",0,Attack,B,0,1,,
193,"The UKIP party is a populist party at the right end of the spectrum, which exploits people's fears of the foreign and unknown.","Then there is UKIP's founder Alan Sked, who wrote to the The Times to say that UKIP has been fooling its voters and members for far too long.",1,Support,B,0,1,,
678,"Ukip has British values, wants to get British industry kick started back to the fore front again, become more self-sufficient.","Over three million jobs in this country, directly or indirectly, depend on us being in the EU, so that is a big choice.",0,Attack,B,1,0,,
1025,the response to my comment id contradicts itself is a series of peculiarly unclear assertions,guided by a larger force,0,Attack,B,0,1,,
854,"Ukip has British values, wants to get British industry kick started back to the fore front again, become more self-sufficient.","That said, Lord Davies told peers the bill was an excellent idea, because he was quite confident that any such inquiry would decide that the benefits of EU membership outweigh the costs.",0,Attack,B,1,0,,
2022, people like you should be banned from this website, there is positive evidence against macroevolution,0,Attack,B,0,1,,
932,highlanderpvm seems unaware randomness and design are mutually exclusive concepts,naming two well known id proponents does not a citation make to support pvms twisted version of id arguments,0,Attack,B,1,0,,
1963, evolution is completely true darwin hit the nail right on the head when he defined the theory of evolution and the survival of the fittest understanding, evolution is simply the genetic change in populations of organisms over successive generations,1,Support,B,0,1,,
971,i recently read that after careful study the backwards wiring is essential,if you are going to comment on something in   science   you need to back it up with actual data,0,Attack,B,1,0,,
2305,yes they already have their own strong currency they can make it on their own plus they always come last at the eurovision song contest,the eu is not just about currency it is also about being able to travel without a visa and other economic factors,0,Attack,B,1,0,,
2315,great i loved him a fantastic actor,indeed he was amazing,1,Support,B,0,1,,
1410,tjopen debate is all we are asking for,some places do seem more open to honest debate over evolution rather than just trying to brainwash kids,0,Attack,B,0,1,,
829,I think it's far too simplistic to argue all UKIP supporters are racist - there is a real groundswell against the political establishment which over the past 20 years or so has started to converge in terms of image and policies.,"UKIP appears to have struck a chord with many voters on the issue of immigration, campaigning against the relaxation of working restrictions on Bulgarians and Romanians due to come into force in January.",1,Support,B,0,1,,
1884,evolution has actually never been observed,your definition of faith is atheistic it actually denotes the essence of the term foolish,1,Support,B,1,0,,
1867,ok,wow,1,Support,B,0,1,,
98,"The country faces more than two big issues, which is where Ukip come apart at the seams in an incoherent bunch of right wing horse shit from whatever Think Tank came along at the time.","UKIP has reached unprecedented heights in the opinion polls under Mr Farage, prospering in May's local elections.",0,Attack,B,1,0,,
1095,if biology leads to new design if it is viewed in that contextand it never has and never will,and it never has and never will,0,Attack,B,0,1,,
44,"I sense that Farage is a total megalomaniac, a charlatan, someone who is in it for the attention and the glory and that in a strange way, that many UKIP voters know this but don't seem to mind.",Nigel Farage understood people want us to do even more for hard-working people.,0,Attack,B,1,0,,
161,"UKIP are just trying to stir up fear, using peoples fears and prejudice to gain votes so that they can get their snouts into the trough.","We can only stir it up because it is already there, red hot and seething against us.",0,Attack,B,1,0,,
2083,this seems to conflict with some of your earlier posts wherein you support terrorists,you show me the post where i said i thought terrorists killing children was a good idea and i will eat my keyboard,0,Attack,B,1,0,,
1386,i guess this means that what id proponents say about id is irrelevant even though said proponents are the ones who started idfascinating indeed,as for scientific evidence for id start with the genetic code,1,Support,B,1,0,,
584,"The problem with popularism but no substance, like UKIP represent, is that it just results in things getting worse and worse.","The responsibility of politicians in this situation when people are getting anxious is to try to reassure them and give the facts, not panic and resort to populist measures that do harm.",1,Support,B,1,0,,
1474,i do not wish to begin to defend the di as i am not familiar enough with their theory,i am glad that someone is trying to oppose the paradigm of undirected chancenonintelligent necessity,0,Attack,B,0,1,,
918,island statesyou pretend like the appearance doesnt beg a real scientific question because you are overreacting to your perceived motivation of idists but not because you are thinking like an honest scientist would,you are missing the point the ad hominem is not that i did not understand your argument i can see why given your limited exposure to id you may have come to that conclusion,1,Support,B,1,0,,
1689,aig decries scientists for making unproven assumptions while making many of their own,you are ignoring centuries of good scholarship including that in the last century specifically engaging the arguments of historical criticism and socalled higher reasoning,1,Support,B,0,1,,
692,If anyone seriously thinks that UKIP will offer some kind of answer to our current problems then I think that they are going to be sadly disappointed.,"Mr Wheeler, who has criticised David Cameron's attitude to the EU, said UKIP's success was vital.",0,Attack,B,1,0,,
2480,We should use torture to obtain information from suspected terrorists,Terrorist organisations such as Al Qaida do not respect the rights of individuals and the only way to fight fire is with fire,1,Support,B,0,1,,
2182,you are right unless some people find their backbones and since it does not look like that is going to happen i guess the rest of us better grow an extra one,got your back,1,Support,B,0,1,,
272,UKIP are a joke outfit full of small-minded Neanderthals who think the 1950s are the future.,"We have really connected with voters in this constituency, Farage told the BBC.",0,Attack,B,1,0,,
753,"Ukip has British values, wants to get British industry kick started back to the fore front again, become more self-sufficient.","Deputy Prime Minister Nick Clegg, whose Liberal Democrats oppose a referendum, said leaving altogether would make us less safe because we co-operate in the European Union to go after criminal gangs that cross borders.",0,Attack,B,1,0,,
2531,US intervention in Libya lacking congressional approval was illegal,Congress was appropriately and openly consulted,0,Attack,B,1,0,,
2250,i would suggest just buying a tablet either an ipad or any android tablet no need to pay the cost of a laptop,some tablets are more expensive than laptops so i propose to buy a laptop or a netbook,0,Attack,B,1,0,,
2661,after all the attention and awards etc and an imdb rating of  i was so shocked to finally see this film and have it be so bad,i agree did not like this either in fact i stopped watching once waltz was killed because i just didnt care anymore,1,Support,B,0,1,,
1051,id simply predicted that the appendix would have a function,if it cannot make predictions then it is not a viable theory,0,Attack,B,1,0,,
839,UKIP getting a large chunk of the vote in the EU elections sends a message to Europe that they cannot take the UK membership for granted.,Mr Farage also insisted he believes his party can win May's European elections.,1,Support,B,1,0,,
2325,you can always check booking dot com it is always a safe choice i have been using it for several years now,indeed booking dot com is the best choice,1,Support,B,0,1,,
373,The Greens offer much more of an alternative to the big parties than UKIP ever will,"And yet all the opinion polls and recent by-elections suggest that it is UKIP that is poised to pick up the protest vote, not the Greens.",0,Attack,B,1,0,,
1053,there was much that darwin did not know at that time that we now know and his original theory has since been supplanted by more modern versions of his theory,yet it demonstrated a radical   change   over the comparatively short span of twenty years,1,Support,B,1,0,,
2027, i didnt see it so it cant be true, i have repeatedly asked for proof on this site and have yet to be supplied with any real proof,1,Support,B,0,1,,
842,UKIP want to get us out of the EU to make the British people much worse off then they already are.,"In their leaflets, UKIP says that 29 million Bulgarian and Romanians will have the right to live, work and draw benefits in the UK and while many will be fine, hard-working people, suggests the country may struggle to cope with another influx of people needing jobs, housing schools, hospitals and benefits.",0,Attack,B,0,1,,
430,UKIP's sole aim at the general election is to get a smallish number of MPs elected but enough to hold the balance of power and do a deal with the Tories.,A ComRes survey for BBC One's Sunday Politics found 22% of Tory local councillors supported a pact with the UKIP.,1,Support,B,0,1,,
162,"UKIP are just another bunch of freeloaders, using peoples fears and prejudice to gain votes so that they can get their snouts into the trough.","The Green Party, so often the fourth contender in local election races, now faces a very serious rival for that spot in UKIP.",0,Attack,B,0,1,,
1060, jay intelligent design id has scientific merit in paleontology because in many instances it can be applied to the fossil record to detect where design has occurred in the history of life by finding the rapid introduction of large amounts of complex and specified information csi,since we proposed punctuated equilibria to explain trends it is infuriating to be quoted again and again by creationists  whether through design or stupidity i do not know  as admitting that the fossil record includes no transitional forms,1,Support,B,1,0,,
882, evolution is unobserved it is an unproven theory  the term evolution can describe a number of things some of which are directly observable while others are not,the theory of evolution is not falsifiable,1,Support,B,0,1,,
2051,i read it in the text,well as we can see from other recent posts your reading comprehension is below high school level,0,Attack,B,1,0,,
2125,the medical establishment has convinced people that we are what we are because what our genes say we are,which is why the medical establishment endorses smoking drinking heavily and a fatty diet with no excercise because they believe we are predestined by our genes right why do you persist with these blatant lies,0,Attack,B,0,1,,
2177,did a famous gangster not once escape from jail using a gun he carved from soap maybe oz should ban bars of soap,yea that was uncle john,1,Support,B,0,1,,
1354,forrest who has written a history of id was an expert witness in the dover case and her piece recounts the various personal attacks and snide comments she had to endure during the trial,he was a judge,1,Support,B,1,0,,
7,"I would say it's the anti-ukip brigade who have no substance to their argument (or facts), they simply shout ""racist"" with nothing to substantiate this slur, or become crude and insulting.","Mr Cameron once described UKIP as a party of fruitcakes, loonies and closet racists.",0,Attack,B,0,1,,
2407,I prefer trade to aid,Systemic aid is detrimental to African society,1,Support,B,0,1,,
306,"I don't think most people realise the benefits of free trade at all, and UKIP capitalise on peoples ignorance of the benefits of free trade as much as they can.","Speaking ahead of the party's annual conference, he said UKIP would become the third force in British politics and top the poll at the European elections in 2014.",0,Attack,B,0,1,,
710,"The problem with popularism but no substance, like UKIP represent, is that it just results in things getting worse and worse.",UKIP says it is campaigning on a pro democracy message - aiming to rejuvenate local politics.,0,Attack,B,1,0,,
1758,the history of the bible including its compilation by the early church is quite well known,i didnt realize how crazy some people were,1,Support,B,0,1,,
702,"I think Farage makes a much better leader than any of the other parties, he's full of enthusiasm and is not a PR man like the current leaders of the 3 main parties.","Oh and if the last few minutes of reading this article has felt like the Nigel Farage Show, he still dominates this political party.",1,Support,B,0,1,,
1198,the first point stressed in my college biology class was in fact that we as scientists cannot ascribe purpose to chemical and biological functions,jay richards says theres especially intriguing evidence of design in cosmology physics and astronomy,1,Support,B,1,0,,
2232,that is the opinion i hold that ccws should not be required but this thread assumes that ccws are required,that is why i voted as i did as well ideally i would prefer the none required policy,1,Support,B,0,1,,
265,Many racists and especially xenophobes find the UKIP message appealing.,A UKIP spokesman said these kinds of people did not dictate its policy.,0,Attack,B,,,,
304,I think a lot of UKIP supporters would be outraged if one of the consequences of leaving the EU was to price them out of buying virtually any of today's niceties.,Mr Farage said his party was making huge progress towards achieving that goal going in one year from 4.5% in the polls to a high of 16%.,0,Attack,B,,,,
278,"My observation is that UKIP often are reluctant to directly answer any questions of substance, which can be accounted for by the fact that they really have no policies.",Farage insisted his party was not a pressure group and demanded action to simplify the tax system.,0,Attack,B,,,,
964,jumpstartthe anti id crowd will insist on a strict materialistic cause and effect definition of science,  when materialist impose the supernatural all they are doing is saying somethings are beyond being explained through nature and by science,0,Attack,B,,,,
845,"If you want an insight into just how mad and bad UKIP are, go and read what their members, candidates and supporters write on the Telegraph.",He said UKIP was clearly taking a very right wing position which pandered to an obvious anti-Europeanism.,1,Support,B,,,,
302,Hopefully we will see our first UKIP MP before the general elections next year.,UKIP has won 42 seats so far and is averaging 26 per cent of the vote in the wards where it is standing.,1,Support,B,,,,
2151,what new class this is a silly statement too general,yes joe i agree,1,Support,B,,,,
518,"In UKIP, we have a new political force which looks likely to poll very well in a national election on thursday.","UKIP recorded their best ever Westminster election performance and brought humiliation to the Conservative candidate, in the process triggering a debate within the party about how to deal with their rivals.",1,Support,B,,,,
1192,theology it says in his profile,theology it says in his profile,0,Attack,B,,,,
2282,go by bike,people are too lazy,0,Attack,B,,,,
1966, the theories of evolution and creationism are not mutually exclusive but are actually complimentary, mate,1,Support,B,,,,
542,"Europe is no longer fit for purpose and we'd do better to be out than in, plus save a whole load of cash.","Over three million jobs in this country, directly or indirectly, depend on us being in the EU, so that is a big choice.",0,Attack,B,,,,
1570,yes im fully aware what a solar eclipse is,yes im fully aware what a solar eclipse is,0,Attack,B,,,,
1409,agreed that religious belief should not necessarily compel the rejection of wellestablished results from welldeveloped scientific fields,tjopen debate is all we are asking for,0,Attack,B,,,,
1432,casey relies on the fallacy that undermining evolution somehow provides merit to id,luskin saysin the title of its first opening statement the ncse charges that id should be rejected because it is a religiously motivated attack on science,1,Support,B,,,,
2150,do you believe that you will hear an understanding of god that you have not heard before or are you of the belief you are openminded on the subject and might well have an epiphany,what possible concern is any of that to you some actually search for knowledge through debate this is a debate forum if you recall do not play if you are not so inclined but to post warnings not to fall in this trap come on,0,Attack,B,,,,
698,"UKIP's position is not reasonable, but racists and proto-fascist, considering they have nothing to say about the finance capital bombing of the economy, but to put all the blame for Europe's woes onto immigration.","The charge put by its deputy leader David Campbell Bannerman when he defected to the Conservatives in the wake of the May elections was that UKIP remained, at heart, a single issue pressure group.",1,Support,B,,,,
794,"If UKIP took all their anti-establishment guff and turned it on the banks and financial institutions then they would have more legitimacy, but instead they turn on Polish and Roma fruit pickers who do unskilled work for minimum wage.",The announcement comes two weeks after a roll out of Home Office vans with posters warning illegal immigrants to go home or face arrest was cancelled.,1,Support,B,,,,
1044,casey luskin knows how to use impressive multisyllabic words to suggest that hes intelligent,all human design and resulting construction starts with what exists a designer and things entities,1,Support,B,,,,
886, evolution is an observable fact  while creationists often attempt to describe evolution as merely a theory this is not exactly the case,teaching creationisms truth is necessary in upholding the truth of the bible,0,Attack,B,,,,
1974, theres really no way yet to prove it but the precedence of the evolution of all other species including our own has led to a conclusion that we most likely came from something else, as far as evolution god and the creation of man is concerned maybe evolution is an explanation of how and not why,1,Support,B,0,1,,
1349,in my previous post i discussed by the auscss arguments were flawedboth factually and logically,schen,0,Attack,B,0,1,,
2539,We should allow voting at 16 in European Parliament elections,This would complicate elections,0,Attack,B,1,0,,
513,Labour won't have anything to do with UKIP as they are more right-wing than the Tories. ,UKIP leader Nigel Farage said any members proven to have extreme right wing views would be expelled.,0,Attack,B,1,0,,
297,If there are enough Ukip votes it should frighten all the parties sufficiently to make them realise they can't just ignore the electorate.,"Earlier this week, former Conservative peer Lord Stevens joined the party, becoming UKIP's third peer, sitting alongside former party leader Lord Pearson of Rannoch and Lord Willoughby de Broke in Parliament.",1,Support,B,0,1,,
2597,undoubtably the best film of the decade,definitely one of them no doubt,1,Support,B,0,1,,
259,"I think Farage makes a much better leader than any of the other parties, he's full of enthusiasm and is not a PR man like the current leaders of the 3 main parties.","Bulgarian people are raising a lot of questions today about the democratic, tolerant and humane British society and whether someone like Nigel Farage is an appropriate representative of it.",0,Attack,B,1,0,,
1816,charles darwin wrote about the theory of biological evolution not antievolution just because the word anti is in front of something it does not make it correct mate,actually im not sure its been proven,0,Attack,B,1,0,,
1628,for the bible to be divinely inspired all the persons writing the bible or translating the bible had to be listening to god all the time,now the trick is to prove that all of the authors were free of stray thoughts and theological spin,1,Support,B,1,0,,
248,Ukip are doing well for the very simple reason folk have at last realized that they are being lied to by LibLabCon and now have somewhere else to go.,"UKIP sources pointed out that while its performance in the English local elections was not startling, the party had secured more votes than in any previous local election and had come second in more wards than ever before.",1,Support,B,0,1,,
2248,jogging is just as good as walking but it is done at a faster pace which results in higher impact on your knees hips and other joints,walking can be a wonderfully leisurely pastime but the burn is not as significant as running for the same period of time,0,Attack,B,0,1,,
1855,id doesnt undermine evolution,id does undermine evolution because supporters of id wish to put a sticker in every textbook that says something along the lines of evolution is just a theory,1,Support,B,1,0,,
237,"If UKIP have a good general election and manage to take a few seats then that can only benefit Labour, because all of the seats that UKIP can possibly, conceivably win - well they are all Tory seats.","The Times newspaper reported that Conservative Party officials have already been dispatched to the seat to lay the groundwork for their campaign, with fear of UKIP snatching the seat taking hold.",1,Support,B,1,0,,
2134,gay marriage does have a drastic affect on our society,prove it got any credible scientific or sociological studies,0,Attack,B,1,0,,
2271,not london for sure,why not london has it all culture fun exhibitions parks what more do you want,0,Attack,B,1,0,,
1795,what evidence is there that universal evolution doesnt exist the universe constantly changes,this is not a debate on whether you can disprove it or not this is a debate on if in your mind its been proved,0,Attack,B,1,0,,
2380,nuclear energy is the most efficient once all potential hazards are eliminated,zero co emissions and can now be produced much safer than previous generations,1,Support,B,0,1,,
2637,i didnt watch the last  minutes the movie was giving me a headache,ok so i thought it was only me but after watching this movie i had a massive headache also i thought the movie was terrible it was all over the damn place and difficult to follow,1,Support,B,0,1,,
2509,I believe that opinion polls harm the democratic process,Opinion polls are subject to bias and often produce faulty information on which decision are made,1,Support,B,0,1,,
2326,i stayed a couple of times at the londa beach hotel it is fantastic friendly stuff great service and beautiful location,i went to its website and indeed it looks like a magnificent place to stay in,1,Support,B,0,1,,
2595,i read the book which is subtle philosophical and nuanced at the beginning of the year and last night i watched the dvd of this film what utter rubbish the film is a boring sweary standard thriller,i had heard nothing but praise for this movie and was also fairly letdown aside from the cinematography i didnt see anything unique about it,1,Support,B,,,,
816,UKIP's sole aim at the general election is to get a smallish number of MPs elected but enough to hold the balance of power and do a deal with the Tories.,It comes as William Hague ruled out an electoral pact with UKIP.,0,Attack,B,,,,
468,UKIP actually wants to repeal the Human Rights act which is in place to guarantee basic human rights and would be disastrous if they ever were successful with this.,"I believe that what UKIP is doing is vital for this country, and of course the party's financial management is crucial.",0,Attack,B,,,,
1749,but i can see she didnt teach you much,i didnt respond to a word of your post because you didnt give me a word to respond to that wasnt an attack itself,1,Support,B,,,,
360,UKIP are a joke outfit full of small-minded Neanderthals who think the 1950s are the future.,"There are those, UKIP, thinking backwardly, saying we should turn our backs on the world and on our wider obligations, that we should cut ourselves off from influential organisations in the belief that we can go it alone.",1,Support,B,,,,
1519,it is entirely misleading to imply that academic freedom is gives license to present nonscience like idthese academic freedom bills which typically work in conjunction with the science standards are written to strictly prohibit the teaching of religion creationism creation science creation facts and id,islandno as i said they are typically by law strictly prohibitive of id creationism which is a huge difference that you dont want to willingly acknowledge,1,Support,B,,,,
1546,certainly there is value in the documents from which human culture has derived the christian bible the value of which is to be determined individually by the reader,how can anyone believe that the human race began with just one pair adam and eve and refuse to face the logical consequence that the human race would have to have with brothersister incest  if god wanted to start the human race with just one pair of biological ancestors then he must have ordained incestuous marriage for at least the first generation of humans,1,Support,B,,,,
1547,how can anyone believe that the human race began with just one pair adam and eve and refuse to face the logical consequence that the human race would have to have with brothersister incest  if god wanted to start the human race with just one pair of biological ancestors then he must have ordained incestuous marriage for at least the first generation of humans,actually i meant to say that if adam and eves children had to practice incest in order to go forth and multiply then it meant that god ordained it,1,Support,B,,,,
1641,i do not believe in science,all this is hard to understand,0,Attack,B,,,,
83,Many racists and especially xenophobes find the UKIP message appealing.,A UKIP candidate in Somerset was suspended from the party on Tuesday after a photo of him apparently making a Nazi-style salute appeared on his Facebook page.,1,Support,B,,,,
1054,yet it demonstrated a radical   change   over the comparatively short span of twenty years,so what using   intelligent design    is the purpose of the appendixid simply predicted that the appendix would have a function,1,Support,B,,,,
1206,this rather poorly phrased term suggests that there may be an enigma but lets look at the apparent correlation between habitability and our existence as observers,we also investigate axis of evil aoe type anomalies which detect phase correlations between different multipoles in harmonic space,1,Support,B,,,,
806,It's a protest vote because (most) people know that UKIP will never net in power.,"He said it was proof that UKIP is no longer just a protest party and is broadening its appeal across the country, not just the south of England.",0,Attack,B,,,,
270,UKIP are asking the questions that haven't been asked by the opposition or the media.,"Europe had in the last few years become a huge issue due to the euro crisis and the bailouts, and UKIP was the only party addressing this problem head on.",1,Support,B,,,,
927,grayling explains in his review of fullers latest book quite well how id is doomed to remain scientifically vacuousfuller has written about popper he seems to forget poppers killer point namely a theory that explains everything explains nothing,pvm wrote however this is false and misleading,0,Attack,B,,,,
2496,I support the truth and reconciliation commission,Truth and reconciliation are more important than retribution following violent and long term conflicts,1,Support,B,,,,
1226,the only way that design could be detected in nature is if there were objects around that werent designed,and one of the reasons why id appears to be lousy theology but what the heck  i am sure iders can find yet another ad hoc explanation for this,1,Support,B,,,,
2167,this is where the competition really occurs this is why natural selection the ability to go on to breed on the level of the population is actually nonrandom,wow supersport got something right,1,Support,B,,,,
1087,id has legal and educational merit because it is a bona fide scientific theory ,none of these promises have much relevance to id as a concept nor have few if any come to fruition,1,Support,B,,,,
499,A strong UKIP vote suggests there's a lot of the British public who aren't on board with the current set-up.,"Deputy Prime Minister Nick Clegg, whose Liberal Democrats oppose a referendum, said leaving altogether would make us less safe because we co-operate in the European Union to go after criminal gangs that cross borders.",0,Attack,B,,,,
2489,The US should ban cluster bombs,The Ban is Unfeasible,0,Attack,B,1,0,,
635,"I think Farage makes a much better leader than any of the other parties, he's full of enthusiasm and is not a PR man like the current leaders of the 3 main parties.",The party's leader Nigel Farage has promised to cause a political earthquake at next year's polls after a strong showing in local elections.,1,Support,B,0,1,,
2185,to travel along the logic of the singularity expanding it is obvious that the singularity is what we have today,yes in a way we are in the same thing that existed way back then it has just expanded since then so its much bigger now,1,Support,B,0,1,,
1323,the di is quick to argue that jones overstepped its bound by declaring id not be scientific even though both the plaintiffs and the defendants insisted that the judge address this because the existence of a valid secular purpose which is not a sham is an important aspect in determining if something is unconstitutionaljudge jonesdefendants presented no convincing evidence that they were motived by any valid secular purposealthough defendants attempt to persuade this court that each board member who voted for the biology curriculum change did so for the secular purposed of improving science education and to exercise critical thinking skills their contentions are simply irreconcilable with the record evidence,for goodness sakes guys very few people are advocating the mandatory teaching of id in schools,0,Attack,B,1,0,,
2528,US intervention in Libya lacking congressional approval was illegal,US intervention is not consistent with other aspects of US law,1,Support,B,1,0,,
2230,the fetus has never achieved conciousness let alone has known anything,well you get the idea,1,Support,B,0,1,,
2211,and the organism is not equipped to function in any predetermined fashion,that is right it merely has the capacity to make errors which sometimes slightly improves function in a particular environment and those tend to accumulate over time,1,Support,B,0,1,,
2550,We should force think tanks to reveal all of their sources for resource funding,Private investors have a right to privacy,0,Attack,B,1,0,,
2116,then a man who needs an artifical heart to survive is a new species of man that is the analogy i gave and you ignored,and well he should have ignored it your analogy is nonsense,0,Attack,B,1,0,,
2377,yes i never thought of that but that is a brilliant question and so true when you are part of a big family you should have a say in things that affect you ,if one is truly serious about a unified europe this possibility should at least enter a discussion,1,Support,B,0,1,,
2240,possibly so but it would not be fun go with friends,it is not such a good idea for a fifteen years old child to travel either with friends or alone in any case he can not even protect himself from any danger ,0,Attack,B,1,0,,
173,"Much of UKIP's meteoric rise has to do with political correctness, and the fact that ordinary people are sick of it.",Mr Farage said it was very important that UKIP gets a voice in Westminster.,1,Support,B,0,1,,
2385,i liked it all loose ends where tied up nicely,i could not have summed it up better than this,1,Support,B,0,1,,
2452,The voting age should be lowered to sixteen years,Young people would be more likely to misuse their vote,0,Attack,B,1,0,,
1926, i do not believe that we evolved from monkeys or any other animal i believe that god created us in his own image, it is very wrong we didnt evolve from apes,1,Support,B,1,0,,
2351,game of thrones is one of the best,i like it a lot,1,Support,B,0,1,,
426,UKIP is not at all taking into account the financial effects of leaving the EU: Europe is the main market for the UK. ,UKIP has evolved over the two decades since it was created from an anti-EU pressure group into a fully fledged party which has now proved that it can succeed beyond European elections.,0,Attack,B,1,0,,
2278,hybrid electric vehicle,high vehicle cost,0,Attack,B,1,0,,
354,"The momentum is definitely with UKIP at the moment, hopefully that will continue with the up and coming by-elections.",He said the UKIP had never been more important for our freedom as a self-governing democracy and had to go on telling the truth about Europe.,1,Support,B,0,1,,
800,"UKIP is a not a real party, with a clear global ideology and vision addressing all aspects of society: it is focusing on a handful of issues (all centered around membership in the EU and migrants), mostly ignoring global financial issues, health, education, security etc.",Mr Farage has successfully broadened UKIP's appeal away from Europe.,0,Attack,B,1,0,,
923,i understand why id proponents would like to embrace newton and others as relevant to id,archfilejockey quoted kent hovind as saying asking an atheist why he cant find god is like asking a thief why he cant find a police officer,1,Support,B,0,1,,
2581,i remember being underwhelmed when this first came out but enough time had passed when i caught it on tv so perhaps i had just been in the wrong mood back then maybe this time ill enjoy it but no,brilliant film disliked by people with no imagination,0,Attack,B,1,0,,
1434,the ncse says that    intelligent design    is a religiously motivated attack on science but the ncse does not claim that is why it should be rejected,id is not science because it can never make a prediction that is meaningful,0,Attack,B,0,1,,
2087,how can it get anymore embarrassing for science that they got the premise wrong for all these years,do you actually have any idea how science works why are you not embarrassed for creationism,0,Attack,B,1,0,,
82,"Marketing UKIP as ""the people's army"" is a bitter irony.",Recent polls have suggested a rise in UKIP support amid the eurozone crisis.,0,Attack,B,1,0,,
766,UKIP doesn't need to win power to force the changes people want.,"We're not going to do a pact with UKIP anymore than I'm going to do a pact with the Lib Dems and go into the next election with them, said Mr Shapps.",0,Attack,B,1,0,,
1575,and what of those who having studied the bible and the physical world determine that the bible has no basis in fact,some people see it as a day to the lord is a  years,0,Attack,B,1,0,,
2446,The voting age should be lowered to sixteen years,Sixteen year olds are mature enough to vote,1,Support,B,0,1,,
376,Hopefully we will see our first UKIP MP before the general elections next year.,"But Mr Cameron described UKIP's members as fruitcakes, loonies and closet racists, mostly.",0,Attack,B,1,0,,
2361,go by bike,yeah really great idea bikes rock,1,Support,B,0,1,,
386,I suspect when people do start to focus and the election is close UKIPs incoherent policies will be exposed.,Conservative MP Tim Loughton said bringing in the eurosceptic party to a TV debate would show it to be a complete load of old hot air with a very charismatic and beaming person in charge and not much else.,1,Support,B,0,1,,
2657,the only good thing in this movie was dr schultz after that it was a yawn fest,it won  oscars and got great reviews so a lot of people disagree with you it was a really entertaining movie with a great cast definitely not one of the worst movies,0,Attack,B,1,0,,
92,UKIP are blatantly disregarding the possibility of man made climate change.,And he dismissed wind power and other renewables as playground technology.,1,Support,B,0,1,,
2173,creationism starts with a conclusion and finds data to support it according to the scientific method one is supposed to look at data and draw a conclusion from it therefore creationism is not science and needs not take any scientific consideration,been saying that ever since the first time i heard about creationsism,1,Support,B,0,1,,
2376,as a mediator with as little violence as possible,they should also not veto every single attempt at an un resolution,1,Support,B,0,1,,
2362,but if we get this right we will waste less research time with dodgy students we wish we had rejected at interview,i fully agree,1,Support,B,0,1,,
2428,European Parliament elections should involve only one voting district all of Europe and not separate country seats,Big countries will dominate,0,Attack,B,1,0,,
2658,the only good thing in this movie was dr schultz after that it was a yawn fest,very true its as unpleasant as can be and not entertaining in the least this has to be the most overrated film of the past two years,1,Support,B,0,1,,
1506,try and quote the right text next time,luskins opinesas i discussed in my rebuttals to the first two opening statements of the national center for science education ncse some of their common debate tactics includeof course,0,Attack,B,1,0,,
717,A strong UKIP vote suggests there's a lot of the British public who aren't on board with the current set-up.,UKIP said leaving the EU was the only way to fully take control of the UK's borders.,1,Support,B,1,0,,
1458,when there was a move to distribute unlocking the mystery of life dvd to australian schools a few worried scientists headed by michael archer from unsw got together and signed a letter on behalf of  scientists and educators,idnetto comment on whether id has merit or not it is minimally necessary that people be properly informed of the arguments involved,0,Attack,B,0,1,,
1497,you mean you accepted the attempt to reconcile the early drafts while ignoring the facts sadly you seem to have fallen victim of di propaganda,nothing in the early drafts state that the creator was specifically god or anything supernatural something the di is already emphasizing on this site,0,Attack,B,1,0,,
722,"Arguably, UKIP & co. aspire to destroy the culture created in Europe after WWII, which has been based on openness, free travel, migration and cross-geographic access to goods and labour markets.","I was delighted to cast my vote for [UKIP leader] Nigel Farage's team in Sussex, where I live, said Lynam.",0,Attack,B,1,0,,
1426,a non living entity possibly though it depends on you definition,that in no way describes the current theories about how life began,1,Support,B,1,0,,
940,these two moves ruling out regularity and then ruling out chance  constitute the design inference,pvm is confused,0,Attack,B,1,0,,
1990, this is pure ignorance, i really do not know where to start with this one at the time of writing this response apparently evolution is incorrect,1,Support,B,1,0,,
51,"As far as immigration is concerned all Ukip want is a level playing field for non EU migrants and to control the numbers so, if anything, Ukip are too soft on immigration.",Certainly by the time of the general election UKIP will be the third-highest-membership party in Britain.,1,Support,B,0,1,,
884, teaching creationism is dangerous to science and reason  if a theory that does not follow the scientific method is taught in schools as science science and reasoning will be undermined, creationism is not scientifically testable,1,Support,B,0,1,,
134,Plenty of survey's have shown UKIP to be the most hated of the main parties.,"At the final tour stop, in Tunbridge Wells, Kent, he told supporters in the town centre UKIP was drawing support from across the political spectrum, not just disaffected Tory voters as the media assumed.",0,Attack,B,1,0,,
2567,this was just an amateurish hodgepodge of the departed the town and we own the night and sopranos,completely agree swing and a miss on this one kept waiting for something to happen maybe i wasnt in the right mood for it but it just didnt deliver at all more limp than month old lettuce,1,Support,B,0,1,,
688,UKIP is the only party that has understood the damage immigration does to the UK and its policies aim at repairing this.,"Mr Farage, speaking to the BBC's Len Tingle, said the election result represented significant progress.",1,Support,B,0,1,,
2079,science has managed to show that life and non life are not distinct and are indeed simply a continuium of molecular complexity and function,you have got to be kidding me this has got to be one of the absolute dumbest things i have heard you are truly one confused individual if you can not tell there is a distinct difference between a living thing and a non living thing that nonliving things are missing something that living things have,0,Attack,B,1,0,,
2570,im not saying its a bad movie but its no where near as special as it has been made out to be,the pacing can be slow at times but overall watch it again and think about it yeah this film is pretty awesome is what will come to mind,0,Attack,B,1,0,,
1678,i believe that the day creation of the universe as we know it today has to be taken literally even though scripture does say that one day in the eyes of the heavenly father is like a thousand years,if the sevenday week is relevant shouldnt the names of the days be relevant as well specifically the days named after pagan godsodins day thors day freyas day etc,0,Attack,B,1,0,,
187,Cameron had it right and UKIP could tip the balance towards Labour in the crucial marginal seats in the GE where the battle will take place .,"UKIP is also hoping for a good result in Labour heartland South Shields, with Labour sources suggesting it could get as much as 30% of the vote.",1,Support,B,1,0,,
1636,the first problem with the debate question is that neither time nor space exists per se,one of the major problems that we all have in fact its the same problem adam and eve had in the garden of eden is that we tend to start from outside gods word and then go to what god has written in the bible orin adams casewhat god forbade him to do to try to interpret it on the basis of our own preset ideas,1,Support,B,0,1,,
435,It is more likely that Tory voters would vote tactically for UKIP to keep Labour out and that means Labour are at a real disadvantage. ,"UK Independence party leader Nigel Farage has said he is expecting a big swing to his party in the seat, with most polls carried out in the seat putting the party third, ahead of Labour.",1,Support,B,1,0,,
2340,lots and lots of things to see i loved the kitchens at the royal palace the egyptian museum and the museum of cinema such a variety of things to see,sounds lovely,1,Support,B,0,1,,
1947, i am going to borrow from churchill, i believe evolution is correct and whats up with this lack of understanding that evolution is a sloooooooow process       with the making everything is  days and resting on the seventh  which conveniently happens to be a week,1,Support,B,1,0,,
1800,read the whole comment that he makes first,well personally my second cousin by marriage on my mothers side descends from the archea branch but my bosses boss is an arachnid,0,Attack,B,1,0,,
1937, i believe evolution did occur but god created it, if your with god then there is no debate,1,Support,B,0,1,,
1234,it is a fact that design can be determined in the absence of a designer,btw you people continue to ignore the fact that natural processes cannot account for the origins of nature because natural processes only exist in nature,0,Attack,B,1,0,,
2013, b tr  tr valigntop , i agree that it is slowly falling apart,1,Support,B,0,1,,
1302,how does the antiid position explain the bacterial flagellum it just evolved,i understand the ad hominem approach chosen by joe after all what is the alternative showing that id really lives up to what joe claims it isjoe gand again the design inference relies on observations data and experience,0,Attack,B,1,0,,
1661,all of those socalled evidences have been debunked by real scientists with real degrees and have true understanding of science,it is unfortuanate that creationists cannot be persuaded by facts,1,Support,B,0,1,,
631,"ukip's policies on health, education, taxation and all the things that affect peoples lives are non-existent.","He suggested that as many as 20 Conservative MPs shared common ground with UKIP on tax, energy and education and there was a whole list of areas where they agree with us.",0,Attack,B,1,0,,
1098,so your argument is by pushing scientists to find more junk dna it is in fact useless to the organism vestigial limbs my tailbone does nothing and has no purpose and i could have it removed with no damage to my functioning and other disproofs of intelligent design id serves the purpose of annoying scientists into progresscouldnt you just advance the cause of science by doing experiments and recording data,unfortunately dr,1,Support,B,0,1,,
344,The success Ukip had in the european elections will be sufficient to galvanise one or preferably all the other parties to rid us of the EU's political influence.,"UKIP is still a party driven by a fundamental desire to get Britain out of the EU, and it's Conservatives, or at least Conservative leaners, who are the bulk of its supporters.",1,Support,B,0,1,,
139,The only reason we are even having a sensible debate about Europe are UKIP.,The UKIP MEP reckoned a number of Conservatives who want a referendum on the EU in the current Parliament need to grow a backbone and do something about it.,1,Support,B,1,0,,
1454,you give interesting and complex answers,take your time id rather have you think about it digest it and respond than give a hasty response which would not help us resolve these issues,0,Attack,B,0,1,,
1357, we focus only on the constitutional aspects to this issue,lets just cut to the chase id does not perform any empirical and statistical verifications at best they could perform statistical falsifications of a particular scientific hypothesis but even the simplest hypotheses are not easily captured in statistics and thus id has found that most examples of supposedly designed systems cannot really be tested using id methodology,0,Attack,B,1,0,,
165,"I voted Tory for 30 years and started supporting UKIP because I want a sovereign, democratic , well governed Britain with Britain put first and its getting clearer by the day that the old Liblabcon parties will not do that.","Business for New Europe director Phillip Souta, which organised the letter, said reform of the EU was needed and claimed We are better off in, in many, many ways indeed.",0,Attack,B,1,0,,
271,A vote for UKIP would be a vote for a Tory-UKIP alliance that would be more right-wing than a Tory government.,UKIP says it is campaigning on a pro democracy message - aiming to rejuvenate local politics.,0,Attack,B,1,0,,
1462,which i argue is the main reason people have come to embrace id and object to sciencecouldnt atheism be the main reason people have come to embrace a certain type of evolution and object to id  the emotions so commonly seen in the rejection of id support this,couldnt atheism be the main reason people have come to embrace a certain type of evolution and object to id the emotions so commonly seen in the rejection of id support this,0,Attack,B,0,1,,
2413,We should grant politicians immunity from prosecution,Giving politicians immunity from prosecution allows them to focus on performing their duties,1,Support,B,0,1,,
1824,if what you say is true then nothing at all is scientific fact,it has not been proven and i dont think it can be,0,Attack,B,1,0,,
1717,maybe get someone to do your studies who doesnt pay a tithe  someone who perhaps doesnt own a   bible  ,consider reading chance or purposeat any rate chance is an obviously derogatory word to try to bias the argument against   evolution   and purpose is obviously meant to imply that some intelligence is involved,1,Support,B,0,1,,
2450,The voting age should be lowered to sixteen years,Parents are guardians and should be trusted to vote in their childrens interests,0,Attack,B,1,0,,
2119,you snipped most of my remarks because you were unable to address them you have no answers and have been reduced to insult,actually i snipped your remarks because you twisted what i said and i am already spending too much time arguing with random complainers and i was in a hurry to do something more important at the time,0,Attack,B,1,0,,
242,I think it's far too simplistic to argue all UKIP supporters are racist - there is a real groundswell against the political establishment which over the past 20 years or so has started to converge in terms of image and policies.,"The party, which campaigns for the UK to leave the European Union, said numbers had increased by more than 13,000 to about 32,500 in 2013.",1,Support,B,0,1,,
531,UKIP are the only party willing to have a sensible open debate on the key issues affecting the country. ,"UKIP, which has called for withdrawal from the European Union and greater restrictions on immigration, has seen improved poll ratings this year.",1,Support,B,,,,
2606,you are right it should be a nine stars hands down,that was my rating this film is superior in every respect and most of all its ideas,1,Support,B,,,,
2245,any state of the art pc with a game pad,i think that the best consoles by far are either the xbox or the ps,0,Attack,B,,,,
124,Cameron had it right and UKIP could tip the balance towards Labour in the crucial marginal seats in the GE where the battle will take place .,"In the end, I think it will strengthen our role in Europe and our continued membership and the opportunities it gives Britain as a country.",1,Support,B,,,,
1447, it seems to me that luskin is being more scientific in that he talks about a method for testing idthats ironic because luskin presents no testable id,in answering your questions i will try to keep on point,0,Attack,B,,,,
976,i cannot argue with your opinions as to what you want to believe,i fail to see how id can help us here,0,Attack,B,,,,
2493,Terrorism can sometimes be justified,Harm to others is never legitimate,0,Attack,B,,,,
1541,feel free to respond,to start with with i think the wikipedia page  httpen,1,Support,B,,,,
1274,intelligent design has been misrepresented as some kackamamy religiously motivated scheme by those who are afraid to challenge what they believe in,first off the human eye did not pop into existence by chance it is the result of billions of years worth of   evolution  ,0,Attack,B,,,,
1244,funny how being completely wrong about the earth revolving around the sun can make the catholic church a bit gun shy about claiming that   science   is incorrect without evidence to back it up,in the th century fundamentalist supported the idea that new species appear abruptly catastrophism,0,Attack,B,,,,
1024,the response to my comment id contradicts itself is a series of peculiarly unclear assertions,the response to my comment id contradicts itself is a series of peculiarly unclear assertions,0,Attack,B,,,,
1735,doctrines such as original sin substitutionary atonement and the trinity are very well described in the bible,first of all i have no presupposed attitude,0,Attack,B,,,,
107,"I sense that Farage is a total megalomaniac, a charlatan, someone who is in it for the attention and the glory and that in a strange way, that many UKIP voters know this but don't seem to mind.",There's an attitude that either you keep silent about everything that's been going on in UKIP and wit Farage or suffer the consequences.,1,Support,B,,,,
2314,i believe he overused the hero type of comic movies,i totally agree but do you not think that this is a characteristic that distinguishes all of tarantinos characters the exaggerated behavior,1,Support,B,,,,
2260,i think that there should be something that judges the percentage of people that are satisfied with your answer ,how would this be different to the rating of a particular replyanswer that it currently has,0,Attack,B,,,,
662,UKIP doesn't need to win power to force the changes people want.,Mr Fabricant said an electoral pact with UKIP - in which the Tories would promise a referendum on European Union membership after 2015 and in return UKIP would not stand against Tory candidates - could help the Conservatives win an extra 20-40 seats at the next election.,1,Support,B,,,,
1396,  it sounds like there was an overarching policy limiting students speech on campus for this one, i have been a christian most of my life and the ten years i lived outside the community was hell on earth,0,Attack,B,,,,
2058,do you believe in purple unicorns on uranus have you or anyone been to uranus to check,uranus is a ball of gas genius,0,Attack,B,,,,
909,teaching creationism is akin to childabuse,preventing creationism to be taught is not violating freedom of religion,1,Support,B,,,,
2373,i have to go for apple it did introduce the iphone the applications market and mobile social networking,i agree apple has also been voted as the worlds number one brand,1,Support,B,,,,
1889,ignorance of terminology,a theory as the word is used by scientists is a detailed description of some aspect of the universes workings that is based on longcontinued observation and where possible experiment that is the result of careful reasoning from those oservations and experiments and that has survived the critical studies of scientists generally,1,Support,B,1,0,,
982,psyop asks rhetorically if the universe is expanding what happens when that expansion ceases first of all the expansion of our universe is an observed fact,the expansion of the universe is biblically supported,0,Attack,B,0,1,,
2568,this was just an amateurish hodgepodge of the departed the town and we own the night and sopranos,while i can see your point of view i enjoyed the pace of the film the tension especially when pope was onscreen had me holding my breath,0,Attack,B,1,0,,
2620,so im warning all of you guys whos expecting an epic tale beautiful cinematography and lots of action this was one of the most boring films ever made and nothing like other war movies,people who do not like a particular film but never refer to the actual themes expressed in it and instead just say that its boring basically says that they are idiots,0,Attack,B,1,0,,
672,UKIP want to get us out of the EU to make the British people much worse off then they already are.,"He debated with journalist and historian Sir Max Hastings who said Britain can't stay in Europe on any terms, but said leaving could mean the UK could find a very tough time out there.",1,Support,B,1,0,,
439,"UKIP's position is not reasonable, but racists and proto-fascist, considering they have nothing to say about the finance capital bombing of the economy, but to put all the blame for Europe's woes onto immigration.",Mr Andor previously said the UK risked being seen as a nasty country.,1,Support,B,0,1,,
359,UKIP are in no way a single issue party and if Labour or the Conservatives were to give us a referendum UKIP would still have a full manifesto that would attract many voters.,"UKIP, which campaigns for the UK to leave the European Union, averaged 25% of the vote in the wards where it was standing in Thursday's elections and won more than 140 seats, its best ever result.",1,Support,B,0,1,,
978,it allows some people to scientifically believe in   god   ,i dont really care  ,0,Attack,B,1,0,,
1682,there are some things human beings were not meant to understand because the god who created this universe is a being who is greater than all of his creation,what proof can you offer that right now we have reached the maximum limit of human knowledge  why is it at this moment that nothing more should be known why not  years ago or  years from nowi am not here to argue scripture on god because the bible tells us that the man who lacks wisdom says that there is no god psalm  verse you do realize that quoting from the bible only works when you are talking with christians,0,Attack,B,1,0,,
416,The reason why UKIP has gained so many votes is because the main parties refuse to deal with immigration and the EU.,"Farage's outspoken speeches in Brussels against what he perceives as euro-nonsense are legendary, both for their wit and passion.",1,Support,B,0,1,,
2266,people who eat at such places every week will not be really bothered personally i try to stay away from it for many reasons not just because of the stories,care to share those reasons,0,Attack,B,1,0,,
1672,is it me or is it you only time will tell,if the existence of a fossil record contradicting parts of the bible then that does not disprove in and of itself the fossil record,0,Attack,B,1,0,,
2498,I support the truth and reconciliation commission,Reconciliation can be used to conceal political corruption and patrimony,0,Attack,B,1,0,,
1280,the random comes in when particles of rna that came out of the primordial ooze aligned by chance in such a way to produce a singlecelled organism,intelligent design is in fact religiously basedso  ,0,Attack,B,1,0,,
888,if we are descended from animals then the unique relationship between man and god is undermined,it is not appropriate to teach creationism as a means for upholding the bible,0,Attack,B,0,1,,
2041, if your trying to find evidence in the bible your right, god is just an imaginary friend for adults,1,Support,B,1,0,,
2456,All nations have a right to nuclear weapons,Nuclear weapons serve to defuse international conflicts and force compromise,1,Support,B,0,1,,
820,UKIP's sole aim at the general election is to get a smallish number of MPs elected but enough to hold the balance of power and do a deal with the Tories.,"According to the Daily Telegraph, Mr Farage suggested to Mr Murdoch at the meal that he would form an electoral pact with the Conservatives if David Cameron stood down as leader.",1,Support,B,0,1,,
2390,the best way to protect Scottish interests in the EU is to vote for independence,Scotland is more pro EU than the rest of the UK,1,Support,B,1,0,,
391,"UKIP advocates for the UK leaving the European Union which would be a bad idea – but they are trying to leverage on the british people’s need to belong and pride to be british, which further sparks their anti-foreigner standpoint.",Nigel Farage said most Ukippers have got robust views on immigration and he described them as sensible views.,0,Attack,B,1,0,,
1223,and again the design inference is based on our current knowledge that being we have an understanding of what nature operating freely is capable of and we couple that with our knowledge of what designing agencies are capable of,if we dont know then no one can say that a designer was not involved or not required,0,Attack,B,0,1,,
1137,for educating us about the immense scientific amount of information that seldomly gets disseminated when id proponents claim that x could not have evolved,remember nick matzke a few years ago he outlined based on an extensive study of the scientific literature and homology studies a plausible scenario for the evolution of the bacterial flagellum,1,Support,B,0,1,,
1488,jon buell the president of the foundation for thought and ethics testified in court enjoyby mr,you still have yet to provide any passages within pandas which state that god is directly implicated saying that the fte is religious therefore so is pandas,0,Attack,B,1,0,,
413,For what its worth I think UKIP is a one trick pony and is unelectable in a general election.,"UKIP meets just days after one of its ex-deputy leaders quit the party, frustrated by its totalitarian leadership and narrow policies.",1,Support,B,0,1,,
2461,All nations have a right to nuclear weapons,Possessing nuclear weapons will be counter to the peaceful interests of states,0,Attack,B,1,0,,
621,UKIP doesn't need to win power to force the changes people want.,"David Cameron should consider a pact with UKIP, his elections adviser has said.",1,Support,B,1,0,,
1455,take your time id rather have you think about it digest it and respond than give a hasty response which would not help us resolve these issues,the following statement by the employee of ncse is the exact form of inference to the best explanation that id scientists use to demonstrate that there is intelligence behind life,0,Attack,B,1,0,,
1710,we have two different literal interpretations,abraham isaac and jacob belonged to different tribes and were not related but the stories grew together into a collection and the persons were tied together as members of the same family,1,Support,B,1,0,,
2593,i read the book which is subtle philosophical and nuanced at the beginning of the year and last night i watched the dvd of this film what utter rubbish the film is a boring sweary standard thriller,i agree with about ninety percent of what you said i was also let down by this movie with all the hype this movie got before it was released i was expecting a masterpiece but no it was just puppet theater,1,Support,B,0,1,,
2007, i interpret the creation story as a metaphor with science as how god made humans, then again i often wondered as a child why and how the whole universe was created in the first place,0,Attack,B,1,0,,
1160,i asked the questions to give mr behe a hint about how to formulate a proper argument,i was using your rhetorical question to attempt to get a discussion going,1,Support,B,0,1,,
1218,in my discussions with island i have come to the conclusion that i was mistaken in calling island an id supporter,the argument always had intuitive plausibility,1,Support,B,0,1,,
163,"I would say it's the anti-ukip brigade who have no substance to their argument (or facts), they simply shout ""racist"" with nothing to substantiate this slur, or become crude and insulting.","The 2009 poll saw UKIP's total grow to 13 seats, pushing Labour into third place with 16% of the vote.",1,Support,B,1,0,,
284,"I sense that Farage is a total megalomaniac, a charlatan, someone who is in it for the attention and the glory and that in a strange way, that many UKIP voters know this but don't seem to mind.","The UK Independent Party says it is the only party which will pull the UK out of the European Union and, with Nigel Farage at the helm, will put us back on track.",0,Attack,B,1,0,,
1912, you are under the mistaken impression that complexity and ability to buy washing machines equals more evolved, just judging from the question obviously the op hasnt got even a high school understanding of what evolution is,1,Support,B,0,1,,
1235,btw you people continue to ignore the fact that natural processes cannot account for the origins of nature because natural processes only exist in nature,jaywhat makes you qualify as a design theorist  please be specific,1,Support,B,1,0,,
1456,the following statement by the employee of ncse is the exact form of inference to the best explanation that id scientists use to demonstrate that there is intelligence behind life,idnetthe following statement by the employee of ncse is the exact form of inference to the best explanation that id scientists use to demonstrate that there is intelligence behind life,0,Attack,B,0,1,,
1372,the u,here is irons response to the so called rebuttalreply to rebuttalby peter ironsthe pages of a respected law review are rarely filled with such pejorative terms as smear and innuendo poisoning the well and personal attacks,1,Support,B,0,1,,
346,"If UKIP don't like being smeared, then they need to stop smearing, stigmatising, and fear mongering about others.","UKIP is simply demanding a referendum on whether Britain should stay in the EU, they are not being unreasonable.",0,Attack,B,0,1,,
840,"I don't think most people realise the benefits of free trade at all, and UKIP capitalise on peoples ignorance of the benefits of free trade as much as they can.","They say it would lead to legislative gridlock, a failure of the single market and an end to free trade as national parliaments adopted protectionist policies across the union.",1,Support,B,0,1,,
1583,the point of the debate is to set up a straw man that the world was created in six days that antichristians can knock down,then why does this argument always seem to come from the creationists  aig was not founded and is not funded by the scientific community,1,Support,B,1,0,,
2295,despite its price the ipad is still my favourite,you can get any other tablet for much less that has the same features,0,Attack,B,1,0,,
256,"If UKIP have a good general election and manage to take a few seats then that can only benefit Labour, because all of the seats that UKIP can possibly, conceivably win - well they are all Tory seats.",Mr Farage's pitch is attractive to voters.,1,Support,B,1,0,,
1163,hasnt anybody here read a molecular cell biology textbook the machinery of the cell is a rube goldberg apparatus,and minimize the ad hominems and iders will listen,1,Support,B,0,1,,
1097,the biologic institutemy my what nonsense,so your argument is by pushing scientists to find more junk dna it is in fact useless to the organism vestigial limbs my tailbone does nothing and has no purpose and i could have it removed with no damage to my functioning and other disproofs of intelligent design id serves the purpose of annoying scientists into progresscouldnt you just advance the cause of science by doing experiments and recording data,1,Support,B,1,0,,
750,UKIP are the only party willing to have a sensible open debate on the key issues affecting the country. ,"UKIP appears to have struck a chord with many voters on the issue of immigration, campaigning against the relaxation of working restrictions on Bulgarians and Romanians due to come into force in January.",1,Support,B,0,1,,
1778,first of all there have been writings in hebrew ,theres no point arguing against evolution when you dont understand it in the first place,0,Attack,B,1,0,,
56,"If UKIP want to retain these voters and attract more in a general election then they need to come up with policies other than ""leave the EU"" and ""its all the immigrants fault"".",Mr Farage - who was re-elected leader last year - has made improving the party's performance in local elections and broadening their policies a priority.,0,Attack,B,1,0,,
1600,is god all powerful no because he gave that up when he gave mankind free will,so if god is not all powerful and all knowing then god is fallible,1,Support,B,0,1,,
99,The success Ukip had in the european elections will be sufficient to galvanise one or preferably all the other parties to rid us of the EU's political influence.,"Isolating Britain and damaging Britain's reputation is not the right history to write, he said.",0,Attack,B,1,0,,
1831,its all a theory,if man evolved from apes then why is there still apes to evolve is to change and the ape didnt,1,Support,B,1,0,,
2631,this film is the poster child for hollywood greed at work its a depressing plot devoid of compassionate characters i mean they kill a child in this movie who finds that entertaining,i started posting a riposte to your ridiculous message then i stopped and deleted it either youre taking the mick or you are an idiot either way i dont care,0,Attack,B,1,0,,
1398,poblic schools are not to promote   religion  ,why dont we   add   those inand believe me those commandments werent invented at that time,0,Attack,B,1,0,,
1384,joe gthe only way to label intelligent design religious is to change the definition of religion,as you have been told already what phil says is irrelevant to id,0,Attack,B,0,1,,
453,"Ukip is the only party advocating withdrawal from the failing EU, a sensible idea for a lot of people!","UKIP's local election manifesto, concentrates on its flagship policy of ending open door immigration and putting pressure on the government not to lift restrictions on workers from Bulgaria and Romania on 1 January, which proved a successful formula in Eastleigh.",1,Support,B,0,1,,
339,The success Ukip had in the european elections will be sufficient to galvanise one or preferably all the other parties to rid us of the EU's political influence.,"It is doing the country serious damage because there are large numbers of potential investors in the UK who would bring employment here, who are being warned off because of the uncertainty all of this is creating.",0,Attack,B,1,0,,
1538,six days on gods terms not mans terms,feel free to respond,0,Attack,B,0,1,,
1469,but its more than we dont understand thus designed,i am fast drawing to the conclusion that this discussion will never end,0,Attack,B,0,1,,
734,UKIP doesn't need to win power to force the changes people want.,One Conservative MP has suggested his party consider a pact with UKIP at the next election.,1,Support,B,0,1,,
1468,but its more than we dont understand thus designed,but its more than we dont understand thus designed,0,Attack,B,0,1,,
1794,therefore your usurpation of supposed assumption of stated opinion cannot be proven or supported by evidence but is not substantial enough to answer the question specifically,what evidence is there that universal evolution doesnt exist the universe constantly changes,1,Support,B,1,0,,
375,"There's an election next month, UKIP are campaigning on the streets right now, and candidate upon candidate keeps churning out ridiculous (often racist, sexist or homophobic) views.","Mr Neville, interim chair of Youth Independence - UKIP's youth wing - has been asked to stand down after comments he made in an interview with BBC Radio 4's The World at One last month.",1,Support,B,0,1,,
1691,the scripture is silent as to which locale in the spacetime continuum the author of the account was measuring time from on the first day of creation,one thing for sure time was and continues to be passing differently in different parts of the universe,1,Support,B,1,0,,
537,"In UKIP, we have a new political force which looks likely to poll very well in a national election on thursday.","Mr Farage, speaking to the BBC's Len Tingle, said the election result represented significant progress.",1,Support,B,0,1,,
1561,genesis is very clear that the evening and the morning were the first day,carbon  is not the only method of dating used to determine the age of the universe,0,Attack,B,1,0,,
1893,so what is the difference in saying god is nothing and there is no god and god is nonexistent there is no difference all of the above statements have the same meaning,zingo he can be taught i know that there is no difference between those statements,0,Attack,B,0,1,,
1705,agreed  percent  this is my frustration with people who want to find every possible motive to discredit creationism they seem to want everyone to accept their viewpoints without question while they seemingly want to question and discredit anyone who does not see from their points of view,god created the universe therefore god created   science  ,0,Attack,B,1,0,,
1107,michael behe may be best known for his book darwins black box and to a lesser extent its sequel the edge of evolution,in his latest book edge of evolution behe attempts to define this edge by pointing to malaria as an example of a designed system in which according to behe two simultaneous mutations are required and given the estimated probabilities of  in  this may be quite unlikely,1,Support,B,1,0,,
2395,We should ban religious symbols in public buildings,Many symbols are seen as a symbol of oppression on women,1,Support,B,1,0,,
1043,i am an experimental scientist,i only need one sentence to reply to this can the   existence   of a designer be verified by the scientific method  oh it cant oh darn,0,Attack,B,1,0,,
144,"I sense that Farage is a total megalomaniac, a charlatan, someone who is in it for the attention and the glory and that in a strange way, that many UKIP voters know this but don't seem to mind.","Mr Farage, who failed in his attempt to become an MP in May, said he was the best man to lead UKIP from the front.",0,Attack,B,1,0,,
68,"On voting day, this week the vast majority of the British public will not vote for UKIP.","Mr Wheeler, who has criticised David Cameron's attitude to the EU, said UKIP's success was vital.",0,Attack,B,1,0,,
2381,i believe this question basically depends on each country for example in cyprus solar and wind seem the way to go other countries have different needs,i agree my country has got a lot of coal for example so most power plants are coal powered,1,Support,B,0,1,,
102,"If UKIP don't like being smeared, then they need to stop smearing, stigmatising, and fear mongering about others.","If UKIP has good cause to think that it should be in the TV debates and it's excluded, we will provide an alternative form of entertainment on the evening.",0,Attack,B,1,0,,
2146,you do get critized for talking about god any other god other than the christian god that is,in your own little fantasy world,0,Attack,B,1,0,,
1411,some places do seem more open to honest debate over evolution rather than just trying to brainwash kids,you are confusing mn with is a methodology with a worldview again,0,Attack,B,1,0,,
2344,when you are in your user profile and you select go to question it does not show the entire question tree,thank you for your feedback it will be fixed in the next update,1,Support,B,0,1,,
2301,i think nokia is reaching its end unless it adopts android,if windows gets their act together i do believe that nokia has one more chance at a comeback,0,Attack,B,1,0,,
527,UKIP's sole aim at the general election is to get a smallish number of MPs elected but enough to hold the balance of power and do a deal with the Tories.,"David Cameron should consider a pact with UKIP, his elections adviser has said.",1,Support,B,0,1,,
21,Support for UKIP is just growing because people are sick of the Tories and want to register protest.,Nigel Farage will tell activists at their spring conference later that the party has an appeal beyond disaffected Conservative voters.,0,Attack,B,1,0,,
864,A vote for UKIP would be a vote for a Tory-UKIP alliance that would be more right-wing than a Tory government.,He said UKIP was clearly taking a very right wing position which pandered to an obvious anti-Europeanism.,1,Support,B,0,1,,
2424,European Parliament elections should involve only one voting district all of Europe and not separate country seats,Get out the vote,1,Support,B,0,1,,
2548,We should force think tanks to reveal all of their sources for resource funding,Being subject to scrutiny discourages investors from supporting good projects,0,Attack,B,1,0,,
597,UKIP's sole aim at the general election is to get a smallish number of MPs elected but enough to hold the balance of power and do a deal with the Tories.,"He proposes a pact, in which the Conservatives would promise a referendum after 2015 and in return UKIP would not stand against Tory candidates.",1,Support,B,0,1,,
1259,secrets of the genome january   by john c,the response by the discovery institute says that the methodology for detecting design which i discuss in my first opening statement is entirely empirical and scientific,1,Support,B,0,1,,
153,"Despite their best efforts at pretending otherwise, UKIP are still widely disliked and untrusted by the majority of the population.",Mr Farage said the issue of Europe was resonating more with the British public.,0,Attack,B,1,0,,
438,"Europe is no longer fit for purpose and we'd do better to be out than in, plus save a whole load of cash.","Mr Cameron also said he did not think it would be right for Britain - or in the national interest - to leave the EU entirely, pointing out that some 50% of nation's trade was with the EU.",0,Attack,B,1,0,,
168,Beyond leaving the EU and migration what ukip have no policies!,"And, alongside that central desire to get out of the European Union, the party is now pushing a broader range of ideas, from being anti-gay marriage to pro-grammar school.",0,Attack,B,0,1,,
2298,samsung produces some great tvs since they have fantastic image quality and are full of features,i have had some bad experience with the reliability of samsung products,0,Attack,B,0,1,,
1934, i do agree that evolution is wrong in the sense that it does not explain or support our existence, evolution is most certainly wrong,1,Support,B,1,0,,
768,If anyone seriously thinks that UKIP will offer some kind of answer to our current problems then I think that they are going to be sadly disappointed.,"UKIP appears to have struck a chord with many voters on the issue of immigration, campaigning against the relaxation of working restrictions on Bulgarians and Romanians due to come into force in January.",0,Attack,B,0,1,,
2190,legality does not matter religous implications do not matter other peoples moral considerations do not matter what matters is you and what you are going to think about yourself in  years,exact to the point and beautiful,1,Support,B,0,1,,
489,"UKIP are a two trick pony, Europe and immigration that's it.",UKIP has evolved over the two decades since it was created from an anti-EU pressure group into a fully fledged party which has now proved that it can succeed beyond European elections.,0,Attack,B,1,0,,
2140,evolutionists cannot support their theory and expect you to find proof to support yours,i thought you said that you had been following the converstaion i guess you did not understand any of it,0,Attack,B,0,1,,
2162,these so called pro lifers do not care if women die because of forced pregnancies,of course they do not care being selfish is a cornerstone of who they are they think that all women are invisible,1,Support,B,0,1,,
2139,i think the bible is a great book its teachings are great but so are just about every other religion,oh really so blowing yourself and a bunch of other innocent people up in the name of allah is a great teaching,0,Attack,B,0,1,,
1440,the ncses response to id is that about  scientist dont believe in id and you shouldnt either,its not about believing in id many people have come to accept by faith the existence of a god but rather that scientists do not believe that id has much of anything to offer scientifically speaking,0,Attack,B,0,1,,
1981, scientists can present a great deal more evidence for evolution various fossils in chronological order clearly showing an evolving skeletal structure than a christian can present for intelligent design none, well as being one of the denoted tie breakers of this debating conversation topic i would like to point out that evolution is both a fact and a theory,1,Support,B,0,1,,
2501,The International Criminal Court should be recognised,The ICC offers justice to victims of war crimes,1,Support,B,0,1,,
2163,sounds great it is this aspect of our lives that the conservatives will not see but anyway more power to you and i hope that you and your partner have many long and happy years together,thank you i think we will,1,Support,B,0,1,,
1729,an appeal to one narrow religious text isnt very persuasive,i do believe the world was created in  days,0,Attack,B,1,0,,
2584,was anyone else disappointed by the ending of the movie it feels to me like there couldve been a few scenes about what happens next im no writer but i do feel this wasnt appealing at all,i felt it fit the whole narrative style,0,Attack,B,1,0,,
571,The people and media that are criticising UKIP are highlighting the genuine concerns about UKIP and their policies towards immigrants.,"UKIP appears to have struck a chord with many voters on the issue of immigration, campaigning against the relaxation of working restrictions on Bulgarians and Romanians due to come into force in January.",0,Attack,B,0,1,,
2194,i do not care much either way as long as he never walks around loose again but life in prison is going to cost the taxpayers hundreds of thousands of dollars that money could be better spent in the war on terror,that is why i say kill the bastard,1,Support,B,1,0,,
1283,well since they do not it is a true statement,while it is true that   science   and   religion   have little to do with one another that has never stopped teachers from pointing out that science refutes religion,0,Attack,B,1,0,,
2542,We should force think tanks to reveal all of their sources for resource funding,Think tanks??? power of objectivity is the best form of marketing for biased views,1,Support,B,1,0,,
1435,id is not science because it can never make a prediction that is meaningful,id is not science because it can never make a prediction that is meaningful,0,Attack,B,0,1,,
931,pvm i am sure that highlander is familiar with the  foundational works of behe and dembski  both rely on the absence of science being  able to explain a particular feature to infer design,highlanderpvm seems unaware randomness and design are mutually exclusive concepts,0,Attack,B,1,0,,
2010, granted creationism is not provable through the use of the scientific method, creationism is mythology and intelligent design is a politically based movement to secure the support of a certain segment of the population,1,Support,B,0,1,,
1149,icdesignwhat is a intelligent design and why is your example an intelligent design simple straight forward question,if something can arise spontaneously then a designer certainly isnt provenwhat is proven is that a designer is unnecessary,1,Support,B,1,0,,
935,highlanderthe exact same is true when modern science reveals an ic structure such as the flagellar motor  assembly,highlanderi am sure that highlander is familiar with the  foundational works of behe and dembskiboth rely on the absence of science being  able to explain a particular feature to infer design,1,Support,B,0,1,,
230,"Despite their best efforts at pretending otherwise, UKIP are still widely disliked and untrusted by the majority of the population.","Now, out there on main street, people realise that Europe is effecting their everyday lives and they like what UKIP are saying.",0,Attack,B,1,0,,
795,"On voting day, this week the vast majority of the British public will not vote for UKIP.",UKIP has won 42 seats so far and is averaging 26 per cent of the vote in the wards where it is standing.,0,Attack,B,1,0,,
1789,oh boy here we go again,i could argue the many reasons i dont believe in creationism but i would never be able to end my list,1,Support,B,0,1,,
293,"If UKIP do hold the balance of power and get into government, their only condition will be an in/out EU referendum.",Chancellor George Osborne has pledged to fight UKIP's unacceptable proposal on an EU referndum.,0,Attack,B,1,0,,
1158,icdesign is suddenly not interested in hearing about science anymore, what features of the complexity of the cell points to intelligent design how does the complexity of the cell point to intelligent design these are the kinds of questions you should be answering with this argument,1,Support,B,1,0,,
2332,how about a second hand clothing fashion parade and sale,maybe you could have a cake sale,1,Support,B,1,0,,
1602,if you take a basic biology course at the high school level just a reminder biology is accepted by almost all religions regarding contentthere would be a detailed explanation of how life was created by chemical compounds and reactions,if the bible is the inspired word of the infinite creator god then it must be selfauthenticating and selfattestingand it is,1,Support,B,1,0,,
1446,when i read casey luskins article he made some very good points, it seems to me that luskin is being more scientific in that he talks about a method for testing idthats ironic because luskin presents no testable id,0,Attack,B,1,0,,
17,UKIP are a joke outfit full of small-minded Neanderthals who think the 1950s are the future.,There was also embarrassment this year as MEP Godfrey Bloom resigned from the party's group in the European Parliament after being criticised for joking that a group of female UKIP members who did not clean behind their fridges were sluts.,1,Support,B,0,1,,
177,"Arguably, UKIP & co. aspire to destroy the culture created in Europe after WWII, which has been based on openness, free travel, migration and cross-geographic access to goods and labour markets.","Only 33% said they would never consider voting UKIP, with many people seemingly taken by their message.",0,Attack,B,1,0,,
186,UKIP and the Greens are the only parties to date that haven't screwed us all over.,"Some recent polls have placed UKIP, which wants the UK to leave the EU, in third place ahead of the Liberal Democrats.",1,Support,B,0,1,,
644,It is because of UKIP that we are finally discussing the European question and about immigration and thank goodness for that.,"UKIP had increased its vote by 50% in the general election and had many exciting plans for the future, he said, but it was time for a younger leader to show how liberating and enriching life would be outside the EU, saying he was confident one would emerge.",1,Support,B,1,0,,
2467,We should promote democratisation,People are safer and happier under democracy and countries who benefit from this have a duty to ensure the human rights of everyone in world,1,Support,B,0,1,,
1706,god created the universe therefore god created   science  ,once again we are attempting to split hairs over things that are beyond the frailty of the human brain,0,Attack,B,1,0,,
1328, lets see would these titles copied from the table of contents of the house of representatives report entitled intolerance and the politicization of science at the smithsonian back up you or me  ,have you read the original emails based on which the conclusions were madeyou do understand the meaning of a congressional report by the majority party dont you,0,Attack,B,1,0,,
2126,the only obsession i see is the obsession gays have in seeking acceptance for their lifestyles,you keep starting all these threads on gays called obsession,0,Attack,B,1,0,,
41,Ukip are doing well for the very simple reason folk have at last realized that they are being lied to by LibLabCon and now have somewhere else to go.,"An opposition party in the middle of a parliamentary term amid a deeply difficult economy should expect victories and plenty of them, but this is often meaningless.",0,Attack,B,1,0,,
855,The people and media that are criticising UKIP are highlighting the genuine concerns about UKIP and their policies towards immigrants.,The Bulgarian President Rosen Plevneliev has warned that Britain's immigration policy could harm its image as a great global power that pioneered integration.,1,Support,B,0,1,,
697,If there are enough Ukip votes it should frighten all the parties sufficiently to make them realise they can't just ignore the electorate.,"But Mr Farage said Mr Barroso was very very frightened of UKIP and the UKIP argument in the UK, and similar movements in other EU nations.",1,Support,B,0,1,,
1306,i asked ask yourself this simple question how does id explain the bacterial flagella it doesnt it merely calls it designed which is a placeholder for our ignorance as to how to explain the flagella,an underlying assumption of id is that intelligence is a property which we can generally understand through our observations of intelligent agents in the natural world,1,Support,B,0,1,,
943,joe argues that the design inference is disallowed and we agree to the extent that it fails to be scientifically relevant a posteriori but of course it is never disallowed a priori,joewe look at the options,0,Attack,B,1,0,,
1979, evolution is defined in wikipedia as a change in the inherited traits of a population from one generation to the next, well evolution is by far the most logical idea i have heard about where man came from,1,Support,B,0,1,,
622,UKIP is the only party that has understood the damage immigration does to the UK and its policies aim at repairing this.,"And he accused the government of burying their head in the sand over the size of the Roma community living in the UK, which he said was revealed in a recent study by Salford University.",1,Support,B,0,1,,
658,"I think Farage makes a much better leader than any of the other parties, he's full of enthusiasm and is not a PR man like the current leaders of the 3 main parties.","They will each have plenty of opportunities to publicly debate the party's performance, and to make the case against the return of Nigel Farage.",0,Attack,B,1,0,,
255,UKIP are not a single issue party anymore; UK Sovereignty is the crux of their party political platform but they've certainly expanded from that singular issue in recent years.,"We have fundamentally changed the national debate on Europe, immigration, education and I really believe that given the trajectory UKIP's on there is a real opportunity for us to get significant representation in 2015.",1,Support,B,0,1,,
911,laurie goodstein, public opinion is unimportant to whether creationism belongs in science classes  public opinion does not determine whether creationism qualifies as science,0,Attack,B,0,1,,
1698,therefore i dont have time to explore any other world viewsin other words religion is easy and science is hard,scientific evidence do you need i mean weve got writing from before  years ago evidence of mankinds making things over  years old,1,Support,B,1,0,,
2457,All nations have a right to nuclear weapons,Public acknowledgement of the right to nuclear deterrence will benefit the public regulation of nuclear weapons generally,1,Support,B,0,1,,
2442,We should fear the power of government over the internet,Internet regulation is an attempt by big interest groups to regulate the internet in their favour,1,Support,B,1,0,,
1511,it is not entirely clear to me who you are inditing for being rude so i wont attempt to defend them,i cant say i agree with too much of what zebrakin said so i wont defend him,0,Attack,B,0,1,,
1849,i think evolution is an actual truth since we are able to prove it and all,hey i feel the same way almost took the brain cells out of my head,1,Support,B,0,1,,
1617,this is my proof that he existswell your proof is a terrible waste of valuable electrons and also ridiculous nonsense,but how does the bible self authenticate the verses about four rivers coming out of eden it doesntyou must be joking,0,Attack,B,1,0,,
1902, as an archaeologist i have to say that creationism is wrong, creationism is absurd and wrong and so its fellowtraveller intelligent design,1,Support,B,0,1,,
1485,so i decided to check out the actual articles in question and much to my dismay i came to realize that this seemed to be a blatant quote out of context,after reading the points between the ncse and the discovery institute on that claim i am still skeptical of this as well,0,Attack,B,0,1,,
1094,if theres something on    evolution   news its irrelevant to intelligent design andor distorted beyond all scientific recognition,if biology leads to new design if it is viewed in that contextand it never has and never will,0,Attack,B,1,0,,
147,A vote for UKIP would be a vote for a Tory-UKIP alliance that would be more right-wing than a Tory government.,I also wasn't satisfied with some of the track records of some of the guys in UKIP.,1,Support,B,0,1,,
1321,this objection highlights one of the problems with public education the government should not be in the position of deciding what people ought to believe about science anymore than they should decide what people ought to believe about religion,your half right ,0,Attack,B,0,1,,
446,UKIP are in no way a single issue party and if Labour or the Conservatives were to give us a referendum UKIP would still have a full manifesto that would attract many voters.,"Explaining his decision to swap sides, Mr Campbell Bannerman - MEP for the East of England - said UKIP had become obsessed with single issue politics, internal fighting and shouting from the sidelines.",0,Attack,B,1,0,,
2252,what about a second hand book sale,nobody buys books anymore,0,Attack,B,1,0,,
1021,my other comment focused more on my atheist background but i wanted to respond to your scientific misconceptions,the name intelligent design is itself a hoax,1,Support,B,1,0,,
1196,it is obvious isnt it i hope not to be too snarky but the pope finally got around to admitting that galileo was correct in teaching that the earth revolved around the sun get the gravity connection,richard dawkins and victor stenger argue that the existence of a creative superintelligence or god are scientific questions,1,Support,B,1,0,,
2209,and i was not disappointed,can not be dissapointed if i know not to expect more,1,Support,B,0,1,,
1309,youre right much if not all of the claims about supernatural claimspremises of id make it invalid rest on some faulty views on what supernatural actually means,natural pertaining to or part of the observable world,0,Attack,B,0,1,,
1184,the actual limitations that creationists try to bring to light are nonsense,from a review of explore evolutioncounterclaims follow that seek to undermine the earlier conclusions including the circular reasoning of the molecular clock the potential fabrications of haeckels ontogeny recapitulates phylogeny how differing family trees are created via anatomical and molecular patterns of relationships and the meaning of gaps in fossil evidence,0,Attack,B,1,0,,
2465,We should promote democratisation,Democracy is a universal value which is not specific to western world and so should not be reserved as a privilege for those who happen to be born there,1,Support,B,0,1,,
2662,after all the attention and awards etc and an imdb rating of  i was so shocked to finally see this film and have it be so bad,i too was not too crazy about it there was too much music and not enough dialogue and very few surprises and the blood spurting was a little over the top,1,Support,B,0,1,,
436,The success Ukip had in the european elections will be sufficient to galvanise one or preferably all the other parties to rid us of the EU's political influence.,"UKIP appears to have struck a chord with many voters on the issue of immigration, campaigning against the relaxation of working restrictions on Bulgarians and Romanians due to come into force in January.",1,Support,B,0,1,,
2223,you are saying it is impossible to take marriage out of the government i have all people currently married a civil union and let people from now on get a civil union from the government and marriage from the church it really would not be that hard,i think we all could live with this,1,Support,B,0,1,,
1660,the author seems to thing there is no extrabiblical evidence of a young earth,all of those socalled evidences have been debunked by real scientists with real degrees and have true understanding of science,0,Attack,B,1,0,,
1736,first of all i have no presupposed attitude,i wish my education in biology was better im reluctant to engage creationists on   evolution   because i just dont have the knowledge,1,Support,B,,,,
1308, without a scientific definition of natural scientists cannot distinguish between natural explanations and supernatural ones,youre right much if not all of the claims about supernatural claimspremises of id make it invalid rest on some faulty views on what supernatural actually means,1,Support,B,,,,
865,"UKIP are a fairly right wing group as I'm sure will become clear when they actually produce some policies other than the ""its all the eu's"" fault.",You all think euroscepticism is a right-wing view - it is not.,0,Attack,B,,,,
1227,and one of the reasons why id appears to be lousy theology but what the heck  i am sure iders can find yet another ad hoc explanation for this,yes jim we see objects on a daily basis that were not designed,0,Attack,B,,,,
1303,i understand the ad hominem approach chosen by joe after all what is the alternative showing that id really lives up to what joe claims it isjoe gand again the design inference relies on observations data and experience,dias i explained in my fourth opening statement design can be inferred regardless of whether the designer is natural or supernatural,1,Support,B,,,,
552,UKIP are a joke outfit full of small-minded Neanderthals who think the 1950s are the future.,"UKIP appears to have struck a chord with many voters on the issue of immigration, campaigning against the relaxation of working restrictions on Bulgarians and Romanians due to come into force in January.",0,Attack,B,,,,
774,It is more likely that Tory voters would vote tactically for UKIP to keep Labour out and that means Labour are at a real disadvantage. ,It was a very comfortable win for Labour who secured over 50% of the vote.,0,Attack,B,,,,
1287,could it be that you are biased against   religion   because i hate to break it to you but   christians   believe that the world is round so does that mean you disagree your foundation should be on whether or not your point of view is provable and truthful,because i hate to break it to you but   christians   believe that the world is round so does that mean you disagreebut is a round earth inherently a christian positionalso pagans believe that the earth is round as well,0,Attack,B,,,,
862,UKIP do have more than Nigel Farage able to deal with media interviews.,It is Nigel Farage's future that will interest UKIP watchers now.,0,Attack,B,,,,
2444,We should fear the power of government over the internet,Internet governance is necessary to combat heinous crimes committed via the internet,0,Attack,B,,,,
485,"Europe is no longer fit for purpose and we'd do better to be out than in, plus save a whole load of cash.","In a separate interview with BBC Radio 5 live, he warned of the possible consequences of an in-out referendum on the UK's relationship with the EU.",0,Attack,B,,,,
1783,i find it immensely amusing when christians require proof before theyll believe in something,i agree totally with what you said cerin,0,Attack,B,,,,
424,"UKIP's position is not reasonable, but racists and proto-fascist, considering they have nothing to say about the finance capital bombing of the economy, but to put all the blame for Europe's woes onto immigration.","He debated with journalist and historian Sir Max Hastings who said Britain can't stay in Europe on any terms, but said leaving could mean the UK could find a very tough time out there.",1,Support,B,,,,
1524,teachers have no freedom to misinform and miseducate students,purelabor claims that there is no proof for either side,0,Attack,B,,,,
1916, its impossible to argue with you people, all animals share the same dna so we must be related if you look at the evidence something religious people dont do you will see that there is more evidence for it than against it,1,Support,B,,,,
2613,this movie absolutely fell flat after the discovery at the crash site was made,i actually really loved moon i was invested the entire way through,0,Attack,B,,,,
1327,tjthe government report on the issue validates the charges against the smithsonian institute, lets see would these titles copied from the table of contents of the house of representatives report entitled intolerance and the politicization of science at the smithsonian back up you or me  ,0,Attack,B,,,,
2189,you missed montys point catholics are christians i have heard that there are more than  different sects that claim to be christian including orthodox christians and various and sundry protestant sects,this is correct it is almost insulting to regard people as either a christian or catholic as this also implies that orthodox are neither,1,Support,B,,,,
64,The reason why UKIP has gained so many votes is because the main parties refuse to deal with immigration and the EU.,"Isolating Britain and damaging Britain's reputation is not the right history to write, he said.",0,Attack,B,,,,
2588,movies should be fun entertaining this movie is not waste of my time ,a candle shines brightest in the darkness corny but its true all the horrible events and surroundings only highlight the beauty of hope love humankind etc i find this film so inspirational only film to ever make me cry from happiness,0,Attack,B,,,,
1566,people tend to focus on the trees,i agree he didnt want to confuse us,0,Attack,B,0,1,,
1412,you are confusing mn with is a methodology with a worldview again,who the designer is has nothing to do with it and everyone knows that,1,Support,B,1,0,,
1057,i am confident there is a god,in fact the history of life shows a pattern of explosions where new fossil forms come into existence without any clear evolutionary precursors concurring with design theory that predicts that species might appear abruptly,0,Attack,B,1,0,,
1037,i grant your point sir,i appreciate your contributions as they provide an independent view into why so many have come to accept the scientific vacuity of id,1,Support,B,0,1,,
487,It is because of UKIP that we are finally discussing the European question and about immigration and thank goodness for that.,"Over three million jobs in this country, directly or indirectly, depend on us being in the EU, so that is a big choice.",0,Attack,B,1,0,,
1481,i appreciate that you are making attempts to answer all these issues,but i certainly do believe that nature exhibits intelligence and design not to mention beauty and love,0,Attack,B,1,0,,
2275,too thin it will not be very durable,but the used material is strong so two centimeter seems to be a good choice,0,Attack,B,1,0,,
967, pvm why would materialists impose the supernatural this just does not make sense,jumpstarti reckon well have to take your word on your christianity,0,Attack,B,1,0,,
1140,science did not design the functionality scientists observed the functionality and developed theories on how it function  how that function came about,beheif scientific merit is judged by the correspondence between theory and physical reality then the theory of intelligent design rates very strongly,1,Support,B,1,0,,
2506,The International Criminal Court should be recognised,The novel crime of aggression leads to the prosecution of those seeking to protect human rights,0,Attack,B,0,1,,
2427,European Parliament elections should involve only one voting district all of Europe and not separate country seats,This encourages Europe wide thinking,1,Support,B,0,1,,
1133,i apologize for using misleading wording,prototypic should read phenotypic,1,Support,B,0,1,,
2149,the people that already own weapons do not seem to be doing much to combat crime,well what do you expect everytime gun owners try and do anything to combat crime you liberal sissies yell and scream about vigilantism and foam at the mouth as you talk about how were taking the law into our own hands and that well be administering death sentences without trials for matters as trivial as jaywalking,0,Attack,B,1,0,,
204,If anyone seriously thinks that UKIP will offer some kind of answer to our current problems then I think that they are going to be sadly disappointed.,They might be voting for UKIP because they want to have a referendum on Europe.,0,Attack,B,1,0,,
769,"If we leave the EU we will save billions of pounds which can then be invested in our ailing national infrastructure, notably the NHS.","Mr Cameron also said he did not think it would be right for Britain - or in the national interest - to leave the EU entirely, pointing out that some 50% of nation's trade was with the EU.",0,Attack,B,1,0,,
2159,right wing abortion activists are divorced from reality,agreed your ideas are pretty cool,1,Support,B,0,1,,
1062,discovery institute quote mines mayrwhat one actually found was nothing but discontinuities,i was going to post a long reply discussing each quote in detail but i decided this was so much simpler,1,Support,B,1,0,,
805,If anyone seriously thinks that UKIP will offer some kind of answer to our current problems then I think that they are going to be sadly disappointed.,"More people were considering voting for UKIP at a general election than ever before, he suggested, and this current poll surge was different from previous spikes in support which were linked to European elections.",0,Attack,B,1,0,,
1239,as a final blow to the discovery institutes attempts to get intelligent design into the catholic door the church announced an evolution congress which failed to invited creationists and intelligent design   httpwww,for years now the intelligent design proponents and the discovery institute have been working the catholic angle getting some of its cardinals into trouble,1,Support,B,0,1,,
696,UKIP is the only party that has understood the damage immigration does to the UK and its policies aim at repairing this.,The number of immigrants arriving in the country remained virtually unaltered over the period.,0,Attack,B,1,0,,
625,"UKIP is not an isolated phenomenon: France has Le Pen, Germany has AfD, and all of these have in common that they are nationalist, anti-European, and more right than mainstream conservative parties.",He said UKIP was clearly taking a very right wing position which pandered to an obvious anti-Europeanism.,1,Support,B,0,1,,
2193,faced with an increasingly vocal populace that is questioning evolution museums across the united states have begun training their staff and volunteers to become better proponents of evolution while tripping up irrational supporters of the bibles history of earth,damn straight it is irrational,1,Support,B,0,1,,
1185,from a review of explore evolutioncounterclaims follow that seek to undermine the earlier conclusions including the circular reasoning of the molecular clock the potential fabrications of haeckels ontogeny recapitulates phylogeny how differing family trees are created via anatomical and molecular patterns of relationships and the meaning of gaps in fossil evidence,ac grayling responds to steve fullers defence of his book dissent over descent,1,Support,B,0,1,,
113,It is because of UKIP that we are finally discussing the European question and about immigration and thank goodness for that.,Following UKIP's pressure the government committed itself to holding a comprehensive and detailed review of the extent of EU powers and their impact on the UK in its 2010 coalition agreement.,1,Support,B,0,1,,
885, creationism is not scientifically testable, evolution is an observable fact  while creationists often attempt to describe evolution as merely a theory this is not exactly the case,1,Support,B,0,1,,
1679,if the sevenday week is relevant shouldnt the names of the days be relevant as well specifically the days named after pagan godsodins day thors day freyas day etc,human beings added names to the days of week they were originally and simply numbers,0,Attack,B,1,0,,
1020,with belief,my other comment focused more on my atheist background but i wanted to respond to your scientific misconceptions,0,Attack,B,0,1,,
747,"Arguably, UKIP & co. aspire to destroy the culture created in Europe after WWII, which has been based on openness, free travel, migration and cross-geographic access to goods and labour markets.","He said the UK should quit the EU, with the referendum being moved forward.",0,Attack,B,0,1,,
632,UKIP is a vessel through which a protest is being delivered. ,He argued that his party was on a journey from a party of protest to a party of government.,0,Attack,B,1,0,,
1948, i believe evolution is correct and whats up with this lack of understanding that evolution is a sloooooooow process       with the making everything is  days and resting on the seventh  which conveniently happens to be a week, i believe its right,1,Support,B,0,1,,
1542,to start with with i think the wikipedia page  httpen, and the lord god formed man of the dust of the ground and breathed into his nostrils the breath of life and man became a living soul,1,Support,B,0,1,,
2274,the wall thickness x should be five millimeter,thickness on a continued section should be as uniform as possible,0,Attack,B,0,1,,
1725,if the   bible   is to be taken literally then wouldnt a literal interpretation include a literal interpretation of genesis,by supporting the idea that the bible stands or falls on a  day creation you have proven dr,1,Support,B,1,0,,
1114,in fact behes claim is either tautological or it is wrong,and one still wonders why id is considered to be scientifically vacuous by so many people including many christians,1,Support,B,0,1,,
867,"On voting day, this week the vast majority of the British public will not vote for UKIP.",He said people voted for UKIP because they were offering policy solutions and common sense ideas.,0,Attack,B,1,0,,
2030, go read on the origin of species, if you wanted to start an actual debate you should have said there is no convincing evidence,1,Support,B,1,0,,
573,UKIP are not a single issue party anymore; UK Sovereignty is the crux of their party political platform but they've certainly expanded from that singular issue in recent years.,"UKIP are certainly trying to professionalise, to move away from its more amateurish origins.",1,Support,B,0,1,,
950,as i said earlier experience demonstrates that it matters a great deal to an investigation whether or not that which is being investigated occurred via agency involvement or by nature operating freely,we dont know but we do know a designer wasnt involved,0,Attack,B,1,0,,
972,if you are going to comment on something in   science   you need to back it up with actual data,first i believe that religion is manmade as are christ buddha mohammed et al,0,Attack,B,0,1,,
1360,bowmanmore on the aclus rubber stamped ruling by a practicing attorneynothing wrong with quoting from a well argued submission by the aclubowmanthat said none of this relates to the id ruling since the board members were not id advocates except perhaps superficially,nothing wrong with quoting from a well argued submission by the aclu,0,Attack,B,0,1,,
