orig_idx,arg1,arg2,support [true value],support_label,strategy,pred_attack,pred_support,pred_neither,pred_relevance
1698,therefore i dont have time to explore any other world viewsin other words religion is easy and science is hard,scientific evidence do you need i mean weve got writing from before  years ago evidence of mankinds making things over  years old,1,Support,A,1,,,
918,island statesyou pretend like the appearance doesnt beg a real scientific question because you are overreacting to your perceived motivation of idists but not because you are thinking like an honest scientist would,you are missing the point the ad hominem is not that i did not understand your argument i can see why given your limited exposure to id you may have come to that conclusion,1,Support,A,1,,,
148,UKIP are in no way a single issue party and if Labour or the Conservatives were to give us a referendum UKIP would still have a full manifesto that would attract many voters.,"UK Independence Party leader Nigel Farage has launched his party's local election manifesto, saying it is far more than just a call for a referndum.",1,Support,A,0,,,
2295,despite its price the ipad is still my favourite,you can get any other tablet for much less that has the same features,0,Attack,A,1,,,
479,"Ukip has British values, wants to get British industry kick started back to the fore front again, become more self-sufficient.",Former Europe Minister Denis MacShane said the EU was Britain's biggest trading partner.,0,Attack,A,0,,,
1870,mutation and natural selection are the two driving forces behind evolution,the bacteria mutated,0,Attack,A,1,,,
599,"In UKIP, we have a new political force which looks likely to poll very well in a national election on thursday.","Since then, UKIP's fortunes have improved and it recorded its best performance in a parliamentary by-election in Rotherham in December.",1,Support,A,0,,,
2530,US intervention in Libya lacking congressional approval was illegal,The intervention was necessary in order to protect US interests in the region,0,Attack,A,1,,,
904,attempts to teach the creationismevolution controversy to students are disingenuous promotions of activist christians,teaching creationism is comparable to teaching flat earthism,1,Support,A,1,,,
866,UKIP are in no way a single issue party and if Labour or the Conservatives were to give us a referendum UKIP would still have a full manifesto that would attract many voters.,Mr Farage has successfully broadened UKIP's appeal away from Europe.,1,Support,A,0,,,
2425,European Parliament elections should involve only one voting district all of Europe and not separate country seats,There would be much more choice,1,Support,A,0,,,
2579,everything about this was perfect i cried so hard when i watched it,the movie was perfect many people complain because they compare it to the novel and say it couldve been better but by that logic the novel is poor as anything could have been better the movie on its own is incredible,1,Support,A,0,,,
982,psyop asks rhetorically if the universe is expanding what happens when that expansion ceases first of all the expansion of our universe is an observed fact,the expansion of the universe is biblically supported,0,Attack,A,1,,,
1657,it is consistent but,science is based on what can be observed  tested,0,Attack,A,1,,,
451,If there are enough Ukip votes it should frighten all the parties sufficiently to make them realise they can't just ignore the electorate.,"The Tory leadership is running scared of its backbenchers by offering to renegotiate the UK's relationship with Brussels, he said in the Observer.",1,Support,A,0,,,
1724,july  william jennings bryan the leading fundamentalist in america was questioned by clarence darrow on the accuracy of the bible,if the   bible   is to be taken literally then wouldnt a literal interpretation include a literal interpretation of genesis,1,Support,A,1,,,
1973, no scientist can give strong evidence to support evolution      your dishonesty and ignorance of science proves you are not fit to even ask the question, theres really no way yet to prove it but the precedence of the evolution of all other species including our own has led to a conclusion that we most likely came from something else,1,Support,A,1,,,
2617,did anybody else find the twist a bit silly i did it was shocking and unexpected alright but also so random ,i dont know how anyone can watch this movie and not understand the mastery of revenge they had just witnessed it couldnt have been more perfect,0,Attack,A,1,,,
614,"The problem with popularism but no substance, like UKIP represent, is that it just results in things getting worse and worse.","UKIP, which has called for withdrawal from the European Union and greater restrictions on immigration, has seen improved poll ratings this year.",0,Attack,A,1,,,
406,"I suspect that even if political parties addressed many of the concerns that UKIP raise, it wouldn't make any difference - the UKIP voter would still find something about modern Britain objectionable.",But Mr Farage said he believed the number of Tory MPs committed to EU withdrawal was really rather small and those that were should consider whether they were in the right party.,0,Attack,A,1,,,
2505,The International Criminal Court should be recognised,The ICC has too much authority,0,Attack,A,1,,,
2268,suits is the best,suits is good but certainly not the best characters are pretty cool but plot and dialogue can be a bit cheesy sometimes unless dwight is a senior partner,0,Attack,A,1,,,
517,UKIP are not a single issue party anymore; UK Sovereignty is the crux of their party political platform but they've certainly expanded from that singular issue in recent years.,UKIP has evolved over the two decades since it was created from an anti-EU pressure group into a fully fledged party which has now proved that it can succeed beyond European elections.,1,Support,A,0,,,
1187,i agree  one of the main purposes of science is to discover truth or should be anyway,seems to me like dawkins and weinberg were claiming that there is no evidence for design at least according to richards,0,Attack,A,0,,,
884, teaching creationism is dangerous to science and reason  if a theory that does not follow the scientific method is taught in schools as science science and reasoning will be undermined, creationism is not scientifically testable,1,Support,A,0,,,
2475,We should create a United Nations standing army,A United Nations standing army is simply impossible to form,0,Attack,A,1,,,
1025,the response to my comment id contradicts itself is a series of peculiarly unclear assertions,guided by a larger force,0,Attack,A,0,,,
1631,answers in genesis avoids doing the one thing that might actually lead them to understand the biblical text studying genuine uptodate biblical scholarship that reflects a genuine desire to understand the text rather than impose ones predetermined conclusions on it,i would like your oppinion of my remarks    httpwww,1,Support,A,0,,,
1603,if the bible is the inspired word of the infinite creator god then it must be selfauthenticating and selfattestingand it is,i dont care how many times you say it,1,Support,A,1,,,
2627,as far as acting and cinematography go this film was great but the content and plot were horrible,yes this movie was pretty bad,1,Support,A,1,,,
619,UKIP are the only party willing to have a sensible open debate on the key issues affecting the country. ,"Conservative party vice chairman Michael Fabricant said the party had struggled to present a distinctive message during the Eastleigh election, saying UKIP had managed to connect with traditional blue-collar Tory voters on issues such as crime and immigration in a way the Conservatives had not.",1,Support,A,0,,,
2404,I prefer trade to aid,Financial contributions from the West have proved detrimental for Africa,1,Support,A,1,,,
1532,i know this sounds crazy but in a weird way im honored to get a response from you,the full drafts were all entered as evidential exhibits with the court and are on file there,0,Attack,A,0,,,
1804,it doesnt need to be proven as there is no underlying math in physics there is,ive studied a lot of biology and to me evolution has indeed been proved,1,Support,A,1,,,
1782,she said shes never seen an ape evolve into a human,i find it immensely amusing when christians require proof before theyll believe in something,1,Support,A,1,,,
295,I suspect when people do start to focus and the election is close UKIPs incoherent policies will be exposed.,"UKIP appears to have struck a chord with many voters on the issue of immigration, campaigning against the relaxation of working restrictions on Bulgarians and Romanians due to come into force in January.",0,Attack,A,1,,,
1127,because   science   as we know it today can only answer one of them,why not what qualities does the designers have that make them beyond studynot being able to directly observe it,0,Attack,A,1,,,
1183,i dont think anyone who feels limitations should be brought to light about a theory is a   creationist  ,the actual limitations that creationists try to bring to light are nonsense,0,Attack,A,1,,,
1323,the di is quick to argue that jones overstepped its bound by declaring id not be scientific even though both the plaintiffs and the defendants insisted that the judge address this because the existence of a valid secular purpose which is not a sham is an important aspect in determining if something is unconstitutionaljudge jonesdefendants presented no convincing evidence that they were motived by any valid secular purposealthough defendants attempt to persuade this court that each board member who voted for the biology curriculum change did so for the secular purposed of improving science education and to exercise critical thinking skills their contentions are simply irreconcilable with the record evidence,for goodness sakes guys very few people are advocating the mandatory teaching of id in schools,0,Attack,A,0,,,
2655,i turned this movie off halfway through because i was bored out of my skull then i come here and its got a high rating granted its got a good storyline good acting nice cinematography but somehow still managed to bore me to tears,have to agree brian theres a whole half hour of boring as he goes across the expanse of the desert that could be edited out,1,Support,A,0,,,
885, creationism is not scientifically testable, evolution is an observable fact  while creationists often attempt to describe evolution as merely a theory this is not exactly the case,1,Support,A,1,,,
423,"Any of the ""working class"" who believe UKIP will represent them have not read a UKIP manifesto!",Olly Neville said that if UKIP wanted to make a real difference it is by representing the people in Westminster politics.,0,Attack,A,0,,,
2663,after all the attention and awards etc and an imdb rating of  i was so shocked to finally see this film and have it be so bad,i liked it but i did find it quite underwhelming,1,Support,A,0,,,
2162,these so called pro lifers do not care if women die because of forced pregnancies,of course they do not care being selfish is a cornerstone of who they are they think that all women are invisible,1,Support,A,0,,,
2022, people like you should be banned from this website, there is positive evidence against macroevolution,0,Attack,A,0,,,
411,"As far as immigration is concerned all Ukip want is a level playing field for non EU migrants and to control the numbers so, if anything, Ukip are too soft on immigration.","It is a simple, understandable message, which has led to the party gaining bigger shares of the votes in European elections.",1,Support,A,0,,,
387,It is because of UKIP that we are finally discussing the European question and about immigration and thank goodness for that.,"It is doing the country serious damage because there are large numbers of potential investors in the UK who would bring employment here, who are being warned off because of the uncertainty all of this is creating.",0,Attack,A,1,,,
2220,fearmongering is what that is called,uh yeah that was their intent under color of law no less,1,Support,A,0,,,
1787,i have never seen an ape evolve into a human and although i have never seen god that makes more sense than evolution,correction its an ancestor of both chimpanzees and humans,1,Support,A,1,,,
858,UKIP are asking the questions that haven't been asked by the opposition or the media.,"It is a simple, understandable message, which has led to the party gaining bigger shares of the votes in European elections.",1,Support,A,0,,,
1644,it has been translated for about six thousand years,it has been translated for about six thousand years,0,Attack,A,0,,,
2463,We should promote democratisation,Democracies are more peaceful countries both domestically and internationally and so it is in our interests to promote it worldwide,1,Support,A,0,,,
2515,I believe that opinion polls harm the democratic process,Tactical voting is legitimate within the democratic process,0,Attack,A,0,,,
1026,guided by a larger force,just look around,0,Attack,A,1,,,
1544,if it is then only a malicious god would tell it out of order use terms we cannot understand or have other traps while holding us to its words,the order of events in genesis i agree with   science  ,1,Support,A,1,,,
1343,tji dont believe the  similarity in the aclus submission and the judges analysis was a lucky or freak coincidence im illinformed because i think he copied it rightyou seem to be ill informed about both the extent as well as the relevance of this so called copying,this is one of the things wesley cites to bolster his case  httpvangogh,0,Attack,A,1,,,
448,"UKIP is not at all taking into account the financial effects of their only real policy, leaving the EU.","The charge put by its deputy leader David Campbell Bannerman when he defected to the Conservatives in the wake of the May elections was that UKIP remained, at heart, a single issue pressure group.",1,Support,A,0,,,
46,"The momentum is definitely with UKIP at the moment, hopefully that will continue with the up and coming by-elections.",Mr Farron said he was expecting it to be a tough fight but said UKIP was determined to win.,1,Support,A,0,,,
1279,nobody ever said that natural selection was random,the random comes in when particles of rna that came out of the primordial ooze aligned by chance in such a way to produce a singlecelled organism,0,Attack,A,1,,,
1933, there are lots of proofs that show evolution is not at all a proper scientific law which can give a perfect explanation to human appearance, i do agree that evolution is wrong in the sense that it does not explain or support our existence,1,Support,A,0,,,
784,People are not voting for UKIP because of immigration propaganda but because of their direct experience of immigration.,"Meanwhile, the Bulgarian President Rosen Plevneliev has warned that Britain's immigration policy could harm its image as a great global power that pioneered integration.",0,Attack,A,0,,,
1922, the one that suits its current environment surveys and grow up to breed, evolution is an embarrassment to science,0,Attack,A,1,,,
1518,just because id claims that it is scientifically relevant and in fact can lead to affect research directions does not mean that their claims are accurate and truthful especially given the simple fact that in the last  years id has failed to show much of any example that supports their claims,it is entirely misleading to imply that academic freedom is gives license to present nonscience like idthese academic freedom bills which typically work in conjunction with the science standards are written to strictly prohibit the teaching of religion creationism creation science creation facts and id,1,Support,A,1,,,
624,"Ukip is the only party advocating withdrawal from the failing EU, a sensible idea for a lot of people!",Amjad Bashir was responding to comments on Wednesday's Daily Politics from ex-deputy PM Lord Heseltine that UKIP was a racist party.,0,Attack,A,1,,,
2340,lots and lots of things to see i loved the kitchens at the royal palace the egyptian museum and the museum of cinema such a variety of things to see,sounds lovely,1,Support,A,0,,,
488,"If UKIP don't like being smeared, then they need to stop smearing, stigmatising, and fear mongering about others.",It comes two weeks after she accused the UKIP leader of bullying and being anti-women and a Stalinist and threatened to leave the party.,1,Support,A,1,,,
152,"I and many others will be voting UKIP not because of a handful of people that have said stupid things, it will be because I identify and agree with their overarching principles.",Nigel Farage and UKIP are the last best hope for Britain.,1,Support,A,0,,,
2510,I believe that opinion polls harm the democratic process,Opinion polls can lead to tactical voting which may have unintended outcomes,1,Support,A,0,,,
1865,ok,evolution has basically been proven there is no evidence for the biblical story common claims made by evolutionists,0,Attack,A,0,,,
1667,does the bible state that the world was created in six days,what do you think,0,Attack,A,0,,,
2424,European Parliament elections should involve only one voting district all of Europe and not separate country seats,Get out the vote,1,Support,A,0,,,
1378,unfortunately for them they have failed,why should i waste more than  seconds attempting to communicate with an ignoramusthere is a wonderful world wide web out there with a lot of substance,0,Attack,A,1,,,
1652,everything i say is correct regardless of logic or evidence that attempts to prove me wrong,while aig tries to defend genesis with the weakest possible argument answers in creation explain genesis i in a way that gives it a literal interpretation that is still in line with   science  ,1,Support,A,1,,,
1720,just curious but what does the types of rock have to with ex nihilo,the young earth creationist dogma demands that the obvious features of the earths geology can not exist,0,Attack,A,1,,,
2521,We should negotiate with terrorists,Negotiation isolates those who are only interested in violence,1,Support,A,1,,,
1888,its called the theory of evolution for a reason,ignorance of terminology,0,Attack,A,1,,,
1734,if scientific inquiry has shown conclusively that genesis is at best allegorical then christians should reconsider beliefs that presume a historical interpretation of eden,doctrines such as original sin substitutionary atonement and the trinity are very well described in the bible,0,Attack,A,1,,,
2020, nope just the opposite, its not falling apart its evolving as new data arrives,1,Support,A,1,,,
1235,btw you people continue to ignore the fact that natural processes cannot account for the origins of nature because natural processes only exist in nature,jaywhat makes you qualify as a design theorist  please be specific,1,Support,A,1,,,
1696,your argument breaks down if your audience rejects the notion that adam was created ex nihilo with the appearance of age,with all due respects here is my bottom line though i run the risk of being arrogan and closedminded i only write for the judeochristian world view,0,Attack,A,1,,,
2651,oh no ive seen the whole movie multiple times definitely a film i wont get tired of any time soon,yeah this is a definite rewatchable film really heavy but never boring and i for one would love to know the answer to arthur burns last question,1,Support,A,0,,,
0,I think a lot of UKIP supporters would be outraged if one of the consequences of leaving the EU was to price them out of buying virtually any of today's niceties.,"UKIP used to be a protest vote, he explained, but now we are now talking about how Britain should be governed and how we can help all British people.",0,Attack,A,1,,,
2143,by gun nut logic children should be able to tote guns around at school because it will not make a difference because if they really wanted to kill each other they will just find another way to do it if they do not got guns because you know what guns do not kill people people kill people,you know brady you have said a lot of stupid stuff over the years i even remember finding a post of yours where you said all guns and gun owners should be registered but sex offenders should not be this latest post of yours is just another senseless and stupid rambling of somebody that is so hateful and fearful of an inanimate object that its impossible for him to function in our society and can barely handle his own needs,0,Attack,A,1,,,
1600,is god all powerful no because he gave that up when he gave mankind free will,so if god is not all powerful and all knowing then god is fallible,1,Support,A,0,,,
571,The people and media that are criticising UKIP are highlighting the genuine concerns about UKIP and their policies towards immigrants.,"UKIP appears to have struck a chord with many voters on the issue of immigration, campaigning against the relaxation of working restrictions on Bulgarians and Romanians due to come into force in January.",0,Attack,A,0,,,
450,"I think Farage makes a much better leader than any of the other parties, he's full of enthusiasm and is not a PR man like the current leaders of the 3 main parties.",But Dr North does have other reservations about Nigel Farage - including what he sees as his lack of political acumen.,0,Attack,A,1,,,
1497,you mean you accepted the attempt to reconcile the early drafts while ignoring the facts sadly you seem to have fallen victim of di propaganda,nothing in the early drafts state that the creator was specifically god or anything supernatural something the di is already emphasizing on this site,0,Attack,A,1,,,
1513,the reason for the existence of the second amendment is to prevent religious people from being denied the opportunity to practice their religion,oopsie,1,Support,A,1,,,
1236,jaywhat makes you qualify as a design theorist  please be specific,why are you claiming one designer theres just as much evidence for a pantheon as there is a monotheistic god but you have the prior assumption the designer is your god and automatically rule them out when you say the designer,1,Support,A,1,,,
716,"UKIP's position is not reasonable, but racists and proto-fascist, considering they have nothing to say about the finance capital bombing of the economy, but to put all the blame for Europe's woes onto immigration.","There needs to be a clearer narrative on immigration, stressing not only the need to restrict numbers, but also to determine which individuals, with what skills, enter our country, he said.",0,Attack,A,0,,,
1859,this is why i have my doubts about id too but the main premise of it which is why i accept it as probable is still very rational,and i guess those differences bring us right back to the atheist vs,1,Support,A,0,,,
3,The success Ukip had in the european elections will be sufficient to galvanise one or preferably all the other parties to rid us of the EU's political influence.,UKIP's presence this time around isn't lost on any of its rivals.,1,Support,A,0,,,
1488,jon buell the president of the foundation for thought and ethics testified in court enjoyby mr,you still have yet to provide any passages within pandas which state that god is directly implicated saying that the fte is religious therefore so is pandas,0,Attack,A,1,,,
2207,im prochoice but to say that having an abortion should not or will not effect either parent is callous you will most likely at minimum wonder regretfully what could have been choice in abortion is not a small choice like whether to wear a blue or black suit and should not be,could not agree more,1,Support,A,0,,,
910,preventing creationism to be taught is not violating freedom of religion,laurie goodstein,0,Attack,A,0,,,
1822,to say that evolution has been scientifically proved would require that it be first studied then determined scientifically,no but i do call into question the nature of your uncertainty,1,Support,A,1,,,
998,id is offered as an explanation for the complexity of life on earth which according to id proponents cannot be explained by random chance and survival of the fittest,on pandasthumb nick matzke whose contributions to dover v kitzmiller were instrumental in the stunning defeat of intelligent design and whose contributions to exposing the fallacies in behes arguments as well as the extent of ignorance of science amongst id proponents has caused much concern amongst id proponents so much that in general they have chosen to pretend in a typical creationist fashion that matzkes arguments do not exist,1,Support,A,1,,,
836,It is because of UKIP that we are finally discussing the European question and about immigration and thank goodness for that.,I believe that what UKIP is doing is vital for this country.,1,Support,A,0,,,
2366,the nexus  has everything fast processor big screen and the latest version of android,definitely better than a shiny iphone,1,Support,A,0,,,
834,A strong UKIP vote suggests there's a lot of the British public who aren't on board with the current set-up.,"Over three million jobs in this country, directly or indirectly, depend on us being in the EU, so that is a big choice.",0,Attack,A,1,,,
1481,i appreciate that you are making attempts to answer all these issues,but i certainly do believe that nature exhibits intelligence and design not to mention beauty and love,0,Attack,A,0,,,
1741,because you cant imagine a reason why both chimps and humans have a chunk of dna that has the same viral code doesnt mean its   evolution  ,this is not a proof of   evolution   from chimps,0,Attack,A,0,,,
774,It is more likely that Tory voters would vote tactically for UKIP to keep Labour out and that means Labour are at a real disadvantage. ,It was a very comfortable win for Labour who secured over 50% of the vote.,0,Attack,A,1,,,
330,"If UKIP want to retain these voters and attract more in a general election then they need to come up with policies other than ""leave the EU"" and ""its all the immigrants fault"".",There's more to UKIP than our policy of wanting to withdraw from the European Union and we will show that.,0,Attack,A,1,,,
2296,you can get any other tablet for much less that has the same features ,one may argue that there are enough apple only apps justify the apple price,0,Attack,A,1,,,
1092,i assert that they have been heard and their arguments have been refuted and thus they are legitimately ignored until they come up with some actual scientific evidence and arguments,if theres something on    evolution    news its irrelevant to intelligent design andor distorted beyond all scientific recognition,0,Attack,A,1,,,
43,The current smear strategy against UKIP is not pulling people back but pushing them towards UKIP and if this carries on then things are going to be a lot tighter by the time the general election comes.,"Many opinion polls suggest UKIP opinions are mainstream, at just the same time that UKIP's big beef, the EU, and it's take on it, getting out, has arguably never been more prominent or more fashionable.",1,Support,A,0,,,
1945, yes the theory of evolution is wrong it got popular when darwin wrote the book the origin of species but later on many scientists proved from several experiments that it is an incorrect theory, there is no scientist can give strong evidence to support evolution,0,Attack,A,0,,,
1353,when the supreme court formulated valid secular purpose which is not a sham the court unlikely believed that any future unstated secular purpose would be sufficient for something to pass this requirement,discovery institute amicus curiae briedvalid secular purposes for teaching students about the theory of intelligent design include   informing students about competing theories of biological origins as  they exist within the scientific communitythere are no competing theories of biological origins certainly id provides none  helping students to better understand neodarwinism by  understanding a theory with which it competesagain there is no competing theory of id,1,Support,A,1,,,
1093,if theres something on    evolution    news its irrelevant to intelligent design andor distorted beyond all scientific recognition,if theres something on    evolution   news its irrelevant to intelligent design andor distorted beyond all scientific recognition,0,Attack,A,0,,,
1675,the earth is not billions of years old because that would mean your ancient holy book and everything you believe in would be wrongim sorry but this took serious cahones to write as a defense of your beliefs,all aig is showing is that the author of one part of the bible took the author of another part of the bible literally not that either one knew what they were talking about,1,Support,A,0,,,
1496,i changed my mind and felt somewhat angry when i realized just what those early drafts meantyou mean you accepted the attempt to reconcile the early drafts while ignoring the facts sadly you seem to have fallen victim of di propaganda,you mean you accepted the attempt to reconcile the early drafts while ignoring the facts sadly you seem to have fallen victim of di propaganda,0,Attack,A,0,,,
923,i understand why id proponents would like to embrace newton and others as relevant to id,archfilejockey quoted kent hovind as saying asking an atheist why he cant find god is like asking a thief why he cant find a police officer,1,Support,A,0,,,
240,"If UKIP want to retain these voters and attract more in a general election then they need to come up with policies other than ""leave the EU"" and ""its all the immigrants fault"".","Natalie Bennett spoke about UKIP polices for the Green Belt, Trident, defence the and economy, with Andrew Neil on the Daily Politics while campaigning in the West Midlands.",0,Attack,A,1,,,
2069,the story of the literal genesis is only rejected by those who are not looking to the absolute truth found in god almighty,a literal reading of genesis is rejected by every major sect of christianity what kind of a looks at a bat and then claims that it is a bird because it says so in the holy bible,0,Attack,A,1,,,
1256,may as well get to work on it,landonevolutionary science may have progressed but it has not explained the evolution of man or history,1,Support,A,0,,,
2138,yes i believe in a young earth however at the end of the creation week it was fully mature i can easily see why men can say it looks old,but because your book of mythology tells you about a week of creation you prefer that because it requires less thought to examining reality,0,Attack,A,1,,,
2599,rarely have i watched and rewatched a movie with such spectacular cinematography,loved the blood splatter on the camera too gave it that feel of being right there with a war correspondent the timing of everything was incredible,1,Support,A,0,,,
1642,all this is hard to understand,as i stated above i believe neither side,0,Attack,A,0,,,
204,If anyone seriously thinks that UKIP will offer some kind of answer to our current problems then I think that they are going to be sadly disappointed.,They might be voting for UKIP because they want to have a referendum on Europe.,0,Attack,A,1,,,
2316,no it did not a lot of bits were too far fetched and the whole story was very americanized,it was indeed a bit tacky at times,1,Support,A,0,,,
959,science is about how things work,good point but as an evolutionary biologist i find that not entirely true,0,Attack,A,1,,,
1191,anybody that thinks there is currently a healthy scientific debate over intelligent design has missed the history of the last  years,theology it says in his profile,1,Support,A,0,,,
2114,biomorphs are an embarrassing attempt to explain just how a complex structure such as an eye might come about by gradual mutations except they only do this by fooling you into believing the program mimics a natural possibility when it can not not when you are running the program and interfering at will,no they are not you quote a web site that is not dawkins interpretations of biomorphs and suggest that the web sites interpretation is what dawkins created biomorphs for,0,Attack,A,1,,,
1640,there is much scientific evidence to proof it its just that you wouldnt believe it anyway,i do not believe in science,0,Attack,A,1,,,
557,UKIP are a joke outfit full of small-minded Neanderthals who think the 1950s are the future.,Mr Farage has successfully broadened UKIP's appeal away from Europe.,0,Attack,A,1,,,
1298,by the very nature of its approach intelligent design cannot be satisfied with a designer who is part of the natural world,bowmanid addresses evidences for designed structures mechanisms and synergistic systems in biology,0,Attack,A,1,,,
1616,god is not physical except as christ  a christian true believers,this is my proof that he existswell your proof is a terrible waste of valuable electrons and also ridiculous nonsense,0,Attack,A,1,,,
1203,the wmap data does not indicate we are at the center of the universe nor does the goldilock enigma really predict such,we must be prepared to take account  of the fact that our location in the universe is necessarily privileged to the extent of being compatible with our existence as observersand even that formulation has been taken apart by rudolf haller in his book nonexistence and predicationunderstanding is the first step towards formulating a workable hypothesis and popularization thereof,1,Support,A,1,,,
2073,with all the debt obama has generated for our nation he deserves to be filibustered into the ground ,which planet in your parallel uni haverse did this happen on you should stick to topics on which you know something,0,Attack,A,1,,,
1671,but who could it be  is it you or me  or maybe the buddhists,is it me or is it you only time will tell,0,Attack,A,0,,,
1546,certainly there is value in the documents from which human culture has derived the christian bible the value of which is to be determined individually by the reader,how can anyone believe that the human race began with just one pair adam and eve and refuse to face the logical consequence that the human race would have to have with brothersister incest  if god wanted to start the human race with just one pair of biological ancestors then he must have ordained incestuous marriage for at least the first generation of humans,1,Support,A,1,,,
827,UKIP is the only party that has understood the damage immigration does to the UK and its policies aim at repairing this.,"His comments come as a poll suggests that 56% of people want major curbs on immigration,",1,Support,A,0,,,
617,UKIP and the Greens are the only parties to date that haven't screwed us all over.,UKIP say it proves their message is cutting through regularly.,1,Support,A,0,,,
1961, we have similar dna to a cabbage is that just because god was having a good joke with his angel mates, evolution is true im a christian but im not in denial adam and eve is a load of sh   its probably meant to be symbolic and easy to understand for the people of the day remember that was over  years ago,1,Support,A,1,,,
656,UKIP are the only party willing to have a sensible open debate on the key issues affecting the country. ,"I believe that what UKIP is doing is vital for this country, and of course the party's financial management is crucial.",1,Support,A,0,,,
2128,if you are this closeminded impervious to logic and show this much delight in ignorance at your tender age can you imagine how much more insufferable you will be when you grow up,you throw personal insults more than i do so when will you grow up,0,Attack,A,1,,,
1046,theories are not supported by finding confirming evidence only,ufcarazy although it is clear that id has led to some successful predictionsreally  what predictions has id made  and along those lines how exactly would id be falsifiable  without valid answers to these two questions it does not even begin to qualify as   science  ,0,Attack,A,1,,,
2202,no biggy i am happy though that you did take more than reasonable precautions to prevent pregnancy in the first place,yep that is someting that many pro lifers also never take into account,1,Support,A,1,,,
1324,for goodness sakes guys very few people are advocating the mandatory teaching of id in schools,tjlook what happened to richard stenburg when he had the courage to allow an id piece get published scientists and his peers jumped all over him,0,Attack,A,0,,,
1608,you cant use the bible to prove the bible thus that is an invalid argument,the argument youre making would make sense if we could all just go up to god and ask hey is this true and god could give his answer directly to anyone who asked,1,Support,A,0,,,
201,"If UKIP have a good general election and manage to take a few seats then that can only benefit Labour, because all of the seats that UKIP can possibly, conceivably win - well they are all Tory seats.","But as politicians and the public become more used to devolved government, Giles Dilnot looks at the rise of other parties and UKIP looking to enter NI politics.",1,Support,A,1,,,
1788,correction its an ancestor of both chimpanzees and humans,oh boy here we go again,1,Support,A,0,,,
1402,caseyas evidence that teaching id promotes religion auscs claims that phillip johnson the socalled father of intelligent design once told a religious audience that his goal is to use id to instill doubt about evolution in peoples minds and then introduce them to the truth of jesus christ,good arguments are worth far more than vehement objections,1,Support,A,0,,,
1855,id doesnt undermine evolution,id does undermine evolution because supporters of id wish to put a sticker in every textbook that says something along the lines of evolution is just a theory,1,Support,A,1,,,
903,teaching creationism is in no way akin to child abuse,attempts to teach the creationismevolution controversy to students are disingenuous promotions of activist christians,0,Attack,A,1,,,
2392,the best way to protect Scottish interests in the EU is to vote for independence,Scottish independence might be a faster route out of the EU than a referendum,0,Attack,A,0,,,
106,"I voted Tory for 30 years and started supporting UKIP because I want a sovereign, democratic , well governed Britain with Britain put first and its getting clearer by the day that the old Liblabcon parties will not do that.","Former UKIP deputy leader David Campbell Bannerman defected to the Tories soon after, expressing concerns about the party's direction.",0,Attack,A,0,,,
1219,the argument always had intuitive plausibility,you gave  claims of intelligent design intelligent agents sometimes leave traces of their activity behind like fingerprints on evidence,0,Attack,A,0,,,
363,"I don't think most people realise the benefits of free trade at all, and UKIP capitalise on peoples ignorance of the benefits of free trade as much as they can.","Mr Farage was challenged on a number of issues - including the party's attitude towards climate change, maternity leave and small businesses, diversity in the party and the European Union.",1,Support,A,0,,,
895,openmindedness toward creationism is important,attempts to conceal the creationismevolution controversy from students are dogmatic promotions of evolution,1,Support,A,1,,,
138,"I would say it's the anti-ukip brigade who have no substance to their argument (or facts), they simply shout ""racist"" with nothing to substantiate this slur, or become crude and insulting.","Commentators have predicted success for UKIP in the forthcoming European elections, but the borderline racist views of some of its outspoken members have caused a headache for the party leader.",0,Attack,A,1,,,
2218,i find that very interesting that many christians are so loudly against abortion yet their own bible condones it,that is right everyone of the fundamentalists are on the band wagon about abortion being murder the same ones depend on their ministers to hail the words for the biblical scholars,1,Support,A,0,,,
1274,intelligent design has been misrepresented as some kackamamy religiously motivated scheme by those who are afraid to challenge what they believe in,first off the human eye did not pop into existence by chance it is the result of billions of years worth of   evolution  ,0,Attack,A,1,,,
482,UKIP and the Greens are the only parties to date that haven't screwed us all over.,"Ahead of May's local elections, Conservative cabinet minister Ken Clarke dismissed UKIP as a protest party and a collection of clowns.",0,Attack,A,1,,,
1810,evolution is basically common sense once you put down your bible and get out of the church,evolution really is true but as we all know the main reason of how we evolve is because of god our lord,1,Support,A,1,,,
573,UKIP are not a single issue party anymore; UK Sovereignty is the crux of their party political platform but they've certainly expanded from that singular issue in recent years.,"UKIP are certainly trying to professionalise, to move away from its more amateurish origins.",1,Support,A,0,,,
2082,however the bible does say i create you before i placed you in the womb this would imply that god created you before you are even conceived,so god also says he made you out of dirt and then supernaturally lifting the dirt from the ground into the womans uterus oh well i suppose it is all beliefs no matter how silly it sounds,0,Attack,A,1,,,
2562,Governments should be allowed to disrupt Internet service on grounds of national security,The right to internet access as a fundamental right,0,Attack,A,1,,,
1584,then why does this argument always seem to come from the creationists  aig was not founded and is not funded by the scientific community,this thread has been kept going by three people who have voted no to the question of a six day creation,1,Support,A,0,,,
301,It is because of UKIP that we are finally discussing the European question and about immigration and thank goodness for that.,"Isolating Britain and damaging Britain's reputation is not the right history to write, he said.",0,Attack,A,1,,,
1942, theres a definite difference between microevolution and macroevolution in the sense that with the moths and the finches there are minor changes that happen, i feel the need to distinguish between microevolution and macroevolution,1,Support,A,0,,,
1629,now the trick is to prove that all of the authors were free of stray thoughts and theological spin,my answers to your questions are ,1,Support,A,0,,,
618,"I think Farage makes a much better leader than any of the other parties, he's full of enthusiasm and is not a PR man like the current leaders of the 3 main parties.",For Nigel Farage convincing his fiercest critics among UKIP's members and its estranged onetime supporters that he remains the right man to lead the party may be difficult.,0,Attack,A,1,,,
2406,I prefer trade to aid,Trade is a longterm basis for international cooperation,1,Support,A,0,,,
381,"If you want an insight into just how mad and bad UKIP are, go and read what their members, candidates and supporters write on the Telegraph.","The UK Independent Party says it is the only party which will pull the UK out of the European Union, a vital process according to them.",0,Attack,A,1,,,
1719,since when speaking to one of the other posters did chance become a word to bias any argument against   evolution    doesnt make sense unless the poster is reading into something that probably isnt inferred and possibly feels an affront to his or her sensibilities,just curious but what does the types of rock have to with ex nihilo,0,Attack,A,0,,,
140,Cameron had it right and UKIP could tip the balance towards Labour in the crucial marginal seats in the GE where the battle will take place .,"Because when it comes to being against Europe, the people prefer, between the original and the copy, they prefer the original.",1,Support,A,1,,,
177,"Arguably, UKIP & co. aspire to destroy the culture created in Europe after WWII, which has been based on openness, free travel, migration and cross-geographic access to goods and labour markets.","Only 33% said they would never consider voting UKIP, with many people seemingly taken by their message.",0,Attack,A,1,,,
275,If UKIP is really the best our country can do for an alternative then we are all doomed.,"Labour saw their majority halved to under 5,000 in Thursday's poll as The UK Independence Party finished second, with a 24% share of the vote, so clearly people seem to think UKIP are not such a bad choice.",0,Attack,A,1,,,
2282,go by bike,people are too lazy,0,Attack,A,0,,,
1119,it seems that so far id has focused on malaria and on the bacterial flagellum which shares homology with the type three secretory system used by bacteria responsible for the bubonic plague,every time i hear a single word mentioned about the ttss and that it somehow gives flagellar   evolution   some credibility i lose a few months off my life span,0,Attack,A,1,,,
235,"It's true that UKIP dont have ideas to suit everyone, but at the moment they are heads above the pillocks at No 10 today.",UKIP's Nigel Farage said the PM was a problem for Tories and some Tory MPs said there were lessons for the party.,1,Support,A,0,,,
626,Plenty of survey's have shown UKIP to be the most hated of the main parties.,I believe that what UKIP is doing is vital for this country.,0,Attack,A,1,,,
1535,debates like this do nothing more but cause problems for people who are trying to pursue legitimate alternatives to neodarwinian theory,you have got to be kidding me,1,Support,A,1,,,
318,"If UKIP want to retain these voters and attract more in a general election then they need to come up with policies other than ""leave the EU"" and ""its all the immigrants fault"".","Mr Farage said there was much anger around the country at the failure of the other parties to hold one over the ratification of the Lisbon Treaty, which created an EU foreign policy chief and a permanent president of the European Council.",0,Attack,A,1,,,
1554,ricardo the bible was definitely written as is,its not that cut and dried,1,Support,A,1,,,
2659,the only good thing in this movie was dr schultz after that it was a yawn fest,you must have bad taste in movies,0,Attack,A,1,,,
2166,in my lifetime we have made huge strides but there is a lot more to learn,agreed that is why a sensible interpretation of new data is so important ,1,Support,A,0,,,
603,UKIP is a vessel through which a protest is being delivered. ,But Mr Cameron dismissed UKIP's showing as a protest by voters and promised to stay true to his principles.,1,Support,A,1,,,
2338,perhaps a marathon,a marathon sounds good,1,Support,A,0,,,
1972, i definitely think it has something to do with everything as there is quite a lot of evidence for it e, no scientist can give strong evidence to support evolution      your dishonesty and ignorance of science proves you are not fit to even ask the question,1,Support,A,1,,,
577,UKIP want to get us out of the EU to make the British people much worse off then they already are.,The committee said the EU had helped to transform Europe from a continent of war to a continent of peace.,1,Support,A,1,,,
2100,i also think it is noteworthy that the pro life movement is really making a difference if anything to hit the polls in elections and send the message that we are tired of a cheap view of life in this nation,funny did not hear them complaining about the iraqis dying in the street also they did not seem to mind that the abortion rate which was declining under clinton has been rising under bush,0,Attack,A,1,,,
2266,people who eat at such places every week will not be really bothered personally i try to stay away from it for many reasons not just because of the stories,care to share those reasons,0,Attack,A,0,,,
2593,i read the book which is subtle philosophical and nuanced at the beginning of the year and last night i watched the dvd of this film what utter rubbish the film is a boring sweary standard thriller,i agree with about ninety percent of what you said i was also let down by this movie with all the hype this movie got before it was released i was expecting a masterpiece but no it was just puppet theater,1,Support,A,0,,,
941,pvm is confused,joethe design inference reached based on our knowledge of what nature operating freely can  cannot do coupled with our knowledge of what designing agencies can do,0,Attack,A,1,,,
2204,is it possible that the rigidity of many evangelical churches is and what they expect of their members drives couples to divorce when one partner is not as on board as the other,i think you nailed it i also think that if you are willing to give up your relationship over religion you could be on the border of addiction not faith not you personally but rhetorically,1,Support,A,0,,,
1969, the simplest way to prove it is this, i am a christian and i do believe in evolution because there are quite an amount of amazing proofs for it,1,Support,A,1,,,
1150,im not a cell expert but lets expand out to the human body,im not a cell expert either and understanding what behe wrote in his argument doesnt require it because he didnt say anything except cellular machinery is complex therefore it must be designed,0,Attack,A,0,,,
1658,science is based on what can be observed  tested,intelligent design might be a seasoned exercise in rationalization but the claim that it is a science cannot be supported,0,Attack,A,0,,,
651,"It feels like UKIP is anti most things and base their politics on this: Anti-aid, Anti-immigrant – at times even anti-politics; it is therefore difficult to understand what they actually stand for and want to work towards.",The announcement comes two weeks after a roll out of Home Office vans with posters warning illegal immigrants to go home or face arrest was cancelled.,1,Support,A,0,,,
2276,electric vehicles,limited range,0,Attack,A,1,,,
2177,did a famous gangster not once escape from jail using a gun he carved from soap maybe oz should ban bars of soap,yea that was uncle john,1,Support,A,0,,,
1762,quite so well as christians themselves,the christian faith is a mockery to humankind,1,Support,A,1,,,
229,"If you want an insight into just how the focus of UKIP is, go and read what their members, candidates and supporters write on the Telegraph.","The party sought to broaden its appeal beyond its core message of EU withdrawal, announcing policies in recent days on energy and welfare.",0,Attack,A,1,,,
1569,consider the observation of a solar eclipse,yes im fully aware what a solar eclipse is,0,Attack,A,0,,,
2018, this sounds like religious faith speaking, evolution is one of the most strongly supported theories in all of science,1,Support,A,1,,,
1421,how are they standing in the way is research into id bannedpretty much especially if anyone who has publically known proid views prior to getting tenure is bound to not get it,pretty much especially if anyone who has publicly known proid views prior to getting tenure is bound to not get it,0,Attack,A,0,,,
2034, sorry but this is not an opinion, darwin observed species and wrote it down  evidence,1,Support,A,0,,,
641,"UKIP is not an isolated phenomenon: France has Le Pen, Germany has AfD, and all of these have in common that they are nationalist, anti-European, and more right than mainstream conservative parties.",He said UKIP was clearly taking a very right wing position which pandered to an obvious anti-Europeanism.,1,Support,A,0,,,
2011, creationism is mythology and intelligent design is a politically based movement to secure the support of a certain segment of the population, i dont attempt to defend either intelligent design or creationism,1,Support,A,0,,,
1648,many people claim that certain writings are the word of god,after the entire cain and able thing the brother left to another group of people to find a wife,1,Support,A,0,,,
351,"The momentum is with UKIP; Labour, Conservative and Liberal areas are all now vulnerable to them. ","The campaign was dominated by a war of words between the Conservatives and the UK Independence Party, which senior Tories fear will take a significant chunk of their votes.",1,Support,A,0,,,
640,The success Ukip had in the european elections will be sufficient to galvanise one or preferably all the other parties to rid us of the EU's political influence.,UKIP says it is campaigning on a pro democracy message - aiming to rejuvenate local politics.,1,Support,A,1,,,
1116,behe claims that that is not the sort of process one needs to build complex molecular systems,behe claims that that is not the sort of process one needs to build complex molecular systems,0,Attack,A,0,,,
1754,you skewed whatever argument you were wishing to present by quoting from the cathoic catechism,any sincere new testament bible studdent knows that there is only one one reliable and true book the bible,0,Attack,A,1,,,
2041, if your trying to find evidence in the bible your right, god is just an imaginary friend for adults,1,Support,A,1,,,
650,"UKIP do not bear scrutiny either as a coherent policy offer or a group of potential ministers , they are an insurgent party of protest with one message.",There are signs UKIP is starting to pick up the sort of protest votes that traditionally go to the Liberal Democrats - as well as benefiting from a slump in support for the British National Party.,1,Support,A,0,,,
1376,just what if there is a creator  isnt science after truth  has science proven that there is no creator why is recognizing the possibility that there was intelligence behind the emergence of life a nonscientific idea  basically what you are saying is that if there was a creator or intelligence behind the emergence of life science will never be able to come up with the right answer rightso your whole premise for id being nonscientific is the unproven worldview of naturalismyou start off right from the get go with the assumption that there is no creator or any intelligence involved in the emergence of life and go and try and prove your idea with science,they simply want to show that there is good scientific evidence for considering the role of intelligence in the emergence of life,0,Attack,A,1,,,
1480,pvmcool now the claim is the arrival of variation,i appreciate that you are making attempts to answer all these issues,1,Support,A,0,,,
2017, no it is not falling apart, this sounds like religious faith speaking,1,Support,A,1,,,
2628,as far as acting and cinematography go this film was great but the content and plot were horrible,are you serious this film is class the way the real world and the fantasy world its not an easy mix to get right,0,Attack,A,1,,,
1462,which i argue is the main reason people have come to embrace id and object to sciencecouldnt atheism be the main reason people have come to embrace a certain type of evolution and object to id  the emotions so commonly seen in the rejection of id support this,couldnt atheism be the main reason people have come to embrace a certain type of evolution and object to id the emotions so commonly seen in the rejection of id support this,0,Attack,A,0,,,
2416,We should grant politicians immunity from prosecution,Seeing a politician put on trial hurts the integrity of their office,1,Support,A,1,,,
1098,so your argument is by pushing scientists to find more junk dna it is in fact useless to the organism vestigial limbs my tailbone does nothing and has no purpose and i could have it removed with no damage to my functioning and other disproofs of intelligent design id serves the purpose of annoying scientists into progresscouldnt you just advance the cause of science by doing experiments and recording data,unfortunately dr,1,Support,A,0,,,
1646,you are an intellectual and people like you have the hardest time believing anything let alone trying to intellectualize the bible or god or anything like it,tell me have you ever read the origin of the species i have and i find it to be a pretty far stretch,0,Attack,A,1,,,
2394,the best way to protect Scottish interests in the EU is to vote for independence,The Scottish relationship with the EU is likely to change after independence,0,Attack,A,1,,,
518,"In UKIP, we have a new political force which looks likely to poll very well in a national election on thursday.","UKIP recorded their best ever Westminster election performance and brought humiliation to the Conservative candidate, in the process triggering a debate within the party about how to deal with their rivals.",1,Support,A,0,,,
1913, just judging from the question obviously the op hasnt got even a high school understanding of what evolution is, first this topic has been on the site at least  times even as recently as a week or so ago and you should run a search before relaunching the same tired junk,1,Support,A,1,,,
1980, well evolution is by far the most logical idea i have heard about where man came from, scientists can present a great deal more evidence for evolution various fossils in chronological order clearly showing an evolving skeletal structure than a christian can present for intelligent design none,1,Support,A,0,,,
1409,agreed that religious belief should not necessarily compel the rejection of wellestablished results from welldeveloped scientific fields,tjopen debate is all we are asking for,0,Attack,A,1,,,
1331,eventually they the smithsonian higherups determined that they could not terminate you sternberg for cause and they were not going to make you a martyr by firing you for publishing a paper on id,tjit is the scientific evidence that is important,1,Support,A,1,,,
1959, evolution is the real deal, i believe there was some sort of evolution but the question is what made that evolution take place,1,Support,A,1,,,
20,A forensic examination of UKIP's policies would nail once and for all the Establishment lie that they're a bunch of swivel-eyed racists.,"Asked whether some UKIP members were closet racists, he added that the truth is some UKIP members are.",0,Attack,A,1,,,
2309,nuclear energy is the most efficient once all potential hazards are eliminated,there is no good way to handle the waste created in the process,0,Attack,A,1,,,
583,"UKIP’s popularity is mainly founded on the likeability of its leader Nigel Farage, who manages to obscure its racist policies in clever rhetoric.",The party's leader Nigel Farage has promised to cause a political earthquake at next year's polls after a strong showing in local elections.,0,Attack,A,0,,,
1347,so tj you seem to have made quite a few foolish arguments how familiar are you with augustinetj  well i know that he believed the earth was created instantaneously not progressively and was according to scripture less than  years old,i will address the post by americans united for separation of church and state here and then address the question of constitutionality in another post,1,Support,A,0,,,
1142,the physical reality to which behe so proudly points is a stylized cartoon of reality,design is recognized in the purposeful arrangement of parts storms  tornadoes hurricanes etc,1,Support,A,1,,,
134,Plenty of survey's have shown UKIP to be the most hated of the main parties.,"At the final tour stop, in Tunbridge Wells, Kent, he told supporters in the town centre UKIP was drawing support from across the political spectrum, not just disaffected Tory voters as the media assumed.",0,Attack,A,1,,,
151,UKIP and the Greens are the only parties to date that haven't screwed us all over.,A poll showed that only 26% said the PM was in touch with the lives of ordinary voters.,1,Support,A,0,,,
718,UKIP are in no way a single issue party and if Labour or the Conservatives were to give us a referendum UKIP would still have a full manifesto that would attract many voters.,"In 2006, the lower-key Knapman retired, to be replaced by Nigel Farage, an eye-catching media performer who pledged to make UKIP a truly representative party, ending its image as a single-issue pressure group.",1,Support,A,0,,,
907,because students are impressionable if you teach them the literal truth of genesis as science they may well believe you,if creationism should be taught it should not be taught in science classes,1,Support,A,0,,,
685,"In UKIP, we have a new political force which looks likely to poll very well in a national election on thursday.","And with UKIP riding high in national opinion polls and coming second in the recent Eastleigh by-election, Mr Farage predicted his party would win seats in each of the 34 councils where elections are being held.",1,Support,A,0,,,
87,For what its worth I think UKIP is a one trick pony and is unelectable in a general election.,"Alongside that central desire to get out of the European Union, the party is now pushing a broader range of ideas, from being anti-gay marriage to pro-grammar school.",0,Attack,A,1,,,
2102,can you please respond to fdr and his new deal that saved the country,fdr saved this country if i recall it was in  that because of a combination of weakened capital situations from reconstruction finance corporation loans which published lists of the loan takers and a nationwide banking holiday banks around the country went through a new wave of demise dropping the dc and dr ratios so sharply that in one month alone the money stock m fell a whopping four percent,0,Attack,A,0,,,
553,UKIP's proposals on membership in the EU and migrants are at best purely demagogic: they do not take into account facts and more general issues.,"Foreign Secretary William Hague has meanwhile ruled out an electoral pact with UKIP, after a BBC poll suggested nearly 25% of Conservative councillors were in favour of such a deal.",1,Support,A,0,,,
2633,once you know all the in and outs or all the magic tricks of the movie i dosnt seem as good,i think it gets better you notice little things you get more into looking at the picture not just fitting the pieces,0,Attack,A,1,,,
1097,the biologic institutemy my what nonsense,so your argument is by pushing scientists to find more junk dna it is in fact useless to the organism vestigial limbs my tailbone does nothing and has no purpose and i could have it removed with no damage to my functioning and other disproofs of intelligent design id serves the purpose of annoying scientists into progresscouldnt you just advance the cause of science by doing experiments and recording data,1,Support,A,1,,,
1361,nothing wrong with quoting from a well argued submission by the aclu,bowman arguesthe board members werent even aware of the wedge document a dated ten years internal document of di and neither relevant to dover v kitzmiller nor to the id hypothesis,0,Attack,A,1,,,
2228,so why is population control a good arguement for abortion why do not we kill old people too,i am with you here,1,Support,A,0,,,
184,Only an idiot would think a UKIP win would result in withdrawal from the EU the day after.,"If you want to have a managed migration policy, you cannot remain a member of the European Union.",0,Attack,A,1,,,
409,Support for UKIP simply indicates that people have noticed that the major parties do not represent their interests.,"Our previous best-ever by-election result, a fortnight ago, was 14.3% and this one is comfortably over 20%, so, whichever way you look at it, UKIP is on the rise.",1,Support,A,0,,,
2275,too thin it will not be very durable,but the used material is strong so two centimeter seems to be a good choice,0,Attack,A,1,,,
1744,it is only the closest science can come to explaining the origin of human existence and how things developed over timeyes,so would you say that the those in the bible lied about jesus doing miracles and god showing himself through signs or etc,1,Support,A,1,,,
308,If UKIP are wise they will alter their attitude about the NHS and public services in general.,"The Department of Health has said the cost of treating foreigners is at least Â£30m a year for the NHS in England alone, although practitioners have said the figure could be much higher.",0,Attack,A,0,,,
2136,you did not ask for a quote which says we should ban guns and you posed the question to anti gunners you did not ask for anti gun comments,so if you quoted ted kennedy when he said to his wife in an event that was not even publicized good morning sweetie that would be an answer,0,Attack,A,0,,,
270,UKIP are asking the questions that haven't been asked by the opposition or the media.,"Europe had in the last few years become a huge issue due to the euro crisis and the bailouts, and UKIP was the only party addressing this problem head on.",1,Support,A,0,,,
440,"UKIP are a two trick pony, Europe and immigration that's it.","But it is also one which means people often dismiss it as a single issue party, unlikely to become a force in Westminster politics.",1,Support,A,1,,,
1090,i am always tickled by claims of id advocates that darwinism stifles inquiry and that only id creationism will break the shackles that darwinism puts on the mind that id creationism will open avenues of insight into practically everything,it also means that scientists who hold legitimate scientific views deserve to be heard even if their views differ from the consensus,1,Support,A,1,,,
1052,if it cannot make predictions then it is not a viable theory,there was much that darwin did not know at that time that we now know and his original theory has since been supplanted by more modern versions of his theory,1,Support,A,0,,,
1778,first of all there have been writings in hebrew ,theres no point arguing against evolution when you dont understand it in the first place,0,Attack,A,1,,,
2605,you are right it should be a nine stars hands down,agreed i thought this was a hell of a movie,1,Support,A,0,,,
1412,you are confusing mn with is a methodology with a worldview again,who the designer is has nothing to do with it and everyone knows that,1,Support,A,1,,,
189,People are not voting for UKIP because of immigration propaganda but because of their direct experience of immigration.,"Isolating Britain and damaging Britain's reputation is not the right history to write, he said.",0,Attack,A,0,,,
984,so if the bible can be used as a source for scientific discovery or guidance then what else in there can be demonstrated to be true scientifically  by what process did god stretch out the heavens where does god get the   energy   to do so,im hardly the authority for all the great questions in life,0,Attack,A,0,,,
1003,i think this comes down to an irreducible complexity argument,as much as i might believe that there is some sort of creator and that a creation occurred you cannot justifiably intermingle science and religion,1,Support,A,1,,,
509,"UKIP is certainly NOT racist or xenophobic - if you, as I'm you have done, read our policies on the website there is no suggestion of this at all, it is more a rumour and conspiracy of the lefties. ",Amjad Bashir was responding to comments on Wednesday's Daily Politics from ex-deputy PM Lord Heseltine that UKIP was a racist party.,0,Attack,A,1,,,
1635,first of all you are sriritualy diserned from understanding until god moves upon your heart mind  core being,the first problem with the debate question is that neither time nor space exists per se,0,Attack,A,0,,,
2057,most pro lifers do not care about women hence why they are pro life,it is idiotic thinking like this that makes me respect you less and less,0,Attack,A,1,,,
1017,first of all science does not make a claim that every feature of the universe can be explained without god,youre right science is not atheism but not thats what most people make it out to be,0,Attack,A,0,,,
424,"UKIP's position is not reasonable, but racists and proto-fascist, considering they have nothing to say about the finance capital bombing of the economy, but to put all the blame for Europe's woes onto immigration.","He debated with journalist and historian Sir Max Hastings who said Britain can't stay in Europe on any terms, but said leaving could mean the UK could find a very tough time out there.",1,Support,A,1,,,
1367,peter irons article is only one part of the montana law reviews take on this,robert crowtherlike modern evolutionary theory there is more than just one side to the debate,0,Attack,A,0,,,
658,"I think Farage makes a much better leader than any of the other parties, he's full of enthusiasm and is not a PR man like the current leaders of the 3 main parties.","They will each have plenty of opportunities to publicly debate the party's performance, and to make the case against the return of Nigel Farage.",0,Attack,A,1,,,
58,UKIP are a joke outfit full of small-minded Neanderthals who think the 1950s are the future.,"UKIP, which also calls for tighter controls on immigration, has seen its poll ratings improve markedly over the last few years, appealing to voters across the board.",0,Attack,A,1,,,
1475,i am glad that someone is trying to oppose the paradigm of undirected chancenonintelligent necessity,there is more than naturalism can engage,0,Attack,A,0,,,
464,"I think Farage makes a much better leader than any of the other parties, he's full of enthusiasm and is not a PR man like the current leaders of the 3 main parties.","Mr Dimitrov said UKIP leader Nigel Farage was usually very feeble in presenting solid arguments, suggesting he preferred to engage in propaganda which deviates markedly from the essence of the debate.",0,Attack,A,1,,,
1188,seems to me like dawkins and weinberg were claiming that there is no evidence for design at least according to richards,could evidence against design perhaps be evidence against the case brought in favor of it,0,Attack,A,1,,,
2553,Transparency is necessary for security,Transparency helps reduce international tension,1,Support,A,0,,,
1327,tjthe government report on the issue validates the charges against the smithsonian institute, lets see would these titles copied from the table of contents of the house of representatives report entitled intolerance and the politicization of science at the smithsonian back up you or me  ,0,Attack,A,1,,,
2448,The voting age should be lowered to sixteen years,Voting at a lower age would increase participation,1,Support,A,0,,,
829,I think it's far too simplistic to argue all UKIP supporters are racist - there is a real groundswell against the political establishment which over the past 20 years or so has started to converge in terms of image and policies.,"UKIP appears to have struck a chord with many voters on the issue of immigration, campaigning against the relaxation of working restrictions on Bulgarians and Romanians due to come into force in January.",1,Support,A,0,,,
1935, evolution is most certainly wrong, you cant make nothing out of nothing,1,Support,A,1,,,
537,"In UKIP, we have a new political force which looks likely to poll very well in a national election on thursday.","Mr Farage, speaking to the BBC's Len Tingle, said the election result represented significant progress.",1,Support,A,0,,,
549,"The People's Army is on the march and UKIP will get Britain back from the Liblabcon, Establishment and MSM political abusers of our country.",UKIP has won 42 seats so far and is averaging 26 per cent of the vote in the wards where it is standing.,1,Support,A,0,,,
2092,okay well i think that you are just finding reasons to go against him i think that you had some bad experiences when you were younger or a while ago that made you turn on god,here come the christians thinking they can know everything by guessing and commiting the genetic fallacy left and right,0,Attack,A,1,,,
972,if you are going to comment on something in   science   you need to back it up with actual data,first i believe that religion is manmade as are christ buddha mohammed et al,0,Attack,A,1,,,
2490,The US should ban cluster bombs,Cluster Bombs Can Be Improved,0,Attack,A,1,,,
414,"There's an election next month, UKIP are campaigning on the streets right now, and candidate upon candidate keeps churning out ridiculous (often racist, sexist or homophobic) views.","Responding to the success of UKIP, Prime Minister David Cameron said It's no good insulting a political party that people have chosen to vote for.",0,Attack,A,1,,,
1771,no but the point remains the same,so how is that not stupid if you can see the evidence for something and you continue to believe something else based on no evidence that is stupid,0,Attack,A,1,,,
1564,as one commenter has already touched on,the bible is the most published and most wide spread book of all times,0,Attack,A,0,,,
820,UKIP's sole aim at the general election is to get a smallish number of MPs elected but enough to hold the balance of power and do a deal with the Tories.,"According to the Daily Telegraph, Mr Farage suggested to Mr Murdoch at the meal that he would form an electoral pact with the Conservatives if David Cameron stood down as leader.",1,Support,A,0,,,
715,UKIP will not improve public services.,He announced a series of measures to address what he said were public concerns about the impact of current and future immigration from eastern European on the UK economy and public services.,0,Attack,A,1,,,
2200,come on it is andy schlafly what do you expect from the spawn of phyllis,oh that explains a lot i actually forgot who she was had to google the name,1,Support,A,0,,,
864,A vote for UKIP would be a vote for a Tory-UKIP alliance that would be more right-wing than a Tory government.,He said UKIP was clearly taking a very right wing position which pandered to an obvious anti-Europeanism.,1,Support,A,0,,,
2347,absolutely everybody knows about foursquare but nobody remembers gowalla they offered identical features and also launched on the same day same conference,well said,1,Support,A,0,,,
1853,no scientific evidence of course,the existence of the universe and life itself is considered mathematically impossibleim curious who other than yourself considers this to be the case,1,Support,A,1,,,
1716,the scientific investigation into the question of the age of the earth and of the universe has been going on for hundreds of years,maybe get someone to do your studies who doesnt pay a tithe  someone who perhaps doesnt own a   bible  ,1,Support,A,1,,,
2348,absolutely everybody knows about foursquare but nobody remembers gowalla they offered identical features and also launched on the same day same conference,nice example,1,Support,A,0,,,
285,"UKIP are an independent party and have shown that their appeal is broad, making big dents in staunchly Labour voting areas as well as the recent bi-election successes.",UKIP's deputy leader Paul Nuttall said the performance - which followed the party's second place in March's Eastleigh by-election - showed it was on an upward trajectory.,1,Support,A,0,,,
588,A strong UKIP vote suggests there's a lot of the British public who aren't on board with the current set-up.,"Nobody below the age of 60 has ever had a chance to have a say on this issue, he said.",1,Support,A,0,,,
1360,bowmanmore on the aclus rubber stamped ruling by a practicing attorneynothing wrong with quoting from a well argued submission by the aclubowmanthat said none of this relates to the id ruling since the board members were not id advocates except perhaps superficially,nothing wrong with quoting from a well argued submission by the aclu,0,Attack,A,0,,,
199,"I voted Tory for 30 years and started supporting UKIP because I want a sovereign, democratic , well governed Britain with Britain put first and its getting clearer by the day that the old Liblabcon parties will not do that.","On the whole it's been a good year, Farage says.",1,Support,A,0,,,
1901, the prospect of creationism is pretty absurd, as an archaeologist i have to say that creationism is wrong,1,Support,A,1,,,
433,"I don't necessarily think Nigel Farage is worthy of PM, I think they need a new leader.","Mr Dimitrov said UKIP leader Nigel Farage was usually very feeble in presenting solid arguments, suggesting he preferred to engage in propaganda which deviates markedly from the essence of the debate.",1,Support,A,1,,,
1311,i dont really believe in the supernatural unless you wanted to say that the first cause behind the big bang is beyond the observable world and therefor supernatural,but where does that leave id  without a theory for the designer then that aspect remains unknown and would thus be called supernatural,0,Attack,A,1,,,
2334,maybe you could have a cake sale,of course everything is better when there is cake,1,Support,A,0,,,
264,UKIP are asking the questions that haven't been asked by the opposition or the media.,"Addressing party members in Birmingham, he predicted UKIP would cause a political earthquake - particularly now that the EU leaders' desire for a fully federal Europe was out of the bag.",1,Support,A,0,,,
1650,aig argues that pretexts brought by the reader are to blame for difficulties accepting the bible as literal truth,the bible is true because the bible says so is incredibly juvenile logic,1,Support,A,1,,,
543,"UKIP's position is not reasonable, but racists and proto-fascist, considering they have nothing to say about the finance capital bombing of the economy, but to put all the blame for Europe's woes onto immigration.","Mr Cameron also said he did not think it would be right for Britain - or in the national interest - to leave the EU entirely, pointing out that some 50% of nation's trade was with the EU.",1,Support,A,1,,,
2322,usually the best city in every country is the capital so i would go for madrid ,i would love to go there as well,1,Support,A,0,,,
698,"UKIP's position is not reasonable, but racists and proto-fascist, considering they have nothing to say about the finance capital bombing of the economy, but to put all the blame for Europe's woes onto immigration.","The charge put by its deputy leader David Campbell Bannerman when he defected to the Conservatives in the wake of the May elections was that UKIP remained, at heart, a single issue pressure group.",1,Support,A,0,,,
1389,id explains the genetic code the same way we explain a computer code,joe gnow you are just lying,1,Support,A,1,,,
733,"The sooner we are out of the EU, the sooner we can start making this country great again.","Over three million jobs in this country, directly or indirectly, depend on us being in the EU, so that is a big choice.",0,Attack,A,1,,,
1920, and the reason why there are so many species that arent on this planet any longer, i really like bananas so i mustve evolved from monkeys p,1,Support,A,0,,,
1489,you still have yet to provide any passages within pandas which state that god is directly implicated saying that the fte is religious therefore so is pandas,you still have yet to provide any passages within pandas which state that god is directly implicated saying that the fte is religious therefore so is pandas,0,Attack,A,0,,,
1446,when i read casey luskins article he made some very good points, it seems to me that luskin is being more scientific in that he talks about a method for testing idthats ironic because luskin presents no testable id,0,Attack,A,1,,,
2540,We should allow voting at 16 in European Parliament elections,EU elections would put young people off voting,0,Attack,A,1,,,
211,"I and many others will be voting UKIP not because of a handful of people that have said stupid things, it will be because I identify and agree with their overarching principles.","UKIP used to be a protest vote, he explained, but now we are now talking about how Britain should be governed just to say that we are a protest vote simply isn't right.",1,Support,A,1,,,
2215,is not it amazing how quickly creationists will accept natural selection and superfast evolution when it supports their beliefs,another of my favorites is how they loudly criticize radiometric dating most commonly radiocarbon dating because they know no other kind then shout from the rooftops that radiometric dating confirms the genuineness of two tousand year old manuscripts,1,Support,A,0,,,
1690,you are ignoring centuries of good scholarship including that in the last century specifically engaging the arguments of historical criticism and socalled higher reasoning,the scripture is silent as to which locale in the spacetime continuum the author of the account was measuring time from on the first day of creation,1,Support,A,0,,,
2213,i stand corrected on the temperature of space  kelvin translates into  f and i suppose its possible that something could survi have but not likely no matter what entropy on earth would increase,i have always liked this line of evidence too but i always forget about it in the fog of war,1,Support,A,0,,,
2255,i think that cancer research uk cafod and action aid are the best charities,can you please explain why you chose those ones,0,Attack,A,1,,,
171,If anyone seriously thinks that UKIP will offer some kind of answer to our current problems then I think that they are going to be sadly disappointed.,"Mr Wheeler, who has criticised David Cameron's attitude to the EU, said UKIP's success was vital.",0,Attack,A,1,,,
739,UKIP is a vessel through which a protest is being delivered. ,"It is a disappointing result for the Conservative Party, but it is clear that, in mid-term by-elections, people want to register a protest.",1,Support,A,0,,,
254,"There's an election next month, UKIP are campaigning on the streets right now, and candidate upon candidate keeps churning out ridiculous (often racist, sexist or homophobic) views.",A UKIP candidate in Somerset was suspended from the party on Tuesday after a photo of him apparently making a Nazi-style salute appeared on his Facebook page.,1,Support,A,0,,,
2460,All nations have a right to nuclear weapons,Humanitarian intervention becomes impossible in states that possess nuclear weapons,0,Attack,A,0,,,
1914, first this topic has been on the site at least  times even as recently as a week or so ago and you should run a search before relaunching the same tired junk, look there is no proof that god or any thing in the bible existed where as there is proof to suggest that we are related to monkeys as we have the same arm structure and the same bioorganisms,1,Support,A,0,,,
1796,this is not a debate on whether you can disprove it or not this is a debate on if in your mind its been proved,this isnt the debate about which makes more sense over a seven day creation or evolution it is one of belief in evolution,1,Support,A,0,,,
842,UKIP want to get us out of the EU to make the British people much worse off then they already are.,"In their leaflets, UKIP says that 29 million Bulgarian and Romanians will have the right to live, work and draw benefits in the UK and while many will be fine, hard-working people, suggests the country may struggle to cope with another influx of people needing jobs, housing schools, hospitals and benefits.",0,Attack,A,1,,,
2433,Bribery is sometimes acceptable,Individuals may have no choice,1,Support,A,0,,,
1411,some places do seem more open to honest debate over evolution rather than just trying to brainwash kids,you are confusing mn with is a methodology with a worldview again,0,Attack,A,1,,,
630,"I don't necessarily think Nigel Farage is worthy of PM, I think they need a new leader.",Dr North does have other reservations about Nigel Farage - including what he sees as his lack of political acumen.,1,Support,A,1,,,
1971, well to begin with there is a lot of strong evidence to support evolution the discovery of dna the discovery of fossils and primitive primates etc, i definitely think it has something to do with everything as there is quite a lot of evidence for it e,1,Support,A,0,,,
107,"I sense that Farage is a total megalomaniac, a charlatan, someone who is in it for the attention and the glory and that in a strange way, that many UKIP voters know this but don't seem to mind.",There's an attitude that either you keep silent about everything that's been going on in UKIP and wit Farage or suffer the consequences.,1,Support,A,1,,,
1473,but most of it seems to be in the responsesuch as  because the ncse thinks science should be a voting contestthats just plain silly its the dissent from darwinism which attempts to create a controversy where there is none,i do not wish to begin to defend the di as i am not familiar enough with their theory,0,Attack,A,0,,,
2072,and do you not get a kick out of sp calling herself a rational christian as she blasphemes god and attempts to disprove him in every post,actually he does not believe in a liar god like you so really its you who is the blasphemer and he is a christian you are a biblist,0,Attack,A,1,,,
2377,yes i never thought of that but that is a brilliant question and so true when you are part of a big family you should have a say in things that affect you ,if one is truly serious about a unified europe this possibility should at least enter a discussion,1,Support,A,0,,,
1321,this objection highlights one of the problems with public education the government should not be in the position of deciding what people ought to believe about science anymore than they should decide what people ought to believe about religion,your half right ,0,Attack,A,1,,,
1022,the name intelligent design is itself a hoax,the name intelligent design is itself a hoax,0,Attack,A,0,,,
2260,i think that there should be something that judges the percentage of people that are satisfied with your answer ,how would this be different to the rating of a particular replyanswer that it currently has,0,Attack,A,0,,,
900,biology can be studied in a creationist context,the history of gods creation should be taught irrespective of it being considered science,1,Support,A,0,,,
979,i dont really care  ,currently   science   feels its accelerating,1,Support,A,1,,,
185,"I don't think most people realise the benefits of free trade at all, and UKIP capitalise on peoples ignorance of the benefits of free trade as much as they can.","Lord Heseltine, appearing on Daily Politics on Wednesday, compared UKIP's appeal with that of one-time Conservative minister Enoch Powell and his 1968 anti-immigration rivers of blood speech and with the former French National Front leader Jean-Marie le Pen.",1,Support,A,1,,,
622,UKIP is the only party that has understood the damage immigration does to the UK and its policies aim at repairing this.,"And he accused the government of burying their head in the sand over the size of the Roma community living in the UK, which he said was revealed in a recent study by Salford University.",1,Support,A,0,,,
1891,evolution does not neccasarilly contradict intellegent design,your right,0,Attack,A,0,,,
667,UKIP is the only party that has understood the damage immigration does to the UK and its policies aim at repairing this.,"UKIP's local election manifesto, concentrates on its flagship policy of ending open door immigration and putting pressure on the government not to lift restrictions on workers from Bulgaria and Romania on 1 January, which proved a successful formula in Eastleigh.",1,Support,A,0,,,
555,It's a protest vote because (most) people know that UKIP will never net in power.,He argued that his party was on a journey from a party of protest to a party of government.,0,Attack,A,1,,,
2065,it ought but it will not at least not the gun fetishists in this forum who in my humble opinion are prisoners of their ignorance their fears their insecurity,look what is talking about insane immune to reason a prisnor of his own giant ignorance slavery fetishist and one of the comic relief  stooges,0,Attack,A,1,,,
894,the idea that creationists reject mutation or natural selection is ridiculous,openmindedness toward creationism is important,1,Support,A,0,,,
317,UKIP are a joke outfit full of small-minded Neanderthals who think the 1950s are the future.,"Mr Davis said UKIP's policies on law and order, immigration, taxation, foreign affairs, and Europe mimic a simplified 1980s Tory manifesto.",1,Support,A,1,,,
335,Big business will not support UKIP given the devastation that withdrawal from the EU would cause.,"We simply cannot go to the British people and say to them support the European Union, we are going to reform it in the future.",0,Attack,A,0,,,
1241,if the catholic church says it it has just gotta be true,the fact that the   evolution   lobby is trying to cite statements by ucc ministers to bolster support against id shows just how out of touch they really are,1,Support,A,0,,,
1742,this is not a proof of   evolution   from chimps,yes i understand we didnt evolve from chimps from the position of   evolution   theory  and im sorry for saying it that way considering i truly dont want to encourage the misinformation and typical uninformed view,0,Attack,A,1,,,
701,"The sooner we are out of the EU, the sooner we can start making this country great again.",Lord Pearson said he hoped the results would increase pressure for a referendum on EU membership.,1,Support,A,0,,,
1011,just as advances in genetic and protein research and mathematics are enabling us to understand and explain how evolution works a growing number of our society are rejecting science in favor of myth and fake science,i really have to give the antiiders credit you have a lot of faith,0,Attack,A,1,,,
1155,icdesignas far as scientific findings go the numbers of evolution believing scientists is on a major decline,i think behe has made the case for obviousdesign within the cell and i dont think you will findanyone who could put it any more clear,1,Support,A,1,,,
920,i wrote a good philosophical question and i think you and i would agree that this adaptation could have been guided by some higher agency of course by using a fully natural mechanism such questions remain scientifically vacuous,i surely intend to do so but these issues go beyond questions of policy,1,Support,A,1,,,
2293,apple no comparison there excellent quality longevity of hardware amazing support,way to expensive for what you get the only advantage is maybe the longlife battery but even this is now standard in other laptops too,0,Attack,A,1,,,
154,The more the 'mainstream' parties smear and lie about UKIP the more their support rises.,UKIP leader Nigel Farage said his party was on a journey from a party of protest to a party of government.,1,Support,A,0,,,
2532,US intervention in Libya lacking congressional approval was illegal,Humanitarian reasons prompted swift intervention,0,Attack,A,1,,,
2259,no it is athens mate,i like athens but it is definitely not the best,0,Attack,A,1,,,
2036, i think youll find there is, anyone who thinks there is no evidence for evolution is either blind stupid or both,1,Support,A,1,,,
1436,id is not science because it can never make a prediction that is meaningful,common descent neither supports nor refutes id,0,Attack,A,1,,,
2566,this was just an amateurish hodgepodge of the departed the town and we own the night and sopranos,i had completely the opposite impression though i respect your input as were all going to have our own viewpoint but i very much liked this film,0,Attack,A,1,,,
2339,lucca is lovely and off the tuscan beaten track,pretty walled town close to the better known florence and pisa a great basis for visiting tuscany,1,Support,A,1,,,
695,"Europe is no longer fit for purpose and we'd do better to be out than in, plus save a whole load of cash.",The committee said the EU had helped to transform Europe from a continent of war to a continent of peace.,0,Attack,A,1,,,
1237,why are you claiming one designer theres just as much evidence for a pantheon as there is a monotheistic god but you have the prior assumption the designer is your god and automatically rule them out when you say the designer,what do catcher in the rye the mona lisa mount rushmore and a love note etched on a sandy beach have in common they are all signs of design,1,Support,A,0,,,
952,pvm the quotewe dont know but we do know a designer wasnt involved,id can be scientifically relevant if it were to take the scientific approaches used by real science such as criminology which uses means motives opportunities etc,0,Attack,A,1,,,
458,A strong UKIP vote suggests there's a lot of the British public who aren't on board with the current set-up.,"The voters have understood that EU membership is making us poorer and less democratic and less free, he said.",1,Support,A,0,,,
1858,we do seem to be arguing past each other and i will apologize for some of that,this is why i have my doubts about id too but the main premise of it which is why i accept it as probable is still very rational,1,Support,A,0,,,
1469,but its more than we dont understand thus designed,i am fast drawing to the conclusion that this discussion will never end,0,Attack,A,0,,,
1382,of course the disco tute is the discovery of nonsense,by the logic of the antiidists the current theory of evolution is an atheistic theory because richard dawkins once stated it allows for one to be an intellectually fulfilled atheist,1,Support,A,1,,,
2060,the main creationist lie is that people use evolution in our current society as an excuse to do bad things,the comment of someone with an iq of about ,0,Attack,A,0,,,
1570,yes im fully aware what a solar eclipse is,yes im fully aware what a solar eclipse is,0,Attack,A,0,,,
648,"ukip's policies on health, education, taxation and all the things that affect peoples lives are non-existent.","We have fundamentally changed the national debate on Europe, immigration, education and I really believe that given the trajectory UKIP's on there is a real opportunity for us to get significant representation in 2015.",0,Attack,A,0,,,
1039,i am curious about one thing  luskin statesid investigations thus begin with observations about how intelligent agents operate and then proceed to convert those observations into positive predictions of what scientists should find in nature if intelligent design was involved in the origin of a given natural object,from wikipedia the scientific method,1,Support,A,1,,,
9,A vote for UKIP would be a vote for a Tory-UKIP alliance that would be more right-wing than a Tory government.,"UKIP also backed a flat rate tax, favouring the well off, although they admitted that the party was having an internal debate about whether this should have two-tiers.",1,Support,A,0,,,
760,"Ukip has British values, wants to get British industry kick started back to the fore front again, become more self-sufficient.","In a separate interview with BBC Radio 5 live, he warned of the possible consequences of an in-out referendum on the UK's relationship with the EU.",0,Attack,A,0,,,
162,"UKIP are just another bunch of freeloaders, using peoples fears and prejudice to gain votes so that they can get their snouts into the trough.","The Green Party, so often the fourth contender in local election races, now faces a very serious rival for that spot in UKIP.",0,Attack,A,0,,,
1130,the only thing i take issue with in this argument is the comments about lenskis work with e,mr,1,Support,A,0,,,
1242,the fact that the   evolution   lobby is trying to cite statements by ucc ministers to bolster support against id shows just how out of touch they really are,the problem with the catholic church is that it has been unable to disagree with any scientific theory ever since they got burned condemning galileo,1,Support,A,0,,,
329,Cameron had it right and UKIP could tip the balance towards Labour in the crucial marginal seats in the GE where the battle will take place .,"In a letter to the Daily Telegraph, which first highlighted his blog posts, Cameron gives a further defence of his views.",1,Support,A,0,,,
1649,after the entire cain and able thing the brother left to another group of people to find a wife,aig argues that pretexts brought by the reader are to blame for difficulties accepting the bible as literal truth,1,Support,A,0,,,
1035,i have yet to read a single sentence from any id proponent that provides testable predictions about the type of informational properties we expect to find in nature if an intelligent agent were at work in designing a natural object,when held to the standards of proof required for all other scientific theories id fails,1,Support,A,1,,,
357,UKIP and the Greens are the only parties to date that haven't screwed us all over.,"In contrast, the Conservatives have seen their membership levels fall.",1,Support,A,0,,,
13,The reason why UKIP has gained so many votes is because the main parties refuse to deal with immigration and the EU.,"It is doing the country serious damage because there are large numbers of potential investors in the UK who would bring employment here, who are being warned off because of the uncertainty all of this is creating.",0,Attack,A,1,,,
1227,and one of the reasons why id appears to be lousy theology but what the heck  i am sure iders can find yet another ad hoc explanation for this,yes jim we see objects on a daily basis that were not designed,0,Attack,A,1,,,
1254,ps including creationism as a n option and stopping hypnosis on students would bring up their iqs immediately if we include   creationism   we should include all the creationist stories,just when you think you have seen and heard it all the landons  eonic effect pops up again,1,Support,A,0,,,
2013, b tr  tr valigntop , i agree that it is slowly falling apart,1,Support,A,0,,,
897,teaching darwinism is comparable to teaching flying spaghetti monsterism,teaching the creationismevolution controversy is important to student learning,1,Support,A,1,,,
1566,people tend to focus on the trees,i agree he didnt want to confuse us,0,Attack,A,0,,,
2252,what about a second hand book sale,nobody buys books anymore,0,Attack,A,1,,,
306,"I don't think most people realise the benefits of free trade at all, and UKIP capitalise on peoples ignorance of the benefits of free trade as much as they can.","Speaking ahead of the party's annual conference, he said UKIP would become the third force in British politics and top the poll at the European elections in 2014.",0,Attack,A,0,,,
397,"UKIP are an independent party and have shown that their appeal is broad, making big dents in staunchly Labour voting areas as well as the recent bi-election successes.","Addressing party members in Birmingham, he predicted UKIP would cause a political earthquake - particularly now that the EU leaders' desire for a fully federal Europe was out of the bag.",1,Support,A,0,,,
1666,why does any one think god is limited to time,does the bible state that the world was created in six days,0,Attack,A,1,,,
1079,why would consideration of the designer necessarily introduce religious discussions about theological questions clearly it is because his concept of the designer is a supernatural onewhich was exactly what i was arguing,the ayn rand center says id claims that design can be inferred merely from observed complexity specified complexityi,1,Support,A,1,,,
991,  intelligent design does have merit,jumpstart helps us understand the eliminative nature of idit is difficult even improbable to imagine how such a process could happen without being jump started,0,Attack,A,1,,,
1896, god does exist he created evolution, what i feel in this context is creationism is nothing but a wrong assumption,1,Support,A,1,,,
1151,im not a cell expert either and understanding what behe wrote in his argument doesnt require it because he didnt say anything except cellular machinery is complex therefore it must be designed,but dont try to lead me astayi wanted to try and lead to the truth from being astrayactually,0,Attack,A,1,,,
241,"I agree with UKIP on the EU, but the rest of their policies are dangerous right wing bile.",Some have also suggested that UKIP may appeal to disaffected BNP voters.,1,Support,A,0,,,
1257,landonevolutionary science may have progressed but it has not explained the evolution of man or history,the eonic website claims erroneouslythe one thing darwinists dont want to find is such a nonrandom pattern anywhere,1,Support,A,1,,,
118,Intellectually I rate Farage much higher than Cameron; he has a very sharp and quick wit and is an excellent public speaker.,"To steal Lib Dem support, UKIP is trying to establish a more youthful base, helped by Nigel Farage's appeal.",1,Support,A,0,,,
2062,i believe there has to be a god because i see no compelling evidence that life spontaneously generated from non living chemicals,argument from ignorance nevermind that marc is largely ignorant of chemistry too,0,Attack,A,1,,,
1238,what do catcher in the rye the mona lisa mount rushmore and a love note etched on a sandy beach have in common they are all signs of design,as a final blow to the discovery institutes attempts to get intelligent design into the catholic door the church announced an evolution congress which failed to invited creationists and intelligent design   httpwww,1,Support,A,0,,,
2304,no what makes economics tick is unfairness of trade you do not need to fix something that is still not broken,on the other hand prices in usa are much lower for example for electronic devices that could be a way to reduce prices in europe,0,Attack,A,1,,,
1000,i read the entire article,first and foremost  how does an animal without an immune system survive to acquire one,0,Attack,A,1,,,
1270,first id is being applied only to objects that have high levels of csi,according to its advocates the designer responsible for intelligent design in biology could be any sort of creative intelligence capable of engineering the basic elements of life,1,Support,A,1,,,
1916, its impossible to argue with you people, all animals share the same dna so we must be related if you look at the evidence something religious people dont do you will see that there is more evidence for it than against it,1,Support,A,1,,,
717,A strong UKIP vote suggests there's a lot of the British public who aren't on board with the current set-up.,UKIP said leaving the EU was the only way to fully take control of the UK's borders.,1,Support,A,0,,,
2572,animal kingdom is better than the town and winters bonei have just seen animal kingdom and wow what an awesome movie it was,i completely agree with you its such a shame animal kingdom wont recieve the recognition it deserves during awards season just because it isnt a big hollywood film,1,Support,A,0,,,
1312,but where does that leave id  without a theory for the designer then that aspect remains unknown and would thus be called supernatural,id without a designer the cause of the big bang is unknown,0,Attack,A,0,,,
905,teaching creationism is comparable to teaching flat earthism,schools should not teach theories that are completely at odds with each other,1,Support,A,0,,,
1579,which one is it,k ,0,Attack,A,0,,,
2362,but if we get this right we will waste less research time with dodgy students we wish we had rejected at interview,i fully agree,1,Support,A,0,,,
1292,caseyeven the widelytouted theistic evolutionary biologist kenneth miller has claimed in five editions of his popular high school biology textbooks that the implication of evolution is that it works without either plan or purpose and is random and undirected,pandasthumb also explored these accusations    httpwww,1,Support,A,0,,,
766,UKIP doesn't need to win power to force the changes people want.,"We're not going to do a pact with UKIP anymore than I'm going to do a pact with the Lib Dems and go into the next election with them, said Mr Shapps.",0,Attack,A,1,,,
2278,hybrid electric vehicle,high vehicle cost,0,Attack,A,0,,,
447,UKIP doesn't need to win power to force the changes people want.,But he said there were still major differences such as grammar schools and windmills dividing the Conservatives and UKIP as he spoke to Jo Coburn about talks of a pact suggested by Conservative MP Michael Fabricant.,1,Support,A,1,,,
2351,game of thrones is one of the best,i like it a lot,1,Support,A,0,,,
343,"The People's Army is on the march and UKIP will get Britain back from the Liblabcon, Establishment and MSM political abusers of our country.","Former TV Apprentice Katie Hopkins, from the new I Want a Referendum Party, claimed UKIP talked a lot, but did not deliver, and said her group was looking for cross-party support.",0,Attack,A,1,,,
410,"I and many others will be voting UKIP not because of a handful of people that have said stupid things, it will be because I identify and agree with their overarching principles.","Asked if this meant he was calling UKIP racist, he replied of course it is racist, of course, who doubts that?",0,Attack,A,1,,,
1438,because of course id really does not mean anything significant,you continue to quote dishonest sources,0,Attack,A,1,,,
1229,im aware of that id christians give themselves a huge fudge factor by claiming that the fall of man somehow fouled up nonhuman nature,joe gbtw christianity does not maintain that god created everything as it is today,1,Support,A,1,,,
1656,the notion that science assumes that theirsic is no creator and then prove it is plainly ridiculous,it is consistent but,1,Support,A,1,,,
600,Young people have the most to lose by the UK leaving the EU yet UKIP have the nerve to believe that their view should prevail.,"The UKIP leader also stated that the priority for Britain should be to have more united communities and better job prospects for young people, rather than the economic benefits that some believe immigration can bring.",0,Attack,A,1,,,
260,A forensic examination of UKIP's policies would nail once and for all the Establishment lie that they're a bunch of swivel-eyed racists.,"Asked if this meant he was calling UKIP racist, he replied of course it is racist, of course, who doubts that?",0,Attack,A,1,,,
2468,We should promote democratisation,Developing countries are generally not altruistic enough to fully support countries and as a result they achieve a useless halfway state,0,Attack,A,1,,,
1397, i have been a christian most of my life and the ten years i lived outside the community was hell on earth,poblic schools are not to promote   religion  ,1,Support,A,0,,,
1066,the problem with your argument is that it simply depends on a certain kind of fossil not being found and you have been repeatedly proven wrong over the last  or  decades when such a fossil is found,the problem with your argument is that it simply depends on a certain kind of fossil not being foundthats part of the equation it also relies on changes or progressions between fossils happening to quickly or too sudden in order for it to be accounted for by chance and necessity,0,Attack,A,0,,,
2336,or cycle,what about a swim,1,Support,A,0,,,
678,"Ukip has British values, wants to get British industry kick started back to the fore front again, become more self-sufficient.","Over three million jobs in this country, directly or indirectly, depend on us being in the EU, so that is a big choice.",0,Attack,A,1,,,
849,"The UKIP party is a populist party at the right end of the spectrum, which exploits people's fears of the foreign and unknown.","The responsibility of politicians in this situation when people are getting anxious is to try to reassure them and give the facts, not panic and resort to populist measures that do harm.",1,Support,A,0,,,
2600,rarely have i watched and rewatched a movie with such spectacular cinematography,the action scenes convey a level of realism seldom seen in action films,1,Support,A,0,,,
679,"I don't necessarily think Nigel Farage is worthy of PM, I think they need a new leader.","In 2006, the lower-key Knapman retired, to be replaced by Nigel Farage, an eye-catching media performer who pledged to make UKIP a truly representative party, ending its image as a single-issue pressure group.",0,Attack,A,0,,,
377,"UKIP are just another bunch of freeloaders, using peoples fears and prejudice to gain votes so that they can get their snouts into the trough.","I think UKIP is a party that is really on the up, now that we have got the positive bit between our teeth, we are really going to go places.",0,Attack,A,1,,,
1909, i do believe in creationism, read my comments and you will truly see the mistake and stupidity in evolution,1,Support,A,1,,,
2411,I prefer trade to aid,Trade does not allocate resources effectively,0,Attack,A,1,,,
843,"The sooner we are out of the EU, the sooner we can start making this country great again.","That said, Lord Davies told peers the bill was an excellent idea, because he was quite confident that any such inquiry would decide that the benefits of EU membership outweigh the costs.",0,Attack,A,1,,,
398,For what its worth I think UKIP is a one trick pony and is unelectable in a general election.,"But judging from recent opinion polls UKIP's wider policies - grammar schools, curbing immigration and opposing gay marriage - seem to have struck a chord with disenchanted voters from the big three.",0,Attack,A,1,,,
777,"In fact, all UKIP seems to talk about now is withdrawl from the EU without any genuine policy around UK's domestic economy.","It is also one which means people often dismiss it as a single issue party, unlikely to become a force in Westminster politics.",1,Support,A,0,,,
2298,samsung produces some great tvs since they have fantastic image quality and are full of features,i have had some bad experience with the reliability of samsung products,0,Attack,A,1,,,
1255,just when you think you have seen and heard it all the landons  eonic effect pops up again,may as well get to work on it,1,Support,A,0,,,
2250,i would suggest just buying a tablet either an ipad or any android tablet no need to pay the cost of a laptop,some tablets are more expensive than laptops so i propose to buy a laptop or a netbook,0,Attack,A,1,,,
868,"The sooner we are out of the EU, the sooner we can start making this country great again.",UKIP leader Nigel Farage said the UK had no real control over either the number or the type of migrants that were settling from elsewhere in the EU.,1,Support,A,1,,,
1962, evolution is true im a christian but im not in denial adam and eve is a load of sh   its probably meant to be symbolic and easy to understand for the people of the day remember that was over  years ago, evolution is completely true darwin hit the nail right on the head when he defined the theory of evolution and the survival of the fittest understanding,1,Support,A,0,,,
1879,the aftermath of evolution has been witnessed but never the actual process itself,i have no patience for people like you,0,Attack,A,0,,,
754,UKIP isn't committed exclusively to either right-wing or left-wing ideology and that’s a very good place to be.,UKIP leader Nigel Farage said any members proven to have extreme right wing views would be expelled.,1,Support,A,1,,,
1368,robert crowtherlike modern evolutionary theory there is more than just one side to the debate,here is the response to irons which was also published in the montana law review,0,Attack,A,0,,,
2492,Terrorism can sometimes be justified,Terrorism can bring attention,1,Support,A,0,,,
1963, evolution is completely true darwin hit the nail right on the head when he defined the theory of evolution and the survival of the fittest understanding, evolution is simply the genetic change in populations of organisms over successive generations,1,Support,A,0,,,
2602,rarely have i watched and rewatched a movie with such spectacular cinematography,great post the cinematography is outstanding in this film my jaw hit the floor at some parts as the camera just rolls making you feel like youre there,1,Support,A,0,,,
2043, creation is fantasy and you cant prove a fantasy, it is only belief,1,Support,A,1,,,
144,"I sense that Farage is a total megalomaniac, a charlatan, someone who is in it for the attention and the glory and that in a strange way, that many UKIP voters know this but don't seem to mind.","Mr Farage, who failed in his attempt to become an MP in May, said he was the best man to lead UKIP from the front.",0,Attack,A,0,,,
1406,the national center for science education does not as its name implies promote and support science education in the united states in a general sense,daveis there credible scientific evidence that life was designed yes,0,Attack,A,0,,,
2506,The International Criminal Court should be recognised,The novel crime of aggression leads to the prosecution of those seeking to protect human rights,0,Attack,A,0,,,
1946, there is no scientist can give strong evidence to support evolution, i am going to borrow from churchill,1,Support,A,0,,,
2254,how many goals can you score in an amount of time,that would be very simple unimaginative etc,0,Attack,A,1,,,
778,"I think Farage makes a much better leader than any of the other parties, he's full of enthusiasm and is not a PR man like the current leaders of the 3 main parties.",The party's leader Nigel Farage has promised to cause a political earthquake at next year's polls after a strong showing in local elections.,1,Support,A,0,,,
193,"The UKIP party is a populist party at the right end of the spectrum, which exploits people's fears of the foreign and unknown.","Then there is UKIP's founder Alan Sked, who wrote to the The Times to say that UKIP has been fooling its voters and members for far too long.",1,Support,A,1,,,
117,Hopefully we will see our first UKIP MP before the general elections next year.,Many decent and patriotic people in this country have been willing to consider flirting with UKIP.,1,Support,A,0,,,
394,A forensic examination of UKIP's policies would nail once and for all the Establishment lie that they're a bunch of swivel-eyed lunatics.,UKIP Councillor David Silvester said floods had happened after David Cameron acted arrogantly against the gospel.,0,Attack,A,0,,,
2167,this is where the competition really occurs this is why natural selection the ability to go on to breed on the level of the population is actually nonrandom,wow supersport got something right,1,Support,A,0,,,
1351,first thanks for the reply,schenfinally to claim that id has no secular purposes that are not shams is quite a claim to make,0,Attack,A,1,,,
2374,i think nokia will rise after merging with microsoft,good point they will need to work hard to rebuild their reputation of making reliable and quality phones though,1,Support,A,1,,,
1172,its funny because i already named some provided resources to find them and yet you seemed to dodge the argument altogetherfollowed by the usual nonsense,not all this link was identified in my last reply    httpwww,0,Attack,A,1,,,
139,The only reason we are even having a sensible debate about Europe are UKIP.,The UKIP MEP reckoned a number of Conservatives who want a referendum on the EU in the current Parliament need to grow a backbone and do something about it.,1,Support,A,0,,,
2183,see here you have seperated mind spirit soul the bible did not do this unless zechariah is being misinterpreted it basically said in your interpretation that the spirit and the soul are the same thing,yes it is very hard even for theologians to explain,1,Support,A,0,,,
2035, darwin observed species and wrote it down  evidence, i think youll find there is,1,Support,A,0,,,
249,"UKIP are a fairly right wing group as I'm sure will become clear when they actually produce some policies other than the ""its all the eu's"" fault.",A UKIP candidate in Somerset was suspended from the party on Tuesday after a photo of him apparently making a Nazi-style salute appeared on his Facebook page.,1,Support,A,1,,,
416,The reason why UKIP has gained so many votes is because the main parties refuse to deal with immigration and the EU.,"Farage's outspoken speeches in Brussels against what he perceives as euro-nonsense are legendary, both for their wit and passion.",1,Support,A,0,,,
825,UKIP do have more than Nigel Farage able to deal with media interviews.,"Oh and if the last few minutes of reading this article has felt like the Nigel Farage Show, he still dominates this political party.",0,Attack,A,1,,,
1703,i think you hit the nail on the head here,my basic problem with science on these matters is that it is not true science,0,Attack,A,1,,,
948,joegbtw pvm the scientific answer to ucd is we dont know,and as with all scientific inferences further research can either confirm or refute that inference,1,Support,A,0,,,
1641,i do not believe in science,all this is hard to understand,0,Attack,A,0,,,
127,"In UKIP, we have a new political force which looks likely to poll very well in a national election.",Mr Aker said messages on the EU and immigration were getting through to disillusioned voters.,1,Support,A,0,,,
339,The success Ukip had in the european elections will be sufficient to galvanise one or preferably all the other parties to rid us of the EU's political influence.,"It is doing the country serious damage because there are large numbers of potential investors in the UK who would bring employment here, who are being warned off because of the uncertainty all of this is creating.",0,Attack,A,1,,,
1044,casey luskin knows how to use impressive multisyllabic words to suggest that hes intelligent,all human design and resulting construction starts with what exists a designer and things entities,1,Support,A,0,,,
2258,limassol no doubt about it it has the most beautiful beaches and the most fun places to visit,i disagree about the most beautiful beaches part,0,Attack,A,1,,,
1100,to those unfamiliar with nick matzke he was one of the many instrumental contributors to the success of the kitzmiller v dover ruling as part of the plaintiffs team,i understand that michael behe is one of the participants on this forum and i am looking forward to his contributions addressing matzkes observations,1,Support,A,0,,,
159,UKIP are in no way a single issue party and if Labour or the Conservatives were to give us a referendum UKIP would still have a full manifesto that would attract many voters.,But immigration is still the issue that opinion polls and focus groups suggest resonates most with UKIP supporters.,0,Attack,A,1,,,
1767,as has already been covered,genesis  and  say and there was evening and there was morning a sixth day,0,Attack,A,0,,,
2028, i have repeatedly asked for proof on this site and have yet to be supplied with any real proof, evolution is just an excuse for biology to occupy the adolescent young mind,1,Support,A,1,,,
421,A forensic examination of UKIP's policies would nail once and for all the Establishment lie that they're a bunch of swivel-eyed racists.,Farage told the BBC the Conservatives were virtually indistinguishable from Labour and the Lib Dems on many issues and that UKIP was offering a real alternative.,1,Support,A,1,,,
2440,We should fear the power of government over the internet,Regulating the Internet is a means for governments to spy on their citizens,1,Support,A,0,,,
1404,liberals will loose this battle,is good science a liberal theme if you love true science you must be a liberalyou are in good company but remember that good science including evolutionary science knows no boundaries christians republicans democrats and independents all accept the facts of science of course given the historical link between evangelicals and republicans we do observe a stronger lack of understanding of science amongst some who also happen to be republicans but do not confuse cause and effect here,0,Attack,A,1,,,
1750,i didnt respond to a word of your post because you didnt give me a word to respond to that wasnt an attack itself,youve got it right,0,Attack,A,0,,,
1338,tji agree with you though that darwinism does not automatically lead a person to atheism,tjthe dover verdict was a farce,1,Support,A,0,,,
475,"Ukip is the only party advocating withdrawal from the failing EU, a sensible idea for a lot of people!",UKIP said leaving the EU was the only way to fully take control of the UK's borders.,1,Support,A,0,,,
78,The success Ukip had in the european elections will be sufficient to galvanise one or preferably all the other parties to rid us of the EU's political influence.,"But in a chat with younger UKIP members it was grammar schools and university that came up most, and not questions of EU membership.",0,Attack,A,1,,,
2300,six feet under best drama series ever excellent cast superb acting,the acting is superb but i believe the writing falls off sharply around season ,0,Attack,A,1,,,
1365,judge jonesalthough we have found that defendants conduct conveys a strong message of endorsement of the board members par ticular religious view pursuant to the endorsement test the better practice in this circuit is for this court to also evaluate the challenged conduct separately under the lemon test,from the above linked paper by peter irons i quote the followingpeter ironsin an undoubtedly unintentional slip which they may well regret the di authors have effectively given away the store with their concession that under the lemon test all that was necessary for judge jones to determine that an establishment clause violation had occurred was to find that the dover school board members had predominantly religious motivations for enacting their id policy,1,Support,A,0,,,
1038,i appreciate your contributions as they provide an independent view into why so many have come to accept the scientific vacuity of id,i am curious about one thing  luskin statesid investigations thus begin with observations about how intelligent agents operate and then proceed to convert those observations into positive predictions of what scientists should find in nature if intelligent design was involved in the origin of a given natural object,1,Support,A,0,,,
1164,and minimize the ad hominems and iders will listen,i believe arguments from the opposing camps that say it looks like it was designed so it must have been designed and natural selection could have produced it so we believe natural selection did produce it are not going to lead to resolution of this issue,1,Support,A,0,,,
1045,all human design and resulting construction starts with what exists a designer and things entities,theories are not supported by finding confirming evidence only,0,Attack,A,1,,,
2284,nothing is more important than my research time and i just think this is a distraction,no my research time is more important than your research time,0,Attack,A,1,,,
1575,and what of those who having studied the bible and the physical world determine that the bible has no basis in fact,some people see it as a day to the lord is a  years,0,Attack,A,0,,,
2624,the themes and the dark tragedy to life wrapped around a child is so realistic to how kids are raised now it is truly amazing and a feat to behold to see,i found del toros attempts to blend fantasy and reality to be quite ham fisted and lazy,0,Attack,A,1,,,
57,It is because of UKIP that we are finally discussing the European question and about immigration and thank goodness for that.,Most people in the country agree we are being mucked around by our friends in Brussels most people think that immigration is too high most think that welfare has got out of kilter.,1,Support,A,0,,,
933,naming two well known id proponents does not a citation make to support pvms twisted version of id arguments,seems highlander was somewhat quick in his response as i am more than willing to support my claims,0,Attack,A,0,,,
2319,usually the best city in every country is the capital so i would go for madrid ,i agree if you were to visit only one city in spain madrid would be it,1,Support,A,0,,,
1907, you see a building and you have proof there is a builder, creationism is not out of the picture,1,Support,A,0,,,
794,"If UKIP took all their anti-establishment guff and turned it on the banks and financial institutions then they would have more legitimacy, but instead they turn on Polish and Roma fruit pickers who do unskilled work for minimum wage.",The announcement comes two weeks after a roll out of Home Office vans with posters warning illegal immigrants to go home or face arrest was cancelled.,1,Support,A,0,,,
741,People are not voting for UKIP because of immigration propaganda but because of their direct experience of immigration.,"UKIP appears to have struck a chord with many voters on the issue of immigration, campaigning against the relaxation of working restrictions on Bulgarians and Romanians due to come into force in January.",1,Support,A,0,,,
2418,We should grant politicians immunity from prosecution,The ability to prosecute politicians is the ultimate protection against the abuse of power,0,Attack,A,1,,,
484,"UKIP's position is not reasonable, but racists and proto-fascist, considering they have nothing to say about the finance capital bombing of the economy, but to put all the blame for Europe's woes onto immigration.",UKIP say their message is cutting through regularly.,0,Attack,A,1,,,
1774,i agree with your definition of ignorance but i feel that ignorance crosses into stupidity when those who are ignorant but have the means to inform themselves fail to do so,yeah thats kinda true,0,Attack,A,0,,,
497,"I think Farage makes a much better leader than any of the other parties, he's full of enthusiasm and is not a PR man like the current leaders of the 3 main parties.",And they also seemed very thankful to have the colourful Nigel Farage back as party leader.,1,Support,A,0,,,
1399,why dont we   add   those inand believe me those commandments werent invented at that time,why dont you tell meare they needed to for   health   and safety of the country,0,Attack,A,1,,,
812,UKIP will not improve public services.,"UKIP warn that long-term youth unemployment is already among the highest in Europe and pressure on job markets from further migration could lead to social unrest, with local authorities and public services unable to cope.",0,Attack,A,1,,,
1215,whats there left to do,you mean ones like wmap shows that we are at the center of the universe or the quote of carterwell i realize that one does remain the goldilocks enigma is a falsifiable observation that makes testable predictionsas i already explained though observations are seldomly falsified as they are based on observed data,1,Support,A,1,,,
2511,I believe that opinion polls harm the democratic process,Opinion Polls should not be published 2 weeks in advance of an election,1,Support,A,0,,,
328,If the other parties do tackle the issues of EU and immigration I'll be more than happy to see UKIP disappear.,"And at by elections voters are not choosing a government - they can shout loudly and protest, safe in the knowledge that it won't change the person who lives in Downing Street.",1,Support,A,1,,,
1704,my basic problem with science on these matters is that it is not true science,agreed  percent  this is my frustration with people who want to find every possible motive to discredit creationism they seem to want everyone to accept their viewpoints without question while they seemingly want to question and discredit anyone who does not see from their points of view,0,Attack,A,0,,,
2358,low co emissions ,i do agree with this,1,Support,A,0,,,
473,"UKIP do not bear scrutiny either as a coherent policy offer or a group of potential ministers , they are an insurgent party of protest with one message.","He said it was proof that UKIP is no longer just a protest party and is broadening its appeal across the country, not just the south of England.",0,Attack,A,1,,,
2281,hybrid electric vehicle,cost will reduce with scale,0,Attack,A,0,,,
788,The hate campaign against Eastern Europeans that was and is run by UKIP legitimises anything said against them.,"The Conservatives, the Lib Dems and Labour have all been reconsidering their policies in light of this change and widespread criticism of the last government's failure to anticipate the large number of migrants from eastern Europe who came to the UK after EU enlargement in 2004.",0,Attack,A,0,,,
1288,because i hate to break it to you but   christians   believe that the world is round so does that mean you disagreebut is a round earth inherently a christian positionalso pagans believe that the earth is round as well,i recommend this bookgod in the foxhole by charles sasser not that youll read it but hey its worth a try,0,Attack,A,0,,,
2224,as it stands in the uk a father has no sat whatsoever in the welfare of the fetus if his partner wants to terminate he need never even be told,same in the us the father does not have the right to choose,1,Support,A,0,,,
469,UKIP are blatantly disregarding the possibility of man made climate change.,"And when married to the Europhobia innate to parts of the Conservative party, you have a diabolical cocktail that threatens the whole long-term structure of UK climate change and energy policy.",1,Support,A,0,,,
205,The more the 'mainstream' parties smear and lie about UKIP the more their support rises.,UKIP has won over 130 seats so far and is averaging 25% of the vote in the wards where it is standing.,1,Support,A,0,,,
2472,We should create a United Nations standing army,A United Nations standing army would be ideally suited to respond to contemporary crises,1,Support,A,0,,,
966,jumpstartwhen materialist impose the supernatural all they are doing is saying somethings are beyond being explained through nature and by science, pvm why would materialists impose the supernatural this just does not make sense,0,Attack,A,1,,,
75,It is because of UKIP that we are finally discussing the European question and about immigration and thank goodness for that.,The anti-EU party also came second in the last European elections in 2009.,1,Support,A,1,,,
1448,in answering your questions i will try to keep on point,jim,0,Attack,A,0,,,
498,"UKIP is a one man's party: its leader, Nigel Farage is running the show - I cannot think of any other party member having expressed any opinion publicly and I wonder whether this is because none of the other party member is ""presentable"".",Mr Farage has a network of unofficial party offices embedded in every community in the country.,0,Attack,A,1,,,
671,"UKIP are indeed far from perfect, but they have grown as a party because the Establishment Parties have deceived the public for so long on informing and educating on WHAT IS THE EU SUPERSTATE project.","UKIP appears to have struck a chord with many voters on the issue of immigration, campaigning against the relaxation of working restrictions on Bulgarians and Romanians due to come into force in January.",1,Support,A,0,,,
921,i surely intend to do so but these issues go beyond questions of policy,you said id has failed to contribute in any meaningful mannerwrong  newton pascal einstein and many others put stock in the id theory,0,Attack,A,1,,,
1445,how do we observe   evolution   occurring i do not see one creature evolving into another one,when i read casey luskins article he made some very good points,0,Attack,A,0,,,
1373,here is irons response to the so called rebuttalreply to rebuttalby peter ironsthe pages of a respected law review are rarely filled with such pejorative terms as smear and innuendo poisoning the well and personal attacks,you lost the case  get over it,0,Attack,A,1,,,
1352,schenfinally to claim that id has no secular purposes that are not shams is quite a claim to make,when the supreme court formulated valid secular purpose which is not a sham the court unlikely believed that any future unstated secular purpose would be sufficient for something to pass this requirement,1,Support,A,0,,,
993,how did life begin ,saying there are experts on intelligent design is like saying there are experts on astrology,0,Attack,A,1,,,
2444,We should fear the power of government over the internet,Internet governance is necessary to combat heinous crimes committed via the internet,0,Attack,A,1,,,
612,"UKIP must get used to the idea of being widely criticised for their bullshit just as other parties always have and I find them racist, sexist, homophobic, embarrassing, unpleasant, fake, ill-prepared, trivial, incompetent, barely organised and dull.","The responsibility of politicians in this situation when people are getting anxious is to try to reassure them and give the facts, not panic and resort to populist measures that do harm.",1,Support,A,0,,,
2650,i turned this movie off halfway through because i was bored out of my skull then i come here and its got a high rating granted its got a good storyline good acting nice cinematography but somehow still managed to bore me to tears,oh no i have seen the whole movie multiple times definitely a film i will not get tired of any time soon,0,Attack,A,1,,,
1807,for macroevolution theory to be valid laws of nature that are generally accepted as true and standard must be repeatedly denied,st evolution does not require dramatic mutation,0,Attack,A,0,,,
1541,feel free to respond,to start with with i think the wikipedia page  httpen,1,Support,A,0,,,
1974, theres really no way yet to prove it but the precedence of the evolution of all other species including our own has led to a conclusion that we most likely came from something else, as far as evolution god and the creation of man is concerned maybe evolution is an explanation of how and not why,1,Support,A,0,,,
1487,the smoking guns are well established,jon buell the president of the foundation for thought and ethics testified in court enjoyby mr,0,Attack,A,0,,,
2085,read what i actually wrote for a change,this is what socially inept losers do when they know their argument is deny they ever made one,0,Attack,A,1,,,
508,"If UKIP want to retain these voters and attract more in a general election then they need to come up with policies other than ""leave the EU"" and ""its all the immigrants fault"".","The charge put by its deputy leader David Campbell Bannerman when he defected to the Conservatives in the wake of the May elections was that UKIP remained, at heart, a single issue pressure group.",1,Support,A,0,,,
1686,there are some answers in there,usher got a bad rap,1,Support,A,0,,,
1451,jimfinally i just want to say that it appears to me that statements made against id and their proponents  made by others not you  regarding id has been so emotionally charged it makes me feel their judgment is affected,or that evolution is a process involving randomness and natural selection,1,Support,A,1,,,
769,"If we leave the EU we will save billions of pounds which can then be invested in our ailing national infrastructure, notably the NHS.","Mr Cameron also said he did not think it would be right for Britain - or in the national interest - to leave the EU entirely, pointing out that some 50% of nation's trade was with the EU.",0,Attack,A,1,,,
1297,who designed the designer is a valid and important point and ids fatal flaw,by the very nature of its approach intelligent design cannot be satisfied with a designer who is part of the natural world,0,Attack,A,0,,,
94,"I agree with UKIP on the EU, but the rest of their policies are dangerous right wing bile.","No matter how uncomfortable it makes our metropolitan elite, we have to deal properly with fears over immigration.",0,Attack,A,0,,,
2643,i cant believe that a great film like this can receive such a low rating while the likes of shawshank redemption and batman sit comfortably in the top  list of the entire website,those movies that you mentioned are actually entertaining unlike this pseudointellectual crapfest,0,Attack,A,0,,,
551,UKIP isn't committed exclusively to either right-wing or left-wing ideology and that’s a very good place to be.,You all think euroscepticism is a right-wing view - it is not.,1,Support,A,0,,,
949,and as with all scientific inferences further research can either confirm or refute that inference,as i said earlier experience demonstrates that it matters a great deal to an investigation whether or not that which is being investigated occurred via agency involvement or by nature operating freely,0,Attack,A,1,,,
2161,here in new hampshire not known as a bastion of liberalism civil unions passed the state legislature this year i am now covered under my partners state sponsored he is a state worker health insurance we are grateful,oh i hear you i am covered by my partners insurance here as well i would not have been able to get the insurance if we were not legally a union,1,Support,A,0,,,
1492,fxl insists that just because god is absent from the book that it therefor could not have been based on creationism even though it defined creationism to be in line with its predecessors and later renamed the term to read design,i must admit this would all go a lot smoother if there were no word count limits or rules about how many posts you could make at a given time,0,Attack,A,0,,,
2417,We should grant politicians immunity from prosecution,Prosecutions of politicians are often motivated by partisan concerns,1,Support,A,1,,,
1654,the only assuption we make in science is that the nature of the universe is consistant and rational,the absence of a creator is not an assumption of the sciences,1,Support,A,0,,,
228,"If UKIP don't like being smeared, then they need to stop smearing, stigmatising, and fear mongering about others.","But UKIP, whose conference takes place at Eastbourne's Congress Theatre and Winter Gardens, is keen to be seen as more than a single-issue party and other issues on the agenda include defence, education and housing.",0,Attack,A,1,,,
352,"I voted Tory for 30 years and started supporting UKIP because I want a sovereign, democratic , well governed Britain with Britain put first and its getting clearer by the day that the old Liblabcon parties will not do that.",He added that he was very fortunate to have been backed by UKIP at the 2010 general election.,1,Support,A,0,,,
480,It is because of UKIP that we are finally discussing the European question and about immigration and thank goodness for that.,"Mr Cameron also said he did not think it would be right for Britain - or in the national interest - to leave the EU entirely, pointing out that some 50% of nation's trade was with the EU.",0,Attack,A,1,,,
783,It is because of UKIP that we are finally discussing the European question and about immigration and thank goodness for that.,"UKIP had increased its vote by 50% in the general election and had many exciting plans for the future, he said, but it was time for a younger leader to show how liberating and enriching life would be outside the EU, saying he was confident one would emerge.",1,Support,A,1,,,
758,"ukip's policies on health, education, taxation and all the things that affect peoples lives are non-existent.","But UKIP, whose conference takes place at Eastbourne's Congress Theatre and Winter Gardens, is keen to be seen as more than a single-issue party and they address issues such as defence, education and housing.",0,Attack,A,1,,,
1753,i believe that the first chapters of genesis including the ancient history of the hebrew people should be understood within the context of covenant,you skewed whatever argument you were wishing to present by quoting from the cathoic catechism,0,Attack,A,1,,,
1336,tjagain you may have faith that methodological materialism will solve all of these problems in the distant future,tji agree with you though that darwinism does not automatically lead a person to atheism,1,Support,A,0,,,
2631,this film is the poster child for hollywood greed at work its a depressing plot devoid of compassionate characters i mean they kill a child in this movie who finds that entertaining,i started posting a riposte to your ridiculous message then i stopped and deleted it either youre taking the mick or you are an idiot either way i dont care,0,Attack,A,0,,,
1919, the evidence has it, and the reason why there are so many species that arent on this planet any longer,1,Support,A,0,,,
436,The success Ukip had in the european elections will be sufficient to galvanise one or preferably all the other parties to rid us of the EU's political influence.,"UKIP appears to have struck a chord with many voters on the issue of immigration, campaigning against the relaxation of working restrictions on Bulgarians and Romanians due to come into force in January.",1,Support,A,0,,,
412,"UKIP advocates for the UK leaving the European Union which would be a bad idea – but they are trying to leverage on the british people’s need to belong and pride to be british, which further sparks their anti-foreigner standpoint.","UKIP, which is fielding a record number of candidates in next month's elections on the back of strong performances in recent Westminster by-elections, said the issue was definitely coming up on doorsteps.",0,Attack,A,0,,,
1895,aithiesm constitutes that nothing created the universe, god does exist he created evolution,0,Attack,A,1,,,
1494,i take it your also a closet fan of hugh ross am i right dnot really he tries hard but fails,while i did feel for some time that id had merit i also must admit that i believed for some time that it was religious due to those early pandas drafts,0,Attack,A,0,,,
1723,afaik the languages of genesis are hebrew and aramaic,try reading chaucer out loud in his language,1,Support,A,1,,,
779,It is more likely that Tory voters would vote tactically for UKIP to keep Labour out and that means Labour are at a real disadvantage. ,"Labour has declined to say how it expects to do, but experts have said it will be looking to retake control of councils such as Derbyshire and make inroads across the south of England at the very least.",0,Attack,A,1,,,
29,Intellectually I rate Farage much higher than Cameron; he has a very sharp and quick wit and is an excellent public speaker.,"Natalie Bennett gave him a name check in her speech, dismissing Mr Farage as just waving a pint and a cigarette and grinning.",0,Attack,A,1,,,
277,"Much of UKIP's meteoric rise has to do with political correctness, and the fact that ordinary people are sick of it.","While UKIP is on the rise the Conservatives have lost more than 300 councillors and the Lib Dems, more than a hundred.",1,Support,A,0,,,
52,The only reason we are even having a sensible debate about Europe are UKIP.,UKIP said it was reflecting real public concerns about the issue.,1,Support,A,0,,,
280,The hate campaign against Eastern Europeans that was and is run by UKIP legitimises anything said against them.,"In the space of one year, UKIP have gone from 4.5% in the polls to yesterday's high of 16%.",0,Attack,A,0,,,
2178,concepts do not come from somewhere they are not physical entities and do not have physical properties such as locations beginnings or ends they do not require a creator physical the universe or imaginary god,this is my thinking exactly,1,Support,A,0,,,
697,If there are enough Ukip votes it should frighten all the parties sufficiently to make them realise they can't just ignore the electorate.,"But Mr Farage said Mr Barroso was very very frightened of UKIP and the UKIP argument in the UK, and similar movements in other EU nations.",1,Support,A,0,,,
539,UKIP will not improve public services.,"She will add that the bill will further reform the immigration system by tightening immigration law, strengthening our enforcement powers and clamping down on those from overseas who abuse our public services.",0,Attack,A,1,,,
722,"Arguably, UKIP & co. aspire to destroy the culture created in Europe after WWII, which has been based on openness, free travel, migration and cross-geographic access to goods and labour markets.","I was delighted to cast my vote for [UKIP leader] Nigel Farage's team in Sussex, where I live, said Lynam.",0,Attack,A,0,,,
334,"As far as immigration is concerned all Ukip want is a level playing field for non EU migrants and to control the numbers so, if anything, Ukip are too soft on immigration.",Godfrey Bloom's and other UKIP party members' actions are an insult to all those who have fought against fascism.,0,Attack,A,1,,,
2456,All nations have a right to nuclear weapons,Nuclear weapons serve to defuse international conflicts and force compromise,1,Support,A,0,,,
891,evolution has no implications for morality it describes what has happened making no judgement about whether what has happened is good nonreligious ethicists are perfectly capable of making moral judgements and they regularly do so,creationism makes a false historicalscientific claim that is detached from the broader precepts of belief in god,1,Support,A,1,,,
1080,the ayn rand center says id claims that design can be inferred merely from observed complexity specified complexityi, this is really your argument thats really unimpressive,0,Attack,A,0,,,
2434,Bribery is sometimes acceptable,Bribery is sometimes necessary for survival,1,Support,A,0,,,
2272,why not london has it all culture fun exhibitions parks what more do you want,better weather,0,Attack,A,1,,,
2567,this was just an amateurish hodgepodge of the departed the town and we own the night and sopranos,completely agree swing and a miss on this one kept waiting for something to happen maybe i wasnt in the right mood for it but it just didnt deliver at all more limp than month old lettuce,1,Support,A,0,,,
2587,movies should be fun entertaining this movie is not waste of my time ,art is supposed to probe dark subject matter most of the greatest films do just that,0,Attack,A,1,,,
1770,my point was not that genesis contradicted itself but that if you took it literally it contradicted itself,when there is clear and overwhelming proof that evolution is the process by which life has developed on earth it is painfully stupid to believe that the earth was created as it is now  years ago by a magical man in the sky,1,Support,A,1,,,
2403,We should ban religious symbols in public buildings,It is their culture and religion,0,Attack,A,1,,,
1013,while in science you cannot prove or falsify the existence of god and id doesnt change that i agree that when it comes to blind faith dawkins and pz myers are guilty of the same thing,theism is a belief in gods,0,Attack,A,0,,,
2291,the iphone is the best smartphone,it is far too expensive,0,Attack,A,1,,,
593,UKIP is a vessel through which a protest is being delivered. ,"He said it was proof that UKIP is no longer just a protest party and is broadening its appeal across the country, not just the south of England.",0,Attack,A,1,,,
2632,this film is the poster child for hollywood greed at work its a depressing plot devoid of compassionate characters i mean they kill a child in this movie who finds that entertaining,you are right this movie sucks i dont understand why is it liked so much someone here says its supposed to be thought provoking and not entertaining,1,Support,A,0,,,
2048, there is endless evidence what it is evidence for is for each person to decide, yes there is evidence,1,Support,A,0,,,
176,UKIP are neither sexist nor another incarnation of the BNP.,"The chairman of the Royal College of GPs, Claire Gerada, has accused UKIP's treasurer of sexism.",0,Attack,A,1,,,
1921, i really like bananas so i mustve evolved from monkeys p, the one that suits its current environment surveys and grow up to breed,1,Support,A,1,,,
538,UKIP's sole aim at the general election is to get a smallish number of MPs elected but enough to hold the balance of power and do a deal with the Tories.,One Conservative MP has suggested his party consider a pact with UKIP at the next election.,1,Support,A,0,,,
1122,hilarious,but what about your opinion on idid is ridiculously and obviously not   science  ,0,Attack,A,1,,,
2470,We should promote democratisation,The immense cost and effort involved in sustaining democracy across the world in countries that are not prepared to fully accept responsibility themselves does not equal the benefits,0,Attack,A,1,,,
934,seems highlander was somewhat quick in his response as i am more than willing to support my claims,highlanderthe exact same is true when modern science reveals an ic structure such as the flagellar motor  assembly,1,Support,A,0,,,
1040,from wikipedia the scientific method,specifically the theory predicts that we will find large amounts of specified complexity in natural objects,1,Support,A,1,,,
2409,I prefer trade to aid,Trade requires infrastructure,0,Attack,A,0,,,
653,UKIP doesn't need to win power to force the changes people want.,Their debate followed a Daily Politics flim looking at a possible pact between UKIP and the Tories.,1,Support,A,0,,,
1582,is often confused for rhetoric,the point of the debate is to set up a straw man that the world was created in six days that antichristians can knock down,1,Support,A,0,,,
1401,the  commandments are not the sole source of morality,what i am saying is if we teach laws,0,Attack,A,0,,,
1447, it seems to me that luskin is being more scientific in that he talks about a method for testing idthats ironic because luskin presents no testable id,in answering your questions i will try to keep on point,0,Attack,A,0,,,
1906, im against it   ahh i love the arguments in everyone the against it section, you see a building and you have proof there is a builder,1,Support,A,0,,,
2230,the fetus has never achieved conciousness let alone has known anything,well you get the idea,1,Support,A,0,,,
833,"The ratio of nutters in UKIP is far higher than in other parties, especially so since they seem determined to take all the Tories' fruitcakes off them.",UKIP leader Nigel Farage said any members proven to have extreme right wing views would be expelled.,0,Attack,A,0,,,
2216,i thought the idea of starting threads on a topic was to start a discussion on that matter,yes that is logical,1,Support,A,0,,,
1647,tell me have you ever read the origin of the species i have and i find it to be a pretty far stretch,many people claim that certain writings are the word of god,1,Support,A,0,,,
2032, wow, evolution is still happening,1,Support,A,0,,,
38,"Even a UKIP European candidate, Janice Atkinson, another ex-Tory, admits leaving the EU would be problematic.","In his weekly phone-in show on LBC radio last week, Mr Clegg described the Lib Dems as the party of 'in', meaning it was the most pro-European of the major parties at Westminster.",1,Support,A,0,,,
2129,i was only joking it hit me this morning though that if i am willing to talk about abortion without bringing up god i wonder if the pro choicers could argue their position without bringing up womens rights,womens rights actually exist unlike the christian god,0,Attack,A,1,,,
1186,ac grayling responds to steve fullers defence of his book dissent over descent,i agree  one of the main purposes of science is to discover truth or should be anyway,0,Attack,A,0,,,
816,UKIP's sole aim at the general election is to get a smallish number of MPs elected but enough to hold the balance of power and do a deal with the Tories.,It comes as William Hague ruled out an electoral pact with UKIP.,0,Attack,A,1,,,
1407,daveis there credible scientific evidence that life was designed yes,as to the ncse not wanting to discuss somehow i see few id proponents on this group and behe seems to have ignored matzkes excellent critiques,0,Attack,A,1,,,
582,A strong UKIP vote suggests there's a lot of the British public who aren't on board with the current set-up.,"He said the UK should quit the EU, with the referendum being moved forward.",1,Support,A,0,,,
621,UKIP doesn't need to win power to force the changes people want.,"David Cameron should consider a pact with UKIP, his elections adviser has said.",1,Support,A,0,,,
1780,now creationism to me makes much more sense,ok so youre saying since youve never seen an ape which is the wrong animal again evolve into a human and never seen god create a human god wins this debate so just because we havent proven were from chimpanzees gives grounds to say god made us theres a huger spectrum out there,0,Attack,A,1,,,
2149,the people that already own weapons do not seem to be doing much to combat crime,well what do you expect everytime gun owners try and do anything to combat crime you liberal sissies yell and scream about vigilantism and foam at the mouth as you talk about how were taking the law into our own hands and that well be administering death sentences without trials for matters as trivial as jaywalking,0,Attack,A,1,,,
2169,they only need  of the legislature so they will probably get that but if it actually gets to the polls the conservatives took a big hit when they ran around screaming if gays get married society will collapse and we will all be doomed,this will be interesting i am keeping my fingers crossed,1,Support,A,0,,,
261,"Arguably, UKIP & co. aspire to destroy the culture created in Europe after WWII, which has been based on openness, free travel, migration and cross-geographic access to goods and labour markets.","But judging from recent opinion polls UKIP's wider policies - grammar schools, curbing immigration and opposing gay marriage - seem to have struck a chord with disenchanted voters from the big three.",0,Attack,A,1,,,
319,"Marketing UKIP as ""the people's army"" is a bitter irony.","Mr Wheeler, a former Conservative Party donor who was expelled from the party by David Cameron over his support for UKIP, said the anti-EU party was attracting more people of all stripes.",0,Attack,A,1,,,
1272,complexity is the more the norm than the exception,i guess i must be old fashioned  but i do believe in real science,0,Attack,A,0,,,
1296,we may disagree as to the ability of id proponents to explain the ultimate source of complexity,who designed the designer is a valid and important point and ids fatal flaw,1,Support,A,1,,,
1506,try and quote the right text next time,luskins opinesas i discussed in my rebuttals to the first two opening statements of the national center for science education ncse some of their common debate tactics includeof course,0,Attack,A,1,,,
2568,this was just an amateurish hodgepodge of the departed the town and we own the night and sopranos,while i can see your point of view i enjoyed the pace of the film the tension especially when pope was onscreen had me holding my breath,0,Attack,A,1,,,
2019, evolution is one of the most strongly supported theories in all of science, despite every lie told be cretins  i mean creationists  like you nothing has been shown that contradicts the theory of evolution,1,Support,A,0,,,
405,"The problem with popularism but no substance, like UKIP represent, is that it just results in things getting worse and worse.","He said UKIP was fighting a big, positive campaign with 1,225 candidates, boosted by a strong showing in the Barnsley Central by-election.",0,Attack,A,1,,,
1320,casey luskinfirst the ayn rand institutes arguments offend the first amendments protections on religious freedom scientists have freedom of religion and their scientific views should not be disqualified due to their alleged religious motives or beliefs,this objection highlights one of the problems with public education the government should not be in the position of deciding what people ought to believe about science anymore than they should decide what people ought to believe about religion,1,Support,A,0,,,
1669,was the earth created in six days or six thousand years  all evidence points to a accretion of material over the course of millions of years several starting around  billion years ago,one day we all will know the truth,0,Attack,A,0,,,
2423,European Parliament elections should involve only one voting district all of Europe and not separate country seats,One person one vote that will count in exactly the same way as everyone elses,1,Support,A,0,,,
2531,US intervention in Libya lacking congressional approval was illegal,Congress was appropriately and openly consulted,0,Attack,A,1,,,
2050, i take issue only with the word no in this title though without it there wouldnt be much debate so fair play, devils advocate creationism is true because creation the world exists and the bible exists in it and the bible confirms creationism,1,Support,A,0,,,
1008,that reply was to allogic,and i was just the reverse,1,Support,A,1,,,
594,It is because of UKIP that we are finally discussing the European question and about immigration and thank goodness for that.,But it has been criticised for relying too heavily on leader Nigel Farage to promote its policies.,0,Attack,A,1,,,
2379,yes marihuana does much less harm if at all to the human body than cigarettes ,indeed it is hypocritical to criminalise marihuana while alcohol etc are perfectly acceptable,1,Support,A,0,,,
2525,We should negotiate with terrorists,Terrorists cannot be trusted better to crush them,0,Attack,A,1,,,
587,"I think Farage makes a much better leader than any of the other parties, he's full of enthusiasm and is not a PR man like the current leaders of the 3 main parties.",Nigel Farage is on remarkably good form.,1,Support,A,0,,,
533,"It feels like UKIP is anti most things and base their politics on this: Anti-aid, Anti-immigrant – at times even anti-politics; it is therefore difficult to understand what they actually stand for and want to work towards.","He also warned that if a proposed referendum led to the UK leaving the EU, there would be dire consequences for the country's global influence.",1,Support,A,0,,,
2049, yes there is evidence, i take issue only with the word no in this title though without it there wouldnt be much debate so fair play,1,Support,A,0,,,
995,what always gets me with the intelligent design crowd is that in their aim of inserting an external designer into the mix of biological science they seem to miss or deliberately avoid one glaring fact  once life exists with varying degrees of success life designs itself according to the rules established by its environment and its own specific nature,this is the age old question,0,Attack,A,0,,,
1306,i asked ask yourself this simple question how does id explain the bacterial flagella it doesnt it merely calls it designed which is a placeholder for our ignorance as to how to explain the flagella,an underlying assumption of id is that intelligence is a property which we can generally understand through our observations of intelligent agents in the natural world,1,Support,A,0,,,
2356,steel type x,the tool needs longevity this type of steel is very strong ,1,Support,A,0,,,
320,Intellectually I rate Farage much higher than Cameron; he has a very sharp and quick wit and is an excellent public speaker.,"UK Independence party leader Nigel Farage has said he is expecting a big swing to his party in the seat, with most polls carried out in the seat putting the party third, ahead of Labour.",1,Support,A,0,,,
2588,movies should be fun entertaining this movie is not waste of my time ,a candle shines brightest in the darkness corny but its true all the horrible events and surroundings only highlight the beauty of hope love humankind etc i find this film so inspirational only film to ever make me cry from happiness,0,Attack,A,1,,,
1023,the name intelligent design is itself a hoax,the response to my comment id contradicts itself is a series of peculiarly unclear assertions,0,Attack,A,1,,,
1874,then why is the top of mt everest covered in fossilized clamsbecause nearly all mountains used to be ancient sea floor genius,evolution has been proven many times,1,Support,A,1,,,
1243,the problem with the catholic church is that it has been unable to disagree with any scientific theory ever since they got burned condemning galileo,funny how being completely wrong about the earth revolving around the sun can make the catholic church a bit gun shy about claiming that   science   is incorrect without evidence to back it up,0,Attack,A,1,,,
1212,is actually quite simple,remember this is about islands claim and carters arguments,1,Support,A,0,,,
940,these two moves ruling out regularity and then ruling out chance  constitute the design inference,pvm is confused,0,Attack,A,1,,,
2198,it disproves climate change about as well as piltdown man disproves evolution,agreed which tells me that spending trillions on an uncertainty of this magnitude has to be driven by alterior motives,1,Support,A,0,,,
1476,there is more than naturalism can engage,there is more than naturalism can engage,0,Attack,A,0,,,
1812,that is where you are wrong,the processes of evolution have been observed,0,Attack,A,1,,,
2365,the nexus  has everything fast processor big screen and the latest version of android,and it is cheaper than most other smartphones as well,1,Support,A,0,,,
2280,hybrid electric vehicle,takes too long to charge,0,Attack,A,1,,,
2305,yes they already have their own strong currency they can make it on their own plus they always come last at the eurovision song contest,the eu is not just about currency it is also about being able to travel without a visa and other economic factors,0,Attack,A,1,,,
1986, you have to consider the alternative explanations for our existence and the evidence for and against each  oh by the way  year long consensus doesnt count as evidence      i dont think theres any need to go too deeply into the evidence for evolution by natural selection but as most people will know there is some although controversially scarce evidence in the fossil records for common ancestry as well as similarities of existing species physiological and genetic makeup, i think evolution is a far better explanation than the idea that the world is  years old and theres a guyinthesky,1,Support,A,1,,,
1848,evolution has been basically proven,i think evolution is an actual truth since we are able to prove it and all,1,Support,A,0,,,
465,"UKIPs main issue has always been the EU, immigration has just been the bit that highlights what a failure the project has been.","UKIP's local election manifesto, concentrates on its flagship policy of ending open door immigration and putting pressure on the government not to lift restrictions on workers from Bulgaria and Romania on 1 January, which proved a successful formula in Eastleigh.",1,Support,A,1,,,
190,UKIP are in with the City as much as the other three and I don't like the way they are whipping people up into a frenzy.,Farage admitted the party had not had time to properly vet all of its new recruits and he was forced to suspend a handful of them following newspaper reports of alleged racist comments.,1,Support,A,1,,,
1794,therefore your usurpation of supposed assumption of stated opinion cannot be proven or supported by evidence but is not substantial enough to answer the question specifically,what evidence is there that universal evolution doesnt exist the universe constantly changes,1,Support,A,1,,,
520,"Europe is no longer fit for purpose and we'd do better to be out than in, plus save a whole load of cash.",Former Europe Minister Denis MacShane said the EU was Britain's biggest trading partner.,0,Attack,A,1,,,
863,The hate campaign against Eastern Europeans that was and is run by UKIP legitimises anything said against them.,"He has finally acknowledged the damage that unrestricted eastern European immigration has had on the prospects of British workers, especially our youngsters.",0,Attack,A,0,,,
2273,the wall thickness x should be five millimeter,this wall thickness is too thin,0,Attack,A,1,,,
1692,one thing for sure time was and continues to be passing differently in different parts of the universe,but what have ancient scriptures ultimately proven,1,Support,A,1,,,
1932, i believe in evolution evolution is the mechanism that some species of animals and plants use to adapt to certain circumstances do to the change, there are lots of proofs that show evolution is not at all a proper scientific law which can give a perfect explanation to human appearance,1,Support,A,1,,,
173,"Much of UKIP's meteoric rise has to do with political correctness, and the fact that ordinary people are sick of it.",Mr Farage said it was very important that UKIP gets a voice in Westminster.,1,Support,A,0,,,
1970, i am a christian and i do believe in evolution because there are quite an amount of amazing proofs for it, well to begin with there is a lot of strong evidence to support evolution the discovery of dna the discovery of fossils and primitive primates etc,1,Support,A,0,,,
926,science is ultimately based on the scientific method which is used to support and confirm physical and chemical laws,grayling explains in his review of fullers latest book quite well how id is doomed to remain scientifically vacuousfuller has written about popper he seems to forget poppers killer point namely a theory that explains everything explains nothing,1,Support,A,0,,,
550,"Ukip is the only party advocating withdrawal from the failing EU, a sensible idea for a lot of people!",Amjad Bashir was responding to comments on Wednesday's Daily Politics from ex-deputy PM Lord Heseltine that UKIP was a racist party.,0,Attack,A,1,,,
129,I think a lot of UKIP supporters would be outraged if one of the consequences of leaving the EU was to price them out of buying virtually any of today's niceties.,Eurosceptic Paul Sykes said UKIP was the last best hope for Britain and he would help fund its election campaign.,0,Attack,A,0,,,
288,"Arguably, UKIP & co. aspire to destroy the culture created in Europe after WWII, which has been based on openness, free travel, migration and cross-geographic access to goods and labour markets.","UKIP has a simple, understandable message, which has led to the party gaining bigger shares of the votes in European elections.",0,Attack,A,1,,,
1706,god created the universe therefore god created   science  ,once again we are attempting to split hairs over things that are beyond the frailty of the human brain,0,Attack,A,1,,,
725,UKIP and the Greens are the only parties to date that haven't screwed us all over.,"I was delighted to cast my vote for [UKIP leader] Nigel Farage's team in Sussex, where I live, said Lynam.",1,Support,A,0,,,
2355,i think it depends on the individual,yes i guess it really depends on the preferences if you want smaller but more holidaylike then nice is very nice if you want old i would suggest krakow,1,Support,A,0,,,
6,"Much of UKIP's meteoric rise has to do with political correctness, and the fact that ordinary people are sick of it.",Tim Loughton believes UKIP are here to stay.,1,Support,A,0,,,
782,UKIP doesn't need to win power to force the changes people want.,I can categorically rule out any form of electoral pact with UKIP or anyone else.,0,Attack,A,1,,,
2246,indeed walking at a fast pace has the same and probably more benefits than jogging,this could not be more far from the truth because running is more intense the general health benefits are higher within reason more pain is more gain,0,Attack,A,1,,,
749,"I don't necessarily think Nigel Farage is worthy of PM, I think they need a new leader.",They seemed very thankful to have the colourful Nigel Farage back as party leader.,0,Attack,A,1,,,
522,It is more likely that Tory voters would vote tactically for UKIP to keep Labour out and that means Labour are at a real disadvantage. ,"Labour leader Ed Miliband said the victory of the party's candidate Dan Jarvis, a 38-year-old former soldier who served in Afghanistan and Iraq, was fantastic and accused the Lib Dem leader of complacency.",0,Attack,A,0,,,
1509,oneinbillion observes that luskins claim id makes reliable inferences,stop eating at creationists heads and settle down a tad,0,Attack,A,0,,,
2644,i cant believe that a great film like this can receive such a low rating while the likes of shawshank redemption and batman sit comfortably in the top  list of the entire website,i understood the film just thought it was poorly done,0,Attack,A,0,,,
268,"My observation is that UKIP often are reluctant to directly answer any questions of substance, which can be accounted for by the fact that they really have no policies.","UKIP have pledged to do more to help with the cost of living, more to turn the economy round, more to get immigration down, to sort out the welfare system.",0,Attack,A,1,,,
1892,your right,so what is the difference in saying god is nothing and there is no god and god is nonexistent there is no difference all of the above statements have the same meaning,0,Attack,A,0,,,
1611,on the origin of species is out of date,which do you believe they are after all both based on books written by men,1,Support,A,1,,,
1319,there is nothing wrong with asking someone to disprove a negative that is with asking someone to provide evidence contrary to a claim,casey luskinfirst the ayn rand institutes arguments offend the first amendments protections on religious freedom scientists have freedom of religion and their scientific views should not be disqualified due to their alleged religious motives or beliefs,0,Attack,A,0,,,
795,"On voting day, this week the vast majority of the British public will not vote for UKIP.",UKIP has won 42 seats so far and is averaging 26 per cent of the vote in the wards where it is standing.,0,Attack,A,1,,,
243,It is because of UKIP that we are finally discussing the European question and about immigration and thank goodness for that.,"Asked about UKIP's future, Mr Titford said he was convinced the party would build on existing support to become a significant force in the British political landscape.",1,Support,A,0,,,
257,"Any of the ""working class"" who believe UKIP will represent them have not read a UKIP manifesto!",The magazine quotes her as saying it would be a travesty if UKIP came in and took the seats off our councillors or indeed me when their policies and beliefs were very conservative.,1,Support,A,0,,,
1087,id has legal and educational merit because it is a bona fide scientific theory ,none of these promises have much relevance to id as a concept nor have few if any come to fruition,1,Support,A,1,,,
1375,the auscs claim that court cases settle all debates reminds me of how futile roe v,just what if there is a creator  isnt science after truth  has science proven that there is no creator why is recognizing the possibility that there was intelligence behind the emergence of life a nonscientific idea  basically what you are saying is that if there was a creator or intelligence behind the emergence of life science will never be able to come up with the right answer rightso your whole premise for id being nonscientific is the unproven worldview of naturalismyou start off right from the get go with the assumption that there is no creator or any intelligence involved in the emergence of life and go and try and prove your idea with science,1,Support,A,0,,,
2622,although the production was executed competently this dark fantasy did not suit my taste at all it felt as if a lot of effort was put into telling a story that wasnt worth telling ,yeah it is a dark story but i do think the story is worth telling i was fascinated how the fantasy was told in backdrop of a fight against fascism,0,Attack,A,1,,,
1175,jaythat means that anyone who dares speak of purpose or design within science or when discussing scientific evidence ceases to be a scientist,months later and i think we can agree pandas did not advocate religion,0,Attack,A,0,,,
606,UKIP are blatantly disregarding the possibility of man made climate change.,The energy secretary will say attempts to discredit the scientific evidence of climate change threaten a breakdown of the political consensus on the issue.,1,Support,A,0,,,
628,If anyone seriously thinks that UKIP will offer some kind of answer to our current problems then I think that they are going to be sadly disappointed.,Mr Farage has successfully broadened UKIP's appeal away from Europe.,0,Attack,A,1,,,
1729,an appeal to one narrow religious text isnt very persuasive,i do believe the world was created in  days,0,Attack,A,1,,,
860,"In UKIP, we have a new political force which looks likely to poll very well in a national election on thursday.","UKIP had increased its vote by 50% in the general election and had many exciting plans for the future, he said, but it was time for a younger leader to show how liberating and enriching life would be outside the EU, saying he was confident one would emerge.",1,Support,A,0,,,
962,the the myths and stories of the bible were never meant to be taken as history in our sense of the word and certainly not   science  ,  this will and is already descending into a debate about the philosophy of science,0,Attack,A,0,,,
2240,possibly so but it would not be fun go with friends,it is not such a good idea for a fifteen years old child to travel either with friends or alone in any case he can not even protect himself from any danger ,0,Attack,A,1,,,
1713,the fact that we do not know i believe only gives more power to godyes  our ignorance proves that there is a god  or maybe not,imagine you found a grain of rice and you wanted to measure its length,1,Support,A,0,,,
1557,look at it like this,from here we can see that the bible already is going to not have any sort of  exact meaning,0,Attack,A,0,,,
368,"The UKIP mainstay vote is in normal working people because they never voted for 4 million immigrants, they never voted for Multiculturalism.",UKIP leader Nigel Farage said the UK had no real control over either the number or the type of migrants that were settling from elsewhere in the EU.,1,Support,A,1,,,
1329,have you read the original emails based on which the conclusions were madeyou do understand the meaning of a congressional report by the majority party dont you,the congressional report comes from the similar sources that have denied the existence or problems of global warming as well,1,Support,A,1,,,
692,If anyone seriously thinks that UKIP will offer some kind of answer to our current problems then I think that they are going to be sadly disappointed.,"Mr Wheeler, who has criticised David Cameron's attitude to the EU, said UKIP's success was vital.",0,Attack,A,1,,,
2189,you missed montys point catholics are christians i have heard that there are more than  different sects that claim to be christian including orthodox christians and various and sundry protestant sects,this is correct it is almost insulting to regard people as either a christian or catholic as this also implies that orthodox are neither,1,Support,A,0,,,
256,"If UKIP have a good general election and manage to take a few seats then that can only benefit Labour, because all of the seats that UKIP can possibly, conceivably win - well they are all Tory seats.",Mr Farage's pitch is attractive to voters.,1,Support,A,0,,,
523,"UKIP's position is not reasonable, but racists and proto-fascist, considering they have nothing to say about the finance capital bombing of the economy, but to put all the blame for Europe's woes onto immigration.","The charge put by its deputy leader David Campbell Bannerman when he defected to the Conservatives in the wake of the May elections was that UKIP remained, at heart, a single issue pressure group.",1,Support,A,0,,,
1015,forgot that atheism isnt a religion and if i say otherwise people will apologetically insist im wrong,atheism is merely the lack of theistic belief and it offers nothing beyond that,0,Attack,A,0,,,
2097,you consider this refuting my evidence what amazes me is that you all scoff at creationism yet this is the best most of you can offer to refute scientific evidence which supports the flood,you ask someone to explain polystrate fossils three people do you plug your ears and go i can not hear you then demand that someone explain polystrate fossils,0,Attack,A,1,,,
2514,I believe that opinion polls harm the democratic process,Citizens have a fundamental right to vote on whatever the basis they choose,0,Attack,A,1,,,
2,"The greens and ukip provide encouragement for labour and conservatives alike to address some issues people care about, albeit only lip service to retain votes mainly.","Mr Miliband has not ruled out a referendum, which may be counter as a UKIP success.",1,Support,A,1,,,
2318,barcelona it is the most beautiful city in spain and probably in europe ,barcelona is fantastic beautiful place and friendly people,1,Support,A,0,,,
2481,We should use torture to obtain information from suspected terrorists,Time is of the essence in a crisis When confronted with extremists who see a virtue in their own death extraordinary methods may be required,1,Support,A,0,,,
2555,Transparency is necessary for security,Transparency prevents public relations disasters,1,Support,A,0,,,
271,A vote for UKIP would be a vote for a Tory-UKIP alliance that would be more right-wing than a Tory government.,UKIP says it is campaigning on a pro democracy message - aiming to rejuvenate local politics.,0,Attack,A,1,,,
1773,not stupid but ignorant and perhaps even foolish,i agree with your definition of ignorance but i feel that ignorance crosses into stupidity when those who are ignorant but have the means to inform themselves fail to do so,0,Attack,A,1,,,
88,"The sooner we are out of the EU, the sooner we can start making this country great again.","Isolating Britain and damaging Britain's reputation is not the right history to write, he said.",0,Attack,A,1,,,
1866,evolution has basically been proven there is no evidence for the biblical story common claims made by evolutionists,ok,0,Attack,A,0,,,
2609,one million voters disagree with you what do you think they saw in this movie that you did not,yes completely agree i loved this film watched it twice on successive nights what a clever storyline and full marks to sam rockwell wonderful actor,1,Support,A,0,,,
1659,intelligent design might be a seasoned exercise in rationalization but the claim that it is a science cannot be supported,the author seems to thing there is no extrabiblical evidence of a young earth,0,Attack,A,1,,,
2529,US intervention in Libya lacking congressional approval was illegal,The Libya intervention lacks sufficient international authority,1,Support,A,0,,,
724,"If UKIP want to retain these voters and attract more in a general election then they need to come up with policies other than ""leave the EU"" and ""its all the immigrants fault"".","Explaining his decision to swap sides, Mr Campbell Bannerman - MEP for the East of England - said UKIP had become obsessed with single issue politics, internal fighting and shouting from the sidelines.",1,Support,A,1,,,
1876,evolution has not been proven,there is no actual absolute proof of evolution as some of the people here have stated,1,Support,A,1,,,
1639,your stating what you believe not what can be demonstrated scientifically,there is much scientific evidence to proof it its just that you wouldnt believe it anyway,0,Attack,A,1,,,
393,The only reason we are even having a sensible debate about Europe are UKIP.,"The whole political scene is changing; it's changing because of the strength of UKIP, and I'm pleased about that.",1,Support,A,1,,,
1043,i am an experimental scientist,i only need one sentence to reply to this can the   existence   of a designer be verified by the scientific method  oh it cant oh darn,0,Attack,A,0,,,
2001, i think  the case against evolution is wrong and misinformed, there are plenty of examples of species evolving in present times,1,Support,A,1,,,
2480,We should use torture to obtain information from suspected terrorists,Terrorist organisations such as Al Qaida do not respect the rights of individuals and the only way to fight fire is with fire,1,Support,A,0,,,
1837,again we hit walls of diction but its a great debate and im on your side evolutionists,i have not seen any animal turning into another recently to be honest,0,Attack,A,1,,,
1811,evolution really is true but as we all know the main reason of how we evolve is because of god our lord,that is where you are wrong,1,Support,A,1,,,
2662,after all the attention and awards etc and an imdb rating of  i was so shocked to finally see this film and have it be so bad,i too was not too crazy about it there was too much music and not enough dialogue and very few surprises and the blood spurting was a little over the top,1,Support,A,0,,,
1053,there was much that darwin did not know at that time that we now know and his original theory has since been supplanted by more modern versions of his theory,yet it demonstrated a radical   change   over the comparatively short span of twenty years,1,Support,A,1,,,
1123,but what about your opinion on idid is ridiculously and obviously not   science  ,id is ridiculously and obviously not   science   ,0,Attack,A,0,,,
1887,please take no offence to my response,its called the theory of evolution for a reason,1,Support,A,1,,,
852,"Ukip is the only party advocating withdrawal from the failing EU, a sensible idea for a lot of people!",The Lib Dem leader also argued that being in the EU meant that we keep ourselves safer because we can go after cross-border crime and terrorism and that we can look after the environment in a way which we can't on our own.,0,Attack,A,1,,,
353,"I don't necessarily think Nigel Farage is worthy of PM, I think they need a new leader.",Mention Farage and the facial expression you're met with is one of crumpled disgust.,1,Support,A,0,,,
2185,to travel along the logic of the singularity expanding it is obvious that the singularity is what we have today,yes in a way we are in the same thing that existed way back then it has just expanded since then so its much bigger now,1,Support,A,0,,,
2196,i seriously doubt he used the word living,so true that was my mistake as i was envisioning lucy as she was when she existe,1,Support,A,0,,,
2068,yes i did not get an answer there and i probably will not get one here either,well answering you seems to be a waste of time,0,Attack,A,0,,,
1263,youre lucky not enough people know or care enough about your religion to throw out opinions based on it presented as science philosophy logic or fact on the spot,hello richardi admire your wealth in cash funds,0,Attack,A,0,,,
1147,icdesig,we absolutely exclude natural selection as a designerthe real trick is convincing the public that macroevolution is a scientific fact when it has never been observed which is a requirement for sciencei dont know where you get your information but i dont know any id people who include nonid as part of their belief systemlets do this sir lets bring it home to where we live if the human body is not an intelligent design then you tell me what is the definition for an intelligent designwhat is a intelligent design and why is your example an intelligent design   simple straight forward questionwhat is your simple straight forward answer                   bet you cant do it,0,Attack,A,0,,,
1526,you cant offer anymore than theory for one or the other,you cant offer anymore than theory for one or the other,0,Attack,A,0,,,
654,UKIP are the only party willing to have a sensible open debate on the key issues affecting the country. ,UKIP say it proves their message is cutting through regularly.,1,Support,A,0,,,
2385,i liked it all loose ends where tied up nicely,i could not have summed it up better than this,1,Support,A,0,,,
108,If UKIP is really the best our country can do for an alternative then we are all doomed.,"Deputy Prime Minister Nick Clegg, whose Liberal Democrats oppose a referendum, said leaving altogether would make us less safe because we co-operate in the European Union to go after criminal gangs that cross borders.",1,Support,A,1,,,
751,A strong UKIP vote suggests there's a lot of the British public who aren't on board with the current set-up.,"He also warned that if a proposed referendum led to the UK leaving the EU, there would be dire consequences for the country's global influence.",0,Attack,A,1,,,
1461,the bottom line is some interpretations of evolution leave little room for a caring god,which i argue is the main reason people have come to embrace id and object to sciencecouldnt atheism be the main reason people have come to embrace a certain type of evolution and object to id  the emotions so commonly seen in the rejection of id support this,0,Attack,A,1,,,
688,UKIP is the only party that has understood the damage immigration does to the UK and its policies aim at repairing this.,"Mr Farage, speaking to the BBC's Len Tingle, said the election result represented significant progress.",1,Support,A,0,,,
1009,and i was just the reverse,i find much more animosity spouted by the atheist,0,Attack,A,1,,,
2209,and i was not disappointed,can not be dissapointed if i know not to expect more,1,Support,A,0,,,
1345,so tj you seem to have made quite a few foolish arguments how familiar are you with augustinetj  well i know that he believed the earth was created instantaneously not progressively and was according to scripture less than  years old,after some diversions to point out that augustine himself held some inconsistent positions tj finally comes to the quote i providedtji understand what he is saying but for this to be valid the unbeliever has to accurate in what he believes,0,Attack,A,0,,,
1618,but how does the bible self authenticate the verses about four rivers coming out of eden it doesntyou must be joking,youre missing the point about the four rivers,0,Attack,A,1,,,
756,UKIP's sole aim at the general election is to get a smallish number of MPs elected but enough to hold the balance of power and do a deal with the Tories.,"Earlier this year, UKIP leader Nigel Farage said he was open to the idea of a pact but demanded a referendum pledge written in blood.",1,Support,A,0,,,
2513,I believe that opinion polls harm the democratic process,Citizens should be respected for their opinions,0,Attack,A,0,,,
1925, no we were put here by aliens as an alternative food source, i do not believe that we evolved from monkeys or any other animal i believe that god created us in his own image,1,Support,A,1,,,
2288,change material to pvc,this is not possible there is a limit that prevents this,0,Attack,A,1,,,
2578,animal kingdom is better than the town and winters bonei have just seen animal kingdom and wow what an awesome movie it was,this was a good movie but frankly the lead character was about as wooden as it gets winters bone and the town had much more engaging lead actors,0,Attack,A,1,,,
646,It is because of UKIP that we are finally discussing the European question and about immigration and thank goodness for that.,UKIP leader Nigel Farage said the UK had no real control over either the number or the type of migrants that were settling from elsewhere in the EU.,1,Support,A,1,,,
175,Hopefully we will see our first UKIP MP before the general elections next year.,He said UKIP was the real party of law and order and he vowed to continue campaigning for them.,1,Support,A,0,,,
315,"I voted Tory for 30 years and started supporting UKIP because I want a sovereign, democratic , well governed Britain with Britain put first and its getting clearer by the day that the old Liblabcon parties will not do that.","At the local elections last week, the UKIP - which campaigns for the UK to leave the EU - made substantial gains, while the Conservatives lost control of 10 councils.",1,Support,A,0,,,
1472,i appreciate he way you have taken time to methodically object,but most of it seems to be in the responsesuch as  because the ncse thinks science should be a voting contestthats just plain silly its the dissent from darwinism which attempts to create a controversy where there is none,0,Attack,A,1,,,
431,UKIP are a joke outfit full of small-minded Neanderthals who think the 1950s are the future.,It comes two weeks after she accused the UKIP leader of bullying and being anti-women and a Stalinist and threatened to leave the party.,1,Support,A,1,,,
97,For what its worth I think UKIP is a one trick pony and is unelectable in a general election.,"Meanwhile, the Bulgarian President Rosen Plevneliev has warned that Britain's immigration policy could harm its image as a great global power that pioneered integration.",1,Support,A,1,,,
2127,yes she walked down the wrong alley alone would she have done so if she were not packing,so it was wrong for her to walk down a public alley you are blaming the victim you are either a complete dick or you are being facetious,0,Attack,A,1,,,
883,the theory of evolution is not falsifiable, teaching creationism is dangerous to science and reason  if a theory that does not follow the scientific method is taught in schools as science science and reasoning will be undermined,0,Attack,A,1,,,
2119,you snipped most of my remarks because you were unable to address them you have no answers and have been reduced to insult,actually i snipped your remarks because you twisted what i said and i am already spending too much time arguing with random complainers and i was in a hurry to do something more important at the time,0,Attack,A,1,,,
420,I think it's far too simplistic to argue all UKIP supporters are racist - there is a real groundswell against the political establishment which over the past 20 years or so has started to converge in terms of image and policies.,The government's introduction of gay marriage legislation has also dismayed many Conservative activists.,1,Support,A,0,,,
366,Ukip are doing well for the very simple reason folk have at last realized that they are being lied to by LibLabCon and now have somewhere else to go.,They (the Conservatives) know they have lost the argument on jobs and immigration and UKIP have stolen a march on them.,1,Support,A,0,,,
1202,   httpwww,the wmap data does not indicate we are at the center of the universe nor does the goldilock enigma really predict such,1,Support,A,0,,,
1992, has anyone got a more rational explanation, and what proof do you have for intelligent design      microevolution is indisputable,1,Support,A,1,,,
206,I think it's far too simplistic to argue all UKIP supporters are racist - there is a real groundswell against the political establishment which over the past 20 years or so has started to converge in terms of image and policies.,"Labour's Andy Sawford won by 7,791 votes, with the Tories second and UKIP a distant third.",0,Attack,A,0,,,
1752,what does random premarital sex lead toa number of possible outcomes based on a number of factors,i believe that the first chapters of genesis including the ancient history of the hebrew people should be understood within the context of covenant,1,Support,A,0,,,
2548,We should force think tanks to reveal all of their sources for resource funding,Being subject to scrutiny discourages investors from supporting good projects,0,Attack,A,1,,,
2241,make sure the parents can trust their son to behave sensibly the boy or girl must also know his or her way around the airport,how can you be sure that he or she can be trusted,0,Attack,A,1,,,
1146,all design is intelligent it takes thought to construct any type of design when you see things take place in science they happen because of all the laws that were put into place by an intelligent designergoing back to the idea of a storm and engines when you get in a car and turn the key you have a spontaneous violent storm erupt inside the engine it all takes place because of all the elements of the design working in concert to produce the effect this and all design requireintelligent thought ,icdesig,0,Attack,A,1,,,
902,schools should teach competing theories the idea that creationists reject mutation or natural selection is ridiculous,teaching creationism is in no way akin to child abuse,1,Support,A,0,,,
2621,in my opinion full metal jacket was way better full metal jacket was at least fair i spoke to a lot of guys that told me thats the way it was,no platoon was the better movie,0,Attack,A,1,,,
2299,i have had some bad experience with the reliability of samsung products,i am really satisfied with my samsung television and i did not have any problems until now it has the best image quality and great customer support,0,Attack,A,1,,,
1285,how are science teachers pointing out that science refutes   religion    it is true that science does refute certain religious teachings but that is incidental to the science itself,religion requires some kind of theology,0,Attack,A,0,,,
669,"UKIP is a not a real party, with a clear global ideology and vision addressing all aspects of society: it is focusing on a handful of issues (all centered around membership in the EU and migrants), mostly ignoring global financial issues, health, education, security etc.","I believe that what UKIP is doing is vital for this country, and of course the party's financial management is crucial.",0,Attack,A,1,,,
1838,i have not seen any animal turning into another recently to be honest,heck  his girlfriend has more hair than she has now even as we speak,1,Support,A,0,,,
312,I think a lot of UKIP supporters would be outraged if one of the consequences of leaving the EU was to price them out of buying virtually any of today's niceties.,"Mr Farage says he will give up as leader if UKIP doesn't win seats at Westminster at next year's general election, where he would represent all of the British people.",0,Attack,A,0,,,
668,The hate campaign against Eastern Europeans that was and is run by UKIP legitimises anything said against them.,The prime minister said there were UK factories where more than half the workforce were from eastern Europe.,0,Attack,A,1,,,
813,"Europe is no longer fit for purpose and we'd do better to be out than in, plus save a whole load of cash.",The Lib Dem leader also argued that being in the EU meant that we keep ourselves safer because we can go after cross-border crime and terrorism and that we can look after the environment in a way which we can't on our own.,0,Attack,A,1,,,
291,A strong UKIP vote suggests there's a lot of the British public who aren't on board with the current set-up.,"UKIP has reached unprecedented heights in the opinion polls under Mr Farage, coming second in the European elections in 2009 and winning hundreds of seats in May's local elections.",1,Support,A,0,,,
1135,as much as behes somewhat misleadingyet when lenski tracked down the mutations they tended to be degradative changes ones which destroyed genes or made them less efficient,for example humans have acquired a number of helpful genetic changes in our battle with the malarial parasite over the past ten thousand years,1,Support,A,1,,,
325,"The momentum is with UKIP; Labour, Conservative and Liberal areas are all now vulnerable to them. ",I want to campaign for Britain to break free from the EU and UKIP are the party to do it.,1,Support,A,0,,,
8,Ukip are doing well for the very simple reason folk have at last realized that they are being lied to by LibLabCon and now have somewhere else to go.,She said she was absolutely ecstatic and the UKIP's performance showed that the coalition government was taking the country in the wrong direction.,1,Support,A,0,,,
2569,while i can see your point of view i enjoyed the pace of the film the tension especially when pope was onscreen had me holding my breath,right the tension was astonishing it made me feel ill  amazing a very good film,1,Support,A,0,,,
2234,do not worry about me being affected by the leftist media either i really do not care to listen to their lies and over emotional rantings too often,that is refreshing and i am being serious,1,Support,A,0,,,
2431,European Parliament elections should involve only one voting district all of Europe and not separate country seats,This avoids the real questions about the European Parliament,0,Attack,A,1,,,
2634,once you know all the in and outs or all the magic tricks of the movie i dosnt seem as good,same here i watched it nearly a decade after i had originally seen it and reached the same conclusion you did,1,Support,A,0,,,
1414,tjwho the designer is has nothing to do with id theory and everyone knows that,after admitting that science is not atheistic he now accuses atheists scientists and christians alike of not liking ids implications when in fact anyone should realize that these objections are firstmost about the lack of scientific content of id and that the strong religious foundation of id is only secondary to this,0,Attack,A,1,,,
946,joewe look at the options,joewe look at the options,0,Attack,A,0,,,
1897, what i feel in this context is creationism is nothing but a wrong assumption, yes evolution has hard scientific fact and the creationists put all of their faith in a book that is supposed to be the word of god but it was written by people,1,Support,A,0,,,
2066,the problem with this is that usually when someone exercises their right it many times infringes on someones elses rights,do not even think about contriving how gay marrige violates your rights assmonkey that is the most ludicrous insane statement i have yet heard from the religious right,0,Attack,A,1,,,
2467,We should promote democratisation,People are safer and happier under democracy and countries who benefit from this have a duty to ensure the human rights of everyone in world,1,Support,A,0,,,
649,"Arguably, UKIP & co. aspire to destroy the culture created in Europe after WWII, which has been based on openness, free travel, migration and cross-geographic access to goods and labour markets.","I was delighted to cast my vote for [UKIP leader] Nigel Farage's team in Sussex, where I live, said Lynam.",0,Attack,A,1,,,
821,"If we leave the EU we will save billions of pounds which can then be invested in our ailing national infrastructure, notably the NHS.","He also warned that if a proposed referendum led to the UK leaving the EU, there would be dire consequences for the country's global influence.",0,Attack,A,1,,,
11,"The sooner we are out of the EU, the sooner we can start making this country great again.","My prediction is, that over the next year or two, as the European debate gathers pace in this country, the issue of immigration and border controls will become the absolute key to the whole thing.",1,Support,A,0,,,
737,"The ratio of nutters in UKIP is far higher than in other parties, especially so since they seem determined to take all the Tories' fruitcakes off them.","Of course it is racist, the language, the rhetoric, the membership, who doubts it?",1,Support,A,1,,,
1660,the author seems to thing there is no extrabiblical evidence of a young earth,all of those socalled evidences have been debunked by real scientists with real degrees and have true understanding of science,0,Attack,A,1,,,
1856,id does undermine evolution because supporters of id wish to put a sticker in every textbook that says something along the lines of evolution is just a theory,once again generalizing on an unfair term,1,Support,A,1,,,
340,"I don't think most people realise the benefits of free trade at all, and UKIP capitalise on peoples ignorance of the benefits of free trade as much as they can.","Labour and the Conservatives were panicking, Mr Aker said, as they had not dealt with mass immigration and mass unemployment, whereas UKIP was offering a sensible solution.",0,Attack,A,1,,,
735,UKIP want to get us out of the EU to make the British people much worse off then they already are.,"UKIP appears to have struck a chord with many voters on the issue of immigration, campaigning against the relaxation of working restrictions on Bulgarians and Romanians due to come into force in January.",0,Attack,A,1,,,
2359,electric vehicles,lovely they do not smell,1,Support,A,0,,,
1680,human beings added names to the days of week they were originally and simply numbers,why should we just stop  why not keep trying to understand the universe  i could never imagine being satisfied with a god did it,0,Attack,A,0,,,
103,"On voting day, this week the vast majority of the British public will not vote for UKIP.","I believe that what UKIP is doing is vital for this country, and they will get more votes than people might expect.",0,Attack,A,1,,,
1036,when held to the standards of proof required for all other scientific theories id fails,i grant your point sir,1,Support,A,0,,,
1567,i agree he didnt want to confuse us,you are exactly right  evidence is all around you mountains of it in fact,0,Attack,A,0,,,
2231,i do not know if it will be found unconstitutional but there is an effort to simply get it repealed same effect in the end,well it is being challenged in the courts so the only way to overturn it would be to deem it no longer constitutional,1,Support,A,0,,,
950,as i said earlier experience demonstrates that it matters a great deal to an investigation whether or not that which is being investigated occurred via agency involvement or by nature operating freely,we dont know but we do know a designer wasnt involved,0,Attack,A,1,,,
878,"Even a UKIP European candidate, Janice Atkinson, another ex-Tory, admits leaving the EU would be problematic.",But UKIP said leaving the EU was the only way to fully take control of the UK's borders.,0,Attack,A,1,,,
569,"The UKIP party is a populist party at the right end of the spectrum, which exploits people's fears of the foreign and unknown.",The committee said the EU had helped to transform Europe from a continent of war to a continent of peace.,1,Support,A,1,,,
1118,i dont follow dr,it seems that so far id has focused on malaria and on the bacterial flagellum which shares homology with the type three secretory system used by bacteria responsible for the bubonic plague,1,Support,A,0,,,
2294,way too expensive for what you get the only advantage is maybe the long life battery but even this is now standard in other laptops too,apple is really overpriced and their keyboards are low quality also the macbook air is heated up quite easily and the macbook pro is too heavy,0,Attack,A,0,,,
1537,there are two and they are fundamentally different,six days on gods terms not mans terms,0,Attack,A,0,,,
45,"UKIP are a fairly right wing group as I'm sure will become clear when they actually produce some policies other than the ""its all the eu's"" fault.","But some pundits believe UKIP to be on course to win next year's European elections, beating the Conservatives into second place.",0,Attack,A,1,,,
2053,i can appreciate this slant however i think that a true feminist approach would be to support women who want their pregnancies by finding solutions to the reasons they feel an abortion would be their best choice,that is not something you can really blame on the pro life movement in fact a lot of effort in the pro life movement does go into helping single mothers,0,Attack,A,1,,,
1315,the ayn rand center and i agree for once about the fact that id is nothing more than bait and switch and that id at best is a religiously motivated attack on science as the di seems to admit in their own wedge document,if id is bait and switch then so is   evolution   considering that its proponents tend to sell it off starting with the least extreme definition and just move on up from there  httpintelligentdesign,0,Attack,A,1,,,
210,"The sooner we are out of the EU, the sooner we can start making this country great again.","It is doing the country serious damage because there are large numbers of potential investors in the UK who would bring employment here, who are being warned off because of the uncertainty all of this is creating.",0,Attack,A,1,,,
1844,actully uncomplext compunds bonded to geather to create chemicals and very very uncomplect cell fragments that then banded to geather with otherthings for survival and formed the first very simple cells that then became more complext,god was created by people who needed faith in something,1,Support,A,0,,,
2262,there is a spelling error on the page after you have registered saying to verify your account by email ,thank you for your feedback it has been fixed now,0,Attack,A,0,,,
2354,london surely is a better city than vienna,i think it depends on the individual,1,Support,A,1,,,
1225, joeif we dont know then no one can say that a designer was not involved or not required,the only way that design could be detected in nature is if there were objects around that werent designed,1,Support,A,0,,,
1162,it always devolves to this when talking to id proponents,hasnt anybody here read a molecular cell biology textbook the machinery of the cell is a rube goldberg apparatus,1,Support,A,1,,,
1354,forrest who has written a history of id was an expert witness in the dover case and her piece recounts the various personal attacks and snide comments she had to endure during the trial,he was a judge,1,Support,A,1,,,
2395,We should ban religious symbols in public buildings,Many symbols are seen as a symbol of oppression on women,1,Support,A,1,,,
932,highlanderpvm seems unaware randomness and design are mutually exclusive concepts,naming two well known id proponents does not a citation make to support pvms twisted version of id arguments,0,Attack,A,1,,,
305,Ukip are doing well for the very simple reason folk have at last realized that they are being lied to by LibLabCon and now have somewhere else to go.,"UKIP backed my candidacy and that was great, Mr Hollobone said.",1,Support,A,0,,,
2560,Governments should be allowed to disrupt Internet service on grounds of national security,National security takes precedence,1,Support,A,0,,,
486,UKIP doesn't need to win power to force the changes people want.,A ComRes survey for BBC One's Sunday Politics found 22% of Tory local councillors supported a pact with the UKIP.,1,Support,A,0,,,
493,It's a protest vote because (most) people know that UKIP will never net in power.,But as one UKIP member said to me - if this is a protest vote it's a bloody big protest.,0,Attack,A,1,,,
1442,creationism has more solid evidence than   evolution   does,creationism has more solid evidence than   evolution   does,0,Attack,A,0,,,
496,UKIP doesn't need to win power to force the changes people want.,"He proposes a pact, in which the Conservatives would promise a referendum after 2015 and in return UKIP would not stand against Tory candidates.",1,Support,A,0,,,
1049, features that appear vestigial and functionless actually serve a function eg,so what using   intelligent design    is the purpose of the appendixid simply predicted that the appendix would have a function,0,Attack,A,1,,,
1899, none of the things that people put forward as evidence of a god are evidence for a specific religion, theres no rational reason to accept creationism its simply empty claims with no evidence it has no predictive powers it cannot explain what we see in nature and it introduces a level of complexity with no explanation requiring mindless faith,1,Support,A,0,,,
670,UKIP is a vessel through which a protest is being delivered. ,"The Conservatives have argued the surge in support for UKIP was essentially a protest vote, but Mr Farage dismissed this as the default position of the political establishment.",0,Attack,A,0,,,
195,Big business will not support UKIP given the devastation that withdrawal from the EU would cause.,I want to campaign for Britain to break free from the EU and UKIP are the party to do it.,0,Attack,A,1,,,
1645,it has been translated for about six thousand years,you are an intellectual and people like you have the hardest time believing anything let alone trying to intellectualize the bible or god or anything like it,0,Attack,A,1,,,
786,UKIP getting a large chunk of the vote in the EU elections sends a message to Europe that they cannot take the UK membership for granted.,"UKIP defied the odds again at last year's European elections, beating Labour into third place, much to the dismay of those, on the left and right, who had written the party off as a busted flush.",1,Support,A,0,,,
881, creationism is scientifically testable, evolution is unobserved it is an unproven theory  the term evolution can describe a number of things some of which are directly observable while others are not,1,Support,A,0,,,
2052,i do not hate america i hate stupid people that occupy american territory,but you protest and get all hysterical when someone suggests restricting terrorists from buying guns,0,Attack,A,1,,,
1531,um this thread is months old and no one is reading it,i know this sounds crazy but in a weird way im honored to get a response from you,0,Attack,A,0,,,
2306,yes marihuana does much less harm if at all to the human body than cigarettes,i think it does just as much damage as cigarettes but i agree it is hypocritical to sell one and not the other,0,Attack,A,1,,,
1521,the national center for science education has a good reason to be concerned about intelligent design,perhaps what is needed is to distinguish between academic freedom and peer review,1,Support,A,0,,,
2577,animal kingdom is better than the town and winters bonei have just seen animal kingdom and wow what an awesome movie it was,it certainly is and its a crime this didnt get a bigger push i think mainstream audiences would have loved it easily one of the best films of the year,1,Support,A,0,,,
2606,you are right it should be a nine stars hands down,that was my rating this film is superior in every respect and most of all its ideas,1,Support,A,0,,,
785,"The ratio of nutters in UKIP is far higher than in other parties, especially so since they seem determined to take all the Tories' fruitcakes off them.",Amjad Bashir was responding to comments on Wednesday's Daily Politics from ex-deputy PM Lord Heseltine that UKIP was a racist party.,1,Support,A,0,,,
445,"UKIP doesn't understand that young people are, by and large, progressive.","Mr Farage had an upbeat message for activists at his local elections campaign launch on Wednesday, saying UKIP was attracting more young members - the party says more than 100 of its candidates are under 25.",0,Attack,A,1,,,
1231,that figures,contribution from joe gjoe ggeez pvm your position that everything comes down to sheer dumb luck is totally vacuous,0,Attack,A,1,,,
2438,Bribery is sometimes acceptable,Variation in standards leads to a race to the bottom of corruptibility,0,Attack,A,1,,,
1836,evolution has not ceased in any animal,again we hit walls of diction but its a great debate and im on your side evolutionists,1,Support,A,0,,,
1161,i was using your rhetorical question to attempt to get a discussion going,it always devolves to this when talking to id proponents,1,Support,A,0,,,
787,UKIP's proposals on membership in the EU and migrants are at best purely demagogic: they do not take into account facts and more general issues.,He said people voted for UKIP because they were offering policy solutions and common sense ideas.,0,Attack,A,1,,,
746,"UKIP is certainly NOT racist or xenophobic - if you, as I'm you have done, read our policies on the website there is no suggestion of this at all, it is more a rumour and conspiracy of the lefties. ",Farage admitted the party had not had time to properly vet all of its new recruits and he was forced to suspend a handful of them following newspaper reports of alleged racist comments.,0,Attack,A,1,,,
2640,this film is easily one of the best movies ive ever seen yes it is pretty easy to guess the ending but it still wasnt ruined by that fact it is a work of art it is rewatchable,i wholeheartedly agree ive just seen it tonight and was blown away by it i will be thinking of this movie for a long time,1,Support,A,0,,,
1248,how was catastrophism closer then the original darwinian theory  catastrophism offered no mechanism for the changes that we see was completely wrong as to what catastrophes occurred  how severe they were and when they took place,richard dawkins and victor stenger argue that the existence of a creative superintelligence or god are scientific questions,0,Attack,A,0,,,
2007, i interpret the creation story as a metaphor with science as how god made humans, then again i often wondered as a child why and how the whole universe was created in the first place,0,Attack,A,0,,,
1624,what is it with people like you  was the bible the first book you read and then you quit reading anything else can you defend your position without reference to the bible do you have any evidence yes evidence from another source that shows the bible is the word of god and not just a collection of books selected by the vatican to support a particular viewpoint why do you find it easier to believe in some all powerful supernatural creator that is eternal than a natural universe that is eternal is it possible to prove without reference to your book that god exists or does not exist  probably not, do you read books other than those produced by humanists just askingi am not a biblical scholar so i had to look for this but according to the catholic encyclopedia article on the canon of the new testament the idea of a complete and clearcut canon of the new testament existing from the beginning that is from apostolic times has no foundation in history,1,Support,A,1,,,
1267,if intelligent design says nothing about the supposed designer then of what value is it if the designer created life millions or billions of years ago what was his purpose in doing so what iswas the designer like did the designer give specific instructions to his creations as most religions teach the id promoters delibrately leave such questions unanswered in their official pronouncements about id,discovery institute writes ,1,Support,A,0,,,
744,"UKIP are a fairly right wing group as I'm sure will become clear when they actually produce some policies other than the ""its all the eu's"" fault.",It is not clear how well the eurosceptics will get along - UKIP has said it will not work with the far right parties from France and the Netherlands,0,Attack,A,1,,,
41,Ukip are doing well for the very simple reason folk have at last realized that they are being lied to by LibLabCon and now have somewhere else to go.,"An opposition party in the middle of a parliamentary term amid a deeply difficult economy should expect victories and plenty of them, but this is often meaningless.",0,Attack,A,1,,,
1695,using logic to apply consistent artistry to the mass of creation we may assert the existence of the artist almighty god  if we exercise faith toward god by believing that he exists in the very manner that he says that he does then we may logically apply his consistent character including his artistic signature in creation to all things that god the artist creates,your argument breaks down if your audience rejects the notion that adam was created ex nihilo with the appearance of age,0,Attack,A,1,,,
1358,lets just cut to the chase id does not perform any empirical and statistical verifications at best they could perform statistical falsifications of a particular scientific hypothesis but even the simplest hypotheses are not easily captured in statistics and thus id has found that most examples of supposedly designed systems cannot really be tested using id methodology,pvmfirst of all the judge observed that the school board was strongly motivated by religious beliefs and the fact that they believed that id presented a scientific hypothesis and thus a valid secular purpose was their downfall ,0,Attack,A,0,,,
977,i fail to see how id can help us here,it allows some people to scientifically believe in   god   ,0,Attack,A,1,,,
283,"In fact, all UKIP seems to talk about now is withdrawl from the EU without any genuine policy around UK's domestic economy.",There's more to UKIP than our policy of wanting to withdraw from the European Union and we will show that.,0,Attack,A,1,,,
1012,i really have to give the antiiders credit you have a lot of faith,while in science you cannot prove or falsify the existence of god and id doesnt change that i agree that when it comes to blind faith dawkins and pz myers are guilty of the same thing,1,Support,A,0,,,
2436,Bribery is sometimes acceptable,Bribery is only wrong under a Westerncentric notion of corruption,1,Support,A,1,,,
227,"I voted Tory for 30 years and started supporting UKIP because I want a sovereign, democratic , well governed Britain with Britain put first and its getting clearer by the day that the old Liblabcon parties will not do that.","But he played down recent polls, saying UKIP will come, UKIP will go.",0,Attack,A,0,,,
675,"If UKIP took all their anti-establishment guff and turned it on the banks and financial institutions then they would have more legitimacy, but instead they turn on Polish and Roma fruit pickers who do unskilled work for minimum wage.","On Friday the Advertising Standards Authority (ASA) announced that it was investigating, following 60 complaints, a scheme which saw vans drive through London calling on illegal immigrants to go home or face arrest.",1,Support,A,0,,,
1222,to correct pvms confusionforensic detectives have to figure out the means,and again the design inference is based on our current knowledge that being we have an understanding of what nature operating freely is capable of and we couple that with our knowledge of what designing agencies are capable of,0,Attack,A,0,,,
1244,funny how being completely wrong about the earth revolving around the sun can make the catholic church a bit gun shy about claiming that   science   is incorrect without evidence to back it up,in the th century fundamentalist supported the idea that new species appear abruptly catastrophism,0,Attack,A,1,,,
1211,carter points out that the coincidence found by bondi belonged to three classes the traditional kind  without use of the anthropic principle  those which only require the use of a weak anthropic principle and  those which require the invocation of an extended and hence rather more questionable strong anthropic principle,is actually quite simple,1,Support,A,1,,,
113,It is because of UKIP that we are finally discussing the European question and about immigration and thank goodness for that.,Following UKIP's pressure the government committed itself to holding a comprehensive and detailed review of the extent of EU powers and their impact on the UK in its 2010 coalition agreement.,1,Support,A,0,,,
501,UKIP want to get us out of the EU to make the British people much worse off then they already are.,"Deputy Prime Minister Nick Clegg, whose Liberal Democrats oppose a referendum, said leaving altogether would make us less safe because we co-operate in the European Union to go after criminal gangs that cross borders.",1,Support,A,1,,,
427,"It feels like UKIP is anti most things and base their politics on this: Anti-aid, Anti-immigrant ‚Äì at times even anti-politics; it is therefore difficult to understand what they actually stand for and want to work towards.","He also warned that if a proposed referendum led to the UK leaving the EU, there would be dire consequences for the country's global influence.",1,Support,A,0,,,
23,"UKIP are a two trick pony, Europe and immigration that's it.","UKIP is branching out on its policy focus, currently focusing its local election campaign on fat cat executives who are currently directing cuts at vital front line services while protecting trendy non-jobs.",0,Attack,A,1,,,
2155,i am for gun control i believe you should have a steady hand firm grip calm breath and a smooth pull,very well put,1,Support,A,0,,,
2201,they say that members within the same species are in competition with each other,they are those that survive better reproduce more members of a species can die if other members have better,1,Support,A,0,,,
534,UKIP isn't committed exclusively to either right-wing or left-wing ideology and that’s a very good place to be.,"He also suggested that his party might get its first seats in the UK Parliament at the general election in 2015, and argued it was not just taking votes from the right wing of British politics.",1,Support,A,0,,,
1181,your intelligent cause is completely undefined,non sequitur,0,Attack,A,1,,,
284,"I sense that Farage is a total megalomaniac, a charlatan, someone who is in it for the attention and the glory and that in a strange way, that many UKIP voters know this but don't seem to mind.","The UK Independent Party says it is the only party which will pull the UK out of the European Union and, with Nigel Farage at the helm, will put us back on track.",0,Attack,A,1,,,
7,"I would say it's the anti-ukip brigade who have no substance to their argument (or facts), they simply shout ""racist"" with nothing to substantiate this slur, or become crude and insulting.","Mr Cameron once described UKIP as a party of fruitcakes, loonies and closet racists.",0,Attack,A,0,,,
37,"On voting day, this week the vast majority of the British public will not vote for UKIP.",But Mr Farage admitted that on some policies his party may have got things wrong and this may hurt them at the polls.,1,Support,A,1,,,
2176,they were both created on the sixth day according to genesis,true god created adam then he created eve out of one of adams ribs,1,Support,A,1,,,
444,"UKIP do not bear scrutiny either as a coherent policy offer or a group of potential ministers , they are an insurgent party of protest with one message.","Ahead of May's local elections, Conservative cabinet minister Ken Clarke dismissed UKIP as a protest party and a collection of clowns.",1,Support,A,0,,,
1405,is good science a liberal theme if you love true science you must be a liberalyou are in good company but remember that good science including evolutionary science knows no boundaries christians republicans democrats and independents all accept the facts of science of course given the historical link between evangelicals and republicans we do observe a stronger lack of understanding of science amongst some who also happen to be republicans but do not confuse cause and effect here,the national center for science education does not as its name implies promote and support science education in the united states in a general sense,0,Attack,A,0,,,
133,For what its worth I think UKIP is a one trick pony and is unelectable in a general election.,"The Conservatives, Labour and the Liberal Democrats virtually indistinguishable neo-liberal parties and a fresh force like UKIP is needed.",0,Attack,A,1,,,
947,joewe look at the options,joegbtw pvm the scientific answer to ucd is we dont know,0,Attack,A,0,,,
1028,intelligent design is a dishonest way for   creationism   to try to appear scientific,satan is sure behind all of these things,1,Support,A,0,,,
1313,id without a designer the cause of the big bang is unknown,the cause of the big bang is currently unknown but it is also undergoing investigation,0,Attack,A,0,,,
1688,well once you accept the existence of an all powerful deity then anything is possible,aig decries scientists for making unproven assumptions while making many of their own,1,Support,A,0,,,
2179,i accept that the theory of evolution explains the observations both gentically represented and those of the fossil record,and it explains observations about morphology and physiology about successions of flora and fauna,1,Support,A,0,,,
1050,so what using   intelligent design    is the purpose of the appendixid simply predicted that the appendix would have a function,id simply predicted that the appendix would have a function,0,Attack,A,0,,,
615,"The country faces more than two big issues, which is where Ukip come apart at the seams in an incoherent bunch of right wing horse shit from whatever Think Tank came along at the time.","The responsibility of politicians in this situation when people are getting anxious is to try to reassure them and give the facts, not panic and resort to populist measures that do harm.",1,Support,A,1,,,
110,"UKIP are a fairly right wing group as I'm sure will become clear when they actually produce some policies other than the ""its all the eu's"" fault.","With UKIP keen to be seen as more than a party which just campaigns on leaving the EU, the conference will also discuss defence, education and housing.",0,Attack,A,1,,,
2090,i am always right except when i am wrong,so far you have been nothing but wrong,0,Attack,A,1,,,
2427,European Parliament elections should involve only one voting district all of Europe and not separate country seats,This encourages Europe wide thinking,1,Support,A,0,,,
2369,bryan cranston and the support cast make breaking bad one of my all time favourites,perhaps the most quality consistent series with a stellar character development,1,Support,A,0,,,
613,"UKIP are a two trick pony, Europe and immigration that's it.",Mr Farage has successfully broadened UKIP's appeal away from Europe.,0,Attack,A,1,,,
21,Support for UKIP is just growing because people are sick of the Tories and want to register protest.,Nigel Farage will tell activists at their spring conference later that the party has an appeal beyond disaffected Conservative voters.,0,Attack,A,1,,,
2503,The International Criminal Court should be recognised,The ICC generates crippling expenses,0,Attack,A,1,,,
2046, how com everyone here is bickering try the flood, two darwinists spent hours standing at a flag pole trying to find the height of it,1,Support,A,0,,,
2574,animal kingdom is better than the town and winters bonei have just seen animal kingdom and wow what an awesome movie it was,i just watched last night and id have to disagree the leads performance in winters bone is on a completely different level,0,Attack,A,1,,,
2008, then again i often wondered as a child why and how the whole universe was created in the first place, evidence indicating intelligent design is abundant and overwhelming,1,Support,A,1,,,
2442,We should fear the power of government over the internet,Internet regulation is an attempt by big interest groups to regulate the internet in their favour,1,Support,A,1,,,
955,the question is somewhat meaningless because you can believe that we were created by design and still conclude that intelligent design as proposed by the discovery institute and its fellows  is a scientifically vacuous concept,all too often the terms of this debate dont get defined,0,Attack,A,0,,,
2582,i remember being underwhelmed when this first came out but enough time had passed when i caught it on tv so perhaps i had just been in the wrong mood back then maybe this time ill enjoy it but no,this film is totally vacuous and the plot is unbelievable no way could everyone become infertile and if they did no way could one fertile woman save the planet,1,Support,A,1,,,
840,"I don't think most people realise the benefits of free trade at all, and UKIP capitalise on peoples ignorance of the benefits of free trade as much as they can.","They say it would lead to legislative gridlock, a failure of the single market and an end to free trade as national parliaments adopted protectionist policies across the union.",1,Support,A,1,,,
272,UKIP are a joke outfit full of small-minded Neanderthals who think the 1950s are the future.,"We have really connected with voters in this constituency, Farage told the BBC.",0,Attack,A,0,,,
1141,beheif scientific merit is judged by the correspondence between theory and physical reality then the theory of intelligent design rates very strongly,the physical reality to which behe so proudly points is a stylized cartoon of reality,1,Support,A,1,,,
2170,i do not seem to get the punchline maybe it is meant to be nonsensical,yes oddly the picture makes as much sense as most creationists ,1,Support,A,0,,,
2320,usually the best city in every country is the capital so i would go for madrid ,i have never been there but a friend of mine went last summer and she said that madrid is really wonderful,1,Support,A,0,,,
1792,therefore evolution has not been scientifically proven,i agreed with you up until reasonable doubt,0,Attack,A,0,,,
2337,or cycle,perhaps a marathon,1,Support,A,0,,,
1735,doctrines such as original sin substitutionary atonement and the trinity are very well described in the bible,first of all i have no presupposed attitude,0,Attack,A,0,,,
1111,so we detect design by inferring that some parts appear to have been arranged for a purpose,in order to have purposefulness and intentionality you need selfawareness,1,Support,A,1,,,
2426,European Parliament elections should involve only one voting district all of Europe and not separate country seats,This rationalises an irrational system,1,Support,A,0,,,
1789,oh boy here we go again,i could argue the many reasons i dont believe in creationism but i would never be able to end my list,1,Support,A,0,,,
1032,how does science explain information in life versus intelligent design proponents and why do id proponents misrepresent science when describing for instance neodarwinismcasey luskin writesproponents of neodarwinism contend that the information in life arose via purposeless blind and unguided processes,taxiboundi must say that pvm has a way with words,1,Support,A,0,,,
1889,ignorance of terminology,a theory as the word is used by scientists is a detailed description of some aspect of the universes workings that is based on longcontinued observation and where possible experiment that is the result of careful reasoning from those oservations and experiments and that has survived the critical studies of scientists generally,1,Support,A,1,,,
1806,maths is the only branch of science that offers  proof of its arguments,for macroevolution theory to be valid laws of nature that are generally accepted as true and standard must be repeatedly denied,0,Attack,A,1,,,
1760,i wish i could express my support for your comment more fully,not only do i think the young earth creationists are wrong in their opinions i think their teachings should be regarded as blasphemous to god himself,1,Support,A,0,,,
1691,the scripture is silent as to which locale in the spacetime continuum the author of the account was measuring time from on the first day of creation,one thing for sure time was and continues to be passing differently in different parts of the universe,1,Support,A,1,,,
728,"Ukip has British values, wants to get British industry kick started back to the fore front again, become more self-sufficient.","He also warned that if a proposed referendum led to the UK leaving the EU, there would be dire consequences for the country's global influence.",0,Attack,A,1,,,
1555,its not that cut and dried,its not that cut and dried,0,Attack,A,0,,,
1833,just like pluto orbiting the sun completely and gravity theyre theories but in the scientific way of using the word,aha exactly and we now know that pluto is a planetoid not a planet,0,Attack,A,1,,,
971,i recently read that after careful study the backwards wiring is essential,if you are going to comment on something in   science   you need to back it up with actual data,0,Attack,A,1,,,
1592,most of those heavy gasses were filtered out of the atmosphere before life had even emerged and the atmosphere was changed to oxygen long before plants evolved,i had always been taught it was the plants,1,Support,A,1,,,
1590,while i have my own reasons for believing he did that my personal opinions regarding   religion   are a bit outside of the mainstream so im not going to discuss them,very interesting summary,1,Support,A,0,,,
1630,my answers to your questions are ,answers in genesis avoids doing the one thing that might actually lead them to understand the biblical text studying genuine uptodate biblical scholarship that reflects a genuine desire to understand the text rather than impose ones predetermined conclusions on it,1,Support,A,1,,,
1033,taxiboundi must say that pvm has a way with words,from mr,1,Support,A,0,,,
1344,this is one of the things wesley cites to bolster his case  httpvangogh,so tj you seem to have made quite a few foolish arguments how familiar are you with augustinetj  well i know that he believed the earth was created instantaneously not progressively and was according to scripture less than  years old,1,Support,A,1,,,
1621,no it means that the word of god is internally consistentnonsense,the bible is no more self authenticating then any other irrational fantasy,1,Support,A,0,,,
1668,what do you think,was the earth created in six days or six thousand years  all evidence points to a accretion of material over the course of millions of years several starting around  billion years ago,0,Attack,A,1,,,
2538,We should allow voting at 16 in European Parliament elections,This would be a slippery slope to forcing all countries to allow the vote at sixteen for all votes,0,Attack,A,1,,,
150,"I don't see UKIP as being far right, they're just further right than the rest who have congregated arund the middle ground.",The decision to push ahead with the legalisation of same sex marriage met furious opposition from religious groups and some of Mr Cameron's own MPs.,1,Support,A,0,,,
83,Many racists and especially xenophobes find the UKIP message appealing.,A UKIP candidate in Somerset was suspended from the party on Tuesday after a photo of him apparently making a Nazi-style salute appeared on his Facebook page.,1,Support,A,0,,,
137,The reason why UKIP has gained so many votes is because the main parties refuse to deal with immigration and the EU.,"He also suggested that UKIP might get its first seats in the UK Parliament at the general election in 2015, and argued it was not just taking votes from the right wing of British politics.",1,Support,A,1,,,
1037,i grant your point sir,i appreciate your contributions as they provide an independent view into why so many have come to accept the scientific vacuity of id,1,Support,A,0,,,
1613,i actively attend the origins conferences hosted by a variety of different organizations including christian universities reasons to believe and most recently the skeptic society,have you been to the icr facility to watch their presentationicr teaches hilarious nonsense,1,Support,A,1,,,
871,"If UKIP took all their anti-establishment guff and turned it on the banks and financial institutions then they would have more legitimacy, but instead they turn on Polish and Roma fruit pickers who do unskilled work for minimum wage.","Speaking on Wednesday, the deputy prime minister said he was very surprised to see vans driving aimlessly around north London telling illegal immigrants to go home, and that they were not a very clever way of tackling the issue.",1,Support,A,0,,,
2243,the greek islands have a few of the most beautiful beaches in the world i highly recommend visiting corfu and santorini,santorini is very beautiful but the waters there are very cold i recommend cyprus instead,0,Attack,A,1,,,
2576,animal kingdom is better than the town and winters bonei have just seen animal kingdom and wow what an awesome movie it was,i totally agree animal kingdom to me was the best movie of the year,1,Support,A,0,,,
1029,satan is sure behind all of these things,thats classy,1,Support,A,1,,,
1623,some foolish men declare that a creator made the world,what is it with people like you  was the bible the first book you read and then you quit reading anything else can you defend your position without reference to the bible do you have any evidence yes evidence from another source that shows the bible is the word of god and not just a collection of books selected by the vatican to support a particular viewpoint why do you find it easier to believe in some all powerful supernatural creator that is eternal than a natural universe that is eternal is it possible to prove without reference to your book that god exists or does not exist  probably not,0,Attack,A,1,,,
969,if youre tired of debating pandas fine,if intelligent design is a valid scientific concept why is it that we have examples of idiotic design in so many organism including vertbrates all their eyes are wired backwards making their retinas vulnerable to damage,0,Attack,A,1,,,
247,"I think Farage makes a much better leader than any of the other parties, he's full of enthusiasm and is not a PR man like the current leaders of the 3 main parties.",Farage insisted that leading a serious party did not mean becoming a cardboard cut out politician and that he would maintain his fervour.,1,Support,A,0,,,
1758,the history of the bible including its compilation by the early church is quite well known,i didnt realize how crazy some people were,1,Support,A,0,,,
1287,could it be that you are biased against   religion   because i hate to break it to you but   christians   believe that the world is round so does that mean you disagree your foundation should be on whether or not your point of view is provable and truthful,because i hate to break it to you but   christians   believe that the world is round so does that mean you disagreebut is a round earth inherently a christian positionalso pagans believe that the earth is round as well,0,Attack,A,1,,,
1990, this is pure ignorance, i really do not know where to start with this one at the time of writing this response apparently evolution is incorrect,1,Support,A,1,,,
160,"UKIP appeal to the 'working class' and many of the those who have not bothered voting for a long time, come the general election it won't just be the Tories who feel the hit.","Before her appearance on I'm a Celebrity, Ms Dorries annoyed senior figures in her party when she said UKIP was run by arrogant posh boys.",0,Attack,A,0,,,
2103,how despite centuries of artificial breeding and decades of experiments no one has ever observed one species turn into another speciation,out and out lie there is really no other way to put this,0,Attack,A,0,,,
525,"In UKIP, we have a new political force which looks likely to poll very well in a national election on thursday.","More people were considering voting for UKIP at a general election than ever before, he suggested, and this current poll surge was different from previous spikes in support which were linked to European elections.",1,Support,A,0,,,
802,"If we leave the EU we will save billions of pounds which can then be invested in our ailing national infrastructure, notably the NHS.",The committee said the EU had helped to transform Europe from a continent of war to a continent of peace.,0,Attack,A,1,,,
2131,then you have mutations which are all either neutral or deleterious,wrong again some are beneficial is this another failure to grasp the basics or another misrepresentation,0,Attack,A,1,,,
1112,in order to have purposefulness and intentionality you need selfawareness,in fact behes claim is either tautological or it is wrong,0,Attack,A,1,,,
1240,for years now the intelligent design proponents and the discovery institute have been working the catholic angle getting some of its cardinals into trouble,if the catholic church says it it has just gotta be true,0,Attack,A,1,,,
924,archfilejockey quoted kent hovind as saying asking an atheist why he cant find god is like asking a thief why he cant find a police officer,einsteins quotes are not supportive of id he was talking about the fabric of the universe not the means by which species evolve,1,Support,A,1,,,
1809,yesit has been proved we live in a sciencefi world and if we dont believe in science it is foolishness,evolution is basically common sense once you put down your bible and get out of the church,1,Support,A,0,,,
56,"If UKIP want to retain these voters and attract more in a general election then they need to come up with policies other than ""leave the EU"" and ""its all the immigrants fault"".",Mr Farage - who was re-elected leader last year - has made improving the party's performance in local elections and broadening their policies a priority.,0,Attack,A,0,,,
1939, yes i believe evolution is wrong, on what day did god make the fossils  very simplistic yes it is,1,Support,A,1,,,
1441,its not about believing in id many people have come to accept by faith the existence of a god but rather that scientists do not believe that id has much of anything to offer scientifically speaking,creationism has more solid evidence than   evolution   does,0,Attack,A,1,,,
811,Plenty of survey's have shown UKIP to be the most hated of the main parties.,"Explaining his decision to swap sides, Mr Campbell Bannerman - MEP for the East of England - said UKIP had become obsessed with single issue politics, internal fighting and shouting from the sidelines.",1,Support,A,0,,,
937,your cites are worthless as defenses of your claims behe  dembski define id as an absence of science  what pages  what wordsdo you really think thats a clever proof of anything  you are not being very honest here pvm,i am not sure why highlander accuses me of not being honest when i provide the information and my explanation,0,Attack,A,1,,,
1776,scientific subjects such as the creation and development of the universe arent really democratic topics,to me i do not see us evolving even if it takes forever it still does not show,0,Attack,A,1,,,
2363,undergrads contribute to research,yes and urop is great,1,Support,A,0,,,
1662,it is unfortuanate that creationists cannot be persuaded by facts,kent hovind is where he belongs  both of his ministries creation science evangelism and his dinosaur theme park were forprofit organizations,1,Support,A,1,,,
2380,nuclear energy is the most efficient once all potential hazards are eliminated,zero co emissions and can now be produced much safer than previous generations,1,Support,A,0,,,
1843,you say the bible is the only proof of creationism,actully uncomplext compunds bonded to geather to create chemicals and very very uncomplect cell fragments that then banded to geather with otherthings for survival and formed the first very simple cells that then became more complext,0,Attack,A,1,,,
899,preventing the teaching of creationism violates freedom of religion,biology can be studied in a creationist context,1,Support,A,1,,,
67,Hopefully we will see our first UKIP MP before the general elections next year.,It will be a very comfortable win for Labour who can secure over 50% of the vote.,0,Attack,A,1,,,
1299,bowmanid addresses evidences for designed structures mechanisms and synergistic systems in biology,even the antiidists require something beyond nature to explain the origin of nature,0,Attack,A,1,,,
1429,instead of a bolt of lightning hitting a pool of   chemicals   and making a cell pop outwhere did i say thatit was most likely a slow process taking place along the ancient shores,where did i say thatit was livvy that originally said it,0,Attack,A,1,,,
79,"I don't necessarily think Nigel Farage is worthy of PM, I think they need a new leader.","The party's leader, Nigel Farage, has hailed early gains in council elections across England as remarkable for the party; UKIP has won 42 seats so far and is averaging 26% of the vote in the wards where it is standing.",0,Attack,A,1,,,
983,the expansion of the universe is biblically supported,so if the bible can be used as a source for scientific discovery or guidance then what else in there can be demonstrated to be true scientifically  by what process did god stretch out the heavens where does god get the   energy   to do so,0,Attack,A,1,,,
1515,that luskin accuses the ncse of rewriting history and law when both clearly established the evolution of creationists via cdesign proponentsists to design proponents,whats a darwinist can someone who says that the other side is mishandling terms really afford to label someone as darwinist i neither worship darwin nor accept his writings as absolute truth,1,Support,A,1,,,
1775,yeah thats kinda true,scientific subjects such as the creation and development of the universe arent really democratic topics,0,Attack,A,1,,,
415,A forensic examination of UKIP's policies would nail once and for all the Establishment lie that they're a bunch of swivel-eyed racists and sexists.,But UKIP MEP Godfrey Bloom told the same event he and party leader leader Nigel Farage wanted an invitation to a bunga bunga party hosted by former Italian prime minister Silvio Berlusconi.,0,Attack,A,1,,,
1861,aristotle socrates and plato,that if you look into all beliefs and theories you will find a flawthis is very true for almost all theories,1,Support,A,0,,,
2539,We should allow voting at 16 in European Parliament elections,This would complicate elections,0,Attack,A,1,,,
111,"If you want an insight into just how mad and bad UKIP are, go and read what their members, candidates and supporters write on the Telegraph.",He told the BBC that UKIP had leapfrogged the Lib Dems in some opinion polls and the public wantedrespected UKIP as a genuine party.,0,Attack,A,1,,,
2641,this film is easily one of the best movies ive ever seen yes it is pretty easy to guess the ending but it still wasnt ruined by that fact it is a work of art it is rewatchable,i completely agree with the op i have just seen this movie and was really blown away by the beauty of it i think ill be rewatching it again real soon,1,Support,A,0,,,
1348,i will address the post by americans united for separation of church and state here and then address the question of constitutionality in another post,in my previous post i discussed by the auscss arguments were flawedboth factually and logically,1,Support,A,0,,,
2405,I prefer trade to aid,Trade provides developing countries with an important basis for their own improvement,1,Support,A,0,,,
2445,We should fear the power of government over the internet,Internet regulation is necessary to ensure a working economy on the internet,0,Attack,A,1,,,
2044, it is only belief, youre right there isnt a shred of positive evidence for creationism and creationists dont even try,1,Support,A,0,,,
69,If UKIP is really the best our country can do for an alternative then we are all doomed.,"Europe had in the last few years become a huge issue due to the euro crisis and the bailouts, said Mr Helmer, and UKIP is making people aware of this.",0,Attack,A,1,,,
2342,limassol no doubt about it it has the most beautiful beaches and the most fun places to visit,fresh fish cafes beautiful people carnival wine festival and more,1,Support,A,0,,,
677,UKIP doesn't need to win power to force the changes people want.,"According to the Daily Telegraph, Mr Farage suggested to Mr Murdoch at the meal that he would form an electoral pact with the Conservatives if David Cameron stood down as leader.",1,Support,A,0,,,
1545,the order of events in genesis i agree with   science  ,certainly there is value in the documents from which human culture has derived the christian bible the value of which is to be determined individually by the reader,1,Support,A,1,,,
48,The success Ukip had in the european elections will be sufficient to galvanise one or preferably all the other parties to rid us of the EU's political influence.,"The Green Party, so often the fourth contender in local election races, now faces a very serious rival for that spot in UKIP.",1,Support,A,1,,,
661,UKIP's sole aim at the general election is to get a smallish number of MPs elected but enough to hold the balance of power and do a deal with the Tories.,He also said he would consider a electoral pact with another party if it meant moving closer to leaving the EU.,1,Support,A,0,,,
1413,who the designer is has nothing to do with it and everyone knows that,tjwho the designer is has nothing to do with id theory and everyone knows that,0,Attack,A,0,,,
356,Ukip are doing well for the very simple reason folk have at last realized that they are being lied to by LibLabCon and now have somewhere else to go.,"We've seen the deficit coming down, we've seen economic recovery gathering pace and we're making a good deal of progress, and this is thanks to the government.",0,Attack,A,1,,,
1107,michael behe may be best known for his book darwins black box and to a lesser extent its sequel the edge of evolution,in his latest book edge of evolution behe attempts to define this edge by pointing to malaria as an example of a designed system in which according to behe two simultaneous mutations are required and given the estimated probabilities of  in  this may be quite unlikely,1,Support,A,0,,,
2400,We should ban religious symbols in public buildings,Banning religious symbols is just a way of unfairly targeting people,0,Attack,A,1,,,
253,"If UKIP have a good general election and manage to take a few seats then that can only benefit Labour, because all of the seats that UKIP can possibly, conceivably win - well they are all Tory seats.","The anti-European Union party is hoping to win the most seats in the contest, building on its strong poll ratings and success in last year's local elections.",1,Support,A,1,,,
2054,what is a repeatable experiment is made meaningless,what does this have to do with what you started out with can you not at least pick a topic and stick with it,0,Attack,A,1,,,
26,It is because of UKIP that we are finally discussing the European question and about immigration and thank goodness for that.,"UKIP gained 136 county councillors in England's local elections, with the Lib Dems losing 106.",1,Support,A,0,,,
146,"The People's Army is on the march and UKIP will get Britain back from the Liblabcon, Establishment and MSM political abusers of our country.",Mr Farage said it was very important that UKIP gets a voice in Westminster.,1,Support,A,1,,,
2488,The US should ban cluster bombs,Cluster Bombs Have Significant Strategic Value,0,Attack,A,1,,,
1733,in genesis we have no reason to believe that one day meant any more than one day today,if scientific inquiry has shown conclusively that genesis is at best allegorical then christians should reconsider beliefs that presume a historical interpretation of eden,1,Support,A,0,,,
2443,We should fear the power of government over the internet,Internet regulation is necessary to ensure a safe internet,0,Attack,A,1,,,
2465,We should promote democratisation,Democracy is a universal value which is not specific to western world and so should not be reserved as a privilege for those who happen to be born there,1,Support,A,0,,,
807,"Ukip is the only party advocating withdrawal from the failing EU, a sensible idea for a lot of people!",UKIP said leaving the EU was the only way to fully take control of the UK's borders.,1,Support,A,0,,,
546,"The ratio of nutters in UKIP is far higher than in other parties, especially so since they seem determined to take all the Tories' fruitcakes off them.",Farage admitted the party had not had time to properly vet all of its new recruits and he was forced to suspend a handful of them following newspaper reports of alleged racist comments.,1,Support,A,0,,,
1132,is a common creationist position which misunderstand that most mutations are mostly neutral few are strongly detrimental and some are beneficial,i apologize for using misleading wording,1,Support,A,0,,,
1014,theism is a belief in gods,forgot that atheism isnt a religion and if i say otherwise people will apologetically insist im wrong,0,Attack,A,0,,,
1698,therefore i dont have time to explore any other world viewsin other words religion is easy and science is hard,scientific evidence do you need i mean weve got writing from before  years ago evidence of mankinds making things over  years old,1,Support,B,1,0,,
918,island statesyou pretend like the appearance doesnt beg a real scientific question because you are overreacting to your perceived motivation of idists but not because you are thinking like an honest scientist would,you are missing the point the ad hominem is not that i did not understand your argument i can see why given your limited exposure to id you may have come to that conclusion,1,Support,B,1,0,,
148,UKIP are in no way a single issue party and if Labour or the Conservatives were to give us a referendum UKIP would still have a full manifesto that would attract many voters.,"UK Independence Party leader Nigel Farage has launched his party's local election manifesto, saying it is far more than just a call for a referndum.",1,Support,B,0,1,,
2295,despite its price the ipad is still my favourite,you can get any other tablet for much less that has the same features,0,Attack,B,1,0,,
479,"Ukip has British values, wants to get British industry kick started back to the fore front again, become more self-sufficient.",Former Europe Minister Denis MacShane said the EU was Britain's biggest trading partner.,0,Attack,B,1,0,,
1870,mutation and natural selection are the two driving forces behind evolution,the bacteria mutated,0,Attack,B,0,1,,
599,"In UKIP, we have a new political force which looks likely to poll very well in a national election on thursday.","Since then, UKIP's fortunes have improved and it recorded its best performance in a parliamentary by-election in Rotherham in December.",1,Support,B,0,1,,
2530,US intervention in Libya lacking congressional approval was illegal,The intervention was necessary in order to protect US interests in the region,0,Attack,B,1,0,,
904,attempts to teach the creationismevolution controversy to students are disingenuous promotions of activist christians,teaching creationism is comparable to teaching flat earthism,1,Support,B,0,1,,
866,UKIP are in no way a single issue party and if Labour or the Conservatives were to give us a referendum UKIP would still have a full manifesto that would attract many voters.,Mr Farage has successfully broadened UKIP's appeal away from Europe.,1,Support,B,0,1,,
2425,European Parliament elections should involve only one voting district all of Europe and not separate country seats,There would be much more choice,1,Support,B,0,1,,
2579,everything about this was perfect i cried so hard when i watched it,the movie was perfect many people complain because they compare it to the novel and say it couldve been better but by that logic the novel is poor as anything could have been better the movie on its own is incredible,1,Support,B,0,1,,
982,psyop asks rhetorically if the universe is expanding what happens when that expansion ceases first of all the expansion of our universe is an observed fact,the expansion of the universe is biblically supported,0,Attack,B,1,0,,
1657,it is consistent but,science is based on what can be observed  tested,0,Attack,B,1,0,,
451,If there are enough Ukip votes it should frighten all the parties sufficiently to make them realise they can't just ignore the electorate.,"The Tory leadership is running scared of its backbenchers by offering to renegotiate the UK's relationship with Brussels, he said in the Observer.",1,Support,B,0,1,,
1724,july  william jennings bryan the leading fundamentalist in america was questioned by clarence darrow on the accuracy of the bible,if the   bible   is to be taken literally then wouldnt a literal interpretation include a literal interpretation of genesis,1,Support,B,0,1,,
1973, no scientist can give strong evidence to support evolution      your dishonesty and ignorance of science proves you are not fit to even ask the question, theres really no way yet to prove it but the precedence of the evolution of all other species including our own has led to a conclusion that we most likely came from something else,1,Support,B,1,0,,
2617,did anybody else find the twist a bit silly i did it was shocking and unexpected alright but also so random ,i dont know how anyone can watch this movie and not understand the mastery of revenge they had just witnessed it couldnt have been more perfect,0,Attack,B,1,0,,
614,"The problem with popularism but no substance, like UKIP represent, is that it just results in things getting worse and worse.","UKIP, which has called for withdrawal from the European Union and greater restrictions on immigration, has seen improved poll ratings this year.",0,Attack,B,1,0,,
406,"I suspect that even if political parties addressed many of the concerns that UKIP raise, it wouldn't make any difference - the UKIP voter would still find something about modern Britain objectionable.",But Mr Farage said he believed the number of Tory MPs committed to EU withdrawal was really rather small and those that were should consider whether they were in the right party.,0,Attack,B,1,0,,
2505,The International Criminal Court should be recognised,The ICC has too much authority,0,Attack,B,1,0,,
2268,suits is the best,suits is good but certainly not the best characters are pretty cool but plot and dialogue can be a bit cheesy sometimes unless dwight is a senior partner,0,Attack,B,1,0,,
517,UKIP are not a single issue party anymore; UK Sovereignty is the crux of their party political platform but they've certainly expanded from that singular issue in recent years.,UKIP has evolved over the two decades since it was created from an anti-EU pressure group into a fully fledged party which has now proved that it can succeed beyond European elections.,1,Support,B,0,1,,
1187,i agree  one of the main purposes of science is to discover truth or should be anyway,seems to me like dawkins and weinberg were claiming that there is no evidence for design at least according to richards,0,Attack,B,0,1,,
884, teaching creationism is dangerous to science and reason  if a theory that does not follow the scientific method is taught in schools as science science and reasoning will be undermined, creationism is not scientifically testable,1,Support,B,0,1,,
2475,We should create a United Nations standing army,A United Nations standing army is simply impossible to form,0,Attack,B,1,0,,
1025,the response to my comment id contradicts itself is a series of peculiarly unclear assertions,guided by a larger force,0,Attack,B,0,1,,
1631,answers in genesis avoids doing the one thing that might actually lead them to understand the biblical text studying genuine uptodate biblical scholarship that reflects a genuine desire to understand the text rather than impose ones predetermined conclusions on it,i would like your oppinion of my remarks    httpwww,1,Support,B,1,0,,
1603,if the bible is the inspired word of the infinite creator god then it must be selfauthenticating and selfattestingand it is,i dont care how many times you say it,1,Support,B,1,0,,
2627,as far as acting and cinematography go this film was great but the content and plot were horrible,yes this movie was pretty bad,1,Support,B,0,1,,
619,UKIP are the only party willing to have a sensible open debate on the key issues affecting the country. ,"Conservative party vice chairman Michael Fabricant said the party had struggled to present a distinctive message during the Eastleigh election, saying UKIP had managed to connect with traditional blue-collar Tory voters on issues such as crime and immigration in a way the Conservatives had not.",1,Support,B,0,1,,
2404,I prefer trade to aid,Financial contributions from the West have proved detrimental for Africa,1,Support,B,0,1,,
1532,i know this sounds crazy but in a weird way im honored to get a response from you,the full drafts were all entered as evidential exhibits with the court and are on file there,0,Attack,B,0,1,,
1804,it doesnt need to be proven as there is no underlying math in physics there is,ive studied a lot of biology and to me evolution has indeed been proved,1,Support,B,1,0,,
1782,she said shes never seen an ape evolve into a human,i find it immensely amusing when christians require proof before theyll believe in something,1,Support,B,1,0,,
295,I suspect when people do start to focus and the election is close UKIPs incoherent policies will be exposed.,"UKIP appears to have struck a chord with many voters on the issue of immigration, campaigning against the relaxation of working restrictions on Bulgarians and Romanians due to come into force in January.",0,Attack,B,1,0,,
1127,because   science   as we know it today can only answer one of them,why not what qualities does the designers have that make them beyond studynot being able to directly observe it,0,Attack,B,1,0,,
1183,i dont think anyone who feels limitations should be brought to light about a theory is a   creationist  ,the actual limitations that creationists try to bring to light are nonsense,0,Attack,B,0,1,,
1323,the di is quick to argue that jones overstepped its bound by declaring id not be scientific even though both the plaintiffs and the defendants insisted that the judge address this because the existence of a valid secular purpose which is not a sham is an important aspect in determining if something is unconstitutionaljudge jonesdefendants presented no convincing evidence that they were motived by any valid secular purposealthough defendants attempt to persuade this court that each board member who voted for the biology curriculum change did so for the secular purposed of improving science education and to exercise critical thinking skills their contentions are simply irreconcilable with the record evidence,for goodness sakes guys very few people are advocating the mandatory teaching of id in schools,0,Attack,B,0,1,,
2655,i turned this movie off halfway through because i was bored out of my skull then i come here and its got a high rating granted its got a good storyline good acting nice cinematography but somehow still managed to bore me to tears,have to agree brian theres a whole half hour of boring as he goes across the expanse of the desert that could be edited out,1,Support,B,0,1,,
885, creationism is not scientifically testable, evolution is an observable fact  while creationists often attempt to describe evolution as merely a theory this is not exactly the case,1,Support,B,1,0,,
423,"Any of the ""working class"" who believe UKIP will represent them have not read a UKIP manifesto!",Olly Neville said that if UKIP wanted to make a real difference it is by representing the people in Westminster politics.,0,Attack,B,1,0,,
2663,after all the attention and awards etc and an imdb rating of  i was so shocked to finally see this film and have it be so bad,i liked it but i did find it quite underwhelming,1,Support,B,1,0,,
2162,these so called pro lifers do not care if women die because of forced pregnancies,of course they do not care being selfish is a cornerstone of who they are they think that all women are invisible,1,Support,B,0,1,,
2022, people like you should be banned from this website, there is positive evidence against macroevolution,0,Attack,B,1,0,,
411,"As far as immigration is concerned all Ukip want is a level playing field for non EU migrants and to control the numbers so, if anything, Ukip are too soft on immigration.","It is a simple, understandable message, which has led to the party gaining bigger shares of the votes in European elections.",1,Support,B,0,1,,
387,It is because of UKIP that we are finally discussing the European question and about immigration and thank goodness for that.,"It is doing the country serious damage because there are large numbers of potential investors in the UK who would bring employment here, who are being warned off because of the uncertainty all of this is creating.",0,Attack,B,1,0,,
2220,fearmongering is what that is called,uh yeah that was their intent under color of law no less,1,Support,B,0,1,,
1787,i have never seen an ape evolve into a human and although i have never seen god that makes more sense than evolution,correction its an ancestor of both chimpanzees and humans,1,Support,B,1,0,,
858,UKIP are asking the questions that haven't been asked by the opposition or the media.,"It is a simple, understandable message, which has led to the party gaining bigger shares of the votes in European elections.",1,Support,B,0,1,,
1644,it has been translated for about six thousand years,it has been translated for about six thousand years,0,Attack,B,0,1,,
2463,We should promote democratisation,Democracies are more peaceful countries both domestically and internationally and so it is in our interests to promote it worldwide,1,Support,B,1,0,,
2515,I believe that opinion polls harm the democratic process,Tactical voting is legitimate within the democratic process,0,Attack,B,1,0,,
1026,guided by a larger force,just look around,0,Attack,B,1,0,,
1544,if it is then only a malicious god would tell it out of order use terms we cannot understand or have other traps while holding us to its words,the order of events in genesis i agree with   science  ,1,Support,B,1,0,,
1343,tji dont believe the  similarity in the aclus submission and the judges analysis was a lucky or freak coincidence im illinformed because i think he copied it rightyou seem to be ill informed about both the extent as well as the relevance of this so called copying,this is one of the things wesley cites to bolster his case  httpvangogh,0,Attack,B,0,1,,
448,"UKIP is not at all taking into account the financial effects of their only real policy, leaving the EU.","The charge put by its deputy leader David Campbell Bannerman when he defected to the Conservatives in the wake of the May elections was that UKIP remained, at heart, a single issue pressure group.",1,Support,B,1,0,,
46,"The momentum is definitely with UKIP at the moment, hopefully that will continue with the up and coming by-elections.",Mr Farron said he was expecting it to be a tough fight but said UKIP was determined to win.,1,Support,B,0,1,,
1279,nobody ever said that natural selection was random,the random comes in when particles of rna that came out of the primordial ooze aligned by chance in such a way to produce a singlecelled organism,0,Attack,B,1,0,,
1933, there are lots of proofs that show evolution is not at all a proper scientific law which can give a perfect explanation to human appearance, i do agree that evolution is wrong in the sense that it does not explain or support our existence,1,Support,B,0,1,,
784,People are not voting for UKIP because of immigration propaganda but because of their direct experience of immigration.,"Meanwhile, the Bulgarian President Rosen Plevneliev has warned that Britain's immigration policy could harm its image as a great global power that pioneered integration.",0,Attack,B,1,0,,
1922, the one that suits its current environment surveys and grow up to breed, evolution is an embarrassment to science,0,Attack,B,1,0,,
1518,just because id claims that it is scientifically relevant and in fact can lead to affect research directions does not mean that their claims are accurate and truthful especially given the simple fact that in the last  years id has failed to show much of any example that supports their claims,it is entirely misleading to imply that academic freedom is gives license to present nonscience like idthese academic freedom bills which typically work in conjunction with the science standards are written to strictly prohibit the teaching of religion creationism creation science creation facts and id,1,Support,B,1,0,,
624,"Ukip is the only party advocating withdrawal from the failing EU, a sensible idea for a lot of people!",Amjad Bashir was responding to comments on Wednesday's Daily Politics from ex-deputy PM Lord Heseltine that UKIP was a racist party.,0,Attack,B,1,0,,
2340,lots and lots of things to see i loved the kitchens at the royal palace the egyptian museum and the museum of cinema such a variety of things to see,sounds lovely,1,Support,B,0,1,,
488,"If UKIP don't like being smeared, then they need to stop smearing, stigmatising, and fear mongering about others.",It comes two weeks after she accused the UKIP leader of bullying and being anti-women and a Stalinist and threatened to leave the party.,1,Support,B,0,1,,
152,"I and many others will be voting UKIP not because of a handful of people that have said stupid things, it will be because I identify and agree with their overarching principles.",Nigel Farage and UKIP are the last best hope for Britain.,1,Support,B,0,1,,
2510,I believe that opinion polls harm the democratic process,Opinion polls can lead to tactical voting which may have unintended outcomes,1,Support,B,0,1,,
1865,ok,evolution has basically been proven there is no evidence for the biblical story common claims made by evolutionists,0,Attack,B,0,1,,
1667,does the bible state that the world was created in six days,what do you think,0,Attack,B,0,1,,
2424,European Parliament elections should involve only one voting district all of Europe and not separate country seats,Get out the vote,1,Support,B,0,1,,
1378,unfortunately for them they have failed,why should i waste more than  seconds attempting to communicate with an ignoramusthere is a wonderful world wide web out there with a lot of substance,0,Attack,B,1,0,,
1720,just curious but what does the types of rock have to with ex nihilo,the young earth creationist dogma demands that the obvious features of the earths geology can not exist,0,Attack,B,0,1,,
2521,We should negotiate with terrorists,Negotiation isolates those who are only interested in violence,1,Support,B,1,0,,
1888,its called the theory of evolution for a reason,ignorance of terminology,0,Attack,B,1,0,,
1734,if scientific inquiry has shown conclusively that genesis is at best allegorical then christians should reconsider beliefs that presume a historical interpretation of eden,doctrines such as original sin substitutionary atonement and the trinity are very well described in the bible,0,Attack,B,1,0,,
2020, nope just the opposite, its not falling apart its evolving as new data arrives,1,Support,B,0,1,,
1235,btw you people continue to ignore the fact that natural processes cannot account for the origins of nature because natural processes only exist in nature,jaywhat makes you qualify as a design theorist  please be specific,1,Support,B,1,0,,
1696,your argument breaks down if your audience rejects the notion that adam was created ex nihilo with the appearance of age,with all due respects here is my bottom line though i run the risk of being arrogan and closedminded i only write for the judeochristian world view,0,Attack,B,1,0,,
2651,oh no ive seen the whole movie multiple times definitely a film i wont get tired of any time soon,yeah this is a definite rewatchable film really heavy but never boring and i for one would love to know the answer to arthur burns last question,1,Support,B,0,1,,
0,I think a lot of UKIP supporters would be outraged if one of the consequences of leaving the EU was to price them out of buying virtually any of today's niceties.,"UKIP used to be a protest vote, he explained, but now we are now talking about how Britain should be governed and how we can help all British people.",0,Attack,B,1,0,,
2143,by gun nut logic children should be able to tote guns around at school because it will not make a difference because if they really wanted to kill each other they will just find another way to do it if they do not got guns because you know what guns do not kill people people kill people,you know brady you have said a lot of stupid stuff over the years i even remember finding a post of yours where you said all guns and gun owners should be registered but sex offenders should not be this latest post of yours is just another senseless and stupid rambling of somebody that is so hateful and fearful of an inanimate object that its impossible for him to function in our society and can barely handle his own needs,0,Attack,B,1,0,,
1600,is god all powerful no because he gave that up when he gave mankind free will,so if god is not all powerful and all knowing then god is fallible,1,Support,B,0,1,,
571,The people and media that are criticising UKIP are highlighting the genuine concerns about UKIP and their policies towards immigrants.,"UKIP appears to have struck a chord with many voters on the issue of immigration, campaigning against the relaxation of working restrictions on Bulgarians and Romanians due to come into force in January.",0,Attack,B,0,1,,
450,"I think Farage makes a much better leader than any of the other parties, he's full of enthusiasm and is not a PR man like the current leaders of the 3 main parties.",But Dr North does have other reservations about Nigel Farage - including what he sees as his lack of political acumen.,0,Attack,B,1,0,,
1497,you mean you accepted the attempt to reconcile the early drafts while ignoring the facts sadly you seem to have fallen victim of di propaganda,nothing in the early drafts state that the creator was specifically god or anything supernatural something the di is already emphasizing on this site,0,Attack,B,1,0,,
1513,the reason for the existence of the second amendment is to prevent religious people from being denied the opportunity to practice their religion,oopsie,1,Support,B,1,0,,
1236,jaywhat makes you qualify as a design theorist  please be specific,why are you claiming one designer theres just as much evidence for a pantheon as there is a monotheistic god but you have the prior assumption the designer is your god and automatically rule them out when you say the designer,1,Support,B,1,0,,
716,"UKIP's position is not reasonable, but racists and proto-fascist, considering they have nothing to say about the finance capital bombing of the economy, but to put all the blame for Europe's woes onto immigration.","There needs to be a clearer narrative on immigration, stressing not only the need to restrict numbers, but also to determine which individuals, with what skills, enter our country, he said.",0,Attack,B,0,1,,
1859,this is why i have my doubts about id too but the main premise of it which is why i accept it as probable is still very rational,and i guess those differences bring us right back to the atheist vs,1,Support,B,0,1,,
3,The success Ukip had in the european elections will be sufficient to galvanise one or preferably all the other parties to rid us of the EU's political influence.,UKIP's presence this time around isn't lost on any of its rivals.,1,Support,B,0,1,,
505,If there are enough Ukip votes it should frighten all the parties sufficiently to make them realise they can't just ignore the electorate.,He said the level of interest showed rivals and the media were scared witless of UKIP's recent successes.,1,Support,B,0,1,,
1488,jon buell the president of the foundation for thought and ethics testified in court enjoyby mr,you still have yet to provide any passages within pandas which state that god is directly implicated saying that the fte is religious therefore so is pandas,0,Attack,B,1,0,,
2207,im prochoice but to say that having an abortion should not or will not effect either parent is callous you will most likely at minimum wonder regretfully what could have been choice in abortion is not a small choice like whether to wear a blue or black suit and should not be,could not agree more,1,Support,B,0,1,,
910,preventing creationism to be taught is not violating freedom of religion,laurie goodstein,0,Attack,B,0,1,,
1822,to say that evolution has been scientifically proved would require that it be first studied then determined scientifically,no but i do call into question the nature of your uncertainty,1,Support,B,1,0,,
998,id is offered as an explanation for the complexity of life on earth which according to id proponents cannot be explained by random chance and survival of the fittest,on pandasthumb nick matzke whose contributions to dover v kitzmiller were instrumental in the stunning defeat of intelligent design and whose contributions to exposing the fallacies in behes arguments as well as the extent of ignorance of science amongst id proponents has caused much concern amongst id proponents so much that in general they have chosen to pretend in a typical creationist fashion that matzkes arguments do not exist,1,Support,B,1,0,,
836,It is because of UKIP that we are finally discussing the European question and about immigration and thank goodness for that.,I believe that what UKIP is doing is vital for this country.,1,Support,B,0,1,,
2366,the nexus  has everything fast processor big screen and the latest version of android,definitely better than a shiny iphone,1,Support,B,0,1,,
834,A strong UKIP vote suggests there's a lot of the British public who aren't on board with the current set-up.,"Over three million jobs in this country, directly or indirectly, depend on us being in the EU, so that is a big choice.",0,Attack,B,1,0,,
1481,i appreciate that you are making attempts to answer all these issues,but i certainly do believe that nature exhibits intelligence and design not to mention beauty and love,0,Attack,B,1,0,,
1741,because you cant imagine a reason why both chimps and humans have a chunk of dna that has the same viral code doesnt mean its   evolution  ,this is not a proof of   evolution   from chimps,0,Attack,B,0,1,,
774,It is more likely that Tory voters would vote tactically for UKIP to keep Labour out and that means Labour are at a real disadvantage. ,It was a very comfortable win for Labour who secured over 50% of the vote.,0,Attack,B,1,0,,
330,"If UKIP want to retain these voters and attract more in a general election then they need to come up with policies other than ""leave the EU"" and ""its all the immigrants fault"".",There's more to UKIP than our policy of wanting to withdraw from the European Union and we will show that.,0,Attack,B,1,0,,
2296,you can get any other tablet for much less that has the same features ,one may argue that there are enough apple only apps justify the apple price,0,Attack,B,1,0,,
1092,i assert that they have been heard and their arguments have been refuted and thus they are legitimately ignored until they come up with some actual scientific evidence and arguments,if theres something on    evolution    news its irrelevant to intelligent design andor distorted beyond all scientific recognition,0,Attack,B,1,0,,
43,The current smear strategy against UKIP is not pulling people back but pushing them towards UKIP and if this carries on then things are going to be a lot tighter by the time the general election comes.,"Many opinion polls suggest UKIP opinions are mainstream, at just the same time that UKIP's big beef, the EU, and it's take on it, getting out, has arguably never been more prominent or more fashionable.",1,Support,B,0,1,,
1945, yes the theory of evolution is wrong it got popular when darwin wrote the book the origin of species but later on many scientists proved from several experiments that it is an incorrect theory, there is no scientist can give strong evidence to support evolution,0,Attack,B,0,1,,
1353,when the supreme court formulated valid secular purpose which is not a sham the court unlikely believed that any future unstated secular purpose would be sufficient for something to pass this requirement,discovery institute amicus curiae briedvalid secular purposes for teaching students about the theory of intelligent design include   informing students about competing theories of biological origins as  they exist within the scientific communitythere are no competing theories of biological origins certainly id provides none  helping students to better understand neodarwinism by  understanding a theory with which it competesagain there is no competing theory of id,1,Support,B,1,0,,
1093,if theres something on    evolution    news its irrelevant to intelligent design andor distorted beyond all scientific recognition,if theres something on    evolution   news its irrelevant to intelligent design andor distorted beyond all scientific recognition,0,Attack,B,0,1,,
1675,the earth is not billions of years old because that would mean your ancient holy book and everything you believe in would be wrongim sorry but this took serious cahones to write as a defense of your beliefs,all aig is showing is that the author of one part of the bible took the author of another part of the bible literally not that either one knew what they were talking about,1,Support,B,1,0,,
1496,i changed my mind and felt somewhat angry when i realized just what those early drafts meantyou mean you accepted the attempt to reconcile the early drafts while ignoring the facts sadly you seem to have fallen victim of di propaganda,you mean you accepted the attempt to reconcile the early drafts while ignoring the facts sadly you seem to have fallen victim of di propaganda,0,Attack,B,0,1,,
923,i understand why id proponents would like to embrace newton and others as relevant to id,archfilejockey quoted kent hovind as saying asking an atheist why he cant find god is like asking a thief why he cant find a police officer,1,Support,B,1,0,,
240,"If UKIP want to retain these voters and attract more in a general election then they need to come up with policies other than ""leave the EU"" and ""its all the immigrants fault"".","Natalie Bennett spoke about UKIP polices for the Green Belt, Trident, defence the and economy, with Andrew Neil on the Daily Politics while campaigning in the West Midlands.",0,Attack,B,0,1,,
2069,the story of the literal genesis is only rejected by those who are not looking to the absolute truth found in god almighty,a literal reading of genesis is rejected by every major sect of christianity what kind of a looks at a bat and then claims that it is a bird because it says so in the holy bible,0,Attack,B,1,0,,
1256,may as well get to work on it,landonevolutionary science may have progressed but it has not explained the evolution of man or history,1,Support,B,1,0,,
2138,yes i believe in a young earth however at the end of the creation week it was fully mature i can easily see why men can say it looks old,but because your book of mythology tells you about a week of creation you prefer that because it requires less thought to examining reality,0,Attack,B,1,0,,
2599,rarely have i watched and rewatched a movie with such spectacular cinematography,loved the blood splatter on the camera too gave it that feel of being right there with a war correspondent the timing of everything was incredible,1,Support,B,0,1,,
1642,all this is hard to understand,as i stated above i believe neither side,0,Attack,B,1,0,,
204,If anyone seriously thinks that UKIP will offer some kind of answer to our current problems then I think that they are going to be sadly disappointed.,They might be voting for UKIP because they want to have a referendum on Europe.,0,Attack,B,1,0,,
2316,no it did not a lot of bits were too far fetched and the whole story was very americanized,it was indeed a bit tacky at times,1,Support,B,0,1,,
959,science is about how things work,good point but as an evolutionary biologist i find that not entirely true,0,Attack,B,1,0,,
1191,anybody that thinks there is currently a healthy scientific debate over intelligent design has missed the history of the last  years,theology it says in his profile,1,Support,B,1,0,,
2114,biomorphs are an embarrassing attempt to explain just how a complex structure such as an eye might come about by gradual mutations except they only do this by fooling you into believing the program mimics a natural possibility when it can not not when you are running the program and interfering at will,no they are not you quote a web site that is not dawkins interpretations of biomorphs and suggest that the web sites interpretation is what dawkins created biomorphs for,0,Attack,B,1,0,,
1640,there is much scientific evidence to proof it its just that you wouldnt believe it anyway,i do not believe in science,0,Attack,B,1,0,,
557,UKIP are a joke outfit full of small-minded Neanderthals who think the 1950s are the future.,Mr Farage has successfully broadened UKIP's appeal away from Europe.,0,Attack,B,1,0,,
1298,by the very nature of its approach intelligent design cannot be satisfied with a designer who is part of the natural world,bowmanid addresses evidences for designed structures mechanisms and synergistic systems in biology,0,Attack,B,1,0,,
1616,god is not physical except as christ  a christian true believers,this is my proof that he existswell your proof is a terrible waste of valuable electrons and also ridiculous nonsense,0,Attack,B,1,0,,
1203,the wmap data does not indicate we are at the center of the universe nor does the goldilock enigma really predict such,we must be prepared to take account  of the fact that our location in the universe is necessarily privileged to the extent of being compatible with our existence as observersand even that formulation has been taken apart by rudolf haller in his book nonexistence and predicationunderstanding is the first step towards formulating a workable hypothesis and popularization thereof,1,Support,B,1,0,,
2073,with all the debt obama has generated for our nation he deserves to be filibustered into the ground ,which planet in your parallel uni haverse did this happen on you should stick to topics on which you know something,0,Attack,B,1,0,,
1671,but who could it be  is it you or me  or maybe the buddhists,is it me or is it you only time will tell,0,Attack,B,0,1,,
1546,certainly there is value in the documents from which human culture has derived the christian bible the value of which is to be determined individually by the reader,how can anyone believe that the human race began with just one pair adam and eve and refuse to face the logical consequence that the human race would have to have with brothersister incest  if god wanted to start the human race with just one pair of biological ancestors then he must have ordained incestuous marriage for at least the first generation of humans,1,Support,B,1,0,,
827,UKIP is the only party that has understood the damage immigration does to the UK and its policies aim at repairing this.,"His comments come as a poll suggests that 56% of people want major curbs on immigration,",1,Support,B,0,1,,
617,UKIP and the Greens are the only parties to date that haven't screwed us all over.,UKIP say it proves their message is cutting through regularly.,1,Support,B,0,1,,
1961, we have similar dna to a cabbage is that just because god was having a good joke with his angel mates, evolution is true im a christian but im not in denial adam and eve is a load of sh   its probably meant to be symbolic and easy to understand for the people of the day remember that was over  years ago,1,Support,B,0,1,,
656,UKIP are the only party willing to have a sensible open debate on the key issues affecting the country. ,"I believe that what UKIP is doing is vital for this country, and of course the party's financial management is crucial.",1,Support,B,0,1,,
2128,if you are this closeminded impervious to logic and show this much delight in ignorance at your tender age can you imagine how much more insufferable you will be when you grow up,you throw personal insults more than i do so when will you grow up,0,Attack,B,1,0,,
1046,theories are not supported by finding confirming evidence only,ufcarazy although it is clear that id has led to some successful predictionsreally  what predictions has id made  and along those lines how exactly would id be falsifiable  without valid answers to these two questions it does not even begin to qualify as   science  ,0,Attack,B,0,1,,
2202,no biggy i am happy though that you did take more than reasonable precautions to prevent pregnancy in the first place,yep that is someting that many pro lifers also never take into account,1,Support,B,1,0,,
1324,for goodness sakes guys very few people are advocating the mandatory teaching of id in schools,tjlook what happened to richard stenburg when he had the courage to allow an id piece get published scientists and his peers jumped all over him,0,Attack,B,1,0,,
1608,you cant use the bible to prove the bible thus that is an invalid argument,the argument youre making would make sense if we could all just go up to god and ask hey is this true and god could give his answer directly to anyone who asked,1,Support,B,1,0,,
201,"If UKIP have a good general election and manage to take a few seats then that can only benefit Labour, because all of the seats that UKIP can possibly, conceivably win - well they are all Tory seats.","But as politicians and the public become more used to devolved government, Giles Dilnot looks at the rise of other parties and UKIP looking to enter NI politics.",1,Support,B,1,0,,
1788,correction its an ancestor of both chimpanzees and humans,oh boy here we go again,1,Support,B,1,0,,
1402,caseyas evidence that teaching id promotes religion auscs claims that phillip johnson the socalled father of intelligent design once told a religious audience that his goal is to use id to instill doubt about evolution in peoples minds and then introduce them to the truth of jesus christ,good arguments are worth far more than vehement objections,1,Support,B,1,0,,
1855,id doesnt undermine evolution,id does undermine evolution because supporters of id wish to put a sticker in every textbook that says something along the lines of evolution is just a theory,1,Support,B,1,0,,
903,teaching creationism is in no way akin to child abuse,attempts to teach the creationismevolution controversy to students are disingenuous promotions of activist christians,0,Attack,B,1,0,,
2392,the best way to protect Scottish interests in the EU is to vote for independence,Scottish independence might be a faster route out of the EU than a referendum,0,Attack,B,0,1,,
106,"I voted Tory for 30 years and started supporting UKIP because I want a sovereign, democratic , well governed Britain with Britain put first and its getting clearer by the day that the old Liblabcon parties will not do that.","Former UKIP deputy leader David Campbell Bannerman defected to the Tories soon after, expressing concerns about the party's direction.",0,Attack,B,1,0,,
1219,the argument always had intuitive plausibility,you gave  claims of intelligent design intelligent agents sometimes leave traces of their activity behind like fingerprints on evidence,0,Attack,B,0,1,,
363,"I don't think most people realise the benefits of free trade at all, and UKIP capitalise on peoples ignorance of the benefits of free trade as much as they can.","Mr Farage was challenged on a number of issues - including the party's attitude towards climate change, maternity leave and small businesses, diversity in the party and the European Union.",1,Support,B,1,0,,
895,openmindedness toward creationism is important,attempts to conceal the creationismevolution controversy from students are dogmatic promotions of evolution,1,Support,B,1,0,,
138,"I would say it's the anti-ukip brigade who have no substance to their argument (or facts), they simply shout ""racist"" with nothing to substantiate this slur, or become crude and insulting.","Commentators have predicted success for UKIP in the forthcoming European elections, but the borderline racist views of some of its outspoken members have caused a headache for the party leader.",0,Attack,B,1,0,,
2218,i find that very interesting that many christians are so loudly against abortion yet their own bible condones it,that is right everyone of the fundamentalists are on the band wagon about abortion being murder the same ones depend on their ministers to hail the words for the biblical scholars,1,Support,B,0,1,,
1274,intelligent design has been misrepresented as some kackamamy religiously motivated scheme by those who are afraid to challenge what they believe in,first off the human eye did not pop into existence by chance it is the result of billions of years worth of   evolution  ,0,Attack,B,1,0,,
482,UKIP and the Greens are the only parties to date that haven't screwed us all over.,"Ahead of May's local elections, Conservative cabinet minister Ken Clarke dismissed UKIP as a protest party and a collection of clowns.",0,Attack,B,1,0,,
1810,evolution is basically common sense once you put down your bible and get out of the church,evolution really is true but as we all know the main reason of how we evolve is because of god our lord,1,Support,B,1,0,,
573,UKIP are not a single issue party anymore; UK Sovereignty is the crux of their party political platform but they've certainly expanded from that singular issue in recent years.,"UKIP are certainly trying to professionalise, to move away from its more amateurish origins.",1,Support,B,0,1,,
2082,however the bible does say i create you before i placed you in the womb this would imply that god created you before you are even conceived,so god also says he made you out of dirt and then supernaturally lifting the dirt from the ground into the womans uterus oh well i suppose it is all beliefs no matter how silly it sounds,0,Attack,B,1,0,,
2562,Governments should be allowed to disrupt Internet service on grounds of national security,The right to internet access as a fundamental right,0,Attack,B,1,0,,
1584,then why does this argument always seem to come from the creationists  aig was not founded and is not funded by the scientific community,this thread has been kept going by three people who have voted no to the question of a six day creation,1,Support,B,0,1,,
301,It is because of UKIP that we are finally discussing the European question and about immigration and thank goodness for that.,"Isolating Britain and damaging Britain's reputation is not the right history to write, he said.",0,Attack,B,1,0,,
1942, theres a definite difference between microevolution and macroevolution in the sense that with the moths and the finches there are minor changes that happen, i feel the need to distinguish between microevolution and macroevolution,1,Support,B,0,1,,
1629,now the trick is to prove that all of the authors were free of stray thoughts and theological spin,my answers to your questions are ,1,Support,B,0,1,,
618,"I think Farage makes a much better leader than any of the other parties, he's full of enthusiasm and is not a PR man like the current leaders of the 3 main parties.",For Nigel Farage convincing his fiercest critics among UKIP's members and its estranged onetime supporters that he remains the right man to lead the party may be difficult.,0,Attack,B,1,0,,
2406,I prefer trade to aid,Trade is a longterm basis for international cooperation,1,Support,B,0,1,,
381,"If you want an insight into just how mad and bad UKIP are, go and read what their members, candidates and supporters write on the Telegraph.","The UK Independent Party says it is the only party which will pull the UK out of the European Union, a vital process according to them.",0,Attack,B,1,0,,
1719,since when speaking to one of the other posters did chance become a word to bias any argument against   evolution    doesnt make sense unless the poster is reading into something that probably isnt inferred and possibly feels an affront to his or her sensibilities,just curious but what does the types of rock have to with ex nihilo,0,Attack,B,1,0,,
140,Cameron had it right and UKIP could tip the balance towards Labour in the crucial marginal seats in the GE where the battle will take place .,"Because when it comes to being against Europe, the people prefer, between the original and the copy, they prefer the original.",1,Support,B,0,1,,
177,"Arguably, UKIP & co. aspire to destroy the culture created in Europe after WWII, which has been based on openness, free travel, migration and cross-geographic access to goods and labour markets.","Only 33% said they would never consider voting UKIP, with many people seemingly taken by their message.",0,Attack,B,1,0,,
275,If UKIP is really the best our country can do for an alternative then we are all doomed.,"Labour saw their majority halved to under 5,000 in Thursday's poll as The UK Independence Party finished second, with a 24% share of the vote, so clearly people seem to think UKIP are not such a bad choice.",0,Attack,B,1,0,,
2282,go by bike,people are too lazy,0,Attack,B,1,0,,
1119,it seems that so far id has focused on malaria and on the bacterial flagellum which shares homology with the type three secretory system used by bacteria responsible for the bubonic plague,every time i hear a single word mentioned about the ttss and that it somehow gives flagellar   evolution   some credibility i lose a few months off my life span,0,Attack,B,1,0,,
235,"It's true that UKIP dont have ideas to suit everyone, but at the moment they are heads above the pillocks at No 10 today.",UKIP's Nigel Farage said the PM was a problem for Tories and some Tory MPs said there were lessons for the party.,1,Support,B,0,1,,
626,Plenty of survey's have shown UKIP to be the most hated of the main parties.,I believe that what UKIP is doing is vital for this country.,0,Attack,B,1,0,,
1535,debates like this do nothing more but cause problems for people who are trying to pursue legitimate alternatives to neodarwinian theory,you have got to be kidding me,1,Support,B,1,0,,
318,"If UKIP want to retain these voters and attract more in a general election then they need to come up with policies other than ""leave the EU"" and ""its all the immigrants fault"".","Mr Farage said there was much anger around the country at the failure of the other parties to hold one over the ratification of the Lisbon Treaty, which created an EU foreign policy chief and a permanent president of the European Council.",0,Attack,B,0,1,,
1554,ricardo the bible was definitely written as is,its not that cut and dried,1,Support,B,1,0,,
2659,the only good thing in this movie was dr schultz after that it was a yawn fest,you must have bad taste in movies,0,Attack,B,1,0,,
2166,in my lifetime we have made huge strides but there is a lot more to learn,agreed that is why a sensible interpretation of new data is so important ,1,Support,B,0,1,,
603,UKIP is a vessel through which a protest is being delivered. ,But Mr Cameron dismissed UKIP's showing as a protest by voters and promised to stay true to his principles.,1,Support,B,1,0,,
2338,perhaps a marathon,a marathon sounds good,1,Support,B,0,1,,
1972, i definitely think it has something to do with everything as there is quite a lot of evidence for it e, no scientist can give strong evidence to support evolution      your dishonesty and ignorance of science proves you are not fit to even ask the question,1,Support,B,1,0,,
577,UKIP want to get us out of the EU to make the British people much worse off then they already are.,The committee said the EU had helped to transform Europe from a continent of war to a continent of peace.,1,Support,B,1,0,,
2100,i also think it is noteworthy that the pro life movement is really making a difference if anything to hit the polls in elections and send the message that we are tired of a cheap view of life in this nation,funny did not hear them complaining about the iraqis dying in the street also they did not seem to mind that the abortion rate which was declining under clinton has been rising under bush,0,Attack,B,0,1,,
2266,people who eat at such places every week will not be really bothered personally i try to stay away from it for many reasons not just because of the stories,care to share those reasons,0,Attack,B,0,1,,
2593,i read the book which is subtle philosophical and nuanced at the beginning of the year and last night i watched the dvd of this film what utter rubbish the film is a boring sweary standard thriller,i agree with about ninety percent of what you said i was also let down by this movie with all the hype this movie got before it was released i was expecting a masterpiece but no it was just puppet theater,1,Support,B,0,1,,
941,pvm is confused,joethe design inference reached based on our knowledge of what nature operating freely can  cannot do coupled with our knowledge of what designing agencies can do,0,Attack,B,1,0,,
2204,is it possible that the rigidity of many evangelical churches is and what they expect of their members drives couples to divorce when one partner is not as on board as the other,i think you nailed it i also think that if you are willing to give up your relationship over religion you could be on the border of addiction not faith not you personally but rhetorically,1,Support,B,0,1,,
1969, the simplest way to prove it is this, i am a christian and i do believe in evolution because there are quite an amount of amazing proofs for it,1,Support,B,1,0,,
1150,im not a cell expert but lets expand out to the human body,im not a cell expert either and understanding what behe wrote in his argument doesnt require it because he didnt say anything except cellular machinery is complex therefore it must be designed,0,Attack,B,0,1,,
1658,science is based on what can be observed  tested,intelligent design might be a seasoned exercise in rationalization but the claim that it is a science cannot be supported,0,Attack,B,1,0,,
651,"It feels like UKIP is anti most things and base their politics on this: Anti-aid, Anti-immigrant – at times even anti-politics; it is therefore difficult to understand what they actually stand for and want to work towards.",The announcement comes two weeks after a roll out of Home Office vans with posters warning illegal immigrants to go home or face arrest was cancelled.,1,Support,B,1,0,,
2276,electric vehicles,limited range,0,Attack,B,1,0,,
2177,did a famous gangster not once escape from jail using a gun he carved from soap maybe oz should ban bars of soap,yea that was uncle john,1,Support,B,0,1,,
1762,quite so well as christians themselves,the christian faith is a mockery to humankind,1,Support,B,1,0,,
229,"If you want an insight into just how the focus of UKIP is, go and read what their members, candidates and supporters write on the Telegraph.","The party sought to broaden its appeal beyond its core message of EU withdrawal, announcing policies in recent days on energy and welfare.",0,Attack,B,1,0,,
1569,consider the observation of a solar eclipse,yes im fully aware what a solar eclipse is,0,Attack,B,0,1,,
2018, this sounds like religious faith speaking, evolution is one of the most strongly supported theories in all of science,1,Support,B,1,0,,
1421,how are they standing in the way is research into id bannedpretty much especially if anyone who has publically known proid views prior to getting tenure is bound to not get it,pretty much especially if anyone who has publicly known proid views prior to getting tenure is bound to not get it,0,Attack,B,0,1,,
2034, sorry but this is not an opinion, darwin observed species and wrote it down  evidence,1,Support,B,0,1,,
641,"UKIP is not an isolated phenomenon: France has Le Pen, Germany has AfD, and all of these have in common that they are nationalist, anti-European, and more right than mainstream conservative parties.",He said UKIP was clearly taking a very right wing position which pandered to an obvious anti-Europeanism.,1,Support,B,0,1,,
2011, creationism is mythology and intelligent design is a politically based movement to secure the support of a certain segment of the population, i dont attempt to defend either intelligent design or creationism,1,Support,B,1,0,,
1648,many people claim that certain writings are the word of god,after the entire cain and able thing the brother left to another group of people to find a wife,1,Support,B,0,1,,
351,"The momentum is with UKIP; Labour, Conservative and Liberal areas are all now vulnerable to them. ","The campaign was dominated by a war of words between the Conservatives and the UK Independence Party, which senior Tories fear will take a significant chunk of their votes.",1,Support,B,0,1,,
640,The success Ukip had in the european elections will be sufficient to galvanise one or preferably all the other parties to rid us of the EU's political influence.,UKIP says it is campaigning on a pro democracy message - aiming to rejuvenate local politics.,1,Support,B,1,0,,
1116,behe claims that that is not the sort of process one needs to build complex molecular systems,behe claims that that is not the sort of process one needs to build complex molecular systems,0,Attack,B,0,1,,
1754,you skewed whatever argument you were wishing to present by quoting from the cathoic catechism,any sincere new testament bible studdent knows that there is only one one reliable and true book the bible,0,Attack,B,0,1,,
2041, if your trying to find evidence in the bible your right, god is just an imaginary friend for adults,1,Support,B,1,0,,
650,"UKIP do not bear scrutiny either as a coherent policy offer or a group of potential ministers , they are an insurgent party of protest with one message.",There are signs UKIP is starting to pick up the sort of protest votes that traditionally go to the Liberal Democrats - as well as benefiting from a slump in support for the British National Party.,1,Support,B,1,0,,
1376,just what if there is a creator  isnt science after truth  has science proven that there is no creator why is recognizing the possibility that there was intelligence behind the emergence of life a nonscientific idea  basically what you are saying is that if there was a creator or intelligence behind the emergence of life science will never be able to come up with the right answer rightso your whole premise for id being nonscientific is the unproven worldview of naturalismyou start off right from the get go with the assumption that there is no creator or any intelligence involved in the emergence of life and go and try and prove your idea with science,they simply want to show that there is good scientific evidence for considering the role of intelligence in the emergence of life,0,Attack,B,0,1,,
1480,pvmcool now the claim is the arrival of variation,i appreciate that you are making attempts to answer all these issues,1,Support,B,0,1,,
2017, no it is not falling apart, this sounds like religious faith speaking,1,Support,B,1,0,,
2628,as far as acting and cinematography go this film was great but the content and plot were horrible,are you serious this film is class the way the real world and the fantasy world its not an easy mix to get right,0,Attack,B,1,0,,
1462,which i argue is the main reason people have come to embrace id and object to sciencecouldnt atheism be the main reason people have come to embrace a certain type of evolution and object to id  the emotions so commonly seen in the rejection of id support this,couldnt atheism be the main reason people have come to embrace a certain type of evolution and object to id the emotions so commonly seen in the rejection of id support this,0,Attack,B,0,1,,
2416,We should grant politicians immunity from prosecution,Seeing a politician put on trial hurts the integrity of their office,1,Support,B,0,1,,
1098,so your argument is by pushing scientists to find more junk dna it is in fact useless to the organism vestigial limbs my tailbone does nothing and has no purpose and i could have it removed with no damage to my functioning and other disproofs of intelligent design id serves the purpose of annoying scientists into progresscouldnt you just advance the cause of science by doing experiments and recording data,unfortunately dr,1,Support,B,0,1,,
2394,the best way to protect Scottish interests in the EU is to vote for independence,The Scottish relationship with the EU is likely to change after independence,0,Attack,B,1,0,,
518,"In UKIP, we have a new political force which looks likely to poll very well in a national election on thursday.","UKIP recorded their best ever Westminster election performance and brought humiliation to the Conservative candidate, in the process triggering a debate within the party about how to deal with their rivals.",1,Support,B,0,1,,
1913, just judging from the question obviously the op hasnt got even a high school understanding of what evolution is, first this topic has been on the site at least  times even as recently as a week or so ago and you should run a search before relaunching the same tired junk,1,Support,B,1,0,,
1980, well evolution is by far the most logical idea i have heard about where man came from, scientists can present a great deal more evidence for evolution various fossils in chronological order clearly showing an evolving skeletal structure than a christian can present for intelligent design none,1,Support,B,0,1,,
1409,agreed that religious belief should not necessarily compel the rejection of wellestablished results from welldeveloped scientific fields,tjopen debate is all we are asking for,0,Attack,B,0,1,,
1331,eventually they the smithsonian higherups determined that they could not terminate you sternberg for cause and they were not going to make you a martyr by firing you for publishing a paper on id,tjit is the scientific evidence that is important,1,Support,B,0,1,,
1959, evolution is the real deal, i believe there was some sort of evolution but the question is what made that evolution take place,1,Support,B,0,1,,
20,A forensic examination of UKIP's policies would nail once and for all the Establishment lie that they're a bunch of swivel-eyed racists.,"Asked whether some UKIP members were closet racists, he added that the truth is some UKIP members are.",0,Attack,B,1,0,,
2309,nuclear energy is the most efficient once all potential hazards are eliminated,there is no good way to handle the waste created in the process,0,Attack,B,1,0,,
583,"UKIP’s popularity is mainly founded on the likeability of its leader Nigel Farage, who manages to obscure its racist policies in clever rhetoric.",The party's leader Nigel Farage has promised to cause a political earthquake at next year's polls after a strong showing in local elections.,0,Attack,B,0,1,,
1347,so tj you seem to have made quite a few foolish arguments how familiar are you with augustinetj  well i know that he believed the earth was created instantaneously not progressively and was according to scripture less than  years old,i will address the post by americans united for separation of church and state here and then address the question of constitutionality in another post,1,Support,B,1,0,,
1142,the physical reality to which behe so proudly points is a stylized cartoon of reality,design is recognized in the purposeful arrangement of parts storms  tornadoes hurricanes etc,1,Support,B,1,0,,
134,Plenty of survey's have shown UKIP to be the most hated of the main parties.,"At the final tour stop, in Tunbridge Wells, Kent, he told supporters in the town centre UKIP was drawing support from across the political spectrum, not just disaffected Tory voters as the media assumed.",0,Attack,B,1,0,,
151,UKIP and the Greens are the only parties to date that haven't screwed us all over.,A poll showed that only 26% said the PM was in touch with the lives of ordinary voters.,1,Support,B,0,1,,
718,UKIP are in no way a single issue party and if Labour or the Conservatives were to give us a referendum UKIP would still have a full manifesto that would attract many voters.,"In 2006, the lower-key Knapman retired, to be replaced by Nigel Farage, an eye-catching media performer who pledged to make UKIP a truly representative party, ending its image as a single-issue pressure group.",1,Support,B,0,1,,
907,because students are impressionable if you teach them the literal truth of genesis as science they may well believe you,if creationism should be taught it should not be taught in science classes,1,Support,B,0,1,,
685,"In UKIP, we have a new political force which looks likely to poll very well in a national election on thursday.","And with UKIP riding high in national opinion polls and coming second in the recent Eastleigh by-election, Mr Farage predicted his party would win seats in each of the 34 councils where elections are being held.",1,Support,B,0,1,,
87,For what its worth I think UKIP is a one trick pony and is unelectable in a general election.,"Alongside that central desire to get out of the European Union, the party is now pushing a broader range of ideas, from being anti-gay marriage to pro-grammar school.",0,Attack,B,1,0,,
2102,can you please respond to fdr and his new deal that saved the country,fdr saved this country if i recall it was in  that because of a combination of weakened capital situations from reconstruction finance corporation loans which published lists of the loan takers and a nationwide banking holiday banks around the country went through a new wave of demise dropping the dc and dr ratios so sharply that in one month alone the money stock m fell a whopping four percent,0,Attack,B,0,1,,
553,UKIP's proposals on membership in the EU and migrants are at best purely demagogic: they do not take into account facts and more general issues.,"Foreign Secretary William Hague has meanwhile ruled out an electoral pact with UKIP, after a BBC poll suggested nearly 25% of Conservative councillors were in favour of such a deal.",1,Support,B,1,0,,
2633,once you know all the in and outs or all the magic tricks of the movie i dosnt seem as good,i think it gets better you notice little things you get more into looking at the picture not just fitting the pieces,0,Attack,B,1,0,,
1097,the biologic institutemy my what nonsense,so your argument is by pushing scientists to find more junk dna it is in fact useless to the organism vestigial limbs my tailbone does nothing and has no purpose and i could have it removed with no damage to my functioning and other disproofs of intelligent design id serves the purpose of annoying scientists into progresscouldnt you just advance the cause of science by doing experiments and recording data,1,Support,B,1,0,,
2228,so why is population control a good arguement for abortion why do not we kill old people too,i am with you here,1,Support,B,0,1,,
184,Only an idiot would think a UKIP win would result in withdrawal from the EU the day after.,"If you want to have a managed migration policy, you cannot remain a member of the European Union.",0,Attack,B,1,0,,
409,Support for UKIP simply indicates that people have noticed that the major parties do not represent their interests.,"Our previous best-ever by-election result, a fortnight ago, was 14.3% and this one is comfortably over 20%, so, whichever way you look at it, UKIP is on the rise.",1,Support,B,0,1,,
2275,too thin it will not be very durable,but the used material is strong so two centimeter seems to be a good choice,0,Attack,B,1,0,,
1744,it is only the closest science can come to explaining the origin of human existence and how things developed over timeyes,so would you say that the those in the bible lied about jesus doing miracles and god showing himself through signs or etc,1,Support,B,0,1,,
308,If UKIP are wise they will alter their attitude about the NHS and public services in general.,"The Department of Health has said the cost of treating foreigners is at least Â£30m a year for the NHS in England alone, although practitioners have said the figure could be much higher.",0,Attack,B,0,1,,
2136,you did not ask for a quote which says we should ban guns and you posed the question to anti gunners you did not ask for anti gun comments,so if you quoted ted kennedy when he said to his wife in an event that was not even publicized good morning sweetie that would be an answer,0,Attack,B,0,1,,
270,UKIP are asking the questions that haven't been asked by the opposition or the media.,"Europe had in the last few years become a huge issue due to the euro crisis and the bailouts, and UKIP was the only party addressing this problem head on.",1,Support,B,0,1,,
440,"UKIP are a two trick pony, Europe and immigration that's it.","But it is also one which means people often dismiss it as a single issue party, unlikely to become a force in Westminster politics.",1,Support,B,1,0,,
1090,i am always tickled by claims of id advocates that darwinism stifles inquiry and that only id creationism will break the shackles that darwinism puts on the mind that id creationism will open avenues of insight into practically everything,it also means that scientists who hold legitimate scientific views deserve to be heard even if their views differ from the consensus,1,Support,B,1,0,,
1052,if it cannot make predictions then it is not a viable theory,there was much that darwin did not know at that time that we now know and his original theory has since been supplanted by more modern versions of his theory,1,Support,B,1,0,,
1778,first of all there have been writings in hebrew ,theres no point arguing against evolution when you dont understand it in the first place,0,Attack,B,1,0,,
2605,you are right it should be a nine stars hands down,agreed i thought this was a hell of a movie,1,Support,B,0,1,,
1412,you are confusing mn with is a methodology with a worldview again,who the designer is has nothing to do with it and everyone knows that,1,Support,B,1,0,,
189,People are not voting for UKIP because of immigration propaganda but because of their direct experience of immigration.,"Isolating Britain and damaging Britain's reputation is not the right history to write, he said.",0,Attack,B,1,0,,
984,so if the bible can be used as a source for scientific discovery or guidance then what else in there can be demonstrated to be true scientifically  by what process did god stretch out the heavens where does god get the   energy   to do so,im hardly the authority for all the great questions in life,0,Attack,B,1,0,,
1003,i think this comes down to an irreducible complexity argument,as much as i might believe that there is some sort of creator and that a creation occurred you cannot justifiably intermingle science and religion,1,Support,B,1,0,,
509,"UKIP is certainly NOT racist or xenophobic - if you, as I'm you have done, read our policies on the website there is no suggestion of this at all, it is more a rumour and conspiracy of the lefties. ",Amjad Bashir was responding to comments on Wednesday's Daily Politics from ex-deputy PM Lord Heseltine that UKIP was a racist party.,0,Attack,B,1,0,,
1635,first of all you are sriritualy diserned from understanding until god moves upon your heart mind  core being,the first problem with the debate question is that neither time nor space exists per se,0,Attack,B,1,0,,
2057,most pro lifers do not care about women hence why they are pro life,it is idiotic thinking like this that makes me respect you less and less,0,Attack,B,1,0,,
1017,first of all science does not make a claim that every feature of the universe can be explained without god,youre right science is not atheism but not thats what most people make it out to be,0,Attack,B,0,1,,
424,"UKIP's position is not reasonable, but racists and proto-fascist, considering they have nothing to say about the finance capital bombing of the economy, but to put all the blame for Europe's woes onto immigration.","He debated with journalist and historian Sir Max Hastings who said Britain can't stay in Europe on any terms, but said leaving could mean the UK could find a very tough time out there.",1,Support,B,1,0,,
1367,peter irons article is only one part of the montana law reviews take on this,robert crowtherlike modern evolutionary theory there is more than just one side to the debate,0,Attack,B,0,1,,
658,"I think Farage makes a much better leader than any of the other parties, he's full of enthusiasm and is not a PR man like the current leaders of the 3 main parties.","They will each have plenty of opportunities to publicly debate the party's performance, and to make the case against the return of Nigel Farage.",0,Attack,B,1,0,,
58,UKIP are a joke outfit full of small-minded Neanderthals who think the 1950s are the future.,"UKIP, which also calls for tighter controls on immigration, has seen its poll ratings improve markedly over the last few years, appealing to voters across the board.",0,Attack,B,1,0,,
1475,i am glad that someone is trying to oppose the paradigm of undirected chancenonintelligent necessity,there is more than naturalism can engage,0,Attack,B,0,1,,
464,"I think Farage makes a much better leader than any of the other parties, he's full of enthusiasm and is not a PR man like the current leaders of the 3 main parties.","Mr Dimitrov said UKIP leader Nigel Farage was usually very feeble in presenting solid arguments, suggesting he preferred to engage in propaganda which deviates markedly from the essence of the debate.",0,Attack,B,1,0,,
1188,seems to me like dawkins and weinberg were claiming that there is no evidence for design at least according to richards,could evidence against design perhaps be evidence against the case brought in favor of it,0,Attack,B,1,0,,
2553,Transparency is necessary for security,Transparency helps reduce international tension,1,Support,B,0,1,,
1327,tjthe government report on the issue validates the charges against the smithsonian institute, lets see would these titles copied from the table of contents of the house of representatives report entitled intolerance and the politicization of science at the smithsonian back up you or me  ,0,Attack,B,1,0,,
2448,The voting age should be lowered to sixteen years,Voting at a lower age would increase participation,1,Support,B,0,1,,
829,I think it's far too simplistic to argue all UKIP supporters are racist - there is a real groundswell against the political establishment which over the past 20 years or so has started to converge in terms of image and policies.,"UKIP appears to have struck a chord with many voters on the issue of immigration, campaigning against the relaxation of working restrictions on Bulgarians and Romanians due to come into force in January.",1,Support,B,0,1,,
1935, evolution is most certainly wrong, you cant make nothing out of nothing,1,Support,B,1,0,,
537,"In UKIP, we have a new political force which looks likely to poll very well in a national election on thursday.","Mr Farage, speaking to the BBC's Len Tingle, said the election result represented significant progress.",1,Support,B,0,1,,
549,"The People's Army is on the march and UKIP will get Britain back from the Liblabcon, Establishment and MSM political abusers of our country.",UKIP has won 42 seats so far and is averaging 26 per cent of the vote in the wards where it is standing.,1,Support,B,0,1,,
804,"If UKIP want to retain these voters and attract more in a general election then they need to come up with policies other than ""leave the EU"" and ""its all the immigrants fault"".",UKIP says it is campaigning on a pro democracy message - aiming to rejuvenate local politics.,0,Attack,B,1,0,,
2092,okay well i think that you are just finding reasons to go against him i think that you had some bad experiences when you were younger or a while ago that made you turn on god,here come the christians thinking they can know everything by guessing and commiting the genetic fallacy left and right,0,Attack,B,1,0,,
972,if you are going to comment on something in   science   you need to back it up with actual data,first i believe that religion is manmade as are christ buddha mohammed et al,0,Attack,B,1,0,,
2490,The US should ban cluster bombs,Cluster Bombs Can Be Improved,0,Attack,B,1,0,,
414,"There's an election next month, UKIP are campaigning on the streets right now, and candidate upon candidate keeps churning out ridiculous (often racist, sexist or homophobic) views.","Responding to the success of UKIP, Prime Minister David Cameron said It's no good insulting a political party that people have chosen to vote for.",0,Attack,B,1,0,,
1771,no but the point remains the same,so how is that not stupid if you can see the evidence for something and you continue to believe something else based on no evidence that is stupid,0,Attack,B,0,1,,
1564,as one commenter has already touched on,the bible is the most published and most wide spread book of all times,0,Attack,B,0,1,,
820,UKIP's sole aim at the general election is to get a smallish number of MPs elected but enough to hold the balance of power and do a deal with the Tories.,"According to the Daily Telegraph, Mr Farage suggested to Mr Murdoch at the meal that he would form an electoral pact with the Conservatives if David Cameron stood down as leader.",1,Support,B,0,1,,
715,UKIP will not improve public services.,He announced a series of measures to address what he said were public concerns about the impact of current and future immigration from eastern European on the UK economy and public services.,0,Attack,B,1,0,,
2200,come on it is andy schlafly what do you expect from the spawn of phyllis,oh that explains a lot i actually forgot who she was had to google the name,1,Support,B,1,0,,
864,A vote for UKIP would be a vote for a Tory-UKIP alliance that would be more right-wing than a Tory government.,He said UKIP was clearly taking a very right wing position which pandered to an obvious anti-Europeanism.,1,Support,B,0,1,,
2347,absolutely everybody knows about foursquare but nobody remembers gowalla they offered identical features and also launched on the same day same conference,well said,1,Support,B,0,1,,
1853,no scientific evidence of course,the existence of the universe and life itself is considered mathematically impossibleim curious who other than yourself considers this to be the case,1,Support,B,1,0,,
1716,the scientific investigation into the question of the age of the earth and of the universe has been going on for hundreds of years,maybe get someone to do your studies who doesnt pay a tithe  someone who perhaps doesnt own a   bible  ,1,Support,B,1,0,,
2348,absolutely everybody knows about foursquare but nobody remembers gowalla they offered identical features and also launched on the same day same conference,nice example,1,Support,B,0,1,,
285,"UKIP are an independent party and have shown that their appeal is broad, making big dents in staunchly Labour voting areas as well as the recent bi-election successes.",UKIP's deputy leader Paul Nuttall said the performance - which followed the party's second place in March's Eastleigh by-election - showed it was on an upward trajectory.,1,Support,B,0,1,,
588,A strong UKIP vote suggests there's a lot of the British public who aren't on board with the current set-up.,"Nobody below the age of 60 has ever had a chance to have a say on this issue, he said.",1,Support,B,1,0,,
1360,bowmanmore on the aclus rubber stamped ruling by a practicing attorneynothing wrong with quoting from a well argued submission by the aclubowmanthat said none of this relates to the id ruling since the board members were not id advocates except perhaps superficially,nothing wrong with quoting from a well argued submission by the aclu,0,Attack,B,0,1,,
199,"I voted Tory for 30 years and started supporting UKIP because I want a sovereign, democratic , well governed Britain with Britain put first and its getting clearer by the day that the old Liblabcon parties will not do that.","On the whole it's been a good year, Farage says.",1,Support,B,0,1,,
1901, the prospect of creationism is pretty absurd, as an archaeologist i have to say that creationism is wrong,1,Support,B,0,1,,
433,"I don't necessarily think Nigel Farage is worthy of PM, I think they need a new leader.","Mr Dimitrov said UKIP leader Nigel Farage was usually very feeble in presenting solid arguments, suggesting he preferred to engage in propaganda which deviates markedly from the essence of the debate.",1,Support,B,0,1,,
1311,i dont really believe in the supernatural unless you wanted to say that the first cause behind the big bang is beyond the observable world and therefor supernatural,but where does that leave id  without a theory for the designer then that aspect remains unknown and would thus be called supernatural,0,Attack,B,0,1,,
2334,maybe you could have a cake sale,of course everything is better when there is cake,1,Support,B,0,1,,
264,UKIP are asking the questions that haven't been asked by the opposition or the media.,"Addressing party members in Birmingham, he predicted UKIP would cause a political earthquake - particularly now that the EU leaders' desire for a fully federal Europe was out of the bag.",1,Support,B,0,1,,
1650,aig argues that pretexts brought by the reader are to blame for difficulties accepting the bible as literal truth,the bible is true because the bible says so is incredibly juvenile logic,1,Support,B,1,0,,
543,"UKIP's position is not reasonable, but racists and proto-fascist, considering they have nothing to say about the finance capital bombing of the economy, but to put all the blame for Europe's woes onto immigration.","Mr Cameron also said he did not think it would be right for Britain - or in the national interest - to leave the EU entirely, pointing out that some 50% of nation's trade was with the EU.",1,Support,B,1,0,,
2322,usually the best city in every country is the capital so i would go for madrid ,i would love to go there as well,1,Support,B,0,1,,
698,"UKIP's position is not reasonable, but racists and proto-fascist, considering they have nothing to say about the finance capital bombing of the economy, but to put all the blame for Europe's woes onto immigration.","The charge put by its deputy leader David Campbell Bannerman when he defected to the Conservatives in the wake of the May elections was that UKIP remained, at heart, a single issue pressure group.",1,Support,B,1,0,,
1389,id explains the genetic code the same way we explain a computer code,joe gnow you are just lying,1,Support,B,1,0,,
733,"The sooner we are out of the EU, the sooner we can start making this country great again.","Over three million jobs in this country, directly or indirectly, depend on us being in the EU, so that is a big choice.",0,Attack,B,1,0,,
1920, and the reason why there are so many species that arent on this planet any longer, i really like bananas so i mustve evolved from monkeys p,1,Support,B,1,0,,
1489,you still have yet to provide any passages within pandas which state that god is directly implicated saying that the fte is religious therefore so is pandas,you still have yet to provide any passages within pandas which state that god is directly implicated saying that the fte is religious therefore so is pandas,0,Attack,B,0,1,,
1446,when i read casey luskins article he made some very good points, it seems to me that luskin is being more scientific in that he talks about a method for testing idthats ironic because luskin presents no testable id,0,Attack,B,1,0,,
2540,We should allow voting at 16 in European Parliament elections,EU elections would put young people off voting,0,Attack,B,1,0,,
211,"I and many others will be voting UKIP not because of a handful of people that have said stupid things, it will be because I identify and agree with their overarching principles.","UKIP used to be a protest vote, he explained, but now we are now talking about how Britain should be governed just to say that we are a protest vote simply isn't right.",1,Support,B,1,0,,
2215,is not it amazing how quickly creationists will accept natural selection and superfast evolution when it supports their beliefs,another of my favorites is how they loudly criticize radiometric dating most commonly radiocarbon dating because they know no other kind then shout from the rooftops that radiometric dating confirms the genuineness of two tousand year old manuscripts,1,Support,B,0,1,,
1690,you are ignoring centuries of good scholarship including that in the last century specifically engaging the arguments of historical criticism and socalled higher reasoning,the scripture is silent as to which locale in the spacetime continuum the author of the account was measuring time from on the first day of creation,1,Support,B,1,0,,
2213,i stand corrected on the temperature of space  kelvin translates into  f and i suppose its possible that something could survi have but not likely no matter what entropy on earth would increase,i have always liked this line of evidence too but i always forget about it in the fog of war,1,Support,B,0,1,,
2255,i think that cancer research uk cafod and action aid are the best charities,can you please explain why you chose those ones,0,Attack,B,1,0,,
171,If anyone seriously thinks that UKIP will offer some kind of answer to our current problems then I think that they are going to be sadly disappointed.,"Mr Wheeler, who has criticised David Cameron's attitude to the EU, said UKIP's success was vital.",0,Attack,B,1,0,,
739,UKIP is a vessel through which a protest is being delivered. ,"It is a disappointing result for the Conservative Party, but it is clear that, in mid-term by-elections, people want to register a protest.",1,Support,B,0,1,,
254,"There's an election next month, UKIP are campaigning on the streets right now, and candidate upon candidate keeps churning out ridiculous (often racist, sexist or homophobic) views.",A UKIP candidate in Somerset was suspended from the party on Tuesday after a photo of him apparently making a Nazi-style salute appeared on his Facebook page.,1,Support,B,0,1,,
2460,All nations have a right to nuclear weapons,Humanitarian intervention becomes impossible in states that possess nuclear weapons,0,Attack,B,1,0,,
1914, first this topic has been on the site at least  times even as recently as a week or so ago and you should run a search before relaunching the same tired junk, look there is no proof that god or any thing in the bible existed where as there is proof to suggest that we are related to monkeys as we have the same arm structure and the same bioorganisms,1,Support,B,1,0,,
1796,this is not a debate on whether you can disprove it or not this is a debate on if in your mind its been proved,this isnt the debate about which makes more sense over a seven day creation or evolution it is one of belief in evolution,1,Support,B,1,0,,
842,UKIP want to get us out of the EU to make the British people much worse off then they already are.,"In their leaflets, UKIP says that 29 million Bulgarian and Romanians will have the right to live, work and draw benefits in the UK and while many will be fine, hard-working people, suggests the country may struggle to cope with another influx of people needing jobs, housing schools, hospitals and benefits.",0,Attack,B,0,1,,
2433,Bribery is sometimes acceptable,Individuals may have no choice,1,Support,B,0,1,,
1411,some places do seem more open to honest debate over evolution rather than just trying to brainwash kids,you are confusing mn with is a methodology with a worldview again,0,Attack,B,1,0,,
630,"I don't necessarily think Nigel Farage is worthy of PM, I think they need a new leader.",Dr North does have other reservations about Nigel Farage - including what he sees as his lack of political acumen.,1,Support,B,0,1,,
1971, well to begin with there is a lot of strong evidence to support evolution the discovery of dna the discovery of fossils and primitive primates etc, i definitely think it has something to do with everything as there is quite a lot of evidence for it e,1,Support,B,0,1,,
107,"I sense that Farage is a total megalomaniac, a charlatan, someone who is in it for the attention and the glory and that in a strange way, that many UKIP voters know this but don't seem to mind.",There's an attitude that either you keep silent about everything that's been going on in UKIP and wit Farage or suffer the consequences.,1,Support,B,0,1,,
1473,but most of it seems to be in the responsesuch as  because the ncse thinks science should be a voting contestthats just plain silly its the dissent from darwinism which attempts to create a controversy where there is none,i do not wish to begin to defend the di as i am not familiar enough with their theory,0,Attack,B,1,0,,
2072,and do you not get a kick out of sp calling herself a rational christian as she blasphemes god and attempts to disprove him in every post,actually he does not believe in a liar god like you so really its you who is the blasphemer and he is a christian you are a biblist,0,Attack,B,1,0,,
2377,yes i never thought of that but that is a brilliant question and so true when you are part of a big family you should have a say in things that affect you ,if one is truly serious about a unified europe this possibility should at least enter a discussion,1,Support,B,0,1,,
1321,this objection highlights one of the problems with public education the government should not be in the position of deciding what people ought to believe about science anymore than they should decide what people ought to believe about religion,your half right ,0,Attack,B,0,1,,
1022,the name intelligent design is itself a hoax,the name intelligent design is itself a hoax,0,Attack,B,0,1,,
2260,i think that there should be something that judges the percentage of people that are satisfied with your answer ,how would this be different to the rating of a particular replyanswer that it currently has,0,Attack,B,1,0,,
900,biology can be studied in a creationist context,the history of gods creation should be taught irrespective of it being considered science,1,Support,B,0,1,,
979,i dont really care  ,currently   science   feels its accelerating,1,Support,B,0,1,,
185,"I don't think most people realise the benefits of free trade at all, and UKIP capitalise on peoples ignorance of the benefits of free trade as much as they can.","Lord Heseltine, appearing on Daily Politics on Wednesday, compared UKIP's appeal with that of one-time Conservative minister Enoch Powell and his 1968 anti-immigration rivers of blood speech and with the former French National Front leader Jean-Marie le Pen.",1,Support,B,0,1,,
622,UKIP is the only party that has understood the damage immigration does to the UK and its policies aim at repairing this.,"And he accused the government of burying their head in the sand over the size of the Roma community living in the UK, which he said was revealed in a recent study by Salford University.",1,Support,B,0,1,,
1891,evolution does not neccasarilly contradict intellegent design,your right,0,Attack,B,0,1,,
667,UKIP is the only party that has understood the damage immigration does to the UK and its policies aim at repairing this.,"UKIP's local election manifesto, concentrates on its flagship policy of ending open door immigration and putting pressure on the government not to lift restrictions on workers from Bulgaria and Romania on 1 January, which proved a successful formula in Eastleigh.",1,Support,B,0,1,,
555,It's a protest vote because (most) people know that UKIP will never net in power.,He argued that his party was on a journey from a party of protest to a party of government.,0,Attack,B,1,0,,
2065,it ought but it will not at least not the gun fetishists in this forum who in my humble opinion are prisoners of their ignorance their fears their insecurity,look what is talking about insane immune to reason a prisnor of his own giant ignorance slavery fetishist and one of the comic relief  stooges,0,Attack,B,1,0,,
894,the idea that creationists reject mutation or natural selection is ridiculous,openmindedness toward creationism is important,1,Support,B,0,1,,
317,UKIP are a joke outfit full of small-minded Neanderthals who think the 1950s are the future.,"Mr Davis said UKIP's policies on law and order, immigration, taxation, foreign affairs, and Europe mimic a simplified 1980s Tory manifesto.",1,Support,B,1,0,,
335,Big business will not support UKIP given the devastation that withdrawal from the EU would cause.,"We simply cannot go to the British people and say to them support the European Union, we are going to reform it in the future.",0,Attack,B,1,0,,
1241,if the catholic church says it it has just gotta be true,the fact that the   evolution   lobby is trying to cite statements by ucc ministers to bolster support against id shows just how out of touch they really are,1,Support,B,1,0,,
1742,this is not a proof of   evolution   from chimps,yes i understand we didnt evolve from chimps from the position of   evolution   theory  and im sorry for saying it that way considering i truly dont want to encourage the misinformation and typical uninformed view,0,Attack,B,0,1,,
701,"The sooner we are out of the EU, the sooner we can start making this country great again.",Lord Pearson said he hoped the results would increase pressure for a referendum on EU membership.,1,Support,B,1,0,,
1011,just as advances in genetic and protein research and mathematics are enabling us to understand and explain how evolution works a growing number of our society are rejecting science in favor of myth and fake science,i really have to give the antiiders credit you have a lot of faith,0,Attack,B,0,1,,
1155,icdesignas far as scientific findings go the numbers of evolution believing scientists is on a major decline,i think behe has made the case for obviousdesign within the cell and i dont think you will findanyone who could put it any more clear,1,Support,B,1,0,,
920,i wrote a good philosophical question and i think you and i would agree that this adaptation could have been guided by some higher agency of course by using a fully natural mechanism such questions remain scientifically vacuous,i surely intend to do so but these issues go beyond questions of policy,1,Support,B,1,0,,
2293,apple no comparison there excellent quality longevity of hardware amazing support,way to expensive for what you get the only advantage is maybe the longlife battery but even this is now standard in other laptops too,0,Attack,B,1,0,,
154,The more the 'mainstream' parties smear and lie about UKIP the more their support rises.,UKIP leader Nigel Farage said his party was on a journey from a party of protest to a party of government.,1,Support,B,0,1,,
2532,US intervention in Libya lacking congressional approval was illegal,Humanitarian reasons prompted swift intervention,0,Attack,B,1,0,,
2259,no it is athens mate,i like athens but it is definitely not the best,0,Attack,B,1,0,,
2036, i think youll find there is, anyone who thinks there is no evidence for evolution is either blind stupid or both,1,Support,B,1,0,,
1436,id is not science because it can never make a prediction that is meaningful,common descent neither supports nor refutes id,0,Attack,B,1,0,,
2566,this was just an amateurish hodgepodge of the departed the town and we own the night and sopranos,i had completely the opposite impression though i respect your input as were all going to have our own viewpoint but i very much liked this film,0,Attack,B,1,0,,
2339,lucca is lovely and off the tuscan beaten track,pretty walled town close to the better known florence and pisa a great basis for visiting tuscany,1,Support,B,0,1,,
695,"Europe is no longer fit for purpose and we'd do better to be out than in, plus save a whole load of cash.",The committee said the EU had helped to transform Europe from a continent of war to a continent of peace.,0,Attack,B,1,0,,
1237,why are you claiming one designer theres just as much evidence for a pantheon as there is a monotheistic god but you have the prior assumption the designer is your god and automatically rule them out when you say the designer,what do catcher in the rye the mona lisa mount rushmore and a love note etched on a sandy beach have in common they are all signs of design,1,Support,B,1,0,,
952,pvm the quotewe dont know but we do know a designer wasnt involved,id can be scientifically relevant if it were to take the scientific approaches used by real science such as criminology which uses means motives opportunities etc,0,Attack,B,1,0,,
458,A strong UKIP vote suggests there's a lot of the British public who aren't on board with the current set-up.,"The voters have understood that EU membership is making us poorer and less democratic and less free, he said.",1,Support,B,0,1,,
1858,we do seem to be arguing past each other and i will apologize for some of that,this is why i have my doubts about id too but the main premise of it which is why i accept it as probable is still very rational,1,Support,B,0,1,,
1469,but its more than we dont understand thus designed,i am fast drawing to the conclusion that this discussion will never end,0,Attack,B,1,0,,
1382,of course the disco tute is the discovery of nonsense,by the logic of the antiidists the current theory of evolution is an atheistic theory because richard dawkins once stated it allows for one to be an intellectually fulfilled atheist,1,Support,B,1,0,,
2060,the main creationist lie is that people use evolution in our current society as an excuse to do bad things,the comment of someone with an iq of about ,0,Attack,B,1,0,,
1570,yes im fully aware what a solar eclipse is,yes im fully aware what a solar eclipse is,0,Attack,B,0,1,,
648,"ukip's policies on health, education, taxation and all the things that affect peoples lives are non-existent.","We have fundamentally changed the national debate on Europe, immigration, education and I really believe that given the trajectory UKIP's on there is a real opportunity for us to get significant representation in 2015.",0,Attack,B,1,0,,
1039,i am curious about one thing  luskin statesid investigations thus begin with observations about how intelligent agents operate and then proceed to convert those observations into positive predictions of what scientists should find in nature if intelligent design was involved in the origin of a given natural object,from wikipedia the scientific method,1,Support,B,1,0,,
9,A vote for UKIP would be a vote for a Tory-UKIP alliance that would be more right-wing than a Tory government.,"UKIP also backed a flat rate tax, favouring the well off, although they admitted that the party was having an internal debate about whether this should have two-tiers.",1,Support,B,1,0,,
760,"Ukip has British values, wants to get British industry kick started back to the fore front again, become more self-sufficient.","In a separate interview with BBC Radio 5 live, he warned of the possible consequences of an in-out referendum on the UK's relationship with the EU.",0,Attack,B,0,1,,
162,"UKIP are just another bunch of freeloaders, using peoples fears and prejudice to gain votes so that they can get their snouts into the trough.","The Green Party, so often the fourth contender in local election races, now faces a very serious rival for that spot in UKIP.",0,Attack,B,1,0,,
1130,the only thing i take issue with in this argument is the comments about lenskis work with e,mr,1,Support,B,1,0,,
1242,the fact that the   evolution   lobby is trying to cite statements by ucc ministers to bolster support against id shows just how out of touch they really are,the problem with the catholic church is that it has been unable to disagree with any scientific theory ever since they got burned condemning galileo,1,Support,B,1,0,,
329,Cameron had it right and UKIP could tip the balance towards Labour in the crucial marginal seats in the GE where the battle will take place .,"In a letter to the Daily Telegraph, which first highlighted his blog posts, Cameron gives a further defence of his views.",1,Support,B,0,1,,
1649,after the entire cain and able thing the brother left to another group of people to find a wife,aig argues that pretexts brought by the reader are to blame for difficulties accepting the bible as literal truth,1,Support,B,1,0,,
1035,i have yet to read a single sentence from any id proponent that provides testable predictions about the type of informational properties we expect to find in nature if an intelligent agent were at work in designing a natural object,when held to the standards of proof required for all other scientific theories id fails,1,Support,B,0,1,,
357,UKIP and the Greens are the only parties to date that haven't screwed us all over.,"In contrast, the Conservatives have seen their membership levels fall.",1,Support,B,0,1,,
13,The reason why UKIP has gained so many votes is because the main parties refuse to deal with immigration and the EU.,"It is doing the country serious damage because there are large numbers of potential investors in the UK who would bring employment here, who are being warned off because of the uncertainty all of this is creating.",0,Attack,B,0,1,,
1227,and one of the reasons why id appears to be lousy theology but what the heck  i am sure iders can find yet another ad hoc explanation for this,yes jim we see objects on a daily basis that were not designed,0,Attack,B,0,1,,
1254,ps including creationism as a n option and stopping hypnosis on students would bring up their iqs immediately if we include   creationism   we should include all the creationist stories,just when you think you have seen and heard it all the landons  eonic effect pops up again,1,Support,B,0,1,,
2013, b tr  tr valigntop , i agree that it is slowly falling apart,1,Support,B,0,1,,
897,teaching darwinism is comparable to teaching flying spaghetti monsterism,teaching the creationismevolution controversy is important to student learning,1,Support,B,1,0,,
1566,people tend to focus on the trees,i agree he didnt want to confuse us,0,Attack,B,0,1,,
2252,what about a second hand book sale,nobody buys books anymore,0,Attack,B,1,0,,
306,"I don't think most people realise the benefits of free trade at all, and UKIP capitalise on peoples ignorance of the benefits of free trade as much as they can.","Speaking ahead of the party's annual conference, he said UKIP would become the third force in British politics and top the poll at the European elections in 2014.",0,Attack,B,1,0,,
397,"UKIP are an independent party and have shown that their appeal is broad, making big dents in staunchly Labour voting areas as well as the recent bi-election successes.","Addressing party members in Birmingham, he predicted UKIP would cause a political earthquake - particularly now that the EU leaders' desire for a fully federal Europe was out of the bag.",1,Support,B,0,1,,
1666,why does any one think god is limited to time,does the bible state that the world was created in six days,0,Attack,B,1,0,,
1079,why would consideration of the designer necessarily introduce religious discussions about theological questions clearly it is because his concept of the designer is a supernatural onewhich was exactly what i was arguing,the ayn rand center says id claims that design can be inferred merely from observed complexity specified complexityi,1,Support,B,1,0,,
991,  intelligent design does have merit,jumpstart helps us understand the eliminative nature of idit is difficult even improbable to imagine how such a process could happen without being jump started,0,Attack,B,1,0,,
1896, god does exist he created evolution, what i feel in this context is creationism is nothing but a wrong assumption,1,Support,B,1,0,,
1151,im not a cell expert either and understanding what behe wrote in his argument doesnt require it because he didnt say anything except cellular machinery is complex therefore it must be designed,but dont try to lead me astayi wanted to try and lead to the truth from being astrayactually,0,Attack,B,1,0,,
241,"I agree with UKIP on the EU, but the rest of their policies are dangerous right wing bile.",Some have also suggested that UKIP may appeal to disaffected BNP voters.,1,Support,B,0,1,,
1257,landonevolutionary science may have progressed but it has not explained the evolution of man or history,the eonic website claims erroneouslythe one thing darwinists dont want to find is such a nonrandom pattern anywhere,1,Support,B,1,0,,
118,Intellectually I rate Farage much higher than Cameron; he has a very sharp and quick wit and is an excellent public speaker.,"To steal Lib Dem support, UKIP is trying to establish a more youthful base, helped by Nigel Farage's appeal.",1,Support,B,0,1,,
2062,i believe there has to be a god because i see no compelling evidence that life spontaneously generated from non living chemicals,argument from ignorance nevermind that marc is largely ignorant of chemistry too,0,Attack,B,1,0,,
1238,what do catcher in the rye the mona lisa mount rushmore and a love note etched on a sandy beach have in common they are all signs of design,as a final blow to the discovery institutes attempts to get intelligent design into the catholic door the church announced an evolution congress which failed to invited creationists and intelligent design   httpwww,1,Support,B,1,0,,
2304,no what makes economics tick is unfairness of trade you do not need to fix something that is still not broken,on the other hand prices in usa are much lower for example for electronic devices that could be a way to reduce prices in europe,0,Attack,B,1,0,,
1000,i read the entire article,first and foremost  how does an animal without an immune system survive to acquire one,0,Attack,B,1,0,,
1270,first id is being applied only to objects that have high levels of csi,according to its advocates the designer responsible for intelligent design in biology could be any sort of creative intelligence capable of engineering the basic elements of life,1,Support,B,1,0,,
1916, its impossible to argue with you people, all animals share the same dna so we must be related if you look at the evidence something religious people dont do you will see that there is more evidence for it than against it,1,Support,B,1,0,,
717,A strong UKIP vote suggests there's a lot of the British public who aren't on board with the current set-up.,UKIP said leaving the EU was the only way to fully take control of the UK's borders.,1,Support,B,0,1,,
2572,animal kingdom is better than the town and winters bonei have just seen animal kingdom and wow what an awesome movie it was,i completely agree with you its such a shame animal kingdom wont recieve the recognition it deserves during awards season just because it isnt a big hollywood film,1,Support,B,0,1,,
1312,but where does that leave id  without a theory for the designer then that aspect remains unknown and would thus be called supernatural,id without a designer the cause of the big bang is unknown,0,Attack,B,0,1,,
905,teaching creationism is comparable to teaching flat earthism,schools should not teach theories that are completely at odds with each other,1,Support,B,0,1,,
1579,which one is it,k ,0,Attack,B,0,1,,
2362,but if we get this right we will waste less research time with dodgy students we wish we had rejected at interview,i fully agree,1,Support,B,0,1,,
1292,caseyeven the widelytouted theistic evolutionary biologist kenneth miller has claimed in five editions of his popular high school biology textbooks that the implication of evolution is that it works without either plan or purpose and is random and undirected,pandasthumb also explored these accusations    httpwww,1,Support,B,0,1,,
766,UKIP doesn't need to win power to force the changes people want.,"We're not going to do a pact with UKIP anymore than I'm going to do a pact with the Lib Dems and go into the next election with them, said Mr Shapps.",0,Attack,B,0,1,,
2278,hybrid electric vehicle,high vehicle cost,0,Attack,B,1,0,,
447,UKIP doesn't need to win power to force the changes people want.,But he said there were still major differences such as grammar schools and windmills dividing the Conservatives and UKIP as he spoke to Jo Coburn about talks of a pact suggested by Conservative MP Michael Fabricant.,1,Support,B,1,0,,
2351,game of thrones is one of the best,i like it a lot,1,Support,B,0,1,,
343,"The People's Army is on the march and UKIP will get Britain back from the Liblabcon, Establishment and MSM political abusers of our country.","Former TV Apprentice Katie Hopkins, from the new I Want a Referendum Party, claimed UKIP talked a lot, but did not deliver, and said her group was looking for cross-party support.",0,Attack,B,1,0,,
410,"I and many others will be voting UKIP not because of a handful of people that have said stupid things, it will be because I identify and agree with their overarching principles.","Asked if this meant he was calling UKIP racist, he replied of course it is racist, of course, who doubts that?",0,Attack,B,1,0,,
1438,because of course id really does not mean anything significant,you continue to quote dishonest sources,0,Attack,B,1,0,,
1229,im aware of that id christians give themselves a huge fudge factor by claiming that the fall of man somehow fouled up nonhuman nature,joe gbtw christianity does not maintain that god created everything as it is today,1,Support,B,1,0,,
1656,the notion that science assumes that theirsic is no creator and then prove it is plainly ridiculous,it is consistent but,1,Support,B,0,1,,
600,Young people have the most to lose by the UK leaving the EU yet UKIP have the nerve to believe that their view should prevail.,"The UKIP leader also stated that the priority for Britain should be to have more united communities and better job prospects for young people, rather than the economic benefits that some believe immigration can bring.",0,Attack,B,0,1,,
260,A forensic examination of UKIP's policies would nail once and for all the Establishment lie that they're a bunch of swivel-eyed racists.,"Asked if this meant he was calling UKIP racist, he replied of course it is racist, of course, who doubts that?",0,Attack,B,1,0,,
2468,We should promote democratisation,Developing countries are generally not altruistic enough to fully support countries and as a result they achieve a useless halfway state,0,Attack,B,1,0,,
1397, i have been a christian most of my life and the ten years i lived outside the community was hell on earth,poblic schools are not to promote   religion  ,1,Support,B,1,0,,
1066,the problem with your argument is that it simply depends on a certain kind of fossil not being found and you have been repeatedly proven wrong over the last  or  decades when such a fossil is found,the problem with your argument is that it simply depends on a certain kind of fossil not being foundthats part of the equation it also relies on changes or progressions between fossils happening to quickly or too sudden in order for it to be accounted for by chance and necessity,0,Attack,B,0,1,,
2336,or cycle,what about a swim,1,Support,B,1,0,,
678,"Ukip has British values, wants to get British industry kick started back to the fore front again, become more self-sufficient.","Over three million jobs in this country, directly or indirectly, depend on us being in the EU, so that is a big choice.",0,Attack,B,1,0,,
849,"The UKIP party is a populist party at the right end of the spectrum, which exploits people's fears of the foreign and unknown.","The responsibility of politicians in this situation when people are getting anxious is to try to reassure them and give the facts, not panic and resort to populist measures that do harm.",1,Support,B,0,1,,
2600,rarely have i watched and rewatched a movie with such spectacular cinematography,the action scenes convey a level of realism seldom seen in action films,1,Support,B,0,1,,
679,"I don't necessarily think Nigel Farage is worthy of PM, I think they need a new leader.","In 2006, the lower-key Knapman retired, to be replaced by Nigel Farage, an eye-catching media performer who pledged to make UKIP a truly representative party, ending its image as a single-issue pressure group.",0,Attack,B,0,1,,
377,"UKIP are just another bunch of freeloaders, using peoples fears and prejudice to gain votes so that they can get their snouts into the trough.","I think UKIP is a party that is really on the up, now that we have got the positive bit between our teeth, we are really going to go places.",0,Attack,B,1,0,,
1909, i do believe in creationism, read my comments and you will truly see the mistake and stupidity in evolution,1,Support,B,0,1,,
2411,I prefer trade to aid,Trade does not allocate resources effectively,0,Attack,B,1,0,,
843,"The sooner we are out of the EU, the sooner we can start making this country great again.","That said, Lord Davies told peers the bill was an excellent idea, because he was quite confident that any such inquiry would decide that the benefits of EU membership outweigh the costs.",0,Attack,B,1,0,,
398,For what its worth I think UKIP is a one trick pony and is unelectable in a general election.,"But judging from recent opinion polls UKIP's wider policies - grammar schools, curbing immigration and opposing gay marriage - seem to have struck a chord with disenchanted voters from the big three.",0,Attack,B,1,0,,
777,"In fact, all UKIP seems to talk about now is withdrawl from the EU without any genuine policy around UK's domestic economy.","It is also one which means people often dismiss it as a single issue party, unlikely to become a force in Westminster politics.",1,Support,B,0,1,,
2298,samsung produces some great tvs since they have fantastic image quality and are full of features,i have had some bad experience with the reliability of samsung products,0,Attack,B,1,0,,
1255,just when you think you have seen and heard it all the landons  eonic effect pops up again,may as well get to work on it,1,Support,B,1,0,,
2250,i would suggest just buying a tablet either an ipad or any android tablet no need to pay the cost of a laptop,some tablets are more expensive than laptops so i propose to buy a laptop or a netbook,0,Attack,B,1,0,,
868,"The sooner we are out of the EU, the sooner we can start making this country great again.",UKIP leader Nigel Farage said the UK had no real control over either the number or the type of migrants that were settling from elsewhere in the EU.,1,Support,B,1,0,,
1962, evolution is true im a christian but im not in denial adam and eve is a load of sh   its probably meant to be symbolic and easy to understand for the people of the day remember that was over  years ago, evolution is completely true darwin hit the nail right on the head when he defined the theory of evolution and the survival of the fittest understanding,1,Support,B,0,1,,
1879,the aftermath of evolution has been witnessed but never the actual process itself,i have no patience for people like you,0,Attack,B,1,0,,
754,UKIP isn't committed exclusively to either right-wing or left-wing ideology and that’s a very good place to be.,UKIP leader Nigel Farage said any members proven to have extreme right wing views would be expelled.,1,Support,B,1,0,,
1368,robert crowtherlike modern evolutionary theory there is more than just one side to the debate,here is the response to irons which was also published in the montana law review,0,Attack,B,0,1,,
2492,Terrorism can sometimes be justified,Terrorism can bring attention,1,Support,B,0,1,,
1963, evolution is completely true darwin hit the nail right on the head when he defined the theory of evolution and the survival of the fittest understanding, evolution is simply the genetic change in populations of organisms over successive generations,1,Support,B,0,1,,
2602,rarely have i watched and rewatched a movie with such spectacular cinematography,great post the cinematography is outstanding in this film my jaw hit the floor at some parts as the camera just rolls making you feel like youre there,1,Support,B,0,1,,
2043, creation is fantasy and you cant prove a fantasy, it is only belief,1,Support,B,0,1,,
144,"I sense that Farage is a total megalomaniac, a charlatan, someone who is in it for the attention and the glory and that in a strange way, that many UKIP voters know this but don't seem to mind.","Mr Farage, who failed in his attempt to become an MP in May, said he was the best man to lead UKIP from the front.",0,Attack,B,1,0,,
1406,the national center for science education does not as its name implies promote and support science education in the united states in a general sense,daveis there credible scientific evidence that life was designed yes,0,Attack,B,1,0,,
2506,The International Criminal Court should be recognised,The novel crime of aggression leads to the prosecution of those seeking to protect human rights,0,Attack,B,0,1,,
1946, there is no scientist can give strong evidence to support evolution, i am going to borrow from churchill,1,Support,B,1,0,,
2254,how many goals can you score in an amount of time,that would be very simple unimaginative etc,0,Attack,B,1,0,,
778,"I think Farage makes a much better leader than any of the other parties, he's full of enthusiasm and is not a PR man like the current leaders of the 3 main parties.",The party's leader Nigel Farage has promised to cause a political earthquake at next year's polls after a strong showing in local elections.,1,Support,B,0,1,,
193,"The UKIP party is a populist party at the right end of the spectrum, which exploits people's fears of the foreign and unknown.","Then there is UKIP's founder Alan Sked, who wrote to the The Times to say that UKIP has been fooling its voters and members for far too long.",1,Support,B,0,1,,
117,Hopefully we will see our first UKIP MP before the general elections next year.,Many decent and patriotic people in this country have been willing to consider flirting with UKIP.,1,Support,B,0,1,,
394,A forensic examination of UKIP's policies would nail once and for all the Establishment lie that they're a bunch of swivel-eyed lunatics.,UKIP Councillor David Silvester said floods had happened after David Cameron acted arrogantly against the gospel.,0,Attack,B,1,0,,
1351,first thanks for the reply,schenfinally to claim that id has no secular purposes that are not shams is quite a claim to make,0,Attack,B,1,0,,
2374,i think nokia will rise after merging with microsoft,good point they will need to work hard to rebuild their reputation of making reliable and quality phones though,1,Support,B,1,0,,
1172,its funny because i already named some provided resources to find them and yet you seemed to dodge the argument altogetherfollowed by the usual nonsense,not all this link was identified in my last reply    httpwww,0,Attack,B,0,1,,
139,The only reason we are even having a sensible debate about Europe are UKIP.,The UKIP MEP reckoned a number of Conservatives who want a referendum on the EU in the current Parliament need to grow a backbone and do something about it.,1,Support,B,0,1,,
2183,see here you have seperated mind spirit soul the bible did not do this unless zechariah is being misinterpreted it basically said in your interpretation that the spirit and the soul are the same thing,yes it is very hard even for theologians to explain,1,Support,B,0,1,,
2035, darwin observed species and wrote it down  evidence, i think youll find there is,1,Support,B,1,0,,
249,"UKIP are a fairly right wing group as I'm sure will become clear when they actually produce some policies other than the ""its all the eu's"" fault.",A UKIP candidate in Somerset was suspended from the party on Tuesday after a photo of him apparently making a Nazi-style salute appeared on his Facebook page.,1,Support,B,0,1,,
416,The reason why UKIP has gained so many votes is because the main parties refuse to deal with immigration and the EU.,"Farage's outspoken speeches in Brussels against what he perceives as euro-nonsense are legendary, both for their wit and passion.",1,Support,B,0,1,,
825,UKIP do have more than Nigel Farage able to deal with media interviews.,"Oh and if the last few minutes of reading this article has felt like the Nigel Farage Show, he still dominates this political party.",0,Attack,B,1,0,,
1703,i think you hit the nail on the head here,my basic problem with science on these matters is that it is not true science,0,Attack,B,1,0,,
948,joegbtw pvm the scientific answer to ucd is we dont know,and as with all scientific inferences further research can either confirm or refute that inference,1,Support,B,0,1,,
1641,i do not believe in science,all this is hard to understand,0,Attack,B,1,0,,
127,"In UKIP, we have a new political force which looks likely to poll very well in a national election.",Mr Aker said messages on the EU and immigration were getting through to disillusioned voters.,1,Support,B,0,1,,
339,The success Ukip had in the european elections will be sufficient to galvanise one or preferably all the other parties to rid us of the EU's political influence.,"It is doing the country serious damage because there are large numbers of potential investors in the UK who would bring employment here, who are being warned off because of the uncertainty all of this is creating.",0,Attack,B,1,0,,
1044,casey luskin knows how to use impressive multisyllabic words to suggest that hes intelligent,all human design and resulting construction starts with what exists a designer and things entities,1,Support,B,0,1,,
2258,limassol no doubt about it it has the most beautiful beaches and the most fun places to visit,i disagree about the most beautiful beaches part,0,Attack,B,1,0,,
1100,to those unfamiliar with nick matzke he was one of the many instrumental contributors to the success of the kitzmiller v dover ruling as part of the plaintiffs team,i understand that michael behe is one of the participants on this forum and i am looking forward to his contributions addressing matzkes observations,1,Support,B,0,1,,
159,UKIP are in no way a single issue party and if Labour or the Conservatives were to give us a referendum UKIP would still have a full manifesto that would attract many voters.,But immigration is still the issue that opinion polls and focus groups suggest resonates most with UKIP supporters.,0,Attack,B,1,0,,
1767,as has already been covered,genesis  and  say and there was evening and there was morning a sixth day,0,Attack,B,1,0,,
2028, i have repeatedly asked for proof on this site and have yet to be supplied with any real proof, evolution is just an excuse for biology to occupy the adolescent young mind,1,Support,B,1,0,,
421,A forensic examination of UKIP's policies would nail once and for all the Establishment lie that they're a bunch of swivel-eyed racists.,Farage told the BBC the Conservatives were virtually indistinguishable from Labour and the Lib Dems on many issues and that UKIP was offering a real alternative.,1,Support,B,1,0,,
2440,We should fear the power of government over the internet,Regulating the Internet is a means for governments to spy on their citizens,1,Support,B,0,1,,
1404,liberals will loose this battle,is good science a liberal theme if you love true science you must be a liberalyou are in good company but remember that good science including evolutionary science knows no boundaries christians republicans democrats and independents all accept the facts of science of course given the historical link between evangelicals and republicans we do observe a stronger lack of understanding of science amongst some who also happen to be republicans but do not confuse cause and effect here,0,Attack,B,1,0,,
1750,i didnt respond to a word of your post because you didnt give me a word to respond to that wasnt an attack itself,youve got it right,0,Attack,B,0,1,,
1338,tji agree with you though that darwinism does not automatically lead a person to atheism,tjthe dover verdict was a farce,1,Support,B,1,0,,
475,"Ukip is the only party advocating withdrawal from the failing EU, a sensible idea for a lot of people!",UKIP said leaving the EU was the only way to fully take control of the UK's borders.,1,Support,B,0,1,,
78,The success Ukip had in the european elections will be sufficient to galvanise one or preferably all the other parties to rid us of the EU's political influence.,"But in a chat with younger UKIP members it was grammar schools and university that came up most, and not questions of EU membership.",0,Attack,B,1,0,,
2300,six feet under best drama series ever excellent cast superb acting,the acting is superb but i believe the writing falls off sharply around season ,0,Attack,B,1,0,,
1365,judge jonesalthough we have found that defendants conduct conveys a strong message of endorsement of the board members par ticular religious view pursuant to the endorsement test the better practice in this circuit is for this court to also evaluate the challenged conduct separately under the lemon test,from the above linked paper by peter irons i quote the followingpeter ironsin an undoubtedly unintentional slip which they may well regret the di authors have effectively given away the store with their concession that under the lemon test all that was necessary for judge jones to determine that an establishment clause violation had occurred was to find that the dover school board members had predominantly religious motivations for enacting their id policy,1,Support,B,0,1,,
1038,i appreciate your contributions as they provide an independent view into why so many have come to accept the scientific vacuity of id,i am curious about one thing  luskin statesid investigations thus begin with observations about how intelligent agents operate and then proceed to convert those observations into positive predictions of what scientists should find in nature if intelligent design was involved in the origin of a given natural object,1,Support,B,0,1,,
1164,and minimize the ad hominems and iders will listen,i believe arguments from the opposing camps that say it looks like it was designed so it must have been designed and natural selection could have produced it so we believe natural selection did produce it are not going to lead to resolution of this issue,1,Support,B,0,1,,
1045,all human design and resulting construction starts with what exists a designer and things entities,theories are not supported by finding confirming evidence only,0,Attack,B,1,0,,
2284,nothing is more important than my research time and i just think this is a distraction,no my research time is more important than your research time,0,Attack,B,1,0,,
1575,and what of those who having studied the bible and the physical world determine that the bible has no basis in fact,some people see it as a day to the lord is a  years,0,Attack,B,1,0,,
2624,the themes and the dark tragedy to life wrapped around a child is so realistic to how kids are raised now it is truly amazing and a feat to behold to see,i found del toros attempts to blend fantasy and reality to be quite ham fisted and lazy,0,Attack,B,1,0,,
57,It is because of UKIP that we are finally discussing the European question and about immigration and thank goodness for that.,Most people in the country agree we are being mucked around by our friends in Brussels most people think that immigration is too high most think that welfare has got out of kilter.,1,Support,B,0,1,,
933,naming two well known id proponents does not a citation make to support pvms twisted version of id arguments,seems highlander was somewhat quick in his response as i am more than willing to support my claims,0,Attack,B,0,1,,
2319,usually the best city in every country is the capital so i would go for madrid ,i agree if you were to visit only one city in spain madrid would be it,1,Support,B,0,1,,
1907, you see a building and you have proof there is a builder, creationism is not out of the picture,1,Support,B,0,1,,
794,"If UKIP took all their anti-establishment guff and turned it on the banks and financial institutions then they would have more legitimacy, but instead they turn on Polish and Roma fruit pickers who do unskilled work for minimum wage.",The announcement comes two weeks after a roll out of Home Office vans with posters warning illegal immigrants to go home or face arrest was cancelled.,1,Support,B,1,0,,
741,People are not voting for UKIP because of immigration propaganda but because of their direct experience of immigration.,"UKIP appears to have struck a chord with many voters on the issue of immigration, campaigning against the relaxation of working restrictions on Bulgarians and Romanians due to come into force in January.",1,Support,B,0,1,,
2418,We should grant politicians immunity from prosecution,The ability to prosecute politicians is the ultimate protection against the abuse of power,0,Attack,B,1,0,,
484,"UKIP's position is not reasonable, but racists and proto-fascist, considering they have nothing to say about the finance capital bombing of the economy, but to put all the blame for Europe's woes onto immigration.",UKIP say their message is cutting through regularly.,0,Attack,B,0,1,,
1774,i agree with your definition of ignorance but i feel that ignorance crosses into stupidity when those who are ignorant but have the means to inform themselves fail to do so,yeah thats kinda true,0,Attack,B,0,1,,
497,"I think Farage makes a much better leader than any of the other parties, he's full of enthusiasm and is not a PR man like the current leaders of the 3 main parties.",And they also seemed very thankful to have the colourful Nigel Farage back as party leader.,1,Support,B,0,1,,
1399,why dont we   add   those inand believe me those commandments werent invented at that time,why dont you tell meare they needed to for   health   and safety of the country,0,Attack,B,1,0,,
812,UKIP will not improve public services.,"UKIP warn that long-term youth unemployment is already among the highest in Europe and pressure on job markets from further migration could lead to social unrest, with local authorities and public services unable to cope.",0,Attack,B,0,1,,
1215,whats there left to do,you mean ones like wmap shows that we are at the center of the universe or the quote of carterwell i realize that one does remain the goldilocks enigma is a falsifiable observation that makes testable predictionsas i already explained though observations are seldomly falsified as they are based on observed data,1,Support,B,0,1,,
2511,I believe that opinion polls harm the democratic process,Opinion Polls should not be published 2 weeks in advance of an election,1,Support,B,0,1,,
328,If the other parties do tackle the issues of EU and immigration I'll be more than happy to see UKIP disappear.,"And at by elections voters are not choosing a government - they can shout loudly and protest, safe in the knowledge that it won't change the person who lives in Downing Street.",1,Support,B,1,0,,
1704,my basic problem with science on these matters is that it is not true science,agreed  percent  this is my frustration with people who want to find every possible motive to discredit creationism they seem to want everyone to accept their viewpoints without question while they seemingly want to question and discredit anyone who does not see from their points of view,0,Attack,B,0,1,,
2358,low co emissions ,i do agree with this,1,Support,B,0,1,,
473,"UKIP do not bear scrutiny either as a coherent policy offer or a group of potential ministers , they are an insurgent party of protest with one message.","He said it was proof that UKIP is no longer just a protest party and is broadening its appeal across the country, not just the south of England.",0,Attack,B,1,0,,
2281,hybrid electric vehicle,cost will reduce with scale,0,Attack,B,0,1,,
788,The hate campaign against Eastern Europeans that was and is run by UKIP legitimises anything said against them.,"The Conservatives, the Lib Dems and Labour have all been reconsidering their policies in light of this change and widespread criticism of the last government's failure to anticipate the large number of migrants from eastern Europe who came to the UK after EU enlargement in 2004.",0,Attack,B,1,0,,
1288,because i hate to break it to you but   christians   believe that the world is round so does that mean you disagreebut is a round earth inherently a christian positionalso pagans believe that the earth is round as well,i recommend this bookgod in the foxhole by charles sasser not that youll read it but hey its worth a try,0,Attack,B,1,0,,
2224,as it stands in the uk a father has no sat whatsoever in the welfare of the fetus if his partner wants to terminate he need never even be told,same in the us the father does not have the right to choose,1,Support,B,0,1,,
469,UKIP are blatantly disregarding the possibility of man made climate change.,"And when married to the Europhobia innate to parts of the Conservative party, you have a diabolical cocktail that threatens the whole long-term structure of UK climate change and energy policy.",1,Support,B,0,1,,
205,The more the 'mainstream' parties smear and lie about UKIP the more their support rises.,UKIP has won over 130 seats so far and is averaging 25% of the vote in the wards where it is standing.,1,Support,B,0,1,,
2472,We should create a United Nations standing army,A United Nations standing army would be ideally suited to respond to contemporary crises,1,Support,B,0,1,,
966,jumpstartwhen materialist impose the supernatural all they are doing is saying somethings are beyond being explained through nature and by science, pvm why would materialists impose the supernatural this just does not make sense,0,Attack,B,1,0,,
75,It is because of UKIP that we are finally discussing the European question and about immigration and thank goodness for that.,The anti-EU party also came second in the last European elections in 2009.,1,Support,B,0,1,,
1448,in answering your questions i will try to keep on point,jim,0,Attack,B,1,0,,
498,"UKIP is a one man's party: its leader, Nigel Farage is running the show - I cannot think of any other party member having expressed any opinion publicly and I wonder whether this is because none of the other party member is ""presentable"".",Mr Farage has a network of unofficial party offices embedded in every community in the country.,0,Attack,B,0,1,,
671,"UKIP are indeed far from perfect, but they have grown as a party because the Establishment Parties have deceived the public for so long on informing and educating on WHAT IS THE EU SUPERSTATE project.","UKIP appears to have struck a chord with many voters on the issue of immigration, campaigning against the relaxation of working restrictions on Bulgarians and Romanians due to come into force in January.",1,Support,B,0,1,,
921,i surely intend to do so but these issues go beyond questions of policy,you said id has failed to contribute in any meaningful mannerwrong  newton pascal einstein and many others put stock in the id theory,0,Attack,B,1,0,,
1445,how do we observe   evolution   occurring i do not see one creature evolving into another one,when i read casey luskins article he made some very good points,0,Attack,B,0,1,,
1373,here is irons response to the so called rebuttalreply to rebuttalby peter ironsthe pages of a respected law review are rarely filled with such pejorative terms as smear and innuendo poisoning the well and personal attacks,you lost the case  get over it,0,Attack,B,1,0,,
1352,schenfinally to claim that id has no secular purposes that are not shams is quite a claim to make,when the supreme court formulated valid secular purpose which is not a sham the court unlikely believed that any future unstated secular purpose would be sufficient for something to pass this requirement,1,Support,B,0,1,,
993,how did life begin ,saying there are experts on intelligent design is like saying there are experts on astrology,0,Attack,B,1,0,,
2444,We should fear the power of government over the internet,Internet governance is necessary to combat heinous crimes committed via the internet,0,Attack,B,1,0,,
612,"UKIP must get used to the idea of being widely criticised for their bullshit just as other parties always have and I find them racist, sexist, homophobic, embarrassing, unpleasant, fake, ill-prepared, trivial, incompetent, barely organised and dull.","The responsibility of politicians in this situation when people are getting anxious is to try to reassure them and give the facts, not panic and resort to populist measures that do harm.",1,Support,B,1,0,,
2650,i turned this movie off halfway through because i was bored out of my skull then i come here and its got a high rating granted its got a good storyline good acting nice cinematography but somehow still managed to bore me to tears,oh no i have seen the whole movie multiple times definitely a film i will not get tired of any time soon,0,Attack,B,1,0,,
1807,for macroevolution theory to be valid laws of nature that are generally accepted as true and standard must be repeatedly denied,st evolution does not require dramatic mutation,0,Attack,B,1,0,,
1541,feel free to respond,to start with with i think the wikipedia page  httpen,1,Support,B,0,1,,
1974, theres really no way yet to prove it but the precedence of the evolution of all other species including our own has led to a conclusion that we most likely came from something else, as far as evolution god and the creation of man is concerned maybe evolution is an explanation of how and not why,1,Support,B,0,1,,
1487,the smoking guns are well established,jon buell the president of the foundation for thought and ethics testified in court enjoyby mr,0,Attack,B,0,1,,
2085,read what i actually wrote for a change,this is what socially inept losers do when they know their argument is deny they ever made one,0,Attack,B,0,1,,
508,"If UKIP want to retain these voters and attract more in a general election then they need to come up with policies other than ""leave the EU"" and ""its all the immigrants fault"".","The charge put by its deputy leader David Campbell Bannerman when he defected to the Conservatives in the wake of the May elections was that UKIP remained, at heart, a single issue pressure group.",1,Support,B,0,1,,
1686,there are some answers in there,usher got a bad rap,1,Support,B,0,1,,
1451,jimfinally i just want to say that it appears to me that statements made against id and their proponents  made by others not you  regarding id has been so emotionally charged it makes me feel their judgment is affected,or that evolution is a process involving randomness and natural selection,1,Support,B,1,0,,
769,"If we leave the EU we will save billions of pounds which can then be invested in our ailing national infrastructure, notably the NHS.","Mr Cameron also said he did not think it would be right for Britain - or in the national interest - to leave the EU entirely, pointing out that some 50% of nation's trade was with the EU.",0,Attack,B,1,0,,
1297,who designed the designer is a valid and important point and ids fatal flaw,by the very nature of its approach intelligent design cannot be satisfied with a designer who is part of the natural world,0,Attack,B,0,1,,
94,"I agree with UKIP on the EU, but the rest of their policies are dangerous right wing bile.","No matter how uncomfortable it makes our metropolitan elite, we have to deal properly with fears over immigration.",0,Attack,B,0,1,,
2643,i cant believe that a great film like this can receive such a low rating while the likes of shawshank redemption and batman sit comfortably in the top  list of the entire website,those movies that you mentioned are actually entertaining unlike this pseudointellectual crapfest,0,Attack,B,0,1,,
551,UKIP isn't committed exclusively to either right-wing or left-wing ideology and that’s a very good place to be.,You all think euroscepticism is a right-wing view - it is not.,1,Support,B,0,1,,
949,and as with all scientific inferences further research can either confirm or refute that inference,as i said earlier experience demonstrates that it matters a great deal to an investigation whether or not that which is being investigated occurred via agency involvement or by nature operating freely,0,Attack,B,1,0,,
2161,here in new hampshire not known as a bastion of liberalism civil unions passed the state legislature this year i am now covered under my partners state sponsored he is a state worker health insurance we are grateful,oh i hear you i am covered by my partners insurance here as well i would not have been able to get the insurance if we were not legally a union,1,Support,B,0,1,,
1492,fxl insists that just because god is absent from the book that it therefor could not have been based on creationism even though it defined creationism to be in line with its predecessors and later renamed the term to read design,i must admit this would all go a lot smoother if there were no word count limits or rules about how many posts you could make at a given time,0,Attack,B,0,1,,
2417,We should grant politicians immunity from prosecution,Prosecutions of politicians are often motivated by partisan concerns,1,Support,B,1,0,,
1654,the only assuption we make in science is that the nature of the universe is consistant and rational,the absence of a creator is not an assumption of the sciences,1,Support,B,1,0,,
228,"If UKIP don't like being smeared, then they need to stop smearing, stigmatising, and fear mongering about others.","But UKIP, whose conference takes place at Eastbourne's Congress Theatre and Winter Gardens, is keen to be seen as more than a single-issue party and other issues on the agenda include defence, education and housing.",0,Attack,B,1,0,,
352,"I voted Tory for 30 years and started supporting UKIP because I want a sovereign, democratic , well governed Britain with Britain put first and its getting clearer by the day that the old Liblabcon parties will not do that.",He added that he was very fortunate to have been backed by UKIP at the 2010 general election.,1,Support,B,0,1,,
480,It is because of UKIP that we are finally discussing the European question and about immigration and thank goodness for that.,"Mr Cameron also said he did not think it would be right for Britain - or in the national interest - to leave the EU entirely, pointing out that some 50% of nation's trade was with the EU.",0,Attack,B,1,0,,
783,It is because of UKIP that we are finally discussing the European question and about immigration and thank goodness for that.,"UKIP had increased its vote by 50% in the general election and had many exciting plans for the future, he said, but it was time for a younger leader to show how liberating and enriching life would be outside the EU, saying he was confident one would emerge.",1,Support,B,0,1,,
758,"ukip's policies on health, education, taxation and all the things that affect peoples lives are non-existent.","But UKIP, whose conference takes place at Eastbourne's Congress Theatre and Winter Gardens, is keen to be seen as more than a single-issue party and they address issues such as defence, education and housing.",0,Attack,B,1,0,,
1753,i believe that the first chapters of genesis including the ancient history of the hebrew people should be understood within the context of covenant,you skewed whatever argument you were wishing to present by quoting from the cathoic catechism,0,Attack,B,1,0,,
1336,tjagain you may have faith that methodological materialism will solve all of these problems in the distant future,tji agree with you though that darwinism does not automatically lead a person to atheism,1,Support,B,0,1,,
2631,this film is the poster child for hollywood greed at work its a depressing plot devoid of compassionate characters i mean they kill a child in this movie who finds that entertaining,i started posting a riposte to your ridiculous message then i stopped and deleted it either youre taking the mick or you are an idiot either way i dont care,0,Attack,B,1,0,,
1919, the evidence has it, and the reason why there are so many species that arent on this planet any longer,1,Support,B,0,1,,
436,The success Ukip had in the european elections will be sufficient to galvanise one or preferably all the other parties to rid us of the EU's political influence.,"UKIP appears to have struck a chord with many voters on the issue of immigration, campaigning against the relaxation of working restrictions on Bulgarians and Romanians due to come into force in January.",1,Support,B,0,1,,
412,"UKIP advocates for the UK leaving the European Union which would be a bad idea – but they are trying to leverage on the british people’s need to belong and pride to be british, which further sparks their anti-foreigner standpoint.","UKIP, which is fielding a record number of candidates in next month's elections on the back of strong performances in recent Westminster by-elections, said the issue was definitely coming up on doorsteps.",0,Attack,B,0,1,,
1895,aithiesm constitutes that nothing created the universe, god does exist he created evolution,0,Attack,B,1,0,,
1494,i take it your also a closet fan of hugh ross am i right dnot really he tries hard but fails,while i did feel for some time that id had merit i also must admit that i believed for some time that it was religious due to those early pandas drafts,0,Attack,B,0,1,,
1723,afaik the languages of genesis are hebrew and aramaic,try reading chaucer out loud in his language,1,Support,B,1,0,,
779,It is more likely that Tory voters would vote tactically for UKIP to keep Labour out and that means Labour are at a real disadvantage. ,"Labour has declined to say how it expects to do, but experts have said it will be looking to retake control of councils such as Derbyshire and make inroads across the south of England at the very least.",0,Attack,B,1,0,,
29,Intellectually I rate Farage much higher than Cameron; he has a very sharp and quick wit and is an excellent public speaker.,"Natalie Bennett gave him a name check in her speech, dismissing Mr Farage as just waving a pint and a cigarette and grinning.",0,Attack,B,1,0,,
277,"Much of UKIP's meteoric rise has to do with political correctness, and the fact that ordinary people are sick of it.","While UKIP is on the rise the Conservatives have lost more than 300 councillors and the Lib Dems, more than a hundred.",1,Support,B,1,0,,
52,The only reason we are even having a sensible debate about Europe are UKIP.,UKIP said it was reflecting real public concerns about the issue.,1,Support,B,0,1,,
280,The hate campaign against Eastern Europeans that was and is run by UKIP legitimises anything said against them.,"In the space of one year, UKIP have gone from 4.5% in the polls to yesterday's high of 16%.",0,Attack,B,0,1,,
2178,concepts do not come from somewhere they are not physical entities and do not have physical properties such as locations beginnings or ends they do not require a creator physical the universe or imaginary god,this is my thinking exactly,1,Support,B,0,1,,
697,If there are enough Ukip votes it should frighten all the parties sufficiently to make them realise they can't just ignore the electorate.,"But Mr Farage said Mr Barroso was very very frightened of UKIP and the UKIP argument in the UK, and similar movements in other EU nations.",1,Support,B,1,0,,
539,UKIP will not improve public services.,"She will add that the bill will further reform the immigration system by tightening immigration law, strengthening our enforcement powers and clamping down on those from overseas who abuse our public services.",0,Attack,B,0,1,,
722,"Arguably, UKIP & co. aspire to destroy the culture created in Europe after WWII, which has been based on openness, free travel, migration and cross-geographic access to goods and labour markets.","I was delighted to cast my vote for [UKIP leader] Nigel Farage's team in Sussex, where I live, said Lynam.",0,Attack,B,1,0,,
334,"As far as immigration is concerned all Ukip want is a level playing field for non EU migrants and to control the numbers so, if anything, Ukip are too soft on immigration.",Godfrey Bloom's and other UKIP party members' actions are an insult to all those who have fought against fascism.,0,Attack,B,1,0,,
2456,All nations have a right to nuclear weapons,Nuclear weapons serve to defuse international conflicts and force compromise,1,Support,B,0,1,,
891,evolution has no implications for morality it describes what has happened making no judgement about whether what has happened is good nonreligious ethicists are perfectly capable of making moral judgements and they regularly do so,creationism makes a false historicalscientific claim that is detached from the broader precepts of belief in god,1,Support,B,0,1,,
1080,the ayn rand center says id claims that design can be inferred merely from observed complexity specified complexityi, this is really your argument thats really unimpressive,0,Attack,B,1,0,,
2434,Bribery is sometimes acceptable,Bribery is sometimes necessary for survival,1,Support,B,0,1,,
2272,why not london has it all culture fun exhibitions parks what more do you want,better weather,0,Attack,B,1,0,,
2567,this was just an amateurish hodgepodge of the departed the town and we own the night and sopranos,completely agree swing and a miss on this one kept waiting for something to happen maybe i wasnt in the right mood for it but it just didnt deliver at all more limp than month old lettuce,1,Support,B,0,1,,
2587,movies should be fun entertaining this movie is not waste of my time ,art is supposed to probe dark subject matter most of the greatest films do just that,0,Attack,B,1,0,,
1770,my point was not that genesis contradicted itself but that if you took it literally it contradicted itself,when there is clear and overwhelming proof that evolution is the process by which life has developed on earth it is painfully stupid to believe that the earth was created as it is now  years ago by a magical man in the sky,1,Support,B,1,0,,
2403,We should ban religious symbols in public buildings,It is their culture and religion,0,Attack,B,1,0,,
1013,while in science you cannot prove or falsify the existence of god and id doesnt change that i agree that when it comes to blind faith dawkins and pz myers are guilty of the same thing,theism is a belief in gods,0,Attack,B,0,1,,
2291,the iphone is the best smartphone,it is far too expensive,0,Attack,B,1,0,,
593,UKIP is a vessel through which a protest is being delivered. ,"He said it was proof that UKIP is no longer just a protest party and is broadening its appeal across the country, not just the south of England.",0,Attack,B,1,0,,
2632,this film is the poster child for hollywood greed at work its a depressing plot devoid of compassionate characters i mean they kill a child in this movie who finds that entertaining,you are right this movie sucks i dont understand why is it liked so much someone here says its supposed to be thought provoking and not entertaining,1,Support,B,0,1,,
2048, there is endless evidence what it is evidence for is for each person to decide, yes there is evidence,1,Support,B,0,1,,
176,UKIP are neither sexist nor another incarnation of the BNP.,"The chairman of the Royal College of GPs, Claire Gerada, has accused UKIP's treasurer of sexism.",0,Attack,B,1,0,,
1921, i really like bananas so i mustve evolved from monkeys p, the one that suits its current environment surveys and grow up to breed,1,Support,B,1,0,,
538,UKIP's sole aim at the general election is to get a smallish number of MPs elected but enough to hold the balance of power and do a deal with the Tories.,One Conservative MP has suggested his party consider a pact with UKIP at the next election.,1,Support,B,0,1,,
1122,hilarious,but what about your opinion on idid is ridiculously and obviously not   science  ,0,Attack,B,1,0,,
2470,We should promote democratisation,The immense cost and effort involved in sustaining democracy across the world in countries that are not prepared to fully accept responsibility themselves does not equal the benefits,0,Attack,B,1,0,,
934,seems highlander was somewhat quick in his response as i am more than willing to support my claims,highlanderthe exact same is true when modern science reveals an ic structure such as the flagellar motor  assembly,1,Support,B,0,1,,
1040,from wikipedia the scientific method,specifically the theory predicts that we will find large amounts of specified complexity in natural objects,1,Support,B,0,1,,
2409,I prefer trade to aid,Trade requires infrastructure,0,Attack,B,0,1,,
653,UKIP doesn't need to win power to force the changes people want.,Their debate followed a Daily Politics flim looking at a possible pact between UKIP and the Tories.,1,Support,B,0,1,,
1582,is often confused for rhetoric,the point of the debate is to set up a straw man that the world was created in six days that antichristians can knock down,1,Support,B,0,1,,
1401,the  commandments are not the sole source of morality,what i am saying is if we teach laws,0,Attack,B,0,1,,
1447, it seems to me that luskin is being more scientific in that he talks about a method for testing idthats ironic because luskin presents no testable id,in answering your questions i will try to keep on point,0,Attack,B,1,0,,
1906, im against it   ahh i love the arguments in everyone the against it section, you see a building and you have proof there is a builder,1,Support,B,0,1,,
2230,the fetus has never achieved conciousness let alone has known anything,well you get the idea,1,Support,B,0,1,,
833,"The ratio of nutters in UKIP is far higher than in other parties, especially so since they seem determined to take all the Tories' fruitcakes off them.",UKIP leader Nigel Farage said any members proven to have extreme right wing views would be expelled.,0,Attack,B,1,0,,
1647,tell me have you ever read the origin of the species i have and i find it to be a pretty far stretch,many people claim that certain writings are the word of god,1,Support,B,1,0,,
2032, wow, evolution is still happening,1,Support,B,0,1,,
38,"Even a UKIP European candidate, Janice Atkinson, another ex-Tory, admits leaving the EU would be problematic.","In his weekly phone-in show on LBC radio last week, Mr Clegg described the Lib Dems as the party of 'in', meaning it was the most pro-European of the major parties at Westminster.",1,Support,B,1,0,,
2129,i was only joking it hit me this morning though that if i am willing to talk about abortion without bringing up god i wonder if the pro choicers could argue their position without bringing up womens rights,womens rights actually exist unlike the christian god,0,Attack,B,0,1,,
1186,ac grayling responds to steve fullers defence of his book dissent over descent,i agree  one of the main purposes of science is to discover truth or should be anyway,0,Attack,B,0,1,,
816,UKIP's sole aim at the general election is to get a smallish number of MPs elected but enough to hold the balance of power and do a deal with the Tories.,It comes as William Hague ruled out an electoral pact with UKIP.,0,Attack,B,1,0,,
1407,daveis there credible scientific evidence that life was designed yes,as to the ncse not wanting to discuss somehow i see few id proponents on this group and behe seems to have ignored matzkes excellent critiques,0,Attack,B,1,0,,
582,A strong UKIP vote suggests there's a lot of the British public who aren't on board with the current set-up.,"He said the UK should quit the EU, with the referendum being moved forward.",1,Support,B,0,1,,
621,UKIP doesn't need to win power to force the changes people want.,"David Cameron should consider a pact with UKIP, his elections adviser has said.",1,Support,B,0,1,,
1780,now creationism to me makes much more sense,ok so youre saying since youve never seen an ape which is the wrong animal again evolve into a human and never seen god create a human god wins this debate so just because we havent proven were from chimpanzees gives grounds to say god made us theres a huger spectrum out there,0,Attack,B,1,0,,
2149,the people that already own weapons do not seem to be doing much to combat crime,well what do you expect everytime gun owners try and do anything to combat crime you liberal sissies yell and scream about vigilantism and foam at the mouth as you talk about how were taking the law into our own hands and that well be administering death sentences without trials for matters as trivial as jaywalking,0,Attack,B,1,0,,
2169,they only need  of the legislature so they will probably get that but if it actually gets to the polls the conservatives took a big hit when they ran around screaming if gays get married society will collapse and we will all be doomed,this will be interesting i am keeping my fingers crossed,1,Support,B,0,1,,
261,"Arguably, UKIP & co. aspire to destroy the culture created in Europe after WWII, which has been based on openness, free travel, migration and cross-geographic access to goods and labour markets.","But judging from recent opinion polls UKIP's wider policies - grammar schools, curbing immigration and opposing gay marriage - seem to have struck a chord with disenchanted voters from the big three.",0,Attack,B,1,0,,
319,"Marketing UKIP as ""the people's army"" is a bitter irony.","Mr Wheeler, a former Conservative Party donor who was expelled from the party by David Cameron over his support for UKIP, said the anti-EU party was attracting more people of all stripes.",0,Attack,B,1,0,,
1272,complexity is the more the norm than the exception,i guess i must be old fashioned  but i do believe in real science,0,Attack,B,1,0,,
1296,we may disagree as to the ability of id proponents to explain the ultimate source of complexity,who designed the designer is a valid and important point and ids fatal flaw,1,Support,B,0,1,,
1506,try and quote the right text next time,luskins opinesas i discussed in my rebuttals to the first two opening statements of the national center for science education ncse some of their common debate tactics includeof course,0,Attack,B,1,0,,
2568,this was just an amateurish hodgepodge of the departed the town and we own the night and sopranos,while i can see your point of view i enjoyed the pace of the film the tension especially when pope was onscreen had me holding my breath,0,Attack,B,1,0,,
2019, evolution is one of the most strongly supported theories in all of science, despite every lie told be cretins  i mean creationists  like you nothing has been shown that contradicts the theory of evolution,1,Support,B,0,1,,
405,"The problem with popularism but no substance, like UKIP represent, is that it just results in things getting worse and worse.","He said UKIP was fighting a big, positive campaign with 1,225 candidates, boosted by a strong showing in the Barnsley Central by-election.",0,Attack,B,1,0,,
1320,casey luskinfirst the ayn rand institutes arguments offend the first amendments protections on religious freedom scientists have freedom of religion and their scientific views should not be disqualified due to their alleged religious motives or beliefs,this objection highlights one of the problems with public education the government should not be in the position of deciding what people ought to believe about science anymore than they should decide what people ought to believe about religion,1,Support,B,0,1,,
1669,was the earth created in six days or six thousand years  all evidence points to a accretion of material over the course of millions of years several starting around  billion years ago,one day we all will know the truth,0,Attack,B,1,0,,
2423,European Parliament elections should involve only one voting district all of Europe and not separate country seats,One person one vote that will count in exactly the same way as everyone elses,1,Support,B,0,1,,
2531,US intervention in Libya lacking congressional approval was illegal,Congress was appropriately and openly consulted,0,Attack,B,1,0,,
2050, i take issue only with the word no in this title though without it there wouldnt be much debate so fair play, devils advocate creationism is true because creation the world exists and the bible exists in it and the bible confirms creationism,1,Support,B,1,0,,
1008,that reply was to allogic,and i was just the reverse,1,Support,B,1,0,,
594,It is because of UKIP that we are finally discussing the European question and about immigration and thank goodness for that.,But it has been criticised for relying too heavily on leader Nigel Farage to promote its policies.,0,Attack,B,1,0,,
2379,yes marihuana does much less harm if at all to the human body than cigarettes ,indeed it is hypocritical to criminalise marihuana while alcohol etc are perfectly acceptable,1,Support,B,0,1,,
2525,We should negotiate with terrorists,Terrorists cannot be trusted better to crush them,0,Attack,B,1,0,,
587,"I think Farage makes a much better leader than any of the other parties, he's full of enthusiasm and is not a PR man like the current leaders of the 3 main parties.",Nigel Farage is on remarkably good form.,1,Support,B,0,1,,
533,"It feels like UKIP is anti most things and base their politics on this: Anti-aid, Anti-immigrant – at times even anti-politics; it is therefore difficult to understand what they actually stand for and want to work towards.","He also warned that if a proposed referendum led to the UK leaving the EU, there would be dire consequences for the country's global influence.",1,Support,B,1,0,,
2049, yes there is evidence, i take issue only with the word no in this title though without it there wouldnt be much debate so fair play,1,Support,B,0,1,,
995,what always gets me with the intelligent design crowd is that in their aim of inserting an external designer into the mix of biological science they seem to miss or deliberately avoid one glaring fact  once life exists with varying degrees of success life designs itself according to the rules established by its environment and its own specific nature,this is the age old question,0,Attack,B,1,0,,
1306,i asked ask yourself this simple question how does id explain the bacterial flagella it doesnt it merely calls it designed which is a placeholder for our ignorance as to how to explain the flagella,an underlying assumption of id is that intelligence is a property which we can generally understand through our observations of intelligent agents in the natural world,1,Support,B,0,1,,
2356,steel type x,the tool needs longevity this type of steel is very strong ,1,Support,B,1,0,,
320,Intellectually I rate Farage much higher than Cameron; he has a very sharp and quick wit and is an excellent public speaker.,"UK Independence party leader Nigel Farage has said he is expecting a big swing to his party in the seat, with most polls carried out in the seat putting the party third, ahead of Labour.",1,Support,B,0,1,,
2588,movies should be fun entertaining this movie is not waste of my time ,a candle shines brightest in the darkness corny but its true all the horrible events and surroundings only highlight the beauty of hope love humankind etc i find this film so inspirational only film to ever make me cry from happiness,0,Attack,B,1,0,,
1023,the name intelligent design is itself a hoax,the response to my comment id contradicts itself is a series of peculiarly unclear assertions,0,Attack,B,0,1,,
1874,then why is the top of mt everest covered in fossilized clamsbecause nearly all mountains used to be ancient sea floor genius,evolution has been proven many times,1,Support,B,1,0,,
1243,the problem with the catholic church is that it has been unable to disagree with any scientific theory ever since they got burned condemning galileo,funny how being completely wrong about the earth revolving around the sun can make the catholic church a bit gun shy about claiming that   science   is incorrect without evidence to back it up,0,Attack,B,0,1,,
1212,is actually quite simple,remember this is about islands claim and carters arguments,1,Support,B,0,1,,
940,these two moves ruling out regularity and then ruling out chance  constitute the design inference,pvm is confused,0,Attack,B,0,1,,
2198,it disproves climate change about as well as piltdown man disproves evolution,agreed which tells me that spending trillions on an uncertainty of this magnitude has to be driven by alterior motives,1,Support,B,0,1,,
1476,there is more than naturalism can engage,there is more than naturalism can engage,0,Attack,B,0,1,,
1812,that is where you are wrong,the processes of evolution have been observed,0,Attack,B,1,0,,
2365,the nexus  has everything fast processor big screen and the latest version of android,and it is cheaper than most other smartphones as well,1,Support,B,0,1,,
2280,hybrid electric vehicle,takes too long to charge,0,Attack,B,1,0,,
2305,yes they already have their own strong currency they can make it on their own plus they always come last at the eurovision song contest,the eu is not just about currency it is also about being able to travel without a visa and other economic factors,0,Attack,B,1,0,,
1986, you have to consider the alternative explanations for our existence and the evidence for and against each  oh by the way  year long consensus doesnt count as evidence      i dont think theres any need to go too deeply into the evidence for evolution by natural selection but as most people will know there is some although controversially scarce evidence in the fossil records for common ancestry as well as similarities of existing species physiological and genetic makeup, i think evolution is a far better explanation than the idea that the world is  years old and theres a guyinthesky,1,Support,B,0,1,,
1848,evolution has been basically proven,i think evolution is an actual truth since we are able to prove it and all,1,Support,B,0,1,,
465,"UKIPs main issue has always been the EU, immigration has just been the bit that highlights what a failure the project has been.","UKIP's local election manifesto, concentrates on its flagship policy of ending open door immigration and putting pressure on the government not to lift restrictions on workers from Bulgaria and Romania on 1 January, which proved a successful formula in Eastleigh.",1,Support,B,0,1,,
190,UKIP are in with the City as much as the other three and I don't like the way they are whipping people up into a frenzy.,Farage admitted the party had not had time to properly vet all of its new recruits and he was forced to suspend a handful of them following newspaper reports of alleged racist comments.,1,Support,B,1,0,,
1794,therefore your usurpation of supposed assumption of stated opinion cannot be proven or supported by evidence but is not substantial enough to answer the question specifically,what evidence is there that universal evolution doesnt exist the universe constantly changes,1,Support,B,1,0,,
520,"Europe is no longer fit for purpose and we'd do better to be out than in, plus save a whole load of cash.",Former Europe Minister Denis MacShane said the EU was Britain's biggest trading partner.,0,Attack,B,1,0,,
863,The hate campaign against Eastern Europeans that was and is run by UKIP legitimises anything said against them.,"He has finally acknowledged the damage that unrestricted eastern European immigration has had on the prospects of British workers, especially our youngsters.",0,Attack,B,0,1,,
2273,the wall thickness x should be five millimeter,this wall thickness is too thin,0,Attack,B,1,0,,
1692,one thing for sure time was and continues to be passing differently in different parts of the universe,but what have ancient scriptures ultimately proven,1,Support,B,1,0,,
1932, i believe in evolution evolution is the mechanism that some species of animals and plants use to adapt to certain circumstances do to the change, there are lots of proofs that show evolution is not at all a proper scientific law which can give a perfect explanation to human appearance,1,Support,B,1,0,,
173,"Much of UKIP's meteoric rise has to do with political correctness, and the fact that ordinary people are sick of it.",Mr Farage said it was very important that UKIP gets a voice in Westminster.,1,Support,B,0,1,,
1970, i am a christian and i do believe in evolution because there are quite an amount of amazing proofs for it, well to begin with there is a lot of strong evidence to support evolution the discovery of dna the discovery of fossils and primitive primates etc,1,Support,B,0,1,,
926,science is ultimately based on the scientific method which is used to support and confirm physical and chemical laws,grayling explains in his review of fullers latest book quite well how id is doomed to remain scientifically vacuousfuller has written about popper he seems to forget poppers killer point namely a theory that explains everything explains nothing,1,Support,B,0,1,,
550,"Ukip is the only party advocating withdrawal from the failing EU, a sensible idea for a lot of people!",Amjad Bashir was responding to comments on Wednesday's Daily Politics from ex-deputy PM Lord Heseltine that UKIP was a racist party.,0,Attack,B,1,0,,
129,I think a lot of UKIP supporters would be outraged if one of the consequences of leaving the EU was to price them out of buying virtually any of today's niceties.,Eurosceptic Paul Sykes said UKIP was the last best hope for Britain and he would help fund its election campaign.,0,Attack,B,1,0,,
288,"Arguably, UKIP & co. aspire to destroy the culture created in Europe after WWII, which has been based on openness, free travel, migration and cross-geographic access to goods and labour markets.","UKIP has a simple, understandable message, which has led to the party gaining bigger shares of the votes in European elections.",0,Attack,B,1,0,,
1706,god created the universe therefore god created   science  ,once again we are attempting to split hairs over things that are beyond the frailty of the human brain,0,Attack,B,1,0,,
725,UKIP and the Greens are the only parties to date that haven't screwed us all over.,"I was delighted to cast my vote for [UKIP leader] Nigel Farage's team in Sussex, where I live, said Lynam.",1,Support,B,0,1,,
2355,i think it depends on the individual,yes i guess it really depends on the preferences if you want smaller but more holidaylike then nice is very nice if you want old i would suggest krakow,1,Support,B,0,1,,
6,"Much of UKIP's meteoric rise has to do with political correctness, and the fact that ordinary people are sick of it.",Tim Loughton believes UKIP are here to stay.,1,Support,B,0,1,,
782,UKIP doesn't need to win power to force the changes people want.,I can categorically rule out any form of electoral pact with UKIP or anyone else.,0,Attack,B,1,0,,
2246,indeed walking at a fast pace has the same and probably more benefits than jogging,this could not be more far from the truth because running is more intense the general health benefits are higher within reason more pain is more gain,0,Attack,B,1,0,,
749,"I don't necessarily think Nigel Farage is worthy of PM, I think they need a new leader.",They seemed very thankful to have the colourful Nigel Farage back as party leader.,0,Attack,B,1,0,,
522,It is more likely that Tory voters would vote tactically for UKIP to keep Labour out and that means Labour are at a real disadvantage. ,"Labour leader Ed Miliband said the victory of the party's candidate Dan Jarvis, a 38-year-old former soldier who served in Afghanistan and Iraq, was fantastic and accused the Lib Dem leader of complacency.",0,Attack,B,1,0,,
1509,oneinbillion observes that luskins claim id makes reliable inferences,stop eating at creationists heads and settle down a tad,0,Attack,B,1,0,,
2644,i cant believe that a great film like this can receive such a low rating while the likes of shawshank redemption and batman sit comfortably in the top  list of the entire website,i understood the film just thought it was poorly done,0,Attack,B,0,1,,
268,"My observation is that UKIP often are reluctant to directly answer any questions of substance, which can be accounted for by the fact that they really have no policies.","UKIP have pledged to do more to help with the cost of living, more to turn the economy round, more to get immigration down, to sort out the welfare system.",0,Attack,B,1,0,,
1892,your right,so what is the difference in saying god is nothing and there is no god and god is nonexistent there is no difference all of the above statements have the same meaning,0,Attack,B,0,1,,
1611,on the origin of species is out of date,which do you believe they are after all both based on books written by men,1,Support,B,1,0,,
1319,there is nothing wrong with asking someone to disprove a negative that is with asking someone to provide evidence contrary to a claim,casey luskinfirst the ayn rand institutes arguments offend the first amendments protections on religious freedom scientists have freedom of religion and their scientific views should not be disqualified due to their alleged religious motives or beliefs,0,Attack,B,1,0,,
795,"On voting day, this week the vast majority of the British public will not vote for UKIP.",UKIP has won 42 seats so far and is averaging 26 per cent of the vote in the wards where it is standing.,0,Attack,B,1,0,,
243,It is because of UKIP that we are finally discussing the European question and about immigration and thank goodness for that.,"Asked about UKIP's future, Mr Titford said he was convinced the party would build on existing support to become a significant force in the British political landscape.",1,Support,B,0,1,,
257,"Any of the ""working class"" who believe UKIP will represent them have not read a UKIP manifesto!",The magazine quotes her as saying it would be a travesty if UKIP came in and took the seats off our councillors or indeed me when their policies and beliefs were very conservative.,1,Support,B,0,1,,
1087,id has legal and educational merit because it is a bona fide scientific theory ,none of these promises have much relevance to id as a concept nor have few if any come to fruition,1,Support,B,1,0,,
1375,the auscs claim that court cases settle all debates reminds me of how futile roe v,just what if there is a creator  isnt science after truth  has science proven that there is no creator why is recognizing the possibility that there was intelligence behind the emergence of life a nonscientific idea  basically what you are saying is that if there was a creator or intelligence behind the emergence of life science will never be able to come up with the right answer rightso your whole premise for id being nonscientific is the unproven worldview of naturalismyou start off right from the get go with the assumption that there is no creator or any intelligence involved in the emergence of life and go and try and prove your idea with science,1,Support,B,1,0,,
2622,although the production was executed competently this dark fantasy did not suit my taste at all it felt as if a lot of effort was put into telling a story that wasnt worth telling ,yeah it is a dark story but i do think the story is worth telling i was fascinated how the fantasy was told in backdrop of a fight against fascism,0,Attack,B,1,0,,
1175,jaythat means that anyone who dares speak of purpose or design within science or when discussing scientific evidence ceases to be a scientist,months later and i think we can agree pandas did not advocate religion,0,Attack,B,1,0,,
606,UKIP are blatantly disregarding the possibility of man made climate change.,The energy secretary will say attempts to discredit the scientific evidence of climate change threaten a breakdown of the political consensus on the issue.,1,Support,B,1,0,,
628,If anyone seriously thinks that UKIP will offer some kind of answer to our current problems then I think that they are going to be sadly disappointed.,Mr Farage has successfully broadened UKIP's appeal away from Europe.,0,Attack,B,1,0,,
1729,an appeal to one narrow religious text isnt very persuasive,i do believe the world was created in  days,0,Attack,B,1,0,,
860,"In UKIP, we have a new political force which looks likely to poll very well in a national election on thursday.","UKIP had increased its vote by 50% in the general election and had many exciting plans for the future, he said, but it was time for a younger leader to show how liberating and enriching life would be outside the EU, saying he was confident one would emerge.",1,Support,B,0,1,,
962,the the myths and stories of the bible were never meant to be taken as history in our sense of the word and certainly not   science  ,  this will and is already descending into a debate about the philosophy of science,0,Attack,B,0,1,,
2240,possibly so but it would not be fun go with friends,it is not such a good idea for a fifteen years old child to travel either with friends or alone in any case he can not even protect himself from any danger ,0,Attack,B,1,0,,
1713,the fact that we do not know i believe only gives more power to godyes  our ignorance proves that there is a god  or maybe not,imagine you found a grain of rice and you wanted to measure its length,1,Support,B,0,1,,
1557,look at it like this,from here we can see that the bible already is going to not have any sort of  exact meaning,0,Attack,B,0,1,,
368,"The UKIP mainstay vote is in normal working people because they never voted for 4 million immigrants, they never voted for Multiculturalism.",UKIP leader Nigel Farage said the UK had no real control over either the number or the type of migrants that were settling from elsewhere in the EU.,1,Support,B,0,1,,
1329,have you read the original emails based on which the conclusions were madeyou do understand the meaning of a congressional report by the majority party dont you,the congressional report comes from the similar sources that have denied the existence or problems of global warming as well,1,Support,B,1,0,,
692,If anyone seriously thinks that UKIP will offer some kind of answer to our current problems then I think that they are going to be sadly disappointed.,"Mr Wheeler, who has criticised David Cameron's attitude to the EU, said UKIP's success was vital.",0,Attack,B,1,0,,
2189,you missed montys point catholics are christians i have heard that there are more than  different sects that claim to be christian including orthodox christians and various and sundry protestant sects,this is correct it is almost insulting to regard people as either a christian or catholic as this also implies that orthodox are neither,1,Support,B,0,1,,
256,"If UKIP have a good general election and manage to take a few seats then that can only benefit Labour, because all of the seats that UKIP can possibly, conceivably win - well they are all Tory seats.",Mr Farage's pitch is attractive to voters.,1,Support,B,1,0,,
523,"UKIP's position is not reasonable, but racists and proto-fascist, considering they have nothing to say about the finance capital bombing of the economy, but to put all the blame for Europe's woes onto immigration.","The charge put by its deputy leader David Campbell Bannerman when he defected to the Conservatives in the wake of the May elections was that UKIP remained, at heart, a single issue pressure group.",1,Support,B,0,1,,
1015,forgot that atheism isnt a religion and if i say otherwise people will apologetically insist im wrong,atheism is merely the lack of theistic belief and it offers nothing beyond that,0,Attack,B,0,1,,
2097,you consider this refuting my evidence what amazes me is that you all scoff at creationism yet this is the best most of you can offer to refute scientific evidence which supports the flood,you ask someone to explain polystrate fossils three people do you plug your ears and go i can not hear you then demand that someone explain polystrate fossils,0,Attack,B,1,0,,
2514,I believe that opinion polls harm the democratic process,Citizens have a fundamental right to vote on whatever the basis they choose,0,Attack,B,1,0,,
2,"The greens and ukip provide encouragement for labour and conservatives alike to address some issues people care about, albeit only lip service to retain votes mainly.","Mr Miliband has not ruled out a referendum, which may be counter as a UKIP success.",1,Support,B,0,1,,
2318,barcelona it is the most beautiful city in spain and probably in europe ,barcelona is fantastic beautiful place and friendly people,1,Support,B,0,1,,
2481,We should use torture to obtain information from suspected terrorists,Time is of the essence in a crisis When confronted with extremists who see a virtue in their own death extraordinary methods may be required,1,Support,B,0,1,,
2555,Transparency is necessary for security,Transparency prevents public relations disasters,1,Support,B,0,1,,
271,A vote for UKIP would be a vote for a Tory-UKIP alliance that would be more right-wing than a Tory government.,UKIP says it is campaigning on a pro democracy message - aiming to rejuvenate local politics.,0,Attack,B,1,0,,
1773,not stupid but ignorant and perhaps even foolish,i agree with your definition of ignorance but i feel that ignorance crosses into stupidity when those who are ignorant but have the means to inform themselves fail to do so,0,Attack,B,0,1,,
88,"The sooner we are out of the EU, the sooner we can start making this country great again.","Isolating Britain and damaging Britain's reputation is not the right history to write, he said.",0,Attack,B,1,0,,
1866,evolution has basically been proven there is no evidence for the biblical story common claims made by evolutionists,ok,0,Attack,B,0,1,,
2609,one million voters disagree with you what do you think they saw in this movie that you did not,yes completely agree i loved this film watched it twice on successive nights what a clever storyline and full marks to sam rockwell wonderful actor,1,Support,B,1,0,,
1659,intelligent design might be a seasoned exercise in rationalization but the claim that it is a science cannot be supported,the author seems to thing there is no extrabiblical evidence of a young earth,0,Attack,B,1,0,,
2529,US intervention in Libya lacking congressional approval was illegal,The Libya intervention lacks sufficient international authority,1,Support,B,0,1,,
724,"If UKIP want to retain these voters and attract more in a general election then they need to come up with policies other than ""leave the EU"" and ""its all the immigrants fault"".","Explaining his decision to swap sides, Mr Campbell Bannerman - MEP for the East of England - said UKIP had become obsessed with single issue politics, internal fighting and shouting from the sidelines.",1,Support,B,0,1,,
1876,evolution has not been proven,there is no actual absolute proof of evolution as some of the people here have stated,1,Support,B,0,1,,
1639,your stating what you believe not what can be demonstrated scientifically,there is much scientific evidence to proof it its just that you wouldnt believe it anyway,0,Attack,B,1,0,,
393,The only reason we are even having a sensible debate about Europe are UKIP.,"The whole political scene is changing; it's changing because of the strength of UKIP, and I'm pleased about that.",1,Support,B,0,1,,
1043,i am an experimental scientist,i only need one sentence to reply to this can the   existence   of a designer be verified by the scientific method  oh it cant oh darn,0,Attack,B,1,0,,
2001, i think  the case against evolution is wrong and misinformed, there are plenty of examples of species evolving in present times,1,Support,B,0,1,,
2480,We should use torture to obtain information from suspected terrorists,Terrorist organisations such as Al Qaida do not respect the rights of individuals and the only way to fight fire is with fire,1,Support,B,0,1,,
1837,again we hit walls of diction but its a great debate and im on your side evolutionists,i have not seen any animal turning into another recently to be honest,0,Attack,B,1,0,,
1811,evolution really is true but as we all know the main reason of how we evolve is because of god our lord,that is where you are wrong,1,Support,B,1,0,,
2662,after all the attention and awards etc and an imdb rating of  i was so shocked to finally see this film and have it be so bad,i too was not too crazy about it there was too much music and not enough dialogue and very few surprises and the blood spurting was a little over the top,1,Support,B,0,1,,
1053,there was much that darwin did not know at that time that we now know and his original theory has since been supplanted by more modern versions of his theory,yet it demonstrated a radical   change   over the comparatively short span of twenty years,1,Support,B,0,1,,
1123,but what about your opinion on idid is ridiculously and obviously not   science  ,id is ridiculously and obviously not   science   ,0,Attack,B,0,1,,
1887,please take no offence to my response,its called the theory of evolution for a reason,1,Support,B,0,1,,
852,"Ukip is the only party advocating withdrawal from the failing EU, a sensible idea for a lot of people!",The Lib Dem leader also argued that being in the EU meant that we keep ourselves safer because we can go after cross-border crime and terrorism and that we can look after the environment in a way which we can't on our own.,0,Attack,B,1,0,,
353,"I don't necessarily think Nigel Farage is worthy of PM, I think they need a new leader.",Mention Farage and the facial expression you're met with is one of crumpled disgust.,1,Support,B,0,1,,
2185,to travel along the logic of the singularity expanding it is obvious that the singularity is what we have today,yes in a way we are in the same thing that existed way back then it has just expanded since then so its much bigger now,1,Support,B,0,1,,
2196,i seriously doubt he used the word living,so true that was my mistake as i was envisioning lucy as she was when she existe,1,Support,B,0,1,,
2068,yes i did not get an answer there and i probably will not get one here either,well answering you seems to be a waste of time,0,Attack,B,0,1,,
1263,youre lucky not enough people know or care enough about your religion to throw out opinions based on it presented as science philosophy logic or fact on the spot,hello richardi admire your wealth in cash funds,0,Attack,B,0,1,,
1147,icdesig,we absolutely exclude natural selection as a designerthe real trick is convincing the public that macroevolution is a scientific fact when it has never been observed which is a requirement for sciencei dont know where you get your information but i dont know any id people who include nonid as part of their belief systemlets do this sir lets bring it home to where we live if the human body is not an intelligent design then you tell me what is the definition for an intelligent designwhat is a intelligent design and why is your example an intelligent design   simple straight forward questionwhat is your simple straight forward answer                   bet you cant do it,0,Attack,B,1,0,,
1526,you cant offer anymore than theory for one or the other,you cant offer anymore than theory for one or the other,0,Attack,B,0,1,,
654,UKIP are the only party willing to have a sensible open debate on the key issues affecting the country. ,UKIP say it proves their message is cutting through regularly.,1,Support,B,0,1,,
2385,i liked it all loose ends where tied up nicely,i could not have summed it up better than this,1,Support,B,0,1,,
108,If UKIP is really the best our country can do for an alternative then we are all doomed.,"Deputy Prime Minister Nick Clegg, whose Liberal Democrats oppose a referendum, said leaving altogether would make us less safe because we co-operate in the European Union to go after criminal gangs that cross borders.",1,Support,B,1,0,,
751,A strong UKIP vote suggests there's a lot of the British public who aren't on board with the current set-up.,"He also warned that if a proposed referendum led to the UK leaving the EU, there would be dire consequences for the country's global influence.",0,Attack,B,0,1,,
1461,the bottom line is some interpretations of evolution leave little room for a caring god,which i argue is the main reason people have come to embrace id and object to sciencecouldnt atheism be the main reason people have come to embrace a certain type of evolution and object to id  the emotions so commonly seen in the rejection of id support this,0,Attack,B,1,0,,
688,UKIP is the only party that has understood the damage immigration does to the UK and its policies aim at repairing this.,"Mr Farage, speaking to the BBC's Len Tingle, said the election result represented significant progress.",1,Support,B,0,1,,
1009,and i was just the reverse,i find much more animosity spouted by the atheist,0,Attack,B,0,1,,
2209,and i was not disappointed,can not be dissapointed if i know not to expect more,1,Support,B,1,0,,
1345,so tj you seem to have made quite a few foolish arguments how familiar are you with augustinetj  well i know that he believed the earth was created instantaneously not progressively and was according to scripture less than  years old,after some diversions to point out that augustine himself held some inconsistent positions tj finally comes to the quote i providedtji understand what he is saying but for this to be valid the unbeliever has to accurate in what he believes,0,Attack,B,0,1,,
1618,but how does the bible self authenticate the verses about four rivers coming out of eden it doesntyou must be joking,youre missing the point about the four rivers,0,Attack,B,1,0,,
756,UKIP's sole aim at the general election is to get a smallish number of MPs elected but enough to hold the balance of power and do a deal with the Tories.,"Earlier this year, UKIP leader Nigel Farage said he was open to the idea of a pact but demanded a referendum pledge written in blood.",1,Support,B,1,0,,
2513,I believe that opinion polls harm the democratic process,Citizens should be respected for their opinions,0,Attack,B,1,0,,
1925, no we were put here by aliens as an alternative food source, i do not believe that we evolved from monkeys or any other animal i believe that god created us in his own image,1,Support,B,1,0,,
2288,change material to pvc,this is not possible there is a limit that prevents this,0,Attack,B,1,0,,
2578,animal kingdom is better than the town and winters bonei have just seen animal kingdom and wow what an awesome movie it was,this was a good movie but frankly the lead character was about as wooden as it gets winters bone and the town had much more engaging lead actors,0,Attack,B,1,0,,
646,It is because of UKIP that we are finally discussing the European question and about immigration and thank goodness for that.,UKIP leader Nigel Farage said the UK had no real control over either the number or the type of migrants that were settling from elsewhere in the EU.,1,Support,B,1,0,,
175,Hopefully we will see our first UKIP MP before the general elections next year.,He said UKIP was the real party of law and order and he vowed to continue campaigning for them.,1,Support,B,0,1,,
315,"I voted Tory for 30 years and started supporting UKIP because I want a sovereign, democratic , well governed Britain with Britain put first and its getting clearer by the day that the old Liblabcon parties will not do that.","At the local elections last week, the UKIP - which campaigns for the UK to leave the EU - made substantial gains, while the Conservatives lost control of 10 councils.",1,Support,B,0,1,,
1472,i appreciate he way you have taken time to methodically object,but most of it seems to be in the responsesuch as  because the ncse thinks science should be a voting contestthats just plain silly its the dissent from darwinism which attempts to create a controversy where there is none,0,Attack,B,1,0,,
431,UKIP are a joke outfit full of small-minded Neanderthals who think the 1950s are the future.,It comes two weeks after she accused the UKIP leader of bullying and being anti-women and a Stalinist and threatened to leave the party.,1,Support,B,0,1,,
97,For what its worth I think UKIP is a one trick pony and is unelectable in a general election.,"Meanwhile, the Bulgarian President Rosen Plevneliev has warned that Britain's immigration policy could harm its image as a great global power that pioneered integration.",1,Support,B,1,0,,
2127,yes she walked down the wrong alley alone would she have done so if she were not packing,so it was wrong for her to walk down a public alley you are blaming the victim you are either a complete dick or you are being facetious,0,Attack,B,1,0,,
883,the theory of evolution is not falsifiable, teaching creationism is dangerous to science and reason  if a theory that does not follow the scientific method is taught in schools as science science and reasoning will be undermined,0,Attack,B,1,0,,
2119,you snipped most of my remarks because you were unable to address them you have no answers and have been reduced to insult,actually i snipped your remarks because you twisted what i said and i am already spending too much time arguing with random complainers and i was in a hurry to do something more important at the time,0,Attack,B,1,0,,
420,I think it's far too simplistic to argue all UKIP supporters are racist - there is a real groundswell against the political establishment which over the past 20 years or so has started to converge in terms of image and policies.,The government's introduction of gay marriage legislation has also dismayed many Conservative activists.,1,Support,B,0,1,,
366,Ukip are doing well for the very simple reason folk have at last realized that they are being lied to by LibLabCon and now have somewhere else to go.,They (the Conservatives) know they have lost the argument on jobs and immigration and UKIP have stolen a march on them.,1,Support,B,0,1,,
1202,   httpwww,the wmap data does not indicate we are at the center of the universe nor does the goldilock enigma really predict such,1,Support,B,1,0,,
1992, has anyone got a more rational explanation, and what proof do you have for intelligent design      microevolution is indisputable,1,Support,B,1,0,,
206,I think it's far too simplistic to argue all UKIP supporters are racist - there is a real groundswell against the political establishment which over the past 20 years or so has started to converge in terms of image and policies.,"Labour's Andy Sawford won by 7,791 votes, with the Tories second and UKIP a distant third.",0,Attack,B,1,0,,
1752,what does random premarital sex lead toa number of possible outcomes based on a number of factors,i believe that the first chapters of genesis including the ancient history of the hebrew people should be understood within the context of covenant,1,Support,B,1,0,,
2548,We should force think tanks to reveal all of their sources for resource funding,Being subject to scrutiny discourages investors from supporting good projects,0,Attack,B,1,0,,
2241,make sure the parents can trust their son to behave sensibly the boy or girl must also know his or her way around the airport,how can you be sure that he or she can be trusted,0,Attack,B,1,0,,
1146,all design is intelligent it takes thought to construct any type of design when you see things take place in science they happen because of all the laws that were put into place by an intelligent designergoing back to the idea of a storm and engines when you get in a car and turn the key you have a spontaneous violent storm erupt inside the engine it all takes place because of all the elements of the design working in concert to produce the effect this and all design requireintelligent thought ,icdesig,0,Attack,B,0,1,,
902,schools should teach competing theories the idea that creationists reject mutation or natural selection is ridiculous,teaching creationism is in no way akin to child abuse,1,Support,B,0,1,,
2621,in my opinion full metal jacket was way better full metal jacket was at least fair i spoke to a lot of guys that told me thats the way it was,no platoon was the better movie,0,Attack,B,1,0,,
2299,i have had some bad experience with the reliability of samsung products,i am really satisfied with my samsung television and i did not have any problems until now it has the best image quality and great customer support,0,Attack,B,1,0,,
1285,how are science teachers pointing out that science refutes   religion    it is true that science does refute certain religious teachings but that is incidental to the science itself,religion requires some kind of theology,0,Attack,B,0,1,,
669,"UKIP is a not a real party, with a clear global ideology and vision addressing all aspects of society: it is focusing on a handful of issues (all centered around membership in the EU and migrants), mostly ignoring global financial issues, health, education, security etc.","I believe that what UKIP is doing is vital for this country, and of course the party's financial management is crucial.",0,Attack,B,1,0,,
1838,i have not seen any animal turning into another recently to be honest,heck  his girlfriend has more hair than she has now even as we speak,1,Support,B,1,0,,
312,I think a lot of UKIP supporters would be outraged if one of the consequences of leaving the EU was to price them out of buying virtually any of today's niceties.,"Mr Farage says he will give up as leader if UKIP doesn't win seats at Westminster at next year's general election, where he would represent all of the British people.",0,Attack,B,0,1,,
668,The hate campaign against Eastern Europeans that was and is run by UKIP legitimises anything said against them.,The prime minister said there were UK factories where more than half the workforce were from eastern Europe.,0,Attack,B,1,0,,
813,"Europe is no longer fit for purpose and we'd do better to be out than in, plus save a whole load of cash.",The Lib Dem leader also argued that being in the EU meant that we keep ourselves safer because we can go after cross-border crime and terrorism and that we can look after the environment in a way which we can't on our own.,0,Attack,B,1,0,,
291,A strong UKIP vote suggests there's a lot of the British public who aren't on board with the current set-up.,"UKIP has reached unprecedented heights in the opinion polls under Mr Farage, coming second in the European elections in 2009 and winning hundreds of seats in May's local elections.",1,Support,B,0,1,,
1135,as much as behes somewhat misleadingyet when lenski tracked down the mutations they tended to be degradative changes ones which destroyed genes or made them less efficient,for example humans have acquired a number of helpful genetic changes in our battle with the malarial parasite over the past ten thousand years,1,Support,B,1,0,,
325,"The momentum is with UKIP; Labour, Conservative and Liberal areas are all now vulnerable to them. ",I want to campaign for Britain to break free from the EU and UKIP are the party to do it.,1,Support,B,0,1,,
8,Ukip are doing well for the very simple reason folk have at last realized that they are being lied to by LibLabCon and now have somewhere else to go.,She said she was absolutely ecstatic and the UKIP's performance showed that the coalition government was taking the country in the wrong direction.,1,Support,B,0,1,,
2569,while i can see your point of view i enjoyed the pace of the film the tension especially when pope was onscreen had me holding my breath,right the tension was astonishing it made me feel ill  amazing a very good film,1,Support,B,0,1,,
2234,do not worry about me being affected by the leftist media either i really do not care to listen to their lies and over emotional rantings too often,that is refreshing and i am being serious,1,Support,B,0,1,,
2431,European Parliament elections should involve only one voting district all of Europe and not separate country seats,This avoids the real questions about the European Parliament,0,Attack,B,1,0,,
2634,once you know all the in and outs or all the magic tricks of the movie i dosnt seem as good,same here i watched it nearly a decade after i had originally seen it and reached the same conclusion you did,1,Support,B,0,1,,
1414,tjwho the designer is has nothing to do with id theory and everyone knows that,after admitting that science is not atheistic he now accuses atheists scientists and christians alike of not liking ids implications when in fact anyone should realize that these objections are firstmost about the lack of scientific content of id and that the strong religious foundation of id is only secondary to this,0,Attack,B,1,0,,
946,joewe look at the options,joewe look at the options,0,Attack,B,0,1,,
1897, what i feel in this context is creationism is nothing but a wrong assumption, yes evolution has hard scientific fact and the creationists put all of their faith in a book that is supposed to be the word of god but it was written by people,1,Support,B,0,1,,
2066,the problem with this is that usually when someone exercises their right it many times infringes on someones elses rights,do not even think about contriving how gay marrige violates your rights assmonkey that is the most ludicrous insane statement i have yet heard from the religious right,0,Attack,B,1,0,,
2467,We should promote democratisation,People are safer and happier under democracy and countries who benefit from this have a duty to ensure the human rights of everyone in world,1,Support,B,0,1,,
649,"Arguably, UKIP & co. aspire to destroy the culture created in Europe after WWII, which has been based on openness, free travel, migration and cross-geographic access to goods and labour markets.","I was delighted to cast my vote for [UKIP leader] Nigel Farage's team in Sussex, where I live, said Lynam.",0,Attack,B,1,0,,
821,"If we leave the EU we will save billions of pounds which can then be invested in our ailing national infrastructure, notably the NHS.","He also warned that if a proposed referendum led to the UK leaving the EU, there would be dire consequences for the country's global influence.",0,Attack,B,1,0,,
11,"The sooner we are out of the EU, the sooner we can start making this country great again.","My prediction is, that over the next year or two, as the European debate gathers pace in this country, the issue of immigration and border controls will become the absolute key to the whole thing.",1,Support,B,1,0,,
737,"The ratio of nutters in UKIP is far higher than in other parties, especially so since they seem determined to take all the Tories' fruitcakes off them.","Of course it is racist, the language, the rhetoric, the membership, who doubts it?",1,Support,B,0,1,,
1660,the author seems to thing there is no extrabiblical evidence of a young earth,all of those socalled evidences have been debunked by real scientists with real degrees and have true understanding of science,0,Attack,B,1,0,,
1856,id does undermine evolution because supporters of id wish to put a sticker in every textbook that says something along the lines of evolution is just a theory,once again generalizing on an unfair term,1,Support,B,1,0,,
340,"I don't think most people realise the benefits of free trade at all, and UKIP capitalise on peoples ignorance of the benefits of free trade as much as they can.","Labour and the Conservatives were panicking, Mr Aker said, as they had not dealt with mass immigration and mass unemployment, whereas UKIP was offering a sensible solution.",0,Attack,B,1,0,,
735,UKIP want to get us out of the EU to make the British people much worse off then they already are.,"UKIP appears to have struck a chord with many voters on the issue of immigration, campaigning against the relaxation of working restrictions on Bulgarians and Romanians due to come into force in January.",0,Attack,B,0,1,,
2359,electric vehicles,lovely they do not smell,1,Support,B,0,1,,
1680,human beings added names to the days of week they were originally and simply numbers,why should we just stop  why not keep trying to understand the universe  i could never imagine being satisfied with a god did it,0,Attack,B,1,0,,
103,"On voting day, this week the vast majority of the British public will not vote for UKIP.","I believe that what UKIP is doing is vital for this country, and they will get more votes than people might expect.",0,Attack,B,1,0,,
1036,when held to the standards of proof required for all other scientific theories id fails,i grant your point sir,1,Support,B,0,1,,
1567,i agree he didnt want to confuse us,you are exactly right  evidence is all around you mountains of it in fact,0,Attack,B,0,1,,
2231,i do not know if it will be found unconstitutional but there is an effort to simply get it repealed same effect in the end,well it is being challenged in the courts so the only way to overturn it would be to deem it no longer constitutional,1,Support,B,1,0,,
950,as i said earlier experience demonstrates that it matters a great deal to an investigation whether or not that which is being investigated occurred via agency involvement or by nature operating freely,we dont know but we do know a designer wasnt involved,0,Attack,B,0,1,,
878,"Even a UKIP European candidate, Janice Atkinson, another ex-Tory, admits leaving the EU would be problematic.",But UKIP said leaving the EU was the only way to fully take control of the UK's borders.,0,Attack,B,1,0,,
569,"The UKIP party is a populist party at the right end of the spectrum, which exploits people's fears of the foreign and unknown.",The committee said the EU had helped to transform Europe from a continent of war to a continent of peace.,1,Support,B,1,0,,
1118,i dont follow dr,it seems that so far id has focused on malaria and on the bacterial flagellum which shares homology with the type three secretory system used by bacteria responsible for the bubonic plague,1,Support,B,0,1,,
2294,way too expensive for what you get the only advantage is maybe the long life battery but even this is now standard in other laptops too,apple is really overpriced and their keyboards are low quality also the macbook air is heated up quite easily and the macbook pro is too heavy,0,Attack,B,0,1,,
1537,there are two and they are fundamentally different,six days on gods terms not mans terms,0,Attack,B,0,1,,
45,"UKIP are a fairly right wing group as I'm sure will become clear when they actually produce some policies other than the ""its all the eu's"" fault.","But some pundits believe UKIP to be on course to win next year's European elections, beating the Conservatives into second place.",0,Attack,B,1,0,,
2053,i can appreciate this slant however i think that a true feminist approach would be to support women who want their pregnancies by finding solutions to the reasons they feel an abortion would be their best choice,that is not something you can really blame on the pro life movement in fact a lot of effort in the pro life movement does go into helping single mothers,0,Attack,B,1,0,,
1315,the ayn rand center and i agree for once about the fact that id is nothing more than bait and switch and that id at best is a religiously motivated attack on science as the di seems to admit in their own wedge document,if id is bait and switch then so is   evolution   considering that its proponents tend to sell it off starting with the least extreme definition and just move on up from there  httpintelligentdesign,0,Attack,B,1,0,,
210,"The sooner we are out of the EU, the sooner we can start making this country great again.","It is doing the country serious damage because there are large numbers of potential investors in the UK who would bring employment here, who are being warned off because of the uncertainty all of this is creating.",0,Attack,B,1,0,,
1844,actully uncomplext compunds bonded to geather to create chemicals and very very uncomplect cell fragments that then banded to geather with otherthings for survival and formed the first very simple cells that then became more complext,god was created by people who needed faith in something,1,Support,B,1,0,,
2262,there is a spelling error on the page after you have registered saying to verify your account by email ,thank you for your feedback it has been fixed now,0,Attack,B,0,1,,
2354,london surely is a better city than vienna,i think it depends on the individual,1,Support,B,1,0,,
1225, joeif we dont know then no one can say that a designer was not involved or not required,the only way that design could be detected in nature is if there were objects around that werent designed,1,Support,B,0,1,,
1162,it always devolves to this when talking to id proponents,hasnt anybody here read a molecular cell biology textbook the machinery of the cell is a rube goldberg apparatus,1,Support,B,1,0,,
1354,forrest who has written a history of id was an expert witness in the dover case and her piece recounts the various personal attacks and snide comments she had to endure during the trial,he was a judge,1,Support,B,1,0,,
2395,We should ban religious symbols in public buildings,Many symbols are seen as a symbol of oppression on women,1,Support,B,1,0,,
932,highlanderpvm seems unaware randomness and design are mutually exclusive concepts,naming two well known id proponents does not a citation make to support pvms twisted version of id arguments,0,Attack,B,1,0,,
305,Ukip are doing well for the very simple reason folk have at last realized that they are being lied to by LibLabCon and now have somewhere else to go.,"UKIP backed my candidacy and that was great, Mr Hollobone said.",1,Support,B,0,1,,
2560,Governments should be allowed to disrupt Internet service on grounds of national security,National security takes precedence,1,Support,B,0,1,,
486,UKIP doesn't need to win power to force the changes people want.,A ComRes survey for BBC One's Sunday Politics found 22% of Tory local councillors supported a pact with the UKIP.,1,Support,B,0,1,,
493,It's a protest vote because (most) people know that UKIP will never net in power.,But as one UKIP member said to me - if this is a protest vote it's a bloody big protest.,0,Attack,B,1,0,,
1442,creationism has more solid evidence than   evolution   does,creationism has more solid evidence than   evolution   does,0,Attack,B,0,1,,
496,UKIP doesn't need to win power to force the changes people want.,"He proposes a pact, in which the Conservatives would promise a referendum after 2015 and in return UKIP would not stand against Tory candidates.",1,Support,B,0,1,,
1049, features that appear vestigial and functionless actually serve a function eg,so what using   intelligent design    is the purpose of the appendixid simply predicted that the appendix would have a function,0,Attack,B,1,0,,
1899, none of the things that people put forward as evidence of a god are evidence for a specific religion, theres no rational reason to accept creationism its simply empty claims with no evidence it has no predictive powers it cannot explain what we see in nature and it introduces a level of complexity with no explanation requiring mindless faith,1,Support,B,0,1,,
670,UKIP is a vessel through which a protest is being delivered. ,"The Conservatives have argued the surge in support for UKIP was essentially a protest vote, but Mr Farage dismissed this as the default position of the political establishment.",0,Attack,B,0,1,,
195,Big business will not support UKIP given the devastation that withdrawal from the EU would cause.,I want to campaign for Britain to break free from the EU and UKIP are the party to do it.,0,Attack,B,1,0,,
1645,it has been translated for about six thousand years,you are an intellectual and people like you have the hardest time believing anything let alone trying to intellectualize the bible or god or anything like it,0,Attack,B,1,0,,
786,UKIP getting a large chunk of the vote in the EU elections sends a message to Europe that they cannot take the UK membership for granted.,"UKIP defied the odds again at last year's European elections, beating Labour into third place, much to the dismay of those, on the left and right, who had written the party off as a busted flush.",1,Support,B,0,1,,
2052,i do not hate america i hate stupid people that occupy american territory,but you protest and get all hysterical when someone suggests restricting terrorists from buying guns,0,Attack,B,1,0,,
1531,um this thread is months old and no one is reading it,i know this sounds crazy but in a weird way im honored to get a response from you,0,Attack,B,0,1,,
2306,yes marihuana does much less harm if at all to the human body than cigarettes,i think it does just as much damage as cigarettes but i agree it is hypocritical to sell one and not the other,0,Attack,B,0,1,,
1521,the national center for science education has a good reason to be concerned about intelligent design,perhaps what is needed is to distinguish between academic freedom and peer review,1,Support,B,1,0,,
2577,animal kingdom is better than the town and winters bonei have just seen animal kingdom and wow what an awesome movie it was,it certainly is and its a crime this didnt get a bigger push i think mainstream audiences would have loved it easily one of the best films of the year,1,Support,B,0,1,,
2606,you are right it should be a nine stars hands down,that was my rating this film is superior in every respect and most of all its ideas,1,Support,B,0,1,,
785,"The ratio of nutters in UKIP is far higher than in other parties, especially so since they seem determined to take all the Tories' fruitcakes off them.",Amjad Bashir was responding to comments on Wednesday's Daily Politics from ex-deputy PM Lord Heseltine that UKIP was a racist party.,1,Support,B,1,0,,
445,"UKIP doesn't understand that young people are, by and large, progressive.","Mr Farage had an upbeat message for activists at his local elections campaign launch on Wednesday, saying UKIP was attracting more young members - the party says more than 100 of its candidates are under 25.",0,Attack,B,1,0,,
1231,that figures,contribution from joe gjoe ggeez pvm your position that everything comes down to sheer dumb luck is totally vacuous,0,Attack,B,1,0,,
2438,Bribery is sometimes acceptable,Variation in standards leads to a race to the bottom of corruptibility,0,Attack,B,1,0,,
1836,evolution has not ceased in any animal,again we hit walls of diction but its a great debate and im on your side evolutionists,1,Support,B,0,1,,
1161,i was using your rhetorical question to attempt to get a discussion going,it always devolves to this when talking to id proponents,1,Support,B,1,0,,
787,UKIP's proposals on membership in the EU and migrants are at best purely demagogic: they do not take into account facts and more general issues.,He said people voted for UKIP because they were offering policy solutions and common sense ideas.,0,Attack,B,1,0,,
746,"UKIP is certainly NOT racist or xenophobic - if you, as I'm you have done, read our policies on the website there is no suggestion of this at all, it is more a rumour and conspiracy of the lefties. ",Farage admitted the party had not had time to properly vet all of its new recruits and he was forced to suspend a handful of them following newspaper reports of alleged racist comments.,0,Attack,B,1,0,,
2640,this film is easily one of the best movies ive ever seen yes it is pretty easy to guess the ending but it still wasnt ruined by that fact it is a work of art it is rewatchable,i wholeheartedly agree ive just seen it tonight and was blown away by it i will be thinking of this movie for a long time,1,Support,B,0,1,,
1248,how was catastrophism closer then the original darwinian theory  catastrophism offered no mechanism for the changes that we see was completely wrong as to what catastrophes occurred  how severe they were and when they took place,richard dawkins and victor stenger argue that the existence of a creative superintelligence or god are scientific questions,0,Attack,B,1,0,,
2007, i interpret the creation story as a metaphor with science as how god made humans, then again i often wondered as a child why and how the whole universe was created in the first place,0,Attack,B,0,1,,
1624,what is it with people like you  was the bible the first book you read and then you quit reading anything else can you defend your position without reference to the bible do you have any evidence yes evidence from another source that shows the bible is the word of god and not just a collection of books selected by the vatican to support a particular viewpoint why do you find it easier to believe in some all powerful supernatural creator that is eternal than a natural universe that is eternal is it possible to prove without reference to your book that god exists or does not exist  probably not, do you read books other than those produced by humanists just askingi am not a biblical scholar so i had to look for this but according to the catholic encyclopedia article on the canon of the new testament the idea of a complete and clearcut canon of the new testament existing from the beginning that is from apostolic times has no foundation in history,1,Support,B,1,0,,
1267,if intelligent design says nothing about the supposed designer then of what value is it if the designer created life millions or billions of years ago what was his purpose in doing so what iswas the designer like did the designer give specific instructions to his creations as most religions teach the id promoters delibrately leave such questions unanswered in their official pronouncements about id,discovery institute writes ,1,Support,B,1,0,,
744,"UKIP are a fairly right wing group as I'm sure will become clear when they actually produce some policies other than the ""its all the eu's"" fault.",It is not clear how well the eurosceptics will get along - UKIP has said it will not work with the far right parties from France and the Netherlands,0,Attack,B,1,0,,
41,Ukip are doing well for the very simple reason folk have at last realized that they are being lied to by LibLabCon and now have somewhere else to go.,"An opposition party in the middle of a parliamentary term amid a deeply difficult economy should expect victories and plenty of them, but this is often meaningless.",0,Attack,B,1,0,,
1695,using logic to apply consistent artistry to the mass of creation we may assert the existence of the artist almighty god  if we exercise faith toward god by believing that he exists in the very manner that he says that he does then we may logically apply his consistent character including his artistic signature in creation to all things that god the artist creates,your argument breaks down if your audience rejects the notion that adam was created ex nihilo with the appearance of age,0,Attack,B,1,0,,
1358,lets just cut to the chase id does not perform any empirical and statistical verifications at best they could perform statistical falsifications of a particular scientific hypothesis but even the simplest hypotheses are not easily captured in statistics and thus id has found that most examples of supposedly designed systems cannot really be tested using id methodology,pvmfirst of all the judge observed that the school board was strongly motivated by religious beliefs and the fact that they believed that id presented a scientific hypothesis and thus a valid secular purpose was their downfall ,0,Attack,B,0,1,,
977,i fail to see how id can help us here,it allows some people to scientifically believe in   god   ,0,Attack,B,1,0,,
283,"In fact, all UKIP seems to talk about now is withdrawl from the EU without any genuine policy around UK's domestic economy.",There's more to UKIP than our policy of wanting to withdraw from the European Union and we will show that.,0,Attack,B,1,0,,
1012,i really have to give the antiiders credit you have a lot of faith,while in science you cannot prove or falsify the existence of god and id doesnt change that i agree that when it comes to blind faith dawkins and pz myers are guilty of the same thing,1,Support,B,0,1,,
2436,Bribery is sometimes acceptable,Bribery is only wrong under a Westerncentric notion of corruption,1,Support,B,0,1,,
227,"I voted Tory for 30 years and started supporting UKIP because I want a sovereign, democratic , well governed Britain with Britain put first and its getting clearer by the day that the old Liblabcon parties will not do that.","But he played down recent polls, saying UKIP will come, UKIP will go.",0,Attack,B,1,0,,
675,"If UKIP took all their anti-establishment guff and turned it on the banks and financial institutions then they would have more legitimacy, but instead they turn on Polish and Roma fruit pickers who do unskilled work for minimum wage.","On Friday the Advertising Standards Authority (ASA) announced that it was investigating, following 60 complaints, a scheme which saw vans drive through London calling on illegal immigrants to go home or face arrest.",1,Support,B,1,0,,
1222,to correct pvms confusionforensic detectives have to figure out the means,and again the design inference is based on our current knowledge that being we have an understanding of what nature operating freely is capable of and we couple that with our knowledge of what designing agencies are capable of,0,Attack,B,0,1,,
1244,funny how being completely wrong about the earth revolving around the sun can make the catholic church a bit gun shy about claiming that   science   is incorrect without evidence to back it up,in the th century fundamentalist supported the idea that new species appear abruptly catastrophism,0,Attack,B,0,1,,
1211,carter points out that the coincidence found by bondi belonged to three classes the traditional kind  without use of the anthropic principle  those which only require the use of a weak anthropic principle and  those which require the invocation of an extended and hence rather more questionable strong anthropic principle,is actually quite simple,1,Support,B,1,0,,
113,It is because of UKIP that we are finally discussing the European question and about immigration and thank goodness for that.,Following UKIP's pressure the government committed itself to holding a comprehensive and detailed review of the extent of EU powers and their impact on the UK in its 2010 coalition agreement.,1,Support,B,0,1,,
501,UKIP want to get us out of the EU to make the British people much worse off then they already are.,"Deputy Prime Minister Nick Clegg, whose Liberal Democrats oppose a referendum, said leaving altogether would make us less safe because we co-operate in the European Union to go after criminal gangs that cross borders.",1,Support,B,1,0,,
427,"It feels like UKIP is anti most things and base their politics on this: Anti-aid, Anti-immigrant ‚Äì at times even anti-politics; it is therefore difficult to understand what they actually stand for and want to work towards.","He also warned that if a proposed referendum led to the UK leaving the EU, there would be dire consequences for the country's global influence.",1,Support,B,1,0,,
23,"UKIP are a two trick pony, Europe and immigration that's it.","UKIP is branching out on its policy focus, currently focusing its local election campaign on fat cat executives who are currently directing cuts at vital front line services while protecting trendy non-jobs.",0,Attack,B,1,0,,
2155,i am for gun control i believe you should have a steady hand firm grip calm breath and a smooth pull,very well put,1,Support,B,0,1,,
2201,they say that members within the same species are in competition with each other,they are those that survive better reproduce more members of a species can die if other members have better,1,Support,B,0,1,,
534,UKIP isn't committed exclusively to either right-wing or left-wing ideology and that’s a very good place to be.,"He also suggested that his party might get its first seats in the UK Parliament at the general election in 2015, and argued it was not just taking votes from the right wing of British politics.",1,Support,B,0,1,,
1181,your intelligent cause is completely undefined,non sequitur,0,Attack,B,1,0,,
1620,you are opening the door to a nonliteral explanation of the text,no it means that the word of god is internally consistentnonsense,1,Support,B,1,0,,
284,"I sense that Farage is a total megalomaniac, a charlatan, someone who is in it for the attention and the glory and that in a strange way, that many UKIP voters know this but don't seem to mind.","The UK Independent Party says it is the only party which will pull the UK out of the European Union and, with Nigel Farage at the helm, will put us back on track.",0,Attack,B,1,0,,
7,"I would say it's the anti-ukip brigade who have no substance to their argument (or facts), they simply shout ""racist"" with nothing to substantiate this slur, or become crude and insulting.","Mr Cameron once described UKIP as a party of fruitcakes, loonies and closet racists.",0,Attack,B,1,0,,
37,"On voting day, this week the vast majority of the British public will not vote for UKIP.",But Mr Farage admitted that on some policies his party may have got things wrong and this may hurt them at the polls.,1,Support,B,1,0,,
2176,they were both created on the sixth day according to genesis,true god created adam then he created eve out of one of adams ribs,1,Support,B,0,1,,
444,"UKIP do not bear scrutiny either as a coherent policy offer or a group of potential ministers , they are an insurgent party of protest with one message.","Ahead of May's local elections, Conservative cabinet minister Ken Clarke dismissed UKIP as a protest party and a collection of clowns.",1,Support,B,0,1,,
1405,is good science a liberal theme if you love true science you must be a liberalyou are in good company but remember that good science including evolutionary science knows no boundaries christians republicans democrats and independents all accept the facts of science of course given the historical link between evangelicals and republicans we do observe a stronger lack of understanding of science amongst some who also happen to be republicans but do not confuse cause and effect here,the national center for science education does not as its name implies promote and support science education in the united states in a general sense,0,Attack,B,1,0,,
133,For what its worth I think UKIP is a one trick pony and is unelectable in a general election.,"The Conservatives, Labour and the Liberal Democrats virtually indistinguishable neo-liberal parties and a fresh force like UKIP is needed.",0,Attack,B,1,0,,
947,joewe look at the options,joegbtw pvm the scientific answer to ucd is we dont know,0,Attack,B,1,0,,
1028,intelligent design is a dishonest way for   creationism   to try to appear scientific,satan is sure behind all of these things,1,Support,B,1,0,,
1313,id without a designer the cause of the big bang is unknown,the cause of the big bang is currently unknown but it is also undergoing investigation,0,Attack,B,0,1,,
1688,well once you accept the existence of an all powerful deity then anything is possible,aig decries scientists for making unproven assumptions while making many of their own,1,Support,B,1,0,,
2179,i accept that the theory of evolution explains the observations both gentically represented and those of the fossil record,and it explains observations about morphology and physiology about successions of flora and fauna,1,Support,B,0,1,,
1050,so what using   intelligent design    is the purpose of the appendixid simply predicted that the appendix would have a function,id simply predicted that the appendix would have a function,0,Attack,B,0,1,,
615,"The country faces more than two big issues, which is where Ukip come apart at the seams in an incoherent bunch of right wing horse shit from whatever Think Tank came along at the time.","The responsibility of politicians in this situation when people are getting anxious is to try to reassure them and give the facts, not panic and resort to populist measures that do harm.",1,Support,B,1,0,,
110,"UKIP are a fairly right wing group as I'm sure will become clear when they actually produce some policies other than the ""its all the eu's"" fault.","With UKIP keen to be seen as more than a party which just campaigns on leaving the EU, the conference will also discuss defence, education and housing.",0,Attack,B,1,0,,
2090,i am always right except when i am wrong,so far you have been nothing but wrong,0,Attack,B,1,0,,
2427,European Parliament elections should involve only one voting district all of Europe and not separate country seats,This encourages Europe wide thinking,1,Support,B,0,1,,
2369,bryan cranston and the support cast make breaking bad one of my all time favourites,perhaps the most quality consistent series with a stellar character development,1,Support,B,0,1,,
613,"UKIP are a two trick pony, Europe and immigration that's it.",Mr Farage has successfully broadened UKIP's appeal away from Europe.,0,Attack,B,1,0,,
21,Support for UKIP is just growing because people are sick of the Tories and want to register protest.,Nigel Farage will tell activists at their spring conference later that the party has an appeal beyond disaffected Conservative voters.,0,Attack,B,1,0,,
2503,The International Criminal Court should be recognised,The ICC generates crippling expenses,0,Attack,B,1,0,,
2046, how com everyone here is bickering try the flood, two darwinists spent hours standing at a flag pole trying to find the height of it,1,Support,B,1,0,,
2574,animal kingdom is better than the town and winters bonei have just seen animal kingdom and wow what an awesome movie it was,i just watched last night and id have to disagree the leads performance in winters bone is on a completely different level,0,Attack,B,1,0,,
2008, then again i often wondered as a child why and how the whole universe was created in the first place, evidence indicating intelligent design is abundant and overwhelming,1,Support,B,0,1,,
2442,We should fear the power of government over the internet,Internet regulation is an attempt by big interest groups to regulate the internet in their favour,1,Support,B,1,0,,
955,the question is somewhat meaningless because you can believe that we were created by design and still conclude that intelligent design as proposed by the discovery institute and its fellows  is a scientifically vacuous concept,all too often the terms of this debate dont get defined,0,Attack,B,1,0,,
2582,i remember being underwhelmed when this first came out but enough time had passed when i caught it on tv so perhaps i had just been in the wrong mood back then maybe this time ill enjoy it but no,this film is totally vacuous and the plot is unbelievable no way could everyone become infertile and if they did no way could one fertile woman save the planet,1,Support,B,0,1,,
840,"I don't think most people realise the benefits of free trade at all, and UKIP capitalise on peoples ignorance of the benefits of free trade as much as they can.","They say it would lead to legislative gridlock, a failure of the single market and an end to free trade as national parliaments adopted protectionist policies across the union.",1,Support,B,1,0,,
272,UKIP are a joke outfit full of small-minded Neanderthals who think the 1950s are the future.,"We have really connected with voters in this constituency, Farage told the BBC.",0,Attack,B,0,1,,
1141,beheif scientific merit is judged by the correspondence between theory and physical reality then the theory of intelligent design rates very strongly,the physical reality to which behe so proudly points is a stylized cartoon of reality,1,Support,B,1,0,,
2170,i do not seem to get the punchline maybe it is meant to be nonsensical,yes oddly the picture makes as much sense as most creationists ,1,Support,B,0,1,,
2320,usually the best city in every country is the capital so i would go for madrid ,i have never been there but a friend of mine went last summer and she said that madrid is really wonderful,1,Support,B,0,1,,
1792,therefore evolution has not been scientifically proven,i agreed with you up until reasonable doubt,0,Attack,B,0,1,,
2337,or cycle,perhaps a marathon,1,Support,B,0,1,,
1735,doctrines such as original sin substitutionary atonement and the trinity are very well described in the bible,first of all i have no presupposed attitude,0,Attack,B,0,1,,
1111,so we detect design by inferring that some parts appear to have been arranged for a purpose,in order to have purposefulness and intentionality you need selfawareness,1,Support,B,1,0,,
2426,European Parliament elections should involve only one voting district all of Europe and not separate country seats,This rationalises an irrational system,1,Support,B,1,0,,
1789,oh boy here we go again,i could argue the many reasons i dont believe in creationism but i would never be able to end my list,1,Support,B,1,0,,
1032,how does science explain information in life versus intelligent design proponents and why do id proponents misrepresent science when describing for instance neodarwinismcasey luskin writesproponents of neodarwinism contend that the information in life arose via purposeless blind and unguided processes,taxiboundi must say that pvm has a way with words,1,Support,B,0,1,,
1889,ignorance of terminology,a theory as the word is used by scientists is a detailed description of some aspect of the universes workings that is based on longcontinued observation and where possible experiment that is the result of careful reasoning from those oservations and experiments and that has survived the critical studies of scientists generally,1,Support,B,1,0,,
1806,maths is the only branch of science that offers  proof of its arguments,for macroevolution theory to be valid laws of nature that are generally accepted as true and standard must be repeatedly denied,0,Attack,B,1,0,,
1760,i wish i could express my support for your comment more fully,not only do i think the young earth creationists are wrong in their opinions i think their teachings should be regarded as blasphemous to god himself,1,Support,B,1,0,,
1691,the scripture is silent as to which locale in the spacetime continuum the author of the account was measuring time from on the first day of creation,one thing for sure time was and continues to be passing differently in different parts of the universe,1,Support,B,0,1,,
728,"Ukip has British values, wants to get British industry kick started back to the fore front again, become more self-sufficient.","He also warned that if a proposed referendum led to the UK leaving the EU, there would be dire consequences for the country's global influence.",0,Attack,B,1,0,,
1555,its not that cut and dried,its not that cut and dried,0,Attack,B,0,1,,
1833,just like pluto orbiting the sun completely and gravity theyre theories but in the scientific way of using the word,aha exactly and we now know that pluto is a planetoid not a planet,0,Attack,B,0,1,,
971,i recently read that after careful study the backwards wiring is essential,if you are going to comment on something in   science   you need to back it up with actual data,0,Attack,B,1,0,,
1592,most of those heavy gasses were filtered out of the atmosphere before life had even emerged and the atmosphere was changed to oxygen long before plants evolved,i had always been taught it was the plants,1,Support,B,1,0,,
1590,while i have my own reasons for believing he did that my personal opinions regarding   religion   are a bit outside of the mainstream so im not going to discuss them,very interesting summary,1,Support,B,0,1,,
1630,my answers to your questions are ,answers in genesis avoids doing the one thing that might actually lead them to understand the biblical text studying genuine uptodate biblical scholarship that reflects a genuine desire to understand the text rather than impose ones predetermined conclusions on it,1,Support,B,0,1,,
1033,taxiboundi must say that pvm has a way with words,from mr,1,Support,B,0,1,,
1344,this is one of the things wesley cites to bolster his case  httpvangogh,so tj you seem to have made quite a few foolish arguments how familiar are you with augustinetj  well i know that he believed the earth was created instantaneously not progressively and was according to scripture less than  years old,1,Support,B,1,0,,
1621,no it means that the word of god is internally consistentnonsense,the bible is no more self authenticating then any other irrational fantasy,1,Support,B,0,1,,
1668,what do you think,was the earth created in six days or six thousand years  all evidence points to a accretion of material over the course of millions of years several starting around  billion years ago,0,Attack,B,1,0,,
2538,We should allow voting at 16 in European Parliament elections,This would be a slippery slope to forcing all countries to allow the vote at sixteen for all votes,0,Attack,B,1,0,,
150,"I don't see UKIP as being far right, they're just further right than the rest who have congregated arund the middle ground.",The decision to push ahead with the legalisation of same sex marriage met furious opposition from religious groups and some of Mr Cameron's own MPs.,1,Support,B,0,1,,
83,Many racists and especially xenophobes find the UKIP message appealing.,A UKIP candidate in Somerset was suspended from the party on Tuesday after a photo of him apparently making a Nazi-style salute appeared on his Facebook page.,1,Support,B,0,1,,
137,The reason why UKIP has gained so many votes is because the main parties refuse to deal with immigration and the EU.,"He also suggested that UKIP might get its first seats in the UK Parliament at the general election in 2015, and argued it was not just taking votes from the right wing of British politics.",1,Support,B,1,0,,
1037,i grant your point sir,i appreciate your contributions as they provide an independent view into why so many have come to accept the scientific vacuity of id,1,Support,B,0,1,,
1613,i actively attend the origins conferences hosted by a variety of different organizations including christian universities reasons to believe and most recently the skeptic society,have you been to the icr facility to watch their presentationicr teaches hilarious nonsense,1,Support,B,1,0,,
871,"If UKIP took all their anti-establishment guff and turned it on the banks and financial institutions then they would have more legitimacy, but instead they turn on Polish and Roma fruit pickers who do unskilled work for minimum wage.","Speaking on Wednesday, the deputy prime minister said he was very surprised to see vans driving aimlessly around north London telling illegal immigrants to go home, and that they were not a very clever way of tackling the issue.",1,Support,B,1,0,,
2243,the greek islands have a few of the most beautiful beaches in the world i highly recommend visiting corfu and santorini,santorini is very beautiful but the waters there are very cold i recommend cyprus instead,0,Attack,B,1,0,,
2576,animal kingdom is better than the town and winters bonei have just seen animal kingdom and wow what an awesome movie it was,i totally agree animal kingdom to me was the best movie of the year,1,Support,B,0,1,,
1029,satan is sure behind all of these things,thats classy,1,Support,B,1,0,,
1623,some foolish men declare that a creator made the world,what is it with people like you  was the bible the first book you read and then you quit reading anything else can you defend your position without reference to the bible do you have any evidence yes evidence from another source that shows the bible is the word of god and not just a collection of books selected by the vatican to support a particular viewpoint why do you find it easier to believe in some all powerful supernatural creator that is eternal than a natural universe that is eternal is it possible to prove without reference to your book that god exists or does not exist  probably not,0,Attack,B,1,0,,
969,if youre tired of debating pandas fine,if intelligent design is a valid scientific concept why is it that we have examples of idiotic design in so many organism including vertbrates all their eyes are wired backwards making their retinas vulnerable to damage,0,Attack,B,1,0,,
247,"I think Farage makes a much better leader than any of the other parties, he's full of enthusiasm and is not a PR man like the current leaders of the 3 main parties.",Farage insisted that leading a serious party did not mean becoming a cardboard cut out politician and that he would maintain his fervour.,1,Support,B,0,1,,
1758,the history of the bible including its compilation by the early church is quite well known,i didnt realize how crazy some people were,1,Support,B,1,0,,
1287,could it be that you are biased against   religion   because i hate to break it to you but   christians   believe that the world is round so does that mean you disagree your foundation should be on whether or not your point of view is provable and truthful,because i hate to break it to you but   christians   believe that the world is round so does that mean you disagreebut is a round earth inherently a christian positionalso pagans believe that the earth is round as well,0,Attack,B,0,1,,
1990, this is pure ignorance, i really do not know where to start with this one at the time of writing this response apparently evolution is incorrect,1,Support,B,1,0,,
160,"UKIP appeal to the 'working class' and many of the those who have not bothered voting for a long time, come the general election it won't just be the Tories who feel the hit.","Before her appearance on I'm a Celebrity, Ms Dorries annoyed senior figures in her party when she said UKIP was run by arrogant posh boys.",0,Attack,B,0,1,,
2103,how despite centuries of artificial breeding and decades of experiments no one has ever observed one species turn into another speciation,out and out lie there is really no other way to put this,0,Attack,B,1,0,,
525,"In UKIP, we have a new political force which looks likely to poll very well in a national election on thursday.","More people were considering voting for UKIP at a general election than ever before, he suggested, and this current poll surge was different from previous spikes in support which were linked to European elections.",1,Support,B,0,1,,
802,"If we leave the EU we will save billions of pounds which can then be invested in our ailing national infrastructure, notably the NHS.",The committee said the EU had helped to transform Europe from a continent of war to a continent of peace.,0,Attack,B,1,0,,
2131,then you have mutations which are all either neutral or deleterious,wrong again some are beneficial is this another failure to grasp the basics or another misrepresentation,0,Attack,B,1,0,,
1112,in order to have purposefulness and intentionality you need selfawareness,in fact behes claim is either tautological or it is wrong,0,Attack,B,1,0,,
1240,for years now the intelligent design proponents and the discovery institute have been working the catholic angle getting some of its cardinals into trouble,if the catholic church says it it has just gotta be true,0,Attack,B,0,1,,
924,archfilejockey quoted kent hovind as saying asking an atheist why he cant find god is like asking a thief why he cant find a police officer,einsteins quotes are not supportive of id he was talking about the fabric of the universe not the means by which species evolve,1,Support,B,1,0,,
1809,yesit has been proved we live in a sciencefi world and if we dont believe in science it is foolishness,evolution is basically common sense once you put down your bible and get out of the church,1,Support,B,0,1,,
56,"If UKIP want to retain these voters and attract more in a general election then they need to come up with policies other than ""leave the EU"" and ""its all the immigrants fault"".",Mr Farage - who was re-elected leader last year - has made improving the party's performance in local elections and broadening their policies a priority.,0,Attack,B,0,1,,
1939, yes i believe evolution is wrong, on what day did god make the fossils  very simplistic yes it is,1,Support,B,1,0,,
1441,its not about believing in id many people have come to accept by faith the existence of a god but rather that scientists do not believe that id has much of anything to offer scientifically speaking,creationism has more solid evidence than   evolution   does,0,Attack,B,1,0,,
811,Plenty of survey's have shown UKIP to be the most hated of the main parties.,"Explaining his decision to swap sides, Mr Campbell Bannerman - MEP for the East of England - said UKIP had become obsessed with single issue politics, internal fighting and shouting from the sidelines.",1,Support,B,0,1,,
937,your cites are worthless as defenses of your claims behe  dembski define id as an absence of science  what pages  what wordsdo you really think thats a clever proof of anything  you are not being very honest here pvm,i am not sure why highlander accuses me of not being honest when i provide the information and my explanation,0,Attack,B,1,0,,
1776,scientific subjects such as the creation and development of the universe arent really democratic topics,to me i do not see us evolving even if it takes forever it still does not show,0,Attack,B,0,1,,
2363,undergrads contribute to research,yes and urop is great,1,Support,B,0,1,,
1662,it is unfortuanate that creationists cannot be persuaded by facts,kent hovind is where he belongs  both of his ministries creation science evangelism and his dinosaur theme park were forprofit organizations,1,Support,B,0,1,,
2380,nuclear energy is the most efficient once all potential hazards are eliminated,zero co emissions and can now be produced much safer than previous generations,1,Support,B,0,1,,
1843,you say the bible is the only proof of creationism,actully uncomplext compunds bonded to geather to create chemicals and very very uncomplect cell fragments that then banded to geather with otherthings for survival and formed the first very simple cells that then became more complext,0,Attack,B,1,0,,
899,preventing the teaching of creationism violates freedom of religion,biology can be studied in a creationist context,1,Support,B,1,0,,
67,Hopefully we will see our first UKIP MP before the general elections next year.,It will be a very comfortable win for Labour who can secure over 50% of the vote.,0,Attack,B,1,0,,
1299,bowmanid addresses evidences for designed structures mechanisms and synergistic systems in biology,even the antiidists require something beyond nature to explain the origin of nature,0,Attack,B,1,0,,
1429,instead of a bolt of lightning hitting a pool of   chemicals   and making a cell pop outwhere did i say thatit was most likely a slow process taking place along the ancient shores,where did i say thatit was livvy that originally said it,0,Attack,B,1,0,,
79,"I don't necessarily think Nigel Farage is worthy of PM, I think they need a new leader.","The party's leader, Nigel Farage, has hailed early gains in council elections across England as remarkable for the party; UKIP has won 42 seats so far and is averaging 26% of the vote in the wards where it is standing.",0,Attack,B,1,0,,
983,the expansion of the universe is biblically supported,so if the bible can be used as a source for scientific discovery or guidance then what else in there can be demonstrated to be true scientifically  by what process did god stretch out the heavens where does god get the   energy   to do so,0,Attack,B,1,0,,
1515,that luskin accuses the ncse of rewriting history and law when both clearly established the evolution of creationists via cdesign proponentsists to design proponents,whats a darwinist can someone who says that the other side is mishandling terms really afford to label someone as darwinist i neither worship darwin nor accept his writings as absolute truth,1,Support,B,0,1,,
1775,yeah thats kinda true,scientific subjects such as the creation and development of the universe arent really democratic topics,0,Attack,B,0,1,,
415,A forensic examination of UKIP's policies would nail once and for all the Establishment lie that they're a bunch of swivel-eyed racists and sexists.,But UKIP MEP Godfrey Bloom told the same event he and party leader leader Nigel Farage wanted an invitation to a bunga bunga party hosted by former Italian prime minister Silvio Berlusconi.,0,Attack,B,1,0,,
1861,aristotle socrates and plato,that if you look into all beliefs and theories you will find a flawthis is very true for almost all theories,1,Support,B,0,1,,
2539,We should allow voting at 16 in European Parliament elections,This would complicate elections,0,Attack,B,1,0,,
111,"If you want an insight into just how mad and bad UKIP are, go and read what their members, candidates and supporters write on the Telegraph.",He told the BBC that UKIP had leapfrogged the Lib Dems in some opinion polls and the public wantedrespected UKIP as a genuine party.,0,Attack,B,1,0,,
2641,this film is easily one of the best movies ive ever seen yes it is pretty easy to guess the ending but it still wasnt ruined by that fact it is a work of art it is rewatchable,i completely agree with the op i have just seen this movie and was really blown away by the beauty of it i think ill be rewatching it again real soon,1,Support,B,0,1,,
1348,i will address the post by americans united for separation of church and state here and then address the question of constitutionality in another post,in my previous post i discussed by the auscss arguments were flawedboth factually and logically,1,Support,B,0,1,,
2405,I prefer trade to aid,Trade provides developing countries with an important basis for their own improvement,1,Support,B,0,1,,
2445,We should fear the power of government over the internet,Internet regulation is necessary to ensure a working economy on the internet,0,Attack,B,1,0,,
2044, it is only belief, youre right there isnt a shred of positive evidence for creationism and creationists dont even try,1,Support,B,0,1,,
69,If UKIP is really the best our country can do for an alternative then we are all doomed.,"Europe had in the last few years become a huge issue due to the euro crisis and the bailouts, said Mr Helmer, and UKIP is making people aware of this.",0,Attack,B,0,1,,
2342,limassol no doubt about it it has the most beautiful beaches and the most fun places to visit,fresh fish cafes beautiful people carnival wine festival and more,1,Support,B,0,1,,
677,UKIP doesn't need to win power to force the changes people want.,"According to the Daily Telegraph, Mr Farage suggested to Mr Murdoch at the meal that he would form an electoral pact with the Conservatives if David Cameron stood down as leader.",1,Support,B,1,0,,
1545,the order of events in genesis i agree with   science  ,certainly there is value in the documents from which human culture has derived the christian bible the value of which is to be determined individually by the reader,1,Support,B,1,0,,
48,The success Ukip had in the european elections will be sufficient to galvanise one or preferably all the other parties to rid us of the EU's political influence.,"The Green Party, so often the fourth contender in local election races, now faces a very serious rival for that spot in UKIP.",1,Support,B,1,0,,
661,UKIP's sole aim at the general election is to get a smallish number of MPs elected but enough to hold the balance of power and do a deal with the Tories.,He also said he would consider a electoral pact with another party if it meant moving closer to leaving the EU.,1,Support,B,0,1,,
1413,who the designer is has nothing to do with it and everyone knows that,tjwho the designer is has nothing to do with id theory and everyone knows that,0,Attack,B,0,1,,
356,Ukip are doing well for the very simple reason folk have at last realized that they are being lied to by LibLabCon and now have somewhere else to go.,"We've seen the deficit coming down, we've seen economic recovery gathering pace and we're making a good deal of progress, and this is thanks to the government.",0,Attack,B,1,0,,
1107,michael behe may be best known for his book darwins black box and to a lesser extent its sequel the edge of evolution,in his latest book edge of evolution behe attempts to define this edge by pointing to malaria as an example of a designed system in which according to behe two simultaneous mutations are required and given the estimated probabilities of  in  this may be quite unlikely,1,Support,B,0,1,,
2400,We should ban religious symbols in public buildings,Banning religious symbols is just a way of unfairly targeting people,0,Attack,B,1,0,,
253,"If UKIP have a good general election and manage to take a few seats then that can only benefit Labour, because all of the seats that UKIP can possibly, conceivably win - well they are all Tory seats.","The anti-European Union party is hoping to win the most seats in the contest, building on its strong poll ratings and success in last year's local elections.",1,Support,B,1,0,,
2054,what is a repeatable experiment is made meaningless,what does this have to do with what you started out with can you not at least pick a topic and stick with it,0,Attack,B,1,0,,
26,It is because of UKIP that we are finally discussing the European question and about immigration and thank goodness for that.,"UKIP gained 136 county councillors in England's local elections, with the Lib Dems losing 106.",1,Support,B,0,1,,
146,"The People's Army is on the march and UKIP will get Britain back from the Liblabcon, Establishment and MSM political abusers of our country.",Mr Farage said it was very important that UKIP gets a voice in Westminster.,1,Support,B,0,1,,
2488,The US should ban cluster bombs,Cluster Bombs Have Significant Strategic Value,0,Attack,B,1,0,,
1733,in genesis we have no reason to believe that one day meant any more than one day today,if scientific inquiry has shown conclusively that genesis is at best allegorical then christians should reconsider beliefs that presume a historical interpretation of eden,1,Support,B,1,0,,
2443,We should fear the power of government over the internet,Internet regulation is necessary to ensure a safe internet,0,Attack,B,1,0,,
2465,We should promote democratisation,Democracy is a universal value which is not specific to western world and so should not be reserved as a privilege for those who happen to be born there,1,Support,B,0,1,,
807,"Ukip is the only party advocating withdrawal from the failing EU, a sensible idea for a lot of people!",UKIP said leaving the EU was the only way to fully take control of the UK's borders.,1,Support,B,0,1,,
546,"The ratio of nutters in UKIP is far higher than in other parties, especially so since they seem determined to take all the Tories' fruitcakes off them.",Farage admitted the party had not had time to properly vet all of its new recruits and he was forced to suspend a handful of them following newspaper reports of alleged racist comments.,1,Support,B,0,1,,
1132,is a common creationist position which misunderstand that most mutations are mostly neutral few are strongly detrimental and some are beneficial,i apologize for using misleading wording,1,Support,B,0,1,,
1014,theism is a belief in gods,forgot that atheism isnt a religion and if i say otherwise people will apologetically insist im wrong,0,Attack,B,0,1,,
2452,The voting age should be lowered to sixteen years,Young people would be more likely to misuse their vote,0,Attack,B,1,0,,
703,Plenty of survey's have shown UKIP to be the most hated of the main parties.,UKIP says it is campaigning on a pro democracy message - aiming to rejuvenate local politics.,0,Attack,B,1,0,,
1450,jim,jimfinally i just want to say that it appears to me that statements made against id and their proponents  made by others not you  regarding id has been so emotionally charged it makes me feel their judgment is affected,1,Support,B,0,1,,
