orig_idx,arg1,arg2,support [true value],support_label,strategy,pred_attack,pred_support,pred_neither,pred_relevance
2561,Governments should be allowed to disrupt Internet service on grounds of national security,The internet is a threat to public safety,1,Support,A,0,,,
1762,quite so well as christians themselves,the christian faith is a mockery to humankind,1,Support,A,1,,,
2197,surely the theory of evolution cannot predict whether a species is extinct or not,you are correct that fossil species have gone extinct is an observation,1,Support,A,0,,,
2581,i remember being underwhelmed when this first came out but enough time had passed when i caught it on tv so perhaps i had just been in the wrong mood back then maybe this time ill enjoy it but no,brilliant film disliked by people with no imagination,0,Attack,A,1,,,
714,People are not voting for UKIP because of immigration propaganda but because of their direct experience of immigration.,"UKIP's two biggest policy themes - withdrawal from the European Union and the impact of immigration - enjoy a prominence in mainstream political debate never seen before, our correspondent adds.",1,Support,A,0,,,
1330,the congressional report comes from the similar sources that have denied the existence or problems of global warming as well,eventually they the smithsonian higherups determined that they could not terminate you sternberg for cause and they were not going to make you a martyr by firing you for publishing a paper on id,1,Support,A,0,,,
1037,i grant your point sir,i appreciate your contributions as they provide an independent view into why so many have come to accept the scientific vacuity of id,1,Support,A,1,,,
2545,We should force think tanks to reveal all of their sources for resource funding,Think tanks may become smoke screens for criminal groups,1,Support,A,0,,,
1556,its not that cut and dried,look at it like this,0,Attack,A,0,,,
2570,im not saying its a bad movie but its no where near as special as it has been made out to be,the pacing can be slow at times but overall watch it again and think about it yeah this film is pretty awesome is what will come to mind,0,Attack,A,1,,,
2432,European Parliament elections should involve only one voting district all of Europe and not separate country seats,Some countries may be left without representation,0,Attack,A,1,,,
2267,nowadays you ca not find food that is  percent healthy and natural stories do not really make me change my habits just make me hesitate sometimes,but you can find food that is  percent unhealthy and unnatural,0,Attack,A,0,,,
1465,id may assert but as a science their contributions remain largely with content,remember the question we are addressing is  does id have merit  i have explained why i think it does,0,Attack,A,1,,,
266,The more the 'mainstream' parties smear and lie about UKIP the more their support rises.,"UKIP recorded their best ever Westminster election performance and brought humiliation to the Conservative candidate, in the process triggering a debate within the party about how to deal with their rivals.",1,Support,A,0,,,
2118,what is wrong with god being the explanation for the unexplainable comfort for those afraid of death and the meaning for life,well nothing other than the fact that i do not believe it to be true,0,Attack,A,1,,,
349,The only reason we are even having a sensible debate about Europe are UKIP.,A UKIP candidate in Somerset has been suspended from the party after photos of him apparently making a Nazi-style salute appeared on his Facebook page.,0,Attack,A,1,,,
44,"I sense that Farage is a total megalomaniac, a charlatan, someone who is in it for the attention and the glory and that in a strange way, that many UKIP voters know this but don't seem to mind.",Nigel Farage understood people want us to do even more for hard-working people.,0,Attack,A,1,,,
330,"If UKIP want to retain these voters and attract more in a general election then they need to come up with policies other than ""leave the EU"" and ""its all the immigrants fault"".",There's more to UKIP than our policy of wanting to withdraw from the European Union and we will show that.,0,Attack,A,1,,,
1915, look there is no proof that god or any thing in the bible existed where as there is proof to suggest that we are related to monkeys as we have the same arm structure and the same bioorganisms, its impossible to argue with you people,1,Support,A,1,,,
999,on pandasthumb nick matzke whose contributions to dover v kitzmiller were instrumental in the stunning defeat of intelligent design and whose contributions to exposing the fallacies in behes arguments as well as the extent of ignorance of science amongst id proponents has caused much concern amongst id proponents so much that in general they have chosen to pretend in a typical creationist fashion that matzkes arguments do not exist,i read the entire article,0,Attack,A,0,,,
882, evolution is unobserved it is an unproven theory  the term evolution can describe a number of things some of which are directly observable while others are not,the theory of evolution is not falsifiable,1,Support,A,1,,,
184,Only an idiot would think a UKIP win would result in withdrawal from the EU the day after.,"If you want to have a managed migration policy, you cannot remain a member of the European Union.",0,Attack,A,1,,,
329,Cameron had it right and UKIP could tip the balance towards Labour in the crucial marginal seats in the GE where the battle will take place .,"In a letter to the Daily Telegraph, which first highlighted his blog posts, Cameron gives a further defence of his views.",1,Support,A,0,,,
65,The more the 'mainstream' parties smear and lie about UKIP the more their support rises.,UKIP leader Nigel Farage said politics has changed a lot since 2010 and excluding his party would probably give us the benefit of the underdog.,1,Support,A,0,,,
2322,usually the best city in every country is the capital so i would go for madrid ,i would love to go there as well,1,Support,A,0,,,
1186,ac grayling responds to steve fullers defence of his book dissent over descent,i agree  one of the main purposes of science is to discover truth or should be anyway,0,Attack,A,0,,,
1292,caseyeven the widelytouted theistic evolutionary biologist kenneth miller has claimed in five editions of his popular high school biology textbooks that the implication of evolution is that it works without either plan or purpose and is random and undirected,pandasthumb also explored these accusations    httpwww,1,Support,A,0,,,
736,It is because of UKIP that we are finally discussing the European question and about immigration and thank goodness for that.,Sir Menzies Campbell suggested the government was worried about a political backlash amid public concerns about immigration levels in general.,1,Support,A,0,,,
1722,the young earth creationist dogma demands that the obvious features of the earths geology can not exist,you didnt read this  creation ex nihilo and the earth  did you,0,Attack,A,1,,,
1831,its all a theory,if man evolved from apes then why is there still apes to evolve is to change and the ape didnt,1,Support,A,1,,,
238,"I don't see UKIP as being far right, they're just further right than the rest who have congregated arund the middle ground.","The whole political scene is changing; it's changing because of the strength of UKIP, and I'm pleased about that.",1,Support,A,0,,,
415,A forensic examination of UKIP's policies would nail once and for all the Establishment lie that they're a bunch of swivel-eyed racists and sexists.,But UKIP MEP Godfrey Bloom told the same event he and party leader leader Nigel Farage wanted an invitation to a bunga bunga party hosted by former Italian prime minister Silvio Berlusconi.,0,Attack,A,1,,,
1219,the argument always had intuitive plausibility,you gave  claims of intelligent design intelligent agents sometimes leave traces of their activity behind like fingerprints on evidence,0,Attack,A,0,,,
2192,probably bought with our taxpayer dollars and that is why jimmie carter got awarded one too,i think you are on to some thing there,1,Support,A,0,,,
189,People are not voting for UKIP because of immigration propaganda but because of their direct experience of immigration.,"Isolating Britain and damaging Britain's reputation is not the right history to write, he said.",0,Attack,A,0,,,
1766,in a literal translation genesis  and  state that god created the heavens and the earth in six days,as has already been covered,0,Attack,A,1,,,
2299,i have had some bad experience with the reliability of samsung products,i am really satisfied with my samsung television and i did not have any problems until now it has the best image quality and great customer support,0,Attack,A,1,,,
272,UKIP are a joke outfit full of small-minded Neanderthals who think the 1950s are the future.,"We have really connected with voters in this constituency, Farage told the BBC.",0,Attack,A,0,,,
335,Big business will not support UKIP given the devastation that withdrawal from the EU would cause.,"We simply cannot go to the British people and say to them support the European Union, we are going to reform it in the future.",0,Attack,A,1,,,
1637,one of the major problems that we all have in fact its the same problem adam and eve had in the garden of eden is that we tend to start from outside gods word and then go to what god has written in the bible orin adams casewhat god forbade him to do to try to interpret it on the basis of our own preset ideas,i dont see what is so hard about it,0,Attack,A,1,,,
903,teaching creationism is in no way akin to child abuse,attempts to teach the creationismevolution controversy to students are disingenuous promotions of activist christians,0,Attack,A,1,,,
1319,there is nothing wrong with asking someone to disprove a negative that is with asking someone to provide evidence contrary to a claim,casey luskinfirst the ayn rand institutes arguments offend the first amendments protections on religious freedom scientists have freedom of religion and their scientific views should not be disqualified due to their alleged religious motives or beliefs,0,Attack,A,0,,,
1612,which do you believe they are after all both based on books written by men,i actively attend the origins conferences hosted by a variety of different organizations including christian universities reasons to believe and most recently the skeptic society,1,Support,A,0,,,
1122,hilarious,but what about your opinion on idid is ridiculously and obviously not   science  ,0,Attack,A,1,,,
855,The people and media that are criticising UKIP are highlighting the genuine concerns about UKIP and their policies towards immigrants.,The Bulgarian President Rosen Plevneliev has warned that Britain's immigration policy could harm its image as a great global power that pioneered integration.,1,Support,A,0,,,
1679,if the sevenday week is relevant shouldnt the names of the days be relevant as well specifically the days named after pagan godsodins day thors day freyas day etc,human beings added names to the days of week they were originally and simply numbers,0,Attack,A,1,,,
537,"In UKIP, we have a new political force which looks likely to poll very well in a national election on thursday.","Mr Farage, speaking to the BBC's Len Tingle, said the election result represented significant progress.",1,Support,A,0,,,
1696,your argument breaks down if your audience rejects the notion that adam was created ex nihilo with the appearance of age,with all due respects here is my bottom line though i run the risk of being arrogan and closedminded i only write for the judeochristian world view,0,Attack,A,0,,,
1044,casey luskin knows how to use impressive multisyllabic words to suggest that hes intelligent,all human design and resulting construction starts with what exists a designer and things entities,1,Support,A,0,,,
1793,i agreed with you up until reasonable doubt,therefore your usurpation of supposed assumption of stated opinion cannot be proven or supported by evidence but is not substantial enough to answer the question specifically,1,Support,A,0,,,
1083,this whole argument is just using flaws in our definitions,needless to say even id proponents have come to realize that id is lacking scientifically speakingfor instance young earth creationist philosopher and id proponent paul nelson is on the record as saying easily the biggest challenge facing the id community is to develop a fullfledged theory of biological design,1,Support,A,1,,,
2626,as far as acting and cinematography go this film was great but the content and plot were horrible,it was not made to be just a family movie it was also meant to be serious movie with a mix of realism and fantasy combined for mature viewers most specially that what makes the movie special,0,Attack,A,1,,,
722,"Arguably, UKIP & co. aspire to destroy the culture created in Europe after WWII, which has been based on openness, free travel, migration and cross-geographic access to goods and labour markets.","I was delighted to cast my vote for [UKIP leader] Nigel Farage's team in Sussex, where I live, said Lynam.",0,Attack,A,1,,,
2605,you are right it should be a nine stars hands down,agreed i thought this was a hell of a movie,1,Support,A,0,,,
1012,i really have to give the antiiders credit you have a lot of faith,while in science you cannot prove or falsify the existence of god and id doesnt change that i agree that when it comes to blind faith dawkins and pz myers are guilty of the same thing,1,Support,A,0,,,
1876,evolution has not been proven,there is no actual absolute proof of evolution as some of the people here have stated,1,Support,A,0,,,
1520,islandno as i said they are typically by law strictly prohibitive of id creationism which is a huge difference that you dont want to willingly acknowledge,the national center for science education has a good reason to be concerned about intelligent design,1,Support,A,1,,,
1632,i would like your oppinion of my remarks    httpwww,obviously you havent done much reading on the aig website,0,Attack,A,1,,,
745,"I don't think most people realise the benefits of free trade at all, and UKIP capitalise on peoples ignorance of the benefits of free trade as much as they can.","UKIP says there should still be a free trade agreement with other European countries, without the existing political links.",0,Attack,A,1,,,
1713,the fact that we do not know i believe only gives more power to godyes  our ignorance proves that there is a god  or maybe not,imagine you found a grain of rice and you wanted to measure its length,1,Support,A,0,,,
2271,not london for sure,why not london has it all culture fun exhibitions parks what more do you want,0,Attack,A,1,,,
1407,daveis there credible scientific evidence that life was designed yes,as to the ncse not wanting to discuss somehow i see few id proponents on this group and behe seems to have ignored matzkes excellent critiques,0,Attack,A,0,,,
1731,are we really arrogant enough to think that a day to us equals a day to god the thing is the bible never says how long a day is,in genesis we have no reason to believe that one day meant any more than one day today,0,Attack,A,1,,,
32,"If UKIP have a good general election and manage to take a few seats then that can only benefit Labour, because all of the seats that UKIP can possibly, conceivably win - well they are all Tory seats.","The United Kingdom Independence Party (UKIP) is now a significant contributory factor in costing the Conservative Party victories in marginal seats, his report says.",1,Support,A,1,,,
1947, i am going to borrow from churchill, i believe evolution is correct and whats up with this lack of understanding that evolution is a sloooooooow process       with the making everything is  days and resting on the seventh  which conveniently happens to be a week,1,Support,A,0,,,
1092,i assert that they have been heard and their arguments have been refuted and thus they are legitimately ignored until they come up with some actual scientific evidence and arguments,if theres something on    evolution    news its irrelevant to intelligent design andor distorted beyond all scientific recognition,0,Attack,A,0,,,
164,A forensic examination of UKIP's policies would nail once and for all the Establishment lie that they're a bunch of swivel-eyed racists.,"When initially questioned over his comments, Mr Bloom told BBC News it would be absurd and ridiculous to label UKIP racist.",1,Support,A,0,,,
277,"Much of UKIP's meteoric rise has to do with political correctness, and the fact that ordinary people are sick of it.","While UKIP is on the rise the Conservatives have lost more than 300 councillors and the Lib Dems, more than a hundred.",1,Support,A,1,,,
438,"Europe is no longer fit for purpose and we'd do better to be out than in, plus save a whole load of cash.","Mr Cameron also said he did not think it would be right for Britain - or in the national interest - to leave the EU entirely, pointing out that some 50% of nation's trade was with the EU.",0,Attack,A,1,,,
2200,come on it is andy schlafly what do you expect from the spawn of phyllis,oh that explains a lot i actually forgot who she was had to google the name,1,Support,A,1,,,
1579,which one is it,k ,0,Attack,A,0,,,
278,"My observation is that UKIP often are reluctant to directly answer any questions of substance, which can be accounted for by the fact that they really have no policies.",Farage insisted his party was not a pressure group and demanded action to simplify the tax system.,0,Attack,A,1,,,
1490,you still have yet to provide any passages within pandas which state that god is directly implicated saying that the fte is religious therefore so is pandas,why should god be directly implicated when it looks like a duck smells like a duck walks like a duck,0,Attack,A,0,,,
1614,have you been to the icr facility to watch their presentationicr teaches hilarious nonsense,are they any less a scientist because they use   science   and their   education   to prove that evolution is falsethey are not scientists because their evidence is false,1,Support,A,1,,,
1991, i really do not know where to start with this one at the time of writing this response apparently evolution is incorrect, has anyone got a more rational explanation,1,Support,A,1,,,
2387,it should be blue,blue is a good colour,1,Support,A,0,,,
1320,casey luskinfirst the ayn rand institutes arguments offend the first amendments protections on religious freedom scientists have freedom of religion and their scientific views should not be disqualified due to their alleged religious motives or beliefs,this objection highlights one of the problems with public education the government should not be in the position of deciding what people ought to believe about science anymore than they should decide what people ought to believe about religion,1,Support,A,0,,,
2418,We should grant politicians immunity from prosecution,The ability to prosecute politicians is the ultimate protection against the abuse of power,0,Attack,A,1,,,
220,"Any of the ""working class"" who believe UKIP will represent them have not read a UKIP manifesto!",UKIP says it is campaigning on a pro democracy message - aiming to rejuvenate local politics.,0,Attack,A,1,,,
1063,i was going to post a long reply discussing each quote in detail but i decided this was so much simpler,in fact the history of life shows a pattern of explosions where new fossil forms come into existence without any clear evolutionary precursors concurring with design theory that predicts that species might appear abruptly,1,Support,A,1,,,
1130,the only thing i take issue with in this argument is the comments about lenskis work with e,mr,1,Support,A,0,,,
1158,icdesign is suddenly not interested in hearing about science anymore, what features of the complexity of the cell points to intelligent design how does the complexity of the cell point to intelligent design these are the kinds of questions you should be answering with this argument,1,Support,A,1,,,
239,Big business will not support UKIP given the devastation that withdrawal from the EU would cause.,"YouGov polling guru Peter Kellner warned people around Ed Miliband, who were contemplating a referendum pledge, that it would be a foolish move.",1,Support,A,0,,,
2347,absolutely everybody knows about foursquare but nobody remembers gowalla they offered identical features and also launched on the same day same conference,well said,1,Support,A,0,,,
1576,some people see it as a day to the lord is a  years,isnt one of those choices objectively true,0,Attack,A,1,,,
512,"UKIP doesn't understand that young people are, by and large, progressive.","The UKIP leader also stated that the priority for Britain should be to have more united communities and better job prospects for young people, rather than the economic benefits that some believe immigration can bring.",0,Attack,A,1,,,
18,If UKIP is really the best our country can do for an alternative then we are all doomed.,UKIP Oxfordshire councillor David Silvester was suspended recently after he said in an interview that changing the law to allow gay people to marry had caused floods.,1,Support,A,1,,,
2512,I believe that opinion polls harm the democratic process,Opinion polls are a forum for public expression and should be protected,0,Attack,A,1,,,
1144,im sorry but this argument of design is apparent not real always make me scratch my head in bewilderment,it always has been and always will be impossible to have a design without a designer,0,Attack,A,1,,,
1683,what proof can you offer that right now we have reached the maximum limit of human knowledge  why is it at this moment that nothing more should be known why not  years ago or  years from nowi am not here to argue scripture on god because the bible tells us that the man who lacks wisdom says that there is no god psalm  verse you do realize that quoting from the bible only works when you are talking with christians,i am not an atheist and have no reason to debate with anyone concerning an eternal being who is greater than any of us,0,Attack,A,1,,,
918,island statesyou pretend like the appearance doesnt beg a real scientific question because you are overreacting to your perceived motivation of idists but not because you are thinking like an honest scientist would,you are missing the point the ad hominem is not that i did not understand your argument i can see why given your limited exposure to id you may have come to that conclusion,1,Support,A,0,,,
1744,it is only the closest science can come to explaining the origin of human existence and how things developed over timeyes,so would you say that the those in the bible lied about jesus doing miracles and god showing himself through signs or etc,1,Support,A,1,,,
1226,the only way that design could be detected in nature is if there were objects around that werent designed,and one of the reasons why id appears to be lousy theology but what the heck  i am sure iders can find yet another ad hoc explanation for this,1,Support,A,1,,,
1440,the ncses response to id is that about  scientist dont believe in id and you shouldnt either,its not about believing in id many people have come to accept by faith the existence of a god but rather that scientists do not believe that id has much of anything to offer scientifically speaking,0,Attack,A,0,,,
166,I think it's far too simplistic to argue all UKIP supporters are racist - there is a real groundswell against the political establishment which over the past 20 years or so has started to converge in terms of image and policies.,"On this, and many other matters, UKIP's views chime with mine and I am delighted to join the party which is fast becoming a real force in British politics.",1,Support,A,0,,,
588,A strong UKIP vote suggests there's a lot of the British public who aren't on board with the current set-up.,"Nobody below the age of 60 has ever had a chance to have a say on this issue, he said.",1,Support,A,0,,,
2368,apple no comparison there excellent quality longevity of hardware amazing support,also much smaller decrease in value over time compared to other laptops,1,Support,A,0,,,
819,"If we leave the EU we will save billions of pounds which can then be invested in our ailing national infrastructure, notably the NHS.",The Lib Dem leader also argued that being in the EU meant that we keep ourselves safer because we can go after cross-border crime and terrorism and that we can look after the environment in a way which we can't on our own.,0,Attack,A,1,,,
581,UKIP's proposals on membership in the EU and migrants are at best purely demagogic: they do not take into account facts and more general issues.,UKIP says it is campaigning on a pro democracy message - aiming to rejuvenate local politics.,0,Attack,A,1,,,
174,"The People's Army is on the march and UKIP will get Britain back from the Liblabcon, Establishment and MSM political abusers of our country.","UKIP, which campaigns for the UK to leave the European Union, said numbers had increased by more than 13,000 to about 32,500 in 2013.",1,Support,A,0,,,
444,"UKIP do not bear scrutiny either as a coherent policy offer or a group of potential ministers , they are an insurgent party of protest with one message.","Ahead of May's local elections, Conservative cabinet minister Ken Clarke dismissed UKIP as a protest party and a collection of clowns.",1,Support,A,0,,,
1405,is good science a liberal theme if you love true science you must be a liberalyou are in good company but remember that good science including evolutionary science knows no boundaries christians republicans democrats and independents all accept the facts of science of course given the historical link between evangelicals and republicans we do observe a stronger lack of understanding of science amongst some who also happen to be republicans but do not confuse cause and effect here,the national center for science education does not as its name implies promote and support science education in the united states in a general sense,0,Attack,A,1,,,
1743,yes i understand we didnt evolve from chimps from the position of   evolution   theory  and im sorry for saying it that way considering i truly dont want to encourage the misinformation and typical uninformed view,it is only the closest science can come to explaining the origin of human existence and how things developed over timeyes,0,Attack,A,0,,,
1187,i agree  one of the main purposes of science is to discover truth or should be anyway,seems to me like dawkins and weinberg were claiming that there is no evidence for design at least according to richards,0,Attack,A,1,,,
2495,I support the truth and reconciliation commission,The reconciliation process provides access to justice in post conflict states,1,Support,A,0,,,
231,A forensic examination of UKIP's policies would nail once and for all the Establishment lie that they're a bunch of swivel-eyed racists.,UKIP have just selected someone to run for Orpington as our potential MP and he's of Indonesian origin and Muslim.,1,Support,A,1,,,
798,"If UKIP don't like being smeared, then they need to stop smearing, stigmatising, and fear mongering about others.","UKIP appears to have struck a chord with many voters on the issue of immigration, campaigning against the relaxation of working restrictions on Bulgarians and Romanians due to come into force in January.",0,Attack,A,1,,,
1593,i had always been taught it was the plants,  httpeesc,1,Support,A,0,,,
2294,way too expensive for what you get the only advantage is maybe the long life battery but even this is now standard in other laptops too,apple is really overpriced and their keyboards are low quality also the macbook air is heated up quite easily and the macbook pro is too heavy,0,Attack,A,0,,,
161,"UKIP are just trying to stir up fear, using peoples fears and prejudice to gain votes so that they can get their snouts into the trough.","We can only stir it up because it is already there, red hot and seething against us.",0,Attack,A,1,,,
1055,so what using   intelligent design    is the purpose of the appendixid simply predicted that the appendix would have a function,do you know that there is a god youre  on this,0,Attack,A,0,,,
1990, this is pure ignorance, i really do not know where to start with this one at the time of writing this response apparently evolution is incorrect,1,Support,A,1,,,
1417,idnetthe writer of this piece is working for a salary,the catch is getting people who think id is an attempt at   theocracy   to agree with us,0,Attack,A,0,,,
1780,now creationism to me makes much more sense,ok so youre saying since youve never seen an ape which is the wrong animal again evolve into a human and never seen god create a human god wins this debate so just because we havent proven were from chimpanzees gives grounds to say god made us theres a huger spectrum out there,0,Attack,A,1,,,
393,The only reason we are even having a sensible debate about Europe are UKIP.,"The whole political scene is changing; it's changing because of the strength of UKIP, and I'm pleased about that.",1,Support,A,0,,,
154,The more the 'mainstream' parties smear and lie about UKIP the more their support rises.,UKIP leader Nigel Farage said his party was on a journey from a party of protest to a party of government.,1,Support,A,0,,,
1087,id has legal and educational merit because it is a bona fide scientific theory ,none of these promises have much relevance to id as a concept nor have few if any come to fruition,1,Support,A,1,,,
105,It's a protest vote because (most) people know that UKIP will never net in power.,It may actually tuen out to be a close-fought contest,0,Attack,A,1,,,
1328, lets see would these titles copied from the table of contents of the house of representatives report entitled intolerance and the politicization of science at the smithsonian back up you or me  ,have you read the original emails based on which the conclusions were madeyou do understand the meaning of a congressional report by the majority party dont you,0,Attack,A,1,,,
768,If anyone seriously thinks that UKIP will offer some kind of answer to our current problems then I think that they are going to be sadly disappointed.,"UKIP appears to have struck a chord with many voters on the issue of immigration, campaigning against the relaxation of working restrictions on Bulgarians and Romanians due to come into force in January.",0,Attack,A,1,,,
781,"UKIP's position is not reasonable, but racists and proto-fascist, considering they have nothing to say about the finance capital bombing of the economy, but to put all the blame for Europe's woes onto immigration.",UKIP leader Nigel Farage said any members proven to have extreme right wing views would be expelled.,0,Attack,A,0,,,
1986, you have to consider the alternative explanations for our existence and the evidence for and against each  oh by the way  year long consensus doesnt count as evidence      i dont think theres any need to go too deeply into the evidence for evolution by natural selection but as most people will know there is some although controversially scarce evidence in the fossil records for common ancestry as well as similarities of existing species physiological and genetic makeup, i think evolution is a far better explanation than the idea that the world is  years old and theres a guyinthesky,1,Support,A,1,,,
1129,lets look at this to counter the malarial parasite presumably another creation of this benevolent intelligent designer a designer tinkers over the millennia with our genes to confer partial immunity but with the sideeffect of lethal sicklecell disease,the only thing i take issue with in this argument is the comments about lenskis work with e,0,Attack,A,0,,,
1391,einsteinit was of course a lie what you read about my religious convictions a lie which is being systematically repeated,i never said anything about einsteins religious convictions,0,Attack,A,1,,,
1289,i recommend this bookgod in the foxhole by charles sasser not that youll read it but hey its worth a try,in case you didnt see it their was an atheist or two in those foxholes but not for very long hahahasounds like a collection of anecdotal stories made by a biased source,0,Attack,A,0,,,
1899, none of the things that people put forward as evidence of a god are evidence for a specific religion, theres no rational reason to accept creationism its simply empty claims with no evidence it has no predictive powers it cannot explain what we see in nature and it introduces a level of complexity with no explanation requiring mindless faith,1,Support,A,0,,,
317,UKIP are a joke outfit full of small-minded Neanderthals who think the 1950s are the future.,"Mr Davis said UKIP's policies on law and order, immigration, taxation, foreign affairs, and Europe mimic a simplified 1980s Tory manifesto.",1,Support,A,0,,,
541,UKIP getting a large chunk of the vote in the EU elections sends a message to Europe that they cannot take the UK membership for granted.,"In his keynote speech at the UKIP conference on Friday, Mr Farage predicted UKIP would cause a political earthquake at next year's European elections.",1,Support,A,0,,,
1428,so would you like to give a better explanation on what current ool theories exist this is definitely a subject in origins debate that interests me most,instead of a bolt of lightning hitting a pool of   chemicals   and making a cell pop outwhere did i say thatit was most likely a slow process taking place along the ancient shores,0,Attack,A,0,,,
1629,now the trick is to prove that all of the authors were free of stray thoughts and theological spin,my answers to your questions are ,1,Support,A,1,,,
1243,the problem with the catholic church is that it has been unable to disagree with any scientific theory ever since they got burned condemning galileo,funny how being completely wrong about the earth revolving around the sun can make the catholic church a bit gun shy about claiming that   science   is incorrect without evidence to back it up,0,Attack,A,0,,,
1953, evolution is just logic, hahaha theres always one that slips through the net,1,Support,A,1,,,
279,"Any of the ""working class"" who believe UKIP will represent them have not read a UKIP manifesto!",The party's leader Nigel Farage has promised to cause a political earthquake at next year's polls after a strong showing in local elections.,0,Attack,A,1,,,
2589,movies should be fun entertaining this movie is not waste of my time ,depressing how its a happy ending if you pay attention,0,Attack,A,1,,,
2105,the article as a whole never made that argument either,okay yankee fan keep pretending that it does not well if you never read the article you would not be pretending as that would be an argument from position of ignorance,0,Attack,A,1,,,
2218,i find that very interesting that many christians are so loudly against abortion yet their own bible condones it,that is right everyone of the fundamentalists are on the band wagon about abortion being murder the same ones depend on their ministers to hail the words for the biblical scholars,1,Support,A,0,,,
302,Hopefully we will see our first UKIP MP before the general elections next year.,UKIP has won 42 seats so far and is averaging 26 per cent of the vote in the wards where it is standing.,1,Support,A,0,,,
1074,i dont agree with the very first statement that id limits its claims to what can be scientifically inferred from the empirical domain,sharky has pointed out the problem with id namely the flawed concept that ordinary and rarefied design can be detected reliably based on the same approach,1,Support,A,0,,,
2541,We should force think tanks to reveal all of their sources for resource funding,People have a right to know where their information comes from,1,Support,A,0,,,
1380,why should i waste more than  seconds attempting to communicate with an ignoramusim asking myself the same thing,of course the disco tute is the discovery of nonsense,0,Attack,A,1,,,
687,UKIP language tends to portray the real experiences of UKIP people not the politically correct fantasy construct that too many people on here seem comfortable with.,"UKIP appears to have struck a chord with many voters on the issue of immigration, campaigning against the relaxation of working restrictions on Bulgarians and Romanians due to come into force in January.",1,Support,A,0,,,
1582,is often confused for rhetoric,the point of the debate is to set up a straw man that the world was created in six days that antichristians can knock down,1,Support,A,1,,,
457,"Ukip has British values, wants to get British industry kick started back to the fore front again, become more self-sufficient.","Mr Cameron also said he did not think it would be right for Britain - or in the national interest - to leave the EU entirely, pointing out that some 50% of nation's trade was with the EU.",0,Attack,A,1,,,
83,Many racists and especially xenophobes find the UKIP message appealing.,A UKIP candidate in Somerset was suspended from the party on Tuesday after a photo of him apparently making a Nazi-style salute appeared on his Facebook page.,1,Support,A,0,,,
1312,but where does that leave id  without a theory for the designer then that aspect remains unknown and would thus be called supernatural,id without a designer the cause of the big bang is unknown,0,Attack,A,0,,,
954,in a recent article casey luskin addresses the recent findings that changes in a regulatory gene can help explain the morphological differences between the chimpansee and humans,the question is somewhat meaningless because you can believe that we were created by design and still conclude that intelligent design as proposed by the discovery institute and its fellows  is a scientifically vacuous concept,1,Support,A,1,,,
2090,i am always right except when i am wrong,so far you have been nothing but wrong,0,Attack,A,1,,,
475,"Ukip is the only party advocating withdrawal from the failing EU, a sensible idea for a lot of people!",UKIP said leaving the EU was the only way to fully take control of the UK's borders.,1,Support,A,0,,,
1942, theres a definite difference between microevolution and macroevolution in the sense that with the moths and the finches there are minor changes that happen, i feel the need to distinguish between microevolution and macroevolution,1,Support,A,0,,,
2038, the evidence that supports evolution is not only significantly abundant but predominately irrefutable, who enters into a scientific debate about evolution asking only for opinions are you serious forget opinions,1,Support,A,1,,,
1810,evolution is basically common sense once you put down your bible and get out of the church,evolution really is true but as we all know the main reason of how we evolve is because of god our lord,1,Support,A,1,,,
1544,if it is then only a malicious god would tell it out of order use terms we cannot understand or have other traps while holding us to its words,the order of events in genesis i agree with   science  ,1,Support,A,1,,,
1595,animals convert oxygen to co,so youre saying that because it is written in the bible that god created the universe in the manner described then it must be true i dont even know where to begin on this one,1,Support,A,0,,,
1820,as i prepare to answer this question i realize i have essentially no knowledge about the theory of evolution besides darwinism and the title,yes you are right it is impossible to call it a certainity but for this reasonall evidence for evolution is proven,1,Support,A,1,,,
2225,the only difference is that the gene for making short hair has been eradicated from the population by natural selection that is it,right the frenquecy of the alles ,1,Support,A,0,,,
377,"UKIP are just another bunch of freeloaders, using peoples fears and prejudice to gain votes so that they can get their snouts into the trough.","I think UKIP is a party that is really on the up, now that we have got the positive bit between our teeth, we are really going to go places.",0,Attack,A,1,,,
1069,the di is correct to point out that a lack of merit of id should not be confused with its religious implications however the combinations of its religious foundations with a lack of scientific content provides a strong argument against id having merit scientifically and delegates it to the realm of theology,but i think you dont realize the importance of your concession that the di is correct to point out that a lack of merit of id should not be confused with its religious implications,1,Support,A,1,,,
1101,i understand that michael behe is one of the participants on this forum and i am looking forward to his contributions addressing matzkes observations,behe claims that they can bring together separate components and place them in relationship to each other to create an effect that may be extremely unlikely to occur by chance,1,Support,A,0,,,
327,"There's an election next month, UKIP are campaigning on the streets right now, and candidate upon candidate keeps churning out ridiculous (often racist, sexist or homophobic) views.","And last autumn, MEP Godfrey Bloom embarrassed the party when he used the phrase bongo bongo land and joked that some female activists were sluts.",1,Support,A,0,,,
1626,andrew holt heres my take on your question,i apologise for the personal slant to the first part of my first question it was meant to be rhetorical,0,Attack,A,0,,,
2108,it is much more important that you concern yourself with the destiny of your soul not how many years you can stay on the earth,i am sure it is many a doctors spiritual duty to relieve suffering just as jesus healed the sick besides who wants to go back to  year average lifespan like they have in afghanistan,0,Attack,A,1,,,
1874,then why is the top of mt everest covered in fossilized clamsbecause nearly all mountains used to be ancient sea floor genius,evolution has been proven many times,1,Support,A,1,,,
133,For what its worth I think UKIP is a one trick pony and is unelectable in a general election.,"The Conservatives, Labour and the Liberal Democrats virtually indistinguishable neo-liberal parties and a fresh force like UKIP is needed.",0,Attack,A,1,,,
2427,European Parliament elections should involve only one voting district all of Europe and not separate country seats,This encourages Europe wide thinking,1,Support,A,0,,,
2559,Transparency is necessary for security,Transparency can lead to conflict,0,Attack,A,1,,,
1764,first even as a biblebelieving creationist i want to say thanks for bring attention to genesis ,the study of science is intriguing but it shouldnt get in the way of ruling out the creator,0,Attack,A,1,,,
628,If anyone seriously thinks that UKIP will offer some kind of answer to our current problems then I think that they are going to be sadly disappointed.,Mr Farage has successfully broadened UKIP's appeal away from Europe.,0,Attack,A,1,,,
2295,despite its price the ipad is still my favourite,you can get any other tablet for much less that has the same features,0,Attack,A,1,,,
849,"The UKIP party is a populist party at the right end of the spectrum, which exploits people's fears of the foreign and unknown.","The responsibility of politicians in this situation when people are getting anxious is to try to reassure them and give the facts, not panic and resort to populist measures that do harm.",1,Support,A,0,,,
728,"Ukip has British values, wants to get British industry kick started back to the fore front again, become more self-sufficient.","He also warned that if a proposed referendum led to the UK leaving the EU, there would be dire consequences for the country's global influence.",0,Attack,A,1,,,
232,Intellectually I rate Farage much higher than Cameron; he has a very sharp and quick wit and is an excellent public speaker.,"General elections, however, with their first-past-the-post voting systems, have been a very different story and Farage has failed to make the breakthrough he has been hoping for.",0,Attack,A,0,,,
1136,for example humans have acquired a number of helpful genetic changes in our battle with the malarial parasite over the past ten thousand years,for educating us about the immense scientific amount of information that seldomly gets disseminated when id proponents claim that x could not have evolved,1,Support,A,0,,,
1728,a six day creation is a literal interpretation of genesis but it is not the only literal interpretation,an appeal to one narrow religious text isnt very persuasive,1,Support,A,1,,,
487,It is because of UKIP that we are finally discussing the European question and about immigration and thank goodness for that.,"Over three million jobs in this country, directly or indirectly, depend on us being in the EU, so that is a big choice.",0,Attack,A,1,,,
1562,carbon  is not the only method of dating used to determine the age of the universe,to the  currently   voting   yes that raises six immediate questions i assume this means the sun was created first how many days did that take to even have a day how long did creating the rest of the universe take or if it took six whole days to create the earth would the creator have had time to create all the rest i mean some of these galaxies are awfully huge and with a lot of intricatekly moving interstellar dust and radiation that had to be started off precesly right to fool modern astronomers why did the creator go to all this trouble to conceal the evidence behind a massive coverup of radiological datings cosmic radiation and well essentially the entire findings of geology and astronomy as supported by chemistry and physics why create all the kinds of   animals   during these days and then conceal this astounding fact behind what to evolutionary biologists and paleontologists seem an amazingly consistent set of interlocking facts from genetics behaviour morphology biogeography extinctions speciations fossils records epidemiology and immunology that fits with life evolving according to rather well understood processes why were so much of this omitted from the bible i mean a few hints about geology to predict earthquakes or the germ theory of disease would have been rather handy to thwart the devils work and a description of relativity would have been impressive,1,Support,A,1,,,
1170,intelligent design works off positive predictions about where experience tells us that   intelligent design   is the cause at work,meaningless nonsense of course,0,Attack,A,1,,,
900,biology can be studied in a creationist context,the history of gods creation should be taught irrespective of it being considered science,1,Support,A,0,,,
370,Labour won't have anything to do with UKIP as they are more right-wing than the Tories. ,"His fellow MEP and leadership candidate Gerard Batten, campaigning in a bright pink UKIP blazer, said he wanted to make the party more radical.",1,Support,A,0,,,
2119,you snipped most of my remarks because you were unable to address them you have no answers and have been reduced to insult,actually i snipped your remarks because you twisted what i said and i am already spending too much time arguing with random complainers and i was in a hurry to do something more important at the time,0,Attack,A,1,,,
1719,since when speaking to one of the other posters did chance become a word to bias any argument against   evolution    doesnt make sense unless the poster is reading into something that probably isnt inferred and possibly feels an affront to his or her sensibilities,just curious but what does the types of rock have to with ex nihilo,0,Attack,A,0,,,
1633,obviously you havent done much reading on the aig website,obviously you havent done much reading on the aig website,0,Attack,A,0,,,
2463,We should promote democratisation,Democracies are more peaceful countries both domestically and internationally and so it is in our interests to promote it worldwide,1,Support,A,0,,,
1413,who the designer is has nothing to do with it and everyone knows that,tjwho the designer is has nothing to do with id theory and everyone knows that,0,Attack,A,0,,,
34,"UKIP are an independent party and have shown that their appeal is broad, making big dents in staunchly Labour voting areas as well as the recent bi-election successes.","UKIP, which campaigns for the UK to leave the EU, averaged 25% of the vote in the wards where it was standing in Thursday's elections and won more than 140 seats.",1,Support,A,0,,,
1403,good arguments are worth far more than vehement objections,liberals will loose this battle,0,Attack,A,0,,,
200,UKIP are not rabid racist and not another incarnation of the BNP.,"He also suggested that his party might get its first seats in the UK Parliament at the general election in 2015, and argued it was not just taking votes from the right wing of British politics.",1,Support,A,0,,,
333,I suspect when people do start to focus and the election is close UKIPs incoherent policies will be exposed.,The scale of the UKIP threat will be tested in May's European elections.,0,Attack,A,0,,,
892,creationism makes a false historicalscientific claim that is detached from the broader precepts of belief in god,the bible is simply wrong if a literal interpretation is taken on this question the bible just is wrong and if you insist on holding a literalistic approach to scripture then the implications you claim do indeed follow,1,Support,A,0,,,
1469,but its more than we dont understand thus designed,i am fast drawing to the conclusion that this discussion will never end,0,Attack,A,0,,,
61,"In UKIP, we have a new political force which looks likely to poll very well in a national election.",But it has been criticised for relying too heavily on leader Nigel Farage to promote its policies.,0,Attack,A,1,,,
1142,the physical reality to which behe so proudly points is a stylized cartoon of reality,design is recognized in the purposeful arrangement of parts storms  tornadoes hurricanes etc,1,Support,A,1,,,
2240,possibly so but it would not be fun go with friends,it is not such a good idea for a fifteen years old child to travel either with friends or alone in any case he can not even protect himself from any danger ,0,Attack,A,1,,,
1752,what does random premarital sex lead toa number of possible outcomes based on a number of factors,i believe that the first chapters of genesis including the ancient history of the hebrew people should be understood within the context of covenant,1,Support,A,0,,,
1976, as a general common sense rule you really shouldnt get into a debate against evolution unless you have some basic understanding of the process of evolution, i find it relevant to point out that the answers in the against evolution is wrong column are nearly twice as long as those in the for evolution is wrong,1,Support,A,0,,,
1291,casey writesid doesnt try to address theological questions about the identity nature or origin of the designer,caseyeven the widelytouted theistic evolutionary biologist kenneth miller has claimed in five editions of his popular high school biology textbooks that the implication of evolution is that it works without either plan or purpose and is random and undirected,1,Support,A,0,,,
391,"UKIP advocates for the UK leaving the European Union which would be a bad idea – but they are trying to leverage on the british people’s need to belong and pride to be british, which further sparks their anti-foreigner standpoint.",Nigel Farage said most Ukippers have got robust views on immigration and he described them as sensible views.,0,Attack,A,1,,,
2527,US intervention in Libya lacking congressional approval was illegal,The United States engaged in hostilities under War Powers,1,Support,A,1,,,
1176,months later and i think we can agree pandas did not advocate religion,is   intelligent design   sciencemost definitely yes otherwise no one could argue it was wrong in the first place,0,Attack,A,1,,,
455,"UKIP is certainly NOT racist or xenophobic - if you, as I'm you have done, read our policies on the website there is no suggestion of this at all, it is more a rumour and conspiracy of the lefties. ","Immigration has also been an issue and UKIP, which rejects charges of being racist, sees the EU question being at the heart of it.",1,Support,A,0,,,
347,I'm no fan of UKIP but well done to them for initiating a much needed shake up of British politics.,Labour are not going to win - they have said so themselves - and UKIP are running a very colourful campaign but they are not going to win.,1,Support,A,0,,,
522,It is more likely that Tory voters would vote tactically for UKIP to keep Labour out and that means Labour are at a real disadvantage. ,"Labour leader Ed Miliband said the victory of the party's candidate Dan Jarvis, a 38-year-old former soldier who served in Afghanistan and Iraq, was fantastic and accused the Lib Dem leader of complacency.",0,Attack,A,0,,,
915,ken ham,richard dawkins,0,Attack,A,0,,,
2638,this film is easily one of the best movies ive ever seen yes it is pretty easy to guess the ending but it still wasnt ruined by that fact it is a work of art it is rewatchable,completely agree with the original post just watched it for a second time after i saw it years ago and i am completely blown away,1,Support,A,0,,,
2056,the earth spins itself to keep the oceans from falling off towards the sun,the guy tries to discuss science when he is so utterly lacking in basic science that he thinks that the earth spins to keep the oceans from falling off towards the sun,0,Attack,A,1,,,
620,"The sooner we are out of the EU, the sooner we can start making this country great again.",The Lib Dem leader also argued that being in the EU meant that we keep ourselves safer because we can go after cross-border crime and terrorism and that we can look after the environment in a way which we can't on our own.,0,Attack,A,1,,,
810,"UKIP are a two trick pony, Europe and immigration that's it.","UKIP are certainly trying to professionalise, to move away from its more amateurish origins.",0,Attack,A,1,,,
402,Cameron had it right and UKIP could tip the balance towards Labour in the crucial marginal seats in the GE where the battle will take place .,"UKIP, which campaigns for the UK to leave the European Union, has performed well in recent Westminster by-elections and polls have suggested it has enjoyed a surge in support.",1,Support,A,1,,,
136,"In fact, all UKIP seems to talk about now is withdrawl from the EU without any genuine policy around UK's domestic economy.","The penny is beginning to drop with the British people and British businesses that we are no longer a self-governing nation, and UKIP are here to solve our problems.",0,Attack,A,1,,,
573,UKIP are not a single issue party anymore; UK Sovereignty is the crux of their party political platform but they've certainly expanded from that singular issue in recent years.,"UKIP are certainly trying to professionalise, to move away from its more amateurish origins.",1,Support,A,0,,,
230,"Despite their best efforts at pretending otherwise, UKIP are still widely disliked and untrusted by the majority of the population.","Now, out there on main street, people realise that Europe is effecting their everyday lives and they like what UKIP are saying.",0,Attack,A,1,,,
2565,its because you have a low attention span and can only handle films with hyperbolic actingaction and constant fireworksexplosions,seriously when people dont like slow films there are always people that say you are incompetent and only like big explosions and big special effects this film tried too hard to be something it wasnt,0,Attack,A,1,,,
2095,yes i have read these things,but did not understand them,0,Attack,A,1,,,
1215,whats there left to do,you mean ones like wmap shows that we are at the center of the universe or the quote of carterwell i realize that one does remain the goldilocks enigma is a falsifiable observation that makes testable predictionsas i already explained though observations are seldomly falsified as they are based on observed data,1,Support,A,0,,,
1431,caseylate last night i posted my final rebuttals to the ncse on opposingviews,casey relies on the fallacy that undermining evolution somehow provides merit to id,1,Support,A,1,,,
2469,We should promote democratisation,Promoting democracy too often verges towards imperialism,0,Attack,A,1,,,
234,"I and many others will be voting UKIP not because of a handful of people that have said stupid things, it will be because I identify and agree with their overarching principles.",Eurosceptic Paul Sykes said UKIP was the last best hope for Britain and he would help fund its election campaign.,1,Support,A,0,,,
1500,you argue based on the ftes claims that the term creation and creationism had nothing to do with religion,you argue based on the ftes claims that the term creation and creationism had nothing to do with religion,0,Attack,A,0,,,
509,"UKIP is certainly NOT racist or xenophobic - if you, as I'm you have done, read our policies on the website there is no suggestion of this at all, it is more a rumour and conspiracy of the lefties. ",Amjad Bashir was responding to comments on Wednesday's Daily Politics from ex-deputy PM Lord Heseltine that UKIP was a racist party.,0,Attack,A,1,,,
1741,because you cant imagine a reason why both chimps and humans have a chunk of dna that has the same viral code doesnt mean its   evolution  ,this is not a proof of   evolution   from chimps,0,Attack,A,0,,,
1883,faith is believeing in something without evidence,evolution has actually never been observed,0,Attack,A,1,,,
280,The hate campaign against Eastern Europeans that was and is run by UKIP legitimises anything said against them.,"In the space of one year, UKIP have gone from 4.5% in the polls to yesterday's high of 16%.",0,Attack,A,0,,,
51,"As far as immigration is concerned all Ukip want is a level playing field for non EU migrants and to control the numbers so, if anything, Ukip are too soft on immigration.",Certainly by the time of the general election UKIP will be the third-highest-membership party in Britain.,1,Support,A,0,,,
679,"I don't necessarily think Nigel Farage is worthy of PM, I think they need a new leader.","In 2006, the lower-key Knapman retired, to be replaced by Nigel Farage, an eye-catching media performer who pledged to make UKIP a truly representative party, ending its image as a single-issue pressure group.",0,Attack,A,0,,,
1596,so youre saying that because it is written in the bible that god created the universe in the manner described then it must be true i dont even know where to begin on this one,you havent made a point at all,0,Attack,A,1,,,
297,If there are enough Ukip votes it should frighten all the parties sufficiently to make them realise they can't just ignore the electorate.,"Earlier this week, former Conservative peer Lord Stevens joined the party, becoming UKIP's third peer, sitting alongside former party leader Lord Pearson of Rannoch and Lord Willoughby de Broke in Parliament.",1,Support,A,0,,,
1231,that figures,contribution from joe gjoe ggeez pvm your position that everything comes down to sheer dumb luck is totally vacuous,0,Attack,A,1,,,
146,"The People's Army is on the march and UKIP will get Britain back from the Liblabcon, Establishment and MSM political abusers of our country.",Mr Farage said it was very important that UKIP gets a voice in Westminster.,1,Support,A,0,,,
1865,ok,evolution has basically been proven there is no evidence for the biblical story common claims made by evolutionists,0,Attack,A,0,,,
20,A forensic examination of UKIP's policies would nail once and for all the Establishment lie that they're a bunch of swivel-eyed racists.,"Asked whether some UKIP members were closet racists, he added that the truth is some UKIP members are.",0,Attack,A,1,,,
1505,i am not welcome at ucd a site which takes pride in ignorance over arguments,i am not welcome at ucd a site which takes pride in ignorance over arguments,0,Attack,A,0,,,
823,"It feels like UKIP is anti most things and base their politics on this: Anti-aid, Anti-immigrant – at times even anti-politics; it is therefore difficult to understand what they actually stand for and want to work towards.",UKIP leader Nigel Farage said any members proven to have extreme right wing views would be expelled.,0,Attack,A,0,,,
2330,i would suggest just buying a tablet either an ipad or any android tablet no need to pay the cost of a laptop,indeed no need to carry around a big old laptop if you just browse the web and look at emails,1,Support,A,0,,,
1375,the auscs claim that court cases settle all debates reminds me of how futile roe v,just what if there is a creator  isnt science after truth  has science proven that there is no creator why is recognizing the possibility that there was intelligence behind the emergence of life a nonscientific idea  basically what you are saying is that if there was a creator or intelligence behind the emergence of life science will never be able to come up with the right answer rightso your whole premise for id being nonscientific is the unproven worldview of naturalismyou start off right from the get go with the assumption that there is no creator or any intelligence involved in the emergence of life and go and try and prove your idea with science,1,Support,A,0,,,
326,"The sooner we are out of the EU, the sooner we can start making this country great again.","Since 2003, Mr Bown has given more than Â£1m to UKIP to help it fight elections and mount campaigns against Britain's membership of the EU.",1,Support,A,0,,,
2092,okay well i think that you are just finding reasons to go against him i think that you had some bad experiences when you were younger or a while ago that made you turn on god,here come the christians thinking they can know everything by guessing and commiting the genetic fallacy left and right,0,Attack,A,1,,,
2481,We should use torture to obtain information from suspected terrorists,Time is of the essence in a crisis When confronted with extremists who see a virtue in their own death extraordinary methods may be required,1,Support,A,0,,,
1367,peter irons article is only one part of the montana law reviews take on this,robert crowtherlike modern evolutionary theory there is more than just one side to the debate,0,Attack,A,0,,,
2420,We should grant politicians immunity from prosecution,Immunity for politicians is an unjust double standard,0,Attack,A,1,,,
1818,prove it my good fellowdont proven itby the way,the process of evolution is fact,0,Attack,A,1,,,
1840,to each their own as a personal belief i have nothing against those that subscribe to creationism but feel strongly that it does not belong in schools,life consist of nothing but creations,0,Attack,A,1,,,
2511,I believe that opinion polls harm the democratic process,Opinion Polls should not be published 2 weeks in advance of an election,1,Support,A,0,,,
1833,just like pluto orbiting the sun completely and gravity theyre theories but in the scientific way of using the word,aha exactly and we now know that pluto is a planetoid not a planet,0,Attack,A,0,,,
2186,so what congress can pass any law it wants does not mean it will stand up in court,yes because congresses powers are actually pretty limited i think it will be interesting to see how the two upcoming supreme court cases one has already been accepted the other is pretty much a shoe in regarding the commerce clause will be handled since the majority of the laws that congress passes are tied to it,1,Support,A,0,,,
726,It is because of UKIP that we are finally discussing the European question and about immigration and thank goodness for that.,"Over three million jobs in this country, directly or indirectly, depend on us being in the EU, so that is a big choice.",0,Attack,A,1,,,
1027,just look around,intelligent design is a dishonest way for   creationism   to try to appear scientific,0,Attack,A,1,,,
1163,hasnt anybody here read a molecular cell biology textbook the machinery of the cell is a rube goldberg apparatus,and minimize the ad hominems and iders will listen,1,Support,A,0,,,
1881,why couldnt god have created everything through evolution,intelligent design is the conclusion of deductive reasoning,1,Support,A,0,,,
1878,evolution has never been witnessed,the aftermath of evolution has been witnessed but never the actual process itself,0,Attack,A,0,,,
1301,so id is about complexity and function but that merely describes what i outlined already,how does the antiid position explain the bacterial flagellum it just evolved,0,Attack,A,1,,,
2435,Bribery is sometimes acceptable,Bribery is sometimes the cost of doing business,1,Support,A,0,,,
1088,none of these promises have much relevance to id as a concept nor have few if any come to fruition,the only reason there would be more research into junk dna would be because id supporters have misunderstood what id has to say about junk dna  which is precisely nothing,1,Support,A,1,,,
2043, creation is fantasy and you cant prove a fantasy, it is only belief,1,Support,A,0,,,
1935, evolution is most certainly wrong, you cant make nothing out of nothing,1,Support,A,0,,,
2053,i can appreciate this slant however i think that a true feminist approach would be to support women who want their pregnancies by finding solutions to the reasons they feel an abortion would be their best choice,that is not something you can really blame on the pro life movement in fact a lot of effort in the pro life movement does go into helping single mothers,0,Attack,A,1,,,
719,UKIP is the only party that has understood the damage immigration does to the UK and its policies aim at repairing this.,The Bulgarian President Rosen Plevneliev has warned that Britain's immigration policy could harm its image as a great global power that pioneered integration.,0,Attack,A,1,,,
550,"Ukip is the only party advocating withdrawal from the failing EU, a sensible idea for a lot of people!",Amjad Bashir was responding to comments on Wednesday's Daily Politics from ex-deputy PM Lord Heseltine that UKIP was a racist party.,0,Attack,A,1,,,
1030,thats classy,in order to better understand intelligent design it is important to appreciate how it abuses and conflates terminologies,1,Support,A,0,,,
2026, there is absolutely no proof for evolution, i didnt see it so it cant be true,1,Support,A,1,,,
821,"If we leave the EU we will save billions of pounds which can then be invested in our ailing national infrastructure, notably the NHS.","He also warned that if a proposed referendum led to the UK leaving the EU, there would be dire consequences for the country's global influence.",0,Attack,A,1,,,
228,"If UKIP don't like being smeared, then they need to stop smearing, stigmatising, and fear mongering about others.","But UKIP, whose conference takes place at Eastbourne's Congress Theatre and Winter Gardens, is keen to be seen as more than a single-issue party and other issues on the agenda include defence, education and housing.",0,Attack,A,1,,,
1028,intelligent design is a dishonest way for   creationism   to try to appear scientific,satan is sure behind all of these things,1,Support,A,0,,,
1589,why would god explain this only to a semiliterate group of ancient nomads with no understanding of the cosmos or the world outside of their little   society   why not give an updated version to modern jewish or christian or islamic scholars surely all three groups today include people who understand  geology astronomy and biology on a rather more comprehensive level than the ironage authors of genesisin fact being allpowerful why be limited to the understanding of the writers at least if you can create the world surely you can inspire sentences like and the quickness of light shall be found to be always the same relative to the one who looketh and behold the quickness of the light when multiplied by itself and the true weight of matter equals the amount of force that went into its making,while i have my own reasons for believing he did that my personal opinions regarding   religion   are a bit outside of the mainstream so im not going to discuss them,1,Support,A,1,,,
288,"Arguably, UKIP & co. aspire to destroy the culture created in Europe after WWII, which has been based on openness, free travel, migration and cross-geographic access to goods and labour markets.","UKIP has a simple, understandable message, which has led to the party gaining bigger shares of the votes in European elections.",0,Attack,A,1,,,
920,i wrote a good philosophical question and i think you and i would agree that this adaptation could have been guided by some higher agency of course by using a fully natural mechanism such questions remain scientifically vacuous,i surely intend to do so but these issues go beyond questions of policy,1,Support,A,1,,,
998,id is offered as an explanation for the complexity of life on earth which according to id proponents cannot be explained by random chance and survival of the fittest,on pandasthumb nick matzke whose contributions to dover v kitzmiller were instrumental in the stunning defeat of intelligent design and whose contributions to exposing the fallacies in behes arguments as well as the extent of ignorance of science amongst id proponents has caused much concern amongst id proponents so much that in general they have chosen to pretend in a typical creationist fashion that matzkes arguments do not exist,1,Support,A,1,,,
1801,well personally my second cousin by marriage on my mothers side descends from the archea branch but my bosses boss is an arachnid,fact shmakt,1,Support,A,0,,,
2123,creation scientists read the sedimentary record of the placement of strata as evidence of the great flood while evo scientists read the same evidence very differently as evidence of an old earth,and creationists who can not tell the difference between cats and nuclear reactors do not understand fluid mechanics,0,Attack,A,1,,,
1537,there are two and they are fundamentally different,six days on gods terms not mans terms,0,Attack,A,1,,,
2412,I prefer trade to aid,The global economy is not welcoming to African players,0,Attack,A,1,,,
2375,probably apple they keep making all the wrong marketing moves,it also seems to get harder and harder for them to innovate,1,Support,A,0,,,
2610, especially from a first time director,its too bad you couldnt finish because its a great movie,0,Attack,A,0,,,
2567,this was just an amateurish hodgepodge of the departed the town and we own the night and sopranos,completely agree swing and a miss on this one kept waiting for something to happen maybe i wasnt in the right mood for it but it just didnt deliver at all more limp than month old lettuce,1,Support,A,0,,,
669,"UKIP is a not a real party, with a clear global ideology and vision addressing all aspects of society: it is focusing on a handful of issues (all centered around membership in the EU and migrants), mostly ignoring global financial issues, health, education, security etc.","I believe that what UKIP is doing is vital for this country, and of course the party's financial management is crucial.",0,Attack,A,1,,,
904,attempts to teach the creationismevolution controversy to students are disingenuous promotions of activist christians,teaching creationism is comparable to teaching flat earthism,1,Support,A,0,,,
523,"UKIP's position is not reasonable, but racists and proto-fascist, considering they have nothing to say about the finance capital bombing of the economy, but to put all the blame for Europe's woes onto immigration.","The charge put by its deputy leader David Campbell Bannerman when he defected to the Conservatives in the wake of the May elections was that UKIP remained, at heart, a single issue pressure group.",1,Support,A,0,,,
2079,science has managed to show that life and non life are not distinct and are indeed simply a continuium of molecular complexity and function,you have got to be kidding me this has got to be one of the absolute dumbest things i have heard you are truly one confused individual if you can not tell there is a distinct difference between a living thing and a non living thing that nonliving things are missing something that living things have,0,Attack,A,1,,,
1415,after admitting that science is not atheistic he now accuses atheists scientists and christians alike of not liking ids implications when in fact anyone should realize that these objections are firstmost about the lack of scientific content of id and that the strong religious foundation of id is only secondary to this,the writer of this piece is working for a salary,0,Attack,A,1,,,
1371,instead this appears to be an abuse of copyright without an argument on crowthers part,the u,1,Support,A,0,,,
458,A strong UKIP vote suggests there's a lot of the British public who aren't on board with the current set-up.,"The voters have understood that EU membership is making us poorer and less democratic and less free, he said.",1,Support,A,0,,,
1420,the origins of life are the focus of a great deal of study but it focuses more on biochemistry then   evolutionary biology   as there was nothing to evolve before the first cells existed,how are they standing in the way is research into id bannedpretty much especially if anyone who has publically known proid views prior to getting tenure is bound to not get it,1,Support,A,1,,,
64,The reason why UKIP has gained so many votes is because the main parties refuse to deal with immigration and the EU.,"Isolating Britain and damaging Britain's reputation is not the right history to write, he said.",0,Attack,A,0,,,
1343,tji dont believe the  similarity in the aclus submission and the judges analysis was a lucky or freak coincidence im illinformed because i think he copied it rightyou seem to be ill informed about both the extent as well as the relevance of this so called copying,this is one of the things wesley cites to bolster his case  httpvangogh,0,Attack,A,1,,,
2285,nothing is more important than my research time and i just think this is a distraction,are you an empire builder,0,Attack,A,1,,,
2503,The International Criminal Court should be recognised,The ICC generates crippling expenses,0,Attack,A,1,,,
528,"If UKIP don't like being smeared, then they need to stop smearing, stigmatising, and fear mongering about others.",We need to show respect for people who have taken the choice to support this party.,0,Attack,A,0,,,
1584,then why does this argument always seem to come from the creationists  aig was not founded and is not funded by the scientific community,this thread has been kept going by three people who have voted no to the question of a six day creation,1,Support,A,0,,,
2211,and the organism is not equipped to function in any predetermined fashion,that is right it merely has the capacity to make errors which sometimes slightly improves function in a particular environment and those tend to accumulate over time,1,Support,A,0,,,
661,UKIP's sole aim at the general election is to get a smallish number of MPs elected but enough to hold the balance of power and do a deal with the Tories.,He also said he would consider a electoral pact with another party if it meant moving closer to leaving the EU.,1,Support,A,1,,,
2157,that would be true if he did not keep on opening up thread after thread after thread of the same subject he makes  or  posts then runs away to open up another thread,yes i agree with you,1,Support,A,0,,,
177,"Arguably, UKIP & co. aspire to destroy the culture created in Europe after WWII, which has been based on openness, free travel, migration and cross-geographic access to goods and labour markets.","Only 33% said they would never consider voting UKIP, with many people seemingly taken by their message.",0,Attack,A,1,,,
1716,the scientific investigation into the question of the age of the earth and of the universe has been going on for hundreds of years,maybe get someone to do your studies who doesnt pay a tithe  someone who perhaps doesnt own a   bible  ,1,Support,A,1,,,
2597,undoubtably the best film of the decade,definitely one of them no doubt,1,Support,A,0,,,
1251,you have such books written as the consipiracy of ignorance by martin gross,it should readtruth is probably the best factor in determining intelligence and one cannot have it without gd,1,Support,A,0,,,
2342,limassol no doubt about it it has the most beautiful beaches and the most fun places to visit,fresh fish cafes beautiful people carnival wine festival and more,1,Support,A,0,,,
250,"I would say it's the anti-ukip brigade who have no substance to their argument (or facts), they simply shout ""racist"" with nothing to substantiate this slur, or become crude and insulting.","At the local elections last week, the UKIP - which campaigns for the UK to leave the EU - made substantial gains, while the Conservatives lost control of 10 councils.",1,Support,A,0,,,
617,UKIP and the Greens are the only parties to date that haven't screwed us all over.,UKIP say it proves their message is cutting through regularly.,1,Support,A,0,,,
1652,everything i say is correct regardless of logic or evidence that attempts to prove me wrong,while aig tries to defend genesis with the weakest possible argument answers in creation explain genesis i in a way that gives it a literal interpretation that is still in line with   science  ,1,Support,A,1,,,
2519,We should negotiate with terrorists,Negotiation encourages moderation,1,Support,A,0,,,
1125,so are we asking if a telic force exists or are we trying to psychoanalyze the intentions behind itwhy are these two questions always independent  i would think that any theory of id that made no attempt to identify and analyze the designer was an incomplete theory,why are these two questions always independentbecause   science   as we know it today can only answer one of them,0,Attack,A,1,,,
1611,on the origin of species is out of date,which do you believe they are after all both based on books written by men,1,Support,A,1,,,
222,"On voting day, this week the vast majority of the British public will not vote for UKIP.","At the 2010 general election,  support dwindled to 3.1% and UKIP did not win a Westminster seat.",1,Support,A,0,,,
1606,there is no proof that there even exists a god to begin with so in that case you cant really use that either,read romans chapter ,0,Attack,A,1,,,
30,Cameron had it right and UKIP could tip the balance towards Labour in the crucial marginal seats in the GE where the battle will take place .,"UKIP would seek to make the 2014 elections to the European Parliament a referendum on open borders, he said.",1,Support,A,0,,,
1594,  httpeesc,animals convert oxygen to co,1,Support,A,0,,,
951,we dont know but we do know a designer wasnt involved,pvm the quotewe dont know but we do know a designer wasnt involved,0,Attack,A,0,,,
857,"Despite you best efforts at pretending otherwise, UKIP are still widely disliked and untrusted by the majority of the population.","Mr Cameron once described UKIP as a party of fruitcakes, loonies and closet racists.",1,Support,A,0,,,
549,"The People's Army is on the march and UKIP will get Britain back from the Liblabcon, Establishment and MSM political abusers of our country.",UKIP has won 42 seats so far and is averaging 26 per cent of the vote in the wards where it is standing.,1,Support,A,0,,,
2474,We should create a United Nations standing army,A United Nations standing army would not be costeffective,0,Attack,A,1,,,
1649,after the entire cain and able thing the brother left to another group of people to find a wife,aig argues that pretexts brought by the reader are to blame for difficulties accepting the bible as literal truth,1,Support,A,0,,,
362,"If UKIP do hold the balance of power and get into government, their only condition will be an in/out EU referendum.",The EU is no longer an academic debate because it's affecting people in their everyday lives.,1,Support,A,0,,,
878,"Even a UKIP European candidate, Janice Atkinson, another ex-Tory, admits leaving the EU would be problematic.",But UKIP said leaving the EU was the only way to fully take control of the UK's borders.,0,Attack,A,1,,,
196,"The momentum is definitely with UKIP at the moment, hopefully that will continue with the up and coming by-elections.","The leader of the UK Independence Party, Nigel Farage, has said early gains in council elections across England are remarkable for the party.",1,Support,A,0,,,
2621,in my opinion full metal jacket was way better full metal jacket was at least fair i spoke to a lot of guys that told me thats the way it was,no platoon was the better movie,0,Attack,A,1,,,
1461,the bottom line is some interpretations of evolution leave little room for a caring god,which i argue is the main reason people have come to embrace id and object to sciencecouldnt atheism be the main reason people have come to embrace a certain type of evolution and object to id  the emotions so commonly seen in the rejection of id support this,0,Attack,A,1,,,
1257,landonevolutionary science may have progressed but it has not explained the evolution of man or history,the eonic website claims erroneouslythe one thing darwinists dont want to find is such a nonrandom pattern anywhere,1,Support,A,1,,,
75,It is because of UKIP that we are finally discussing the European question and about immigration and thank goodness for that.,The anti-EU party also came second in the last European elections in 2009.,1,Support,A,0,,,
170,"Even a UKIP European candidate, Janice Atkinson, another ex-Tory, admits leaving the EU would be problematic.",I think we should really consider bringing forward the legislation in this parliament that would enable the referendum on EU membership.,0,Attack,A,1,,,
1908, creationism is not out of the picture, i do believe in creationism,1,Support,A,0,,,
598,"Much of UKIP's meteoric rise has to do with political correctness, and the fact that ordinary people are sick of it.",Mr Farage has also successfully broadened UKIP's appeal away from Europe.,1,Support,A,0,,,
414,"There's an election next month, UKIP are campaigning on the streets right now, and candidate upon candidate keeps churning out ridiculous (often racist, sexist or homophobic) views.","Responding to the success of UKIP, Prime Minister David Cameron said It's no good insulting a political party that people have chosen to vote for.",0,Attack,A,1,,,
2522,We should negotiate with terrorists,Negotiations cannot take place while innocents are being threatened,0,Attack,A,1,,,
158,"If UKIP want to retain these voters and attract more in a general election then they need to come up with policies other than ""leave the EU"" and ""its all the immigrants fault"".","With our broadened platform between now and the next general election our aim is to replace the Lib Dems as the third party in British politics, Farage added.",0,Attack,A,1,,,
1148,we absolutely exclude natural selection as a designerthe real trick is convincing the public that macroevolution is a scientific fact when it has never been observed which is a requirement for sciencei dont know where you get your information but i dont know any id people who include nonid as part of their belief systemlets do this sir lets bring it home to where we live if the human body is not an intelligent design then you tell me what is the definition for an intelligent designwhat is a intelligent design and why is your example an intelligent design   simple straight forward questionwhat is your simple straight forward answer                   bet you cant do it,icdesignwhat is a intelligent design and why is your example an intelligent design simple straight forward question,0,Attack,A,0,,,
12,"The greens and ukip provide encouragement for labour and conservatives alike to address some issues people care about, albeit only lip service to retain votes mainly.",The UK Independence Party had its best ever local election night with a 14% share of the vote where they had candidates.,1,Support,A,1,,,
2599,rarely have i watched and rewatched a movie with such spectacular cinematography,loved the blood splatter on the camera too gave it that feel of being right there with a war correspondent the timing of everything was incredible,1,Support,A,0,,,
1120,every time i hear a single word mentioned about the ttss and that it somehow gives flagellar   evolution   some credibility i lose a few months off my life span,i am debating it mainly to create a faq sheet for ithilarious,0,Attack,A,0,,,
2443,We should fear the power of government over the internet,Internet regulation is necessary to ensure a safe internet,0,Attack,A,1,,,
1346,after some diversions to point out that augustine himself held some inconsistent positions tj finally comes to the quote i providedtji understand what he is saying but for this to be valid the unbeliever has to accurate in what he believes,so tj you seem to have made quite a few foolish arguments how familiar are you with augustinetj  well i know that he believed the earth was created instantaneously not progressively and was according to scripture less than  years old,0,Attack,A,1,,,
1268,discovery institute writes ,the informational signaturesonly conscious beings produce signatures,0,Attack,A,0,,,
1077, and this site says it better than i could,should we just reject the bigbang as being unscientific since it would require a supernatural cause according to the nd premise you list is the best you can really come up with is who designed the designer,1,Support,A,1,,,
1178,but we are not arguing that it is wrong,the theory of   intelligent design   holds that certain features of the universe and of living things are best explained by an intelligent causefine,0,Attack,A,0,,,
2031, if you wanted to start an actual debate you should have said there is no convincing evidence, wow,1,Support,A,0,,,
971,i recently read that after careful study the backwards wiring is essential,if you are going to comment on something in   science   you need to back it up with actual data,0,Attack,A,1,,,
980,currently   science   feels its accelerating,god stretched out the heavens,0,Attack,A,1,,,
1386,i guess this means that what id proponents say about id is irrelevant even though said proponents are the ones who started idfascinating indeed,as for scientific evidence for id start with the genetic code,1,Support,A,1,,,
654,UKIP are the only party willing to have a sensible open debate on the key issues affecting the country. ,UKIP say it proves their message is cutting through regularly.,1,Support,A,0,,,
2029, evolution is just an excuse for biology to occupy the adolescent young mind, go read on the origin of species,0,Attack,A,1,,,
806,It's a protest vote because (most) people know that UKIP will never net in power.,"He said it was proof that UKIP is no longer just a protest party and is broadening its appeal across the country, not just the south of England.",0,Attack,A,1,,,
1363,bowman arguesthe board members werent even aware of the wedge document a dated ten years internal document of di and neither relevant to dover v kitzmiller nor to the id hypothesis,ids designer wink wink is just an evolved concept just like creationist became cdesign proponentist to design proponent,0,Attack,A,0,,,
396,"If you want an insight into just how mad and bad UKIP are, go and read what their members, candidates and supporters write on the Telegraph.",Marta Andreasen said Mr Farage had abjectly failed and should go.,1,Support,A,0,,,
124,Cameron had it right and UKIP could tip the balance towards Labour in the crucial marginal seats in the GE where the battle will take place .,"In the end, I think it will strengthen our role in Europe and our continued membership and the opportunities it gives Britain as a country.",1,Support,A,1,,,
2651,oh no ive seen the whole movie multiple times definitely a film i wont get tired of any time soon,yeah this is a definite rewatchable film really heavy but never boring and i for one would love to know the answer to arthur burns last question,1,Support,A,0,,,
386,I suspect when people do start to focus and the election is close UKIPs incoherent policies will be exposed.,Conservative MP Tim Loughton said bringing in the eurosceptic party to a TV debate would show it to be a complete load of old hot air with a very charismatic and beaming person in charge and not much else.,1,Support,A,0,,,
2009, evidence indicating intelligent design is abundant and overwhelming, granted creationism is not provable through the use of the scientific method,1,Support,A,1,,,
1300,even the antiidists require something beyond nature to explain the origin of nature,so id is about complexity and function but that merely describes what i outlined already,0,Attack,A,1,,,
1622,the bible is no more self authenticating then any other irrational fantasy,some foolish men declare that a creator made the world,0,Attack,A,0,,,
2484,We should use torture to obtain information from suspected terrorists,If legal principles are abandoned then there is little point in defending the liberties that democratic governments say they are so keen to defend,0,Attack,A,1,,,
1956, you dont need to believe in evolution you just need to understand it, you shouldnt just blindly repeat things you hear,1,Support,A,0,,,
1153,icdesigni think behe has made the case for obvious design within the cell and i dont think you will findanyone who could put it any more clear,hi pvm they finally got things straightened out,0,Attack,A,1,,,
1344,this is one of the things wesley cites to bolster his case  httpvangogh,so tj you seem to have made quite a few foolish arguments how familiar are you with augustinetj  well i know that he believed the earth was created instantaneously not progressively and was according to scripture less than  years old,1,Support,A,1,,,
2146,you do get critized for talking about god any other god other than the christian god that is,in your own little fantasy world,0,Attack,A,1,,,
501,UKIP want to get us out of the EU to make the British people much worse off then they already are.,"Deputy Prime Minister Nick Clegg, whose Liberal Democrats oppose a referendum, said leaving altogether would make us less safe because we co-operate in the European Union to go after criminal gangs that cross borders.",1,Support,A,1,,,
1362,bowman arguesthe board members werent even aware of the wedge document a dated ten years internal document of di and neither relevant to dover v kitzmiller nor to the id hypothesis,bowman arguesthe board members werent even aware of the wedge document a dated ten years internal document of di and neither relevant to dover v kitzmiller nor to the id hypothesis,1,Support,A,0,,,
1598,if god knew how it would turn out when he created the world the whole thing would be kind of pointless,so god is not omniscient,1,Support,A,1,,,
2408,I prefer trade to aid,Trade may not help those most in need,0,Attack,A,1,,,
865,"UKIP are a fairly right wing group as I'm sure will become clear when they actually produce some policies other than the ""its all the eu's"" fault.",You all think euroscepticism is a right-wing view - it is not.,0,Attack,A,1,,,
366,Ukip are doing well for the very simple reason folk have at last realized that they are being lied to by LibLabCon and now have somewhere else to go.,They (the Conservatives) know they have lost the argument on jobs and immigration and UKIP have stolen a march on them.,1,Support,A,1,,,
559,"ukip's policies on health, education, taxation and all the things that affect peoples lives are non-existent.","Here is how I see it - immigration, welfare and education are totally linked.",0,Attack,A,1,,,
2303,i do not think any eu citizen should have the right to vote in other eu countries because most people do not understand or know enough about other countries,i think the same argument could be made about peoples own countries though,0,Attack,A,0,,,
153,"Despite their best efforts at pretending otherwise, UKIP are still widely disliked and untrusted by the majority of the population.",Mr Farage said the issue of Europe was resonating more with the British public.,0,Attack,A,1,,,
1521,the national center for science education has a good reason to be concerned about intelligent design,perhaps what is needed is to distinguish between academic freedom and peer review,1,Support,A,0,,,
451,If there are enough Ukip votes it should frighten all the parties sufficiently to make them realise they can't just ignore the electorate.,"The Tory leadership is running scared of its backbenchers by offering to renegotiate the UK's relationship with Brussels, he said in the Observer.",1,Support,A,0,,,
325,"The momentum is with UKIP; Labour, Conservative and Liberal areas are all now vulnerable to them. ",I want to campaign for Britain to break free from the EU and UKIP are the party to do it.,1,Support,A,0,,,
1480,pvmcool now the claim is the arrival of variation,i appreciate that you are making attempts to answer all these issues,1,Support,A,0,,,
2399,We should ban religious symbols in public buildings,Western societies are secularly focused,1,Support,A,0,,,
1821,yes you are right it is impossible to call it a certainity but for this reasonall evidence for evolution is proven,to say that evolution has been scientifically proved would require that it be first studied then determined scientifically,0,Attack,A,1,,,
2147,that is where you mess up and apply the logical fallacy of equivocation you are also doing what is known as willful ignorance,and you do what many atheists do when they do not know what else to say you clang the fallacy bell,0,Attack,A,1,,,
1283,well since they do not it is a true statement,while it is true that   science   and   religion   have little to do with one another that has never stopped teachers from pointing out that science refutes religion,0,Attack,A,1,,,
1687,usher got a bad rap,well once you accept the existence of an all powerful deity then anything is possible,1,Support,A,0,,,
17,UKIP are a joke outfit full of small-minded Neanderthals who think the 1950s are the future.,There was also embarrassment this year as MEP Godfrey Bloom resigned from the party's group in the European Parliament after being criticised for joking that a group of female UKIP members who did not clean behind their fridges were sluts.,1,Support,A,1,,,
1245,in the th century fundamentalist supported the idea that new species appear abruptly catastrophism,like all theories evolution has changed over the years because of new evidence was discovered,0,Attack,A,0,,,
369,A vote for UKIP is a vote to leave the EU and recover power over our national life.,Farage acknowledged that the first past the post system would make it difficult for his party to win a seat at Westminster and this would leave UKIP with little influence.,0,Attack,A,1,,,
709,The success Ukip had in the european elections will be sufficient to galvanise one or preferably all the other parties to rid us of the EU's political influence.,"UKIP, which has called for withdrawal from the European Union and greater restrictions on immigration, has seen improved poll ratings this year.",1,Support,A,0,,,
2094,in the latter case that is because more fornicators are shacking up rather than getting married which is why there is fewer divorces if a state allows gay marriages their spirituality is in the toilet,good the less moronic spirituality in each state the better lets move out of the dark ages as fast as we can,0,Attack,A,0,,,
2450,The voting age should be lowered to sixteen years,Parents are guardians and should be trusted to vote in their childrens interests,0,Attack,A,1,,,
1191,anybody that thinks there is currently a healthy scientific debate over intelligent design has missed the history of the last  years,theology it says in his profile,1,Support,A,0,,,
128,"Marketing UKIP as ""the people's army"" is a bitter irony.",A UKIP candidate in Somerset was suspended from the party on Tuesday after a photo of him apparently making a Nazi-style salute appeared on his Facebook page.,1,Support,A,0,,,
957,the purpose of the spiritual realm has never been to say how but why,the purpose of the spiritual realm has never been to say how but why,1,Support,A,0,,,
1416,the writer of this piece is working for a salary,idnetthe writer of this piece is working for a salary,0,Attack,A,0,,,
1281,the same reason we dont teach literature in a home economics class,the reason we dont teach literature in home economics is because those two subject have seemingly absolutely nothing to do with one another,0,Attack,A,0,,,
2184,it is helpful if one understands evolution before one attempts to debunk it,i know what you mean you should see some of the other books he has at his site as well,1,Support,A,0,,,
429,A strong UKIP vote suggests there's a lot of the British public who aren't on board with the current set-up.,Former Europe Minister Denis MacShane said the EU was Britain's biggest trading partner.,0,Attack,A,1,,,
2181,all of these reasons are way vague some are outright ridiculous,agreed many of the reasons are ridiculous but to some people no restriction on gun ownership is unreasonable,1,Support,A,1,,,
2304,no what makes economics tick is unfairness of trade you do not need to fix something that is still not broken,on the other hand prices in usa are much lower for example for electronic devices that could be a way to reduce prices in europe,0,Attack,A,1,,,
2161,here in new hampshire not known as a bastion of liberalism civil unions passed the state legislature this year i am now covered under my partners state sponsored he is a state worker health insurance we are grateful,oh i hear you i am covered by my partners insurance here as well i would not have been able to get the insurance if we were not legally a union,1,Support,A,0,,,
808,"If we leave the EU we will save billions of pounds which can then be invested in our ailing national infrastructure, notably the NHS.","In a separate interview with BBC Radio 5 live, he warned of the possible consequences of an in-out referendum on the UK's relationship with the EU.",0,Attack,A,1,,,
1018,youre right science is not atheism but not thats what most people make it out to be,your argument is compelling until we expand the question of how did we get here to encompass the divine,0,Attack,A,1,,,
2206,if i can find the time is anyone here interested in debating the virgin birth in the debate section i would debate it didnt happen,actually hank i agree with you i do not believe it happened either i am curious to hear your opinion on the matter,1,Support,A,0,,,
969,if youre tired of debating pandas fine,if intelligent design is a valid scientific concept why is it that we have examples of idiotic design in so many organism including vertbrates all their eyes are wired backwards making their retinas vulnerable to damage,0,Attack,A,1,,,
1109,the following is a quote from your points quote the more parts that appear to be arranged for a purpose and the more precisely they fit each other to achieve that purpose the more and more confident we can be in our conclusion of design,behe says intelligent agents can plan ahead and act on their plans,0,Attack,A,0,,,
729,"UKIP is a not a real party, with a clear global ideology and vision addressing all aspects of society: it is focusing on a handful of issues (all centered around membership in the EU and migrants), mostly ignoring global financial issues, health, education, security etc.",He said UKIP was clearly taking a very right wing position which pandered to an obvious anti-Europeanism.,1,Support,A,0,,,
2494,Terrorism can sometimes be justified,Terrorism creates a negative abusable portrayal,0,Attack,A,0,,,
465,"UKIPs main issue has always been the EU, immigration has just been the bit that highlights what a failure the project has been.","UKIP's local election manifesto, concentrates on its flagship policy of ending open door immigration and putting pressure on the government not to lift restrictions on workers from Bulgaria and Romania on 1 January, which proved a successful formula in Eastleigh.",1,Support,A,0,,,
1724,july  william jennings bryan the leading fundamentalist in america was questioned by clarence darrow on the accuracy of the bible,if the   bible   is to be taken literally then wouldnt a literal interpretation include a literal interpretation of genesis,1,Support,A,0,,,
114,The reason why UKIP has gained so many votes is because the main parties refuse to deal with immigration and the EU.,That is probably why they are going to vote more for UKIP than the LibDems,1,Support,A,0,,,
1740,you said tentacles could become legs,because you cant imagine a reason why both chimps and humans have a chunk of dna that has the same viral code doesnt mean its   evolution  ,1,Support,A,1,,,
1705,agreed  percent  this is my frustration with people who want to find every possible motive to discredit creationism they seem to want everyone to accept their viewpoints without question while they seemingly want to question and discredit anyone who does not see from their points of view,god created the universe therefore god created   science  ,0,Attack,A,0,,,
361,"It's true that UKIP dont have ideas to suit everyone, but at the moment they are heads above the pillocks at No 10 today.",The UKIP leader had told the Guardian that there was no way his party could work with Mr Cameron under any circumstances.,1,Support,A,0,,,
910,preventing creationism to be taught is not violating freedom of religion,laurie goodstein,0,Attack,A,0,,,
2027, i didnt see it so it cant be true, i have repeatedly asked for proof on this site and have yet to be supplied with any real proof,1,Support,A,1,,,
2236,sometimes the state of the education system in the usa makes me cry,sometimes the state of the public education system in the us is downright criminally neglectful,1,Support,A,0,,,
979,i dont really care  ,currently   science   feels its accelerating,1,Support,A,0,,,
1973, no scientist can give strong evidence to support evolution      your dishonesty and ignorance of science proves you are not fit to even ask the question, theres really no way yet to prove it but the precedence of the evolution of all other species including our own has led to a conclusion that we most likely came from something else,1,Support,A,1,,,
2155,i am for gun control i believe you should have a steady hand firm grip calm breath and a smooth pull,very well put,1,Support,A,0,,,
2653,i turned this movie off halfway through because i was bored out of my skull then i come here and its got a high rating granted its got a good storyline good acting nice cinematography but somehow still managed to bore me to tears,i will also agree that i was bored at times considering all of the reviews that this movie got,1,Support,A,0,,,
1272,complexity is the more the norm than the exception,i guess i must be old fashioned  but i do believe in real science,0,Attack,A,1,,,
1517,luskin quotesmay not the principle of uniformity then be used in a broader frame of consideration to suggest that dna had an intelligent cause at the beginningthis would seem to be the usual trick of origins science  an attempt to claim that abiogenesis is impossible,just because id claims that it is scientifically relevant and in fact can lead to affect research directions does not mean that their claims are accurate and truthful especially given the simple fact that in the last  years id has failed to show much of any example that supports their claims,1,Support,A,0,,,
877,"The whole UKIP-for-the-working-class narrative is utterly insane since, if we left the EU, the poor would still be competing with cheap foreign labor.",Mr Farage has successfully broadened UKIP's appeal away from Europe.,0,Attack,A,1,,,
1645,it has been translated for about six thousand years,you are an intellectual and people like you have the hardest time believing anything let alone trying to intellectualize the bible or god or anything like it,0,Attack,A,0,,,
1917, all animals share the same dna so we must be related if you look at the evidence something religious people dont do you will see that there is more evidence for it than against it, you dont have to believe anything,1,Support,A,0,,,
552,UKIP are a joke outfit full of small-minded Neanderthals who think the 1950s are the future.,"UKIP appears to have struck a chord with many voters on the issue of immigration, campaigning against the relaxation of working restrictions on Bulgarians and Romanians due to come into force in January.",0,Attack,A,1,,,
1041,specifically the theory predicts that we will find large amounts of specified complexity in natural objects,i am an experimental scientist,1,Support,A,0,,,
2414,We should grant politicians immunity from prosecution,Politicians should be able to make difficult decisions without fear that selecting one option will lead to their incarceration,1,Support,A,0,,,
856,"UKIP will lead the UK to independence from the oppressive EU, which is the only chance Britain has at restoring its former glory.","In contrast, the Liberal Democrat's Bill Newton Dunn quit the Tories in protest at its increasing hostility to Europe.",0,Attack,A,1,,,
1503,in pandas we read creation means that the various forms of life began abruptly through the agency of an intelligent creator with their distinctive features already intact,   httpwww,0,Attack,A,0,,,
1464,id may assert but as a science their contributions remain largely with content,id may assert but as a science their contributions remain largely with content,0,Attack,A,0,,,
2532,US intervention in Libya lacking congressional approval was illegal,Humanitarian reasons prompted swift intervention,0,Attack,A,1,,,
2282,go by bike,people are too lazy,0,Attack,A,1,,,
2148,that can be proven,no it can not scientific theories are not proven,0,Attack,A,1,,,
1426,a non living entity possibly though it depends on you definition,that in no way describes the current theories about how life began,1,Support,A,1,,,
2209,and i was not disappointed,can not be dissapointed if i know not to expect more,1,Support,A,0,,,
149,Ukip are doing well for the very simple reason folk have at last realized that they are being lied to by LibLabCon and now have somewhere else to go.,"The Conservative Party is bringing in people who want to work in the national interest to sort out Britain's problems, he said.",0,Attack,A,1,,,
2539,We should allow voting at 16 in European Parliament elections,This would complicate elections,0,Attack,A,1,,,
1906, im against it   ahh i love the arguments in everyone the against it section, you see a building and you have proof there is a builder,1,Support,A,0,,,
1982, well as being one of the denoted tie breakers of this debating conversation topic i would like to point out that evolution is both a fact and a theory, why is it that when you try to look at the theory of evolution that it comes down to a god thing       as far as i am aware evolution has been tested  proven and those conditions reproduced,1,Support,A,1,,,
2500,The International Criminal Court should be recognised,The ICC allows for the prosecution of war criminals,1,Support,A,0,,,
2296,you can get any other tablet for much less that has the same features ,one may argue that there are enough apple only apps justify the apple price,0,Attack,A,1,,,
660,"If UKIP want to retain these voters and attract more in a general election then they need to come up with policies other than ""leave the EU"" and ""its all the immigrants fault"".",UKIP has evolved over the two decades since it was created from an anti-EU pressure group into a fully fledged party which has now proved that it can succeed beyond European elections.,0,Attack,A,1,,,
1314,the cause of the big bang is currently unknown but it is also undergoing investigation,the ayn rand center and i agree for once about the fact that id is nothing more than bait and switch and that id at best is a religiously motivated attack on science as the di seems to admit in their own wedge document,1,Support,A,0,,,
507,"UKIP advocates for the UK leaving the European Union which would be a bad idea – but they are trying to leverage on the british people’s need to belong and pride to be british, which further sparks their anti-foreigner standpoint.","UKIP appears to have struck a chord with many voters on the issue of immigration, campaigning against the relaxation of working restrictions on Bulgarians and Romanians due to come into force in January.",0,Attack,A,0,,,
50,"Even a UKIP European candidate, Janice Atkinson, another ex-Tory, admits leaving the EU would be problematic.",But immigration has also been an issue and UKIP sees the EU question being at the heart of it.,0,Attack,A,0,,,
436,The success Ukip had in the european elections will be sufficient to galvanise one or preferably all the other parties to rid us of the EU's political influence.,"UKIP appears to have struck a chord with many voters on the issue of immigration, campaigning against the relaxation of working restrictions on Bulgarians and Romanians due to come into force in January.",1,Support,A,0,,,
2245,any state of the art pc with a game pad,i think that the best consoles by far are either the xbox or the ps,0,Attack,A,0,,,
2050, i take issue only with the word no in this title though without it there wouldnt be much debate so fair play, devils advocate creationism is true because creation the world exists and the bible exists in it and the bible confirms creationism,1,Support,A,0,,,
1402,caseyas evidence that teaching id promotes religion auscs claims that phillip johnson the socalled father of intelligent design once told a religious audience that his goal is to use id to instill doubt about evolution in peoples minds and then introduce them to the truth of jesus christ,good arguments are worth far more than vehement objections,1,Support,A,0,,,
1497,you mean you accepted the attempt to reconcile the early drafts while ignoring the facts sadly you seem to have fallen victim of di propaganda,nothing in the early drafts state that the creator was specifically god or anything supernatural something the di is already emphasizing on this site,0,Attack,A,1,,,
1179,the theory of   intelligent design   holds that certain features of the universe and of living things are best explained by an intelligent causefine,fine,0,Attack,A,0,,,
1324,for goodness sakes guys very few people are advocating the mandatory teaching of id in schools,tjlook what happened to richard stenburg when he had the courage to allow an id piece get published scientists and his peers jumped all over him,0,Attack,A,1,,,
2176,they were both created on the sixth day according to genesis,true god created adam then he created eve out of one of adams ribs,1,Support,A,1,,,
2234,do not worry about me being affected by the leftist media either i really do not care to listen to their lies and over emotional rantings too often,that is refreshing and i am being serious,1,Support,A,0,,,
1824,if what you say is true then nothing at all is scientific fact,it has not been proven and i dont think it can be,0,Attack,A,1,,,
1004,as much as i might believe that there is some sort of creator and that a creation occurred you cannot justifiably intermingle science and religion,id has no merit except as a religious idea,1,Support,A,0,,,
1341,tj again only valid if you trust judge jones and judge jones is really only the aclu in disguise because of how much he copied from them,tj again only valid if you trust judge jones and judge jones is really only the aclu in disguise because of how much he copied from them,0,Attack,A,0,,,
1468,but its more than we dont understand thus designed,but its more than we dont understand thus designed,0,Attack,A,0,,,
1836,evolution has not ceased in any animal,again we hit walls of diction but its a great debate and im on your side evolutionists,1,Support,A,0,,,
1605,you cant prove anything using that same thing you have to use evidences outside of that,there is no proof that there even exists a god to begin with so in that case you cant really use that either,0,Attack,A,0,,,
1441,its not about believing in id many people have come to accept by faith the existence of a god but rather that scientists do not believe that id has much of anything to offer scientifically speaking,creationism has more solid evidence than   evolution   does,0,Attack,A,1,,,
1059,in fact the history of life shows a pattern of explosions where new fossil forms come into existence without any clear evolutionary precursors concurring with design theory that predicts that species might appear abruptly, jay intelligent design id has scientific merit in paleontology because in many instances it can be applied to the fossil record to detect where design has occurred in the history of life by finding the rapid introduction of large amounts of complex and specified information csi,1,Support,A,0,,,
270,UKIP are asking the questions that haven't been asked by the opposition or the media.,"Europe had in the last few years become a huge issue due to the euro crisis and the bailouts, and UKIP was the only party addressing this problem head on.",1,Support,A,0,,,
1399,why dont we   add   those inand believe me those commandments werent invented at that time,why dont you tell meare they needed to for   health   and safety of the country,0,Attack,A,0,,,
2229,makes george carlins plan to use the state of kansas as a prison even more appealing i especially liked the board member dogma statement,yes kind of reminds me of abraham lincolns thought better to remain silent and be thought a fool than to speak out and remove all doubt,1,Support,A,0,,,
835,UKIP want to get us out of the EU to make the British people much worse off then they already are.,But UKIP said leaving the EU was the only way to fully take control of the UK's borders.,0,Attack,A,1,,,
519,"The sooner we are out of the EU, the sooner we can start making this country great again.",The committee said the EU had helped to transform Europe from a continent of war to a continent of peace.,0,Attack,A,1,,,
1923, evolution is an embarrassment to science, im voting no based on the title of the debate and its relationship to the explanation,1,Support,A,0,,,
1897, what i feel in this context is creationism is nothing but a wrong assumption, yes evolution has hard scientific fact and the creationists put all of their faith in a book that is supposed to be the word of god but it was written by people,1,Support,A,0,,,
1064,in fact the history of life shows a pattern of explosions where new fossil forms come into existence without any clear evolutionary precursors concurring with design theory that predicts that species might appear abruptly,perhaps the author can explain why of all of the thousands of researchers in geology biology particularly evolutionary biologists and paleontology,1,Support,A,0,,,
1988, genetic tests have proven that we are very closely related to certain apes a branch on the same family tree, evolution is a theory that is supported at the micro level,1,Support,A,0,,,
2149,the people that already own weapons do not seem to be doing much to combat crime,well what do you expect everytime gun owners try and do anything to combat crime you liberal sissies yell and scream about vigilantism and foam at the mouth as you talk about how were taking the law into our own hands and that well be administering death sentences without trials for matters as trivial as jaywalking,0,Attack,A,1,,,
2126,the only obsession i see is the obsession gays have in seeking acceptance for their lifestyles,you keep starting all these threads on gays called obsession,0,Attack,A,0,,,
544,"UKIP are a two trick pony, Europe and immigration that's it.","Explaining his decision to swap sides, Mr Campbell Bannerman - MEP for the East of England - said UKIP had become obsessed with single issue politics, internal fighting and shouting from the sidelines.",1,Support,A,0,,,
2103,how despite centuries of artificial breeding and decades of experiments no one has ever observed one species turn into another speciation,out and out lie there is really no other way to put this,0,Attack,A,1,,,
1190,the universe is under no obligation to conform to anyones definition of science,anybody that thinks there is currently a healthy scientific debate over intelligent design has missed the history of the last  years,1,Support,A,1,,,
653,UKIP doesn't need to win power to force the changes people want.,Their debate followed a Daily Politics flim looking at a possible pact between UKIP and the Tories.,1,Support,A,1,,,
2273,the wall thickness x should be five millimeter,this wall thickness is too thin,0,Attack,A,1,,,
2544,We should force think tanks to reveal all of their sources for resource funding,Legally requiring disclosure from all benefits think tanks,1,Support,A,0,,,
416,The reason why UKIP has gained so many votes is because the main parties refuse to deal with immigration and the EU.,"Farage's outspoken speeches in Brussels against what he perceives as euro-nonsense are legendary, both for their wit and passion.",1,Support,A,0,,,
74,I think it's far too simplistic to argue all UKIP supporters are racist - there is a real groundswell against the political establishment which over the past 20 years or so has started to converge in terms of image and policies.,Conservative voters instinctively know what the right thing is but unfortunately the Conservative Party doesn't so many dienchanted people ave been flocking to UKIP.,1,Support,A,0,,,
1476,there is more than naturalism can engage,there is more than naturalism can engage,0,Attack,A,0,,,
852,"Ukip is the only party advocating withdrawal from the failing EU, a sensible idea for a lot of people!",The Lib Dem leader also argued that being in the EU meant that we keep ourselves safer because we can go after cross-border crime and terrorism and that we can look after the environment in a way which we can't on our own.,0,Attack,A,1,,,
2023, there is positive evidence against macroevolution, there is eye witness reproducable evidence for micro evolution or change within a species which is irrefutable,1,Support,A,1,,,
253,"If UKIP have a good general election and manage to take a few seats then that can only benefit Labour, because all of the seats that UKIP can possibly, conceivably win - well they are all Tory seats.","The anti-European Union party is hoping to win the most seats in the contest, building on its strong poll ratings and success in last year's local elections.",1,Support,A,1,,,
1554,ricardo the bible was definitely written as is,its not that cut and dried,1,Support,A,1,,,
1357, we focus only on the constitutional aspects to this issue,lets just cut to the chase id does not perform any empirical and statistical verifications at best they could perform statistical falsifications of a particular scientific hypothesis but even the simplest hypotheses are not easily captured in statistics and thus id has found that most examples of supposedly designed systems cannot really be tested using id methodology,0,Attack,A,0,,,
1902, as an archaeologist i have to say that creationism is wrong, creationism is absurd and wrong and so its fellowtraveller intelligent design,1,Support,A,0,,,
701,"The sooner we are out of the EU, the sooner we can start making this country great again.",Lord Pearson said he hoped the results would increase pressure for a referendum on EU membership.,1,Support,A,0,,,
397,"UKIP are an independent party and have shown that their appeal is broad, making big dents in staunchly Labour voting areas as well as the recent bi-election successes.","Addressing party members in Birmingham, he predicted UKIP would cause a political earthquake - particularly now that the EU leaders' desire for a fully federal Europe was out of the bag.",1,Support,A,0,,,
737,"The ratio of nutters in UKIP is far higher than in other parties, especially so since they seem determined to take all the Tories' fruitcakes off them.","Of course it is racist, the language, the rhetoric, the membership, who doubts it?",1,Support,A,1,,,
1621,no it means that the word of god is internally consistentnonsense,the bible is no more self authenticating then any other irrational fantasy,1,Support,A,0,,,
1680,human beings added names to the days of week they were originally and simply numbers,why should we just stop  why not keep trying to understand the universe  i could never imagine being satisfied with a god did it,0,Attack,A,1,,,
1723,afaik the languages of genesis are hebrew and aramaic,try reading chaucer out loud in his language,1,Support,A,0,,,
1856,id does undermine evolution because supporters of id wish to put a sticker in every textbook that says something along the lines of evolution is just a theory,once again generalizing on an unfair term,1,Support,A,0,,,
2310,nuclear energy is the most efficient once all potential hazards are eliminated,i tend to disagree the main problem with the nuclear power is that the plant cannot be switched off fast we are not able to control this process,0,Attack,A,1,,,
1207,we also investigate axis of evil aoe type anomalies which detect phase correlations between different multipoles in harmonic space,while i am quite happy with pwning  of the three statements you made i am certainly willing to look at your final claim which references a statement by richard ryals,1,Support,A,0,,,
1477,there is more than naturalism can engage,oibopen your mind and your brains will fall out,0,Attack,A,0,,,
2428,European Parliament elections should involve only one voting district all of Europe and not separate country seats,Big countries will dominate,0,Attack,A,1,,,
1397, i have been a christian most of my life and the ten years i lived outside the community was hell on earth,poblic schools are not to promote   religion  ,1,Support,A,0,,,
1254,ps including creationism as a n option and stopping hypnosis on students would bring up their iqs immediately if we include   creationism   we should include all the creationist stories,just when you think you have seen and heard it all the landons  eonic effect pops up again,1,Support,A,0,,,
1111,so we detect design by inferring that some parts appear to have been arranged for a purpose,in order to have purposefulness and intentionality you need selfawareness,1,Support,A,1,,,
1282,the reason we dont teach literature in home economics is because those two subject have seemingly absolutely nothing to do with one another,well since they do not it is a true statement,0,Attack,A,0,,,
1169,riiiight,intelligent design works off positive predictions about where experience tells us that   intelligent design   is the cause at work,0,Attack,A,0,,,
2268,suits is the best,suits is good but certainly not the best characters are pretty cool but plot and dialogue can be a bit cheesy sometimes unless dwight is a senior partner,0,Attack,A,1,,,
486,UKIP doesn't need to win power to force the changes people want.,A ComRes survey for BBC One's Sunday Politics found 22% of Tory local councillors supported a pact with the UKIP.,1,Support,A,0,,,
1267,if intelligent design says nothing about the supposed designer then of what value is it if the designer created life millions or billions of years ago what was his purpose in doing so what iswas the designer like did the designer give specific instructions to his creations as most religions teach the id promoters delibrately leave such questions unanswered in their official pronouncements about id,discovery institute writes ,1,Support,A,0,,,
2069,the story of the literal genesis is only rejected by those who are not looking to the absolute truth found in god almighty,a literal reading of genesis is rejected by every major sect of christianity what kind of a looks at a bat and then claims that it is a bird because it says so in the holy bible,0,Attack,A,1,,,
121,Ukip are doing well for the very simple reason folk have at last realized that they are being lied to by LibLabCon and now have somewhere else to go.,"Voters appear restive, often reluctant to support the larger parties.",1,Support,A,0,,,
2309,nuclear energy is the most efficient once all potential hazards are eliminated,there is no good way to handle the waste created in the process,0,Attack,A,1,,,
615,"The country faces more than two big issues, which is where Ukip come apart at the seams in an incoherent bunch of right wing horse shit from whatever Think Tank came along at the time.","The responsibility of politicians in this situation when people are getting anxious is to try to reassure them and give the facts, not panic and resort to populist measures that do harm.",1,Support,A,1,,,
905,teaching creationism is comparable to teaching flat earthism,schools should not teach theories that are completely at odds with each other,1,Support,A,0,,,
508,"If UKIP want to retain these voters and attract more in a general election then they need to come up with policies other than ""leave the EU"" and ""its all the immigrants fault"".","The charge put by its deputy leader David Campbell Bannerman when he defected to the Conservatives in the wake of the May elections was that UKIP remained, at heart, a single issue pressure group.",1,Support,A,0,,,
792,"Ukip has British values, wants to get British industry kick started back to the fore front again, become more self-sufficient.",The committee said the EU had helped to transform Europe from a continent of war to a continent of peace.,0,Attack,A,1,,,
1024,the response to my comment id contradicts itself is a series of peculiarly unclear assertions,the response to my comment id contradicts itself is a series of peculiarly unclear assertions,0,Attack,A,0,,,
255,UKIP are not a single issue party anymore; UK Sovereignty is the crux of their party political platform but they've certainly expanded from that singular issue in recent years.,"We have fundamentally changed the national debate on Europe, immigration, education and I really believe that given the trajectory UKIP's on there is a real opportunity for us to get significant representation in 2015.",1,Support,A,0,,,
1888,its called the theory of evolution for a reason,ignorance of terminology,0,Attack,A,1,,,
1225, joeif we dont know then no one can say that a designer was not involved or not required,the only way that design could be detected in nature is if there were objects around that werent designed,1,Support,A,1,,,
746,"UKIP is certainly NOT racist or xenophobic - if you, as I'm you have done, read our policies on the website there is no suggestion of this at all, it is more a rumour and conspiracy of the lefties. ",Farage admitted the party had not had time to properly vet all of its new recruits and he was forced to suspend a handful of them following newspaper reports of alleged racist comments.,0,Attack,A,1,,,
672,UKIP want to get us out of the EU to make the British people much worse off then they already are.,"He debated with journalist and historian Sir Max Hastings who said Britain can't stay in Europe on any terms, but said leaving could mean the UK could find a very tough time out there.",1,Support,A,1,,,
318,"If UKIP want to retain these voters and attract more in a general election then they need to come up with policies other than ""leave the EU"" and ""its all the immigrants fault"".","Mr Farage said there was much anger around the country at the failure of the other parties to hold one over the ratification of the Lisbon Treaty, which created an EU foreign policy chief and a permanent president of the European Council.",0,Attack,A,0,,,
2431,European Parliament elections should involve only one voting district all of Europe and not separate country seats,This avoids the real questions about the European Parliament,0,Attack,A,1,,,
833,"The ratio of nutters in UKIP is far higher than in other parties, especially so since they seem determined to take all the Tories' fruitcakes off them.",UKIP leader Nigel Farage said any members proven to have extreme right wing views would be expelled.,0,Attack,A,1,,,
324,"If you think that the Tories are nasty, heaven help us if UKIP get in because they would be nastier, more cruel, and more bigoted.","He said he did not believe the Tories had to start sounding like UKIP, who he dismissed as isolationists, in order to win the next election, saying the only way to win was to get on with the serious business of governing the country.",1,Support,A,1,,,
2170,i do not seem to get the punchline maybe it is meant to be nonsensical,yes oddly the picture makes as much sense as most creationists ,1,Support,A,0,,,
313,"If UKIP want to retain these voters and attract more in a general election then they need to come up with policies other than ""leave the EU"" and ""its all the immigrants fault"".","Alongside that central desire to get out of the European Union, the party is now pushing a broader range of ideas, from being anti-gay marriage to pro-grammar school.",0,Attack,A,1,,,
2321,usually the best city in every country is the capital so i would go for madrid ,yes madrid rules it has got lots of football stadiums,1,Support,A,0,,,
70,"In fact, all UKIP seems to talk about now is withdrawl from the EU without any genuine policy around UK's domestic economy.","He said he did not believe the Tories had to start sounding like UKIP, who he dismissed as isolationists, in order to win the next election, saying the only way to win was to get on with the serious business of governing the country.",1,Support,A,0,,,
1769,i can see how it would be interpreted as a contradiction,my point was not that genesis contradicted itself but that if you took it literally it contradicted itself,0,Attack,A,0,,,
1459,idnetto comment on whether id has merit or not it is minimally necessary that people be properly informed of the arguments involved,lets talk about cricks statement biologist must constantly keep in mind that what they see was not designed but rather evolved,0,Attack,A,0,,,
757,UKIP language tends to portray the real experiences of UKIP people not the politically correct fantasy construct that too many people on here seem comfortable with.,But Mr Cameron dismissed UKIP's showing as a protest by voters and promised to stay true to his principles.,0,Attack,A,0,,,
2586,was anyone else disappointed by the ending of the movie it feels to me like there couldve been a few scenes about what happens next im no writer but i do feel this wasnt appealing at all,to me i was glad to see an ending leaving room for interpretation it was perfect not disrespecting to its viewers,0,Attack,A,1,,,
2080,all organisms tend to produce more offspring than can possibly survive,false and that does not invalidate evolution given how it is a misrepresentation of one of the statements in the theory ,0,Attack,A,1,,,
1488,jon buell the president of the foundation for thought and ethics testified in court enjoyby mr,you still have yet to provide any passages within pandas which state that god is directly implicated saying that the fte is religious therefore so is pandas,0,Attack,A,0,,,
2121,nobody refused to treat her the first hospital just flat out misdiagnosed her,they were not insured they could not get in for treatment without insurance both were preventable deaths,0,Attack,A,1,,,
1023,the name intelligent design is itself a hoax,the response to my comment id contradicts itself is a series of peculiarly unclear assertions,0,Attack,A,0,,,
1499,the term creation and creationists have very clear and religious meanings,you argue based on the ftes claims that the term creation and creationism had nothing to do with religion,0,Attack,A,1,,,
1351,first thanks for the reply,schenfinally to claim that id has no secular purposes that are not shams is quite a claim to make,0,Attack,A,0,,,
950,as i said earlier experience demonstrates that it matters a great deal to an investigation whether or not that which is being investigated occurred via agency involvement or by nature operating freely,we dont know but we do know a designer wasnt involved,0,Attack,A,1,,,
2224,as it stands in the uk a father has no sat whatsoever in the welfare of the fetus if his partner wants to terminate he need never even be told,same in the us the father does not have the right to choose,1,Support,A,0,,,
624,"Ukip is the only party advocating withdrawal from the failing EU, a sensible idea for a lot of people!",Amjad Bashir was responding to comments on Wednesday's Daily Politics from ex-deputy PM Lord Heseltine that UKIP was a racist party.,0,Attack,A,1,,,
972,if you are going to comment on something in   science   you need to back it up with actual data,first i believe that religion is manmade as are christ buddha mohammed et al,0,Attack,A,0,,,
263,Many racists and especially xenophobes find the UKIP message appealing.,"He was a UKIP supporter, he said, because he wanted the UK to withdraw from the European Union, which is by no means a xeniphobic sentiment.",0,Attack,A,1,,,
2367,the nexus  has everything fast processor big screen and the latest version of android,indeed i think is the better one and cheaper as well ,1,Support,A,0,,,
1457,idnetthe following statement by the employee of ncse is the exact form of inference to the best explanation that id scientists use to demonstrate that there is intelligence behind life,when there was a move to distribute unlocking the mystery of life dvd to australian schools a few worried scientists headed by michael archer from unsw got together and signed a letter on behalf of  scientists and educators,0,Attack,A,0,,,
1641,i do not believe in science,all this is hard to understand,0,Attack,A,0,,,
1404,liberals will loose this battle,is good science a liberal theme if you love true science you must be a liberalyou are in good company but remember that good science including evolutionary science knows no boundaries christians republicans democrats and independents all accept the facts of science of course given the historical link between evangelicals and republicans we do observe a stronger lack of understanding of science amongst some who also happen to be republicans but do not confuse cause and effect here,0,Attack,A,0,,,
884, teaching creationism is dangerous to science and reason  if a theory that does not follow the scientific method is taught in schools as science science and reasoning will be undermined, creationism is not scientifically testable,1,Support,A,0,,,
2249,awful hotel bad service bad location and very over priced,i did a small search and i found that it is not far from the city centre so that means that the location is not so bad,0,Attack,A,1,,,
1355,he was a judge,as explained on that page some of the scientific journals and other prestigious academic sources that have published peerreviewed scientific publications by id proponents supporting core id arguments includeand then the discovery institute continues to claim some journals without providing much of any reference to the actual papers,0,Attack,A,0,,,
2021, its not falling apart its evolving as new data arrives, people like you should be banned from this website,1,Support,A,1,,,
275,If UKIP is really the best our country can do for an alternative then we are all doomed.,"Labour saw their majority halved to under 5,000 in Thursday's poll as The UK Independence Party finished second, with a 24% share of the vote, so clearly people seem to think UKIP are not such a bad choice.",0,Attack,A,1,,,
1460,lets talk about cricks statement biologist must constantly keep in mind that what they see was not designed but rather evolved,the bottom line is some interpretations of evolution leave little room for a caring god,0,Attack,A,0,,,
1222,to correct pvms confusionforensic detectives have to figure out the means,and again the design inference is based on our current knowledge that being we have an understanding of what nature operating freely is capable of and we couple that with our knowledge of what designing agencies are capable of,0,Attack,A,0,,,
194,"If UKIP don't like being smeared, then they need to stop smearing, stigmatising, and fear mongering about others.","In Barnsley Central last month, UKIP came an impressive second to Labour - on the back of a locally focused campaign, which argued that money going to Europe should be spent on the town instead.",0,Attack,A,1,,,
1202,   httpwww,the wmap data does not indicate we are at the center of the universe nor does the goldilock enigma really predict such,1,Support,A,1,,,
749,"I don't necessarily think Nigel Farage is worthy of PM, I think they need a new leader.",They seemed very thankful to have the colourful Nigel Farage back as party leader.,0,Attack,A,1,,,
417,"If you think that the Tories are nasty, heaven help us if UKIP get in because they would be nastier, more cruel, and more bigoted.","The penny is beginning to drop with the British people and British businesses that we are no longer a self-governing nation, and UKIP are here to remedy this.",0,Attack,A,0,,,
1172,its funny because i already named some provided resources to find them and yet you seemed to dodge the argument altogetherfollowed by the usual nonsense,not all this link was identified in my last reply    httpwww,0,Attack,A,1,,,
163,"I would say it's the anti-ukip brigade who have no substance to their argument (or facts), they simply shout ""racist"" with nothing to substantiate this slur, or become crude and insulting.","The 2009 poll saw UKIP's total grow to 13 seats, pushing Labour into third place with 16% of the vote.",1,Support,A,1,,,
236,If UKIP is really the best our country can do for an alternative then we are all doomed.,"UKIP better represents the views of Conservative voters than David Cameron's Conservative Party, he said, on a wide range of issues.",0,Attack,A,1,,,
1342,tj again only valid if you trust judge jones and judge jones is really only the aclu in disguise because of how much he copied from them,tji dont believe the  similarity in the aclus submission and the judges analysis was a lucky or freak coincidence im illinformed because i think he copied it rightyou seem to be ill informed about both the extent as well as the relevance of this so called copying,0,Attack,A,1,,,
1275,first off the human eye did not pop into existence by chance it is the result of billions of years worth of   evolution  ,the whole point of bringing up the eye example is to demonstrate that id is an actual theory and not a simple example in which someone proclaims that something is too complex based on their own judgements,0,Attack,A,1,,,
1714,imagine you found a grain of rice and you wanted to measure its length,calling the ort cloud a guess is disingenuous at best,1,Support,A,0,,,
2083,this seems to conflict with some of your earlier posts wherein you support terrorists,you show me the post where i said i thought terrorists killing children was a good idea and i will eat my keyboard,0,Attack,A,0,,,
1969, the simplest way to prove it is this, i am a christian and i do believe in evolution because there are quite an amount of amazing proofs for it,1,Support,A,0,,,
242,I think it's far too simplistic to argue all UKIP supporters are racist - there is a real groundswell against the political establishment which over the past 20 years or so has started to converge in terms of image and policies.,"The party, which campaigns for the UK to leave the European Union, said numbers had increased by more than 13,000 to about 32,500 in 2013.",1,Support,A,0,,,
1454,you give interesting and complex answers,take your time id rather have you think about it digest it and respond than give a hasty response which would not help us resolve these issues,0,Attack,A,0,,,
480,It is because of UKIP that we are finally discussing the European question and about immigration and thank goodness for that.,"Mr Cameron also said he did not think it would be right for Britain - or in the national interest - to leave the EU entirely, pointing out that some 50% of nation's trade was with the EU.",0,Attack,A,1,,,
744,"UKIP are a fairly right wing group as I'm sure will become clear when they actually produce some policies other than the ""its all the eu's"" fault.",It is not clear how well the eurosceptics will get along - UKIP has said it will not work with the far right parties from France and the Netherlands,0,Attack,A,0,,,
2109,it is up to you argue with me or argue with the person you want me to be,it is up to you stop bringing up red herrings or arguing by personal attack or do not expect me to treat your posts with any less contempt than i have for most of what has been posted to this board,0,Attack,A,1,,,
876,"I think Farage makes a much better leader than any of the other parties, he's full of enthusiasm and is not a PR man like the current leaders of the 3 main parties.","Despite the strong performances at the recent by-elections, it is true that Nigel Farage, in terms of electoral success, remains a political minnow.",0,Attack,A,1,,,
2172,a well regulated militia being necessary to the security of a free state the right of the people to keep and bear arms shall not be infringed the individual right to keep and bear arms shall not be denied or infringed by the state or a political subdivision of the state,other states have made similar revisions i would encourage people in states that have not to push their elected officials to do so,1,Support,A,0,,,
612,"UKIP must get used to the idea of being widely criticised for their bullshit just as other parties always have and I find them racist, sexist, homophobic, embarrassing, unpleasant, fake, ill-prepared, trivial, incompetent, barely organised and dull.","The responsibility of politicians in this situation when people are getting anxious is to try to reassure them and give the facts, not panic and resort to populist measures that do harm.",1,Support,A,1,,,
1360,bowmanmore on the aclus rubber stamped ruling by a practicing attorneynothing wrong with quoting from a well argued submission by the aclubowmanthat said none of this relates to the id ruling since the board members were not id advocates except perhaps superficially,nothing wrong with quoting from a well argued submission by the aclu,0,Attack,A,0,,,
1591,very interesting summary,most of those heavy gasses were filtered out of the atmosphere before life had even emerged and the atmosphere was changed to oxygen long before plants evolved,1,Support,A,0,,,
1435,id is not science because it can never make a prediction that is meaningful,id is not science because it can never make a prediction that is meaningful,0,Attack,A,0,,,
2288,change material to pvc,this is not possible there is a limit that prevents this,0,Attack,A,1,,,
1180,fine,your intelligent cause is completely undefined,0,Attack,A,1,,,
1378,unfortunately for them they have failed,why should i waste more than  seconds attempting to communicate with an ignoramusthere is a wonderful world wide web out there with a lot of substance,0,Attack,A,1,,,
2237,it is my understanding that the rules are if you are banned you can not simply create a new id and return under it this happened when terral was banned and returned using a new id,oh thanks for pointing that out i did not recall reading that rule but it certainly makes sense,1,Support,A,0,,,
2662,after all the attention and awards etc and an imdb rating of  i was so shocked to finally see this film and have it be so bad,i too was not too crazy about it there was too much music and not enough dialogue and very few surprises and the blood spurting was a little over the top,1,Support,A,0,,,
2402,We should ban religious symbols in public buildings,If you ban one thing you have to ban lots of things,0,Attack,A,1,,,
1822,to say that evolution has been scientifically proved would require that it be first studied then determined scientifically,no but i do call into question the nature of your uncertainty,1,Support,A,1,,,
1068,for starters   httpwww,the di is correct to point out that a lack of merit of id should not be confused with its religious implications however the combinations of its religious foundations with a lack of scientific content provides a strong argument against id having merit scientifically and delegates it to the realm of theology,1,Support,A,0,,,
2098,you want to talk pain i wish the proinfanticide zealots could experience being dismembered and having their skulls collapsed and their brains sucked out so theyll know what an innocent baby feels when its being aborted,you mean like how you suck any rationale thought or discourse from a debate topic,0,Attack,A,1,,,
408,"The sooner we are out of the EU, the sooner we can start making this country great again, and UKIP can deliver!","Ahead of May's local elections, Conservative cabinet minister Ken Clarke dismissed UKIP as a protest party and a collection of clowns.",0,Attack,A,1,,,
1387,as for scientific evidence for id start with the genetic code,as for scientific evidence for id start with the genetic code,0,Attack,A,0,,,
283,"In fact, all UKIP seems to talk about now is withdrawl from the EU without any genuine policy around UK's domestic economy.",There's more to UKIP than our policy of wanting to withdraw from the European Union and we will show that.,0,Attack,A,1,,,
219,"My observation is that UKIP often are reluctant to directly answer any questions of substance, which can be accounted for by the fact that they really have no policies.","Mr Farage has abjectly failed to develop coherent policies and is not leading the party on the course to victory, she said.",1,Support,A,0,,,
2028, i have repeatedly asked for proof on this site and have yet to be supplied with any real proof, evolution is just an excuse for biology to occupy the adolescent young mind,1,Support,A,1,,,
2448,The voting age should be lowered to sixteen years,Voting at a lower age would increase participation,1,Support,A,0,,,
84,"I don't believe Farage is a racist and I don't believe the UKIP policies are racist, but I do think they will be the party that attracts most support from racists.",UKIP neither share nor condone these right wing views.,0,Attack,A,1,,,
193,"The UKIP party is a populist party at the right end of the spectrum, which exploits people's fears of the foreign and unknown.","Then there is UKIP's founder Alan Sked, who wrote to the The Times to say that UKIP has been fooling its voters and members for far too long.",1,Support,A,1,,,
916,richard dawkins,the proiders claim that id uses scientific method infers design by testing positive predictionsdiscovery institute on id uses scien,1,Support,A,0,,,
695,"Europe is no longer fit for purpose and we'd do better to be out than in, plus save a whole load of cash.",The committee said the EU had helped to transform Europe from a continent of war to a continent of peace.,0,Attack,A,1,,,
204,If anyone seriously thinks that UKIP will offer some kind of answer to our current problems then I think that they are going to be sadly disappointed.,They might be voting for UKIP because they want to have a referendum on Europe.,0,Attack,A,0,,,
1806,maths is the only branch of science that offers  proof of its arguments,for macroevolution theory to be valid laws of nature that are generally accepted as true and standard must be repeatedly denied,0,Attack,A,0,,,
2110,i believe you just get angry when soemone does not agree with you  percent,i am not angry in fact im laughing at you right now,0,Attack,A,1,,,
1603,if the bible is the inspired word of the infinite creator god then it must be selfauthenticating and selfattestingand it is,i dont care how many times you say it,1,Support,A,1,,,
23,"UKIP are a two trick pony, Europe and immigration that's it.","UKIP is branching out on its policy focus, currently focusing its local election campaign on fat cat executives who are currently directing cuts at vital front line services while protecting trendy non-jobs.",0,Attack,A,1,,,
2562,Governments should be allowed to disrupt Internet service on grounds of national security,The right to internet access as a fundamental right,0,Attack,A,1,,,
1094,if theres something on    evolution   news its irrelevant to intelligent design andor distorted beyond all scientific recognition,if biology leads to new design if it is viewed in that contextand it never has and never will,0,Attack,A,1,,,
265,Many racists and especially xenophobes find the UKIP message appealing.,A UKIP spokesman said these kinds of people did not dictate its policy.,0,Attack,A,1,,,
1310,natural pertaining to or part of the observable world,i dont really believe in the supernatural unless you wanted to say that the first cause behind the big bang is beyond the observable world and therefor supernatural,0,Attack,A,0,,,
1287,could it be that you are biased against   religion   because i hate to break it to you but   christians   believe that the world is round so does that mean you disagree your foundation should be on whether or not your point of view is provable and truthful,because i hate to break it to you but   christians   believe that the world is round so does that mean you disagreebut is a round earth inherently a christian positionalso pagans believe that the earth is round as well,0,Attack,A,1,,,
604,"ukip's policies on health, education, taxation and all the things that affect peoples lives are non-existent.","He said his party had fundamentally changed the national debate on Europe, immigration and education.",0,Attack,A,1,,,
180,If there are enough Ukip votes it should frighten all the parties sufficiently to make them realise they can't just ignore the electorate.,UK Independence Party leader Nigel Farage has urged MPs to vote in favour of further debate on Europe.,1,Support,A,0,,,
1770,my point was not that genesis contradicted itself but that if you took it literally it contradicted itself,when there is clear and overwhelming proof that evolution is the process by which life has developed on earth it is painfully stupid to believe that the earth was created as it is now  years ago by a magical man in the sky,1,Support,A,1,,,
59,"Any of the ""working class"" who believe UKIP will represent them have not read a UKIP manifesto!","But it caused tensions in the Tory ranks, with Mr Cameron accused of being out of touch with his grassroots.",0,Attack,A,0,,,
2602,rarely have i watched and rewatched a movie with such spectacular cinematography,great post the cinematography is outstanding in this film my jaw hit the floor at some parts as the camera just rolls making you feel like youre there,1,Support,A,0,,,
1534,heres some links to actual passages something nick failed to provide as requested,debates like this do nothing more but cause problems for people who are trying to pursue legitimate alternatives to neodarwinian theory,0,Attack,A,1,,,
651,"It feels like UKIP is anti most things and base their politics on this: Anti-aid, Anti-immigrant – at times even anti-politics; it is therefore difficult to understand what they actually stand for and want to work towards.",The announcement comes two weeks after a roll out of Home Office vans with posters warning illegal immigrants to go home or face arrest was cancelled.,1,Support,A,0,,,
2396,We should ban religious symbols in public buildings,Religious symbols cause problems in schools,1,Support,A,0,,,
756,UKIP's sole aim at the general election is to get a smallish number of MPs elected but enough to hold the balance of power and do a deal with the Tories.,"Earlier this year, UKIP leader Nigel Farage said he was open to the idea of a pact but demanded a referendum pledge written in blood.",1,Support,A,0,,,
2421,We should grant politicians immunity from prosecution,Immunity for politicians hurts the image of their office,0,Attack,A,1,,,
864,A vote for UKIP would be a vote for a Tory-UKIP alliance that would be more right-wing than a Tory government.,He said UKIP was clearly taking a very right wing position which pandered to an obvious anti-Europeanism.,1,Support,A,0,,,
1912, you are under the mistaken impression that complexity and ability to buy washing machines equals more evolved, just judging from the question obviously the op hasnt got even a high school understanding of what evolution is,1,Support,A,1,,,
2563,Governments should be allowed to disrupt Internet service on grounds of national security,Disrupting internet service is a form of repression,0,Attack,A,1,,,
2379,yes marihuana does much less harm if at all to the human body than cigarettes ,indeed it is hypocritical to criminalise marihuana while alcohol etc are perfectly acceptable,1,Support,A,0,,,
1137,for educating us about the immense scientific amount of information that seldomly gets disseminated when id proponents claim that x could not have evolved,remember nick matzke a few years ago he outlined based on an extensive study of the scientific literature and homology studies a plausible scenario for the evolution of the bacterial flagellum,1,Support,A,0,,,
822,UKIP's proposals on membership in the EU and migrants are at best purely demagogic: they do not take into account facts and more general issues.,"Mr Cameron once described UKIP as a party of fruitcakes, loonies and closet racists.",1,Support,A,0,,,
1654,the only assuption we make in science is that the nature of the universe is consistant and rational,the absence of a creator is not an assumption of the sciences,1,Support,A,1,,,
555,It's a protest vote because (most) people know that UKIP will never net in power.,He argued that his party was on a journey from a party of protest to a party of government.,0,Attack,A,1,,,
309,"The UKIP mainstay vote is in normal working people because they never voted for 4 million immigrants, they never voted for Multiculturalism.",But Labour is expected to claw back ground among working class folks in the Midlands and north of England lost in 2009 when it had the worst night at the polls in its history.,0,Attack,A,0,,,
960,good point but as an evolutionary biologist i find that not entirely true,and could predict the next one there would still be the question of why it was set up that way,1,Support,A,0,,,
585,"The sooner we are out of the EU, the sooner we can start making this country great again.","Britain would prosper outside the EU, he argued, and talk of its losing trade was not credible.",1,Support,A,0,,,
2072,and do you not get a kick out of sp calling herself a rational christian as she blasphemes god and attempts to disprove him in every post,actually he does not believe in a liar god like you so really its you who is the blasphemer and he is a christian you are a biblist,0,Attack,A,1,,,
826,UKIP will continue to grow as will the arrogance of the other parties.,Small parties have a habit of disintegrating into internal warfare or being wiped out by the vagaries of the electoral system and political fashion - British politics has seen a few come and go over the years.,0,Attack,A,1,,,
2298,samsung produces some great tvs since they have fantastic image quality and are full of features,i have had some bad experience with the reliability of samsung products,0,Attack,A,1,,,
2403,We should ban religious symbols in public buildings,It is their culture and religion,0,Attack,A,1,,,
2348,absolutely everybody knows about foursquare but nobody remembers gowalla they offered identical features and also launched on the same day same conference,nice example,1,Support,A,0,,,
2531,US intervention in Libya lacking congressional approval was illegal,Congress was appropriately and openly consulted,0,Attack,A,1,,,
1884,evolution has actually never been observed,your definition of faith is atheistic it actually denotes the essence of the term foolish,1,Support,A,1,,,
1374,you lost the case  get over it,the auscs claim that court cases settle all debates reminds me of how futile roe v,1,Support,A,1,,,
450,"I think Farage makes a much better leader than any of the other parties, he's full of enthusiasm and is not a PR man like the current leaders of the 3 main parties.",But Dr North does have other reservations about Nigel Farage - including what he sees as his lack of political acumen.,0,Attack,A,1,,,
2353,among the best for sure,yes i agree on that,1,Support,A,0,,,
2478,We should create a United Nations standing army,A United Nations standing army is unnecessary,0,Attack,A,1,,,
140,Cameron had it right and UKIP could tip the balance towards Labour in the crucial marginal seats in the GE where the battle will take place .,"Because when it comes to being against Europe, the people prefer, between the original and the copy, they prefer the original.",1,Support,A,0,,,
26,It is because of UKIP that we are finally discussing the European question and about immigration and thank goodness for that.,"UKIP gained 136 county councillors in England's local elections, with the Lib Dems losing 106.",1,Support,A,0,,,
775,"The sooner we are out of the EU, the sooner we can start making this country great again.","In a separate interview with BBC Radio 5 live, he warned of the possible consequences of an in-out referendum on the UK's relationship with the EU.",0,Attack,A,1,,,
385,"I and many others will be voting UKIP not because of a handful of people that have said stupid things, it will be because I identify and agree with their overarching principles.",Mr Farage said his party was making huge progress towards achieving that goal going in one year from 4.5% in the polls to a high of 16%.,1,Support,A,0,,,
498,"UKIP is a one man's party: its leader, Nigel Farage is running the show - I cannot think of any other party member having expressed any opinion publicly and I wonder whether this is because none of the other party member is ""presentable"".",Mr Farage has a network of unofficial party offices embedded in every community in the country.,0,Attack,A,0,,,
2466,We should promote democratisation,Democracy is good for economy as the ability to trade freely and openly with all countries promotes growth and wealth worldwide,1,Support,A,0,,,
1533,the full drafts were all entered as evidential exhibits with the court and are on file there,heres some links to actual passages something nick failed to provide as requested,0,Attack,A,1,,,
525,"In UKIP, we have a new political force which looks likely to poll very well in a national election on thursday.","More people were considering voting for UKIP at a general election than ever before, he suggested, and this current poll surge was different from previous spikes in support which were linked to European elections.",1,Support,A,0,,,
1548,actually i meant to say that if adam and eves children had to practice incest in order to go forth and multiply then it meant that god ordained it,werent covered under mosaic   law  ,1,Support,A,1,,,
2217,i will post another in the next couple of days,bless your heart,1,Support,A,0,,,
1336,tjagain you may have faith that methodological materialism will solve all of these problems in the distant future,tji agree with you though that darwinism does not automatically lead a person to atheism,1,Support,A,1,,,
95,Hopefully we will see our first UKIP MP before the general elections next year.,UKIP leader Nigel Farage said the party had made had made ''good steady progress''.,1,Support,A,0,,,
1510,stop eating at creationists heads and settle down a tad,it is not entirely clear to me who you are inditing for being rude so i wont attempt to defend them,0,Attack,A,0,,,
181,A vote for UKIP is a vote to leave the EU and recover power over our national life.,UKIP averaged 25% of the vote and won more than 140 seats in the polls.,1,Support,A,0,,,
542,"Europe is no longer fit for purpose and we'd do better to be out than in, plus save a whole load of cash.","Over three million jobs in this country, directly or indirectly, depend on us being in the EU, so that is a big choice.",0,Attack,A,1,,,
14,"UKIP are a fairly right wing group as I'm sure will become clear when they actually produce some policies other than the ""its all the eu's"" fault.","UKIP are probably a flash in the pan and they are a protest vote for disaffected voters who think Tories aren't right wing enough, Green activist Andrew Murray tells me.",1,Support,A,1,,,
2068,yes i did not get an answer there and i probably will not get one here either,well answering you seems to be a waste of time,0,Attack,A,1,,,
1060, jay intelligent design id has scientific merit in paleontology because in many instances it can be applied to the fossil record to detect where design has occurred in the history of life by finding the rapid introduction of large amounts of complex and specified information csi,since we proposed punctuated equilibria to explain trends it is infuriating to be quoted again and again by creationists  whether through design or stupidity i do not know  as admitting that the fossil record includes no transitional forms,1,Support,A,1,,,
685,"In UKIP, we have a new political force which looks likely to poll very well in a national election on thursday.","And with UKIP riding high in national opinion polls and coming second in the recent Eastleigh by-election, Mr Farage predicted his party would win seats in each of the 34 councils where elections are being held.",1,Support,A,0,,,
1792,therefore evolution has not been scientifically proven,i agreed with you up until reasonable doubt,0,Attack,A,1,,,
1749,but i can see she didnt teach you much,i didnt respond to a word of your post because you didnt give me a word to respond to that wasnt an attack itself,1,Support,A,1,,,
202,"Even a UKIP European candidate, Janice Atkinson, another ex-Tory, admits leaving the EU would be problematic.","Speaking on The World At One Nigel Farage, leader of the UKIP party, told presenter Shaun Ley that he believes that UKIP are offering a real alternative, and leaving the EU is at the heart of it.",0,Attack,A,1,,,
1855,id doesnt undermine evolution,id does undermine evolution because supporters of id wish to put a sticker in every textbook that says something along the lines of evolution is just a theory,1,Support,A,1,,,
2111,i have not studied evolution according to your way of thinking,really what a surprise so tell me if you do not know what it is or how it works how do you know that you are opposed to it,0,Attack,A,1,,,
412,"UKIP advocates for the UK leaving the European Union which would be a bad idea – but they are trying to leverage on the british people’s need to belong and pride to be british, which further sparks their anti-foreigner standpoint.","UKIP, which is fielding a record number of candidates in next month's elections on the back of strong performances in recent Westminster by-elections, said the issue was definitely coming up on doorsteps.",0,Attack,A,1,,,
985,im hardly the authority for all the great questions in life,im hardly the authority for all the great questions in life,0,Attack,A,0,,,
1086,ian asksif a prominent id advocate cant even get the description of one basic paper right how are they going to handle more complicated papers on the evolution of the immune systemin other words its not just the ignorance of science but the ignorance of the id proponent which seems to trigger design inferences,id has legal and educational merit because it is a bona fide scientific theory ,1,Support,A,1,,,
147,A vote for UKIP would be a vote for a Tory-UKIP alliance that would be more right-wing than a Tory government.,I also wasn't satisfied with some of the track records of some of the guys in UKIP.,1,Support,A,0,,,
68,"On voting day, this week the vast majority of the British public will not vote for UKIP.","Mr Wheeler, who has criticised David Cameron's attitude to the EU, said UKIP's success was vital.",0,Attack,A,1,,,
633,"I don't necessarily think Nigel Farage is worthy of PM, I think they need a new leader.","Oh and if the last few minutes of reading this article has felt like the Nigel Farage Show, he still dominates this political party.",0,Attack,A,1,,,
496,UKIP doesn't need to win power to force the changes people want.,"He proposes a pact, in which the Conservatives would promise a referendum after 2015 and in return UKIP would not stand against Tory candidates.",1,Support,A,0,,,
684,UKIP are a joke outfit full of small-minded Neanderthals who think the 1950s are the future.,UKIP leader Nigel Farage said any members proven to have extreme right wing views would be expelled.,0,Attack,A,0,,,
45,"UKIP are a fairly right wing group as I'm sure will become clear when they actually produce some policies other than the ""its all the eu's"" fault.","But some pundits believe UKIP to be on course to win next year's European elections, beating the Conservatives into second place.",0,Attack,A,1,,,
2077,you need not be far left to support reasonable gun regulation,suckers bet i think so you antis are so damned scared of guns you do not havea clue of how to commit a murderous domestic terrorist act of that nature,0,Attack,A,1,,,
2210,aikido judo and karate wado ryu would constitute a good combination,some of these martial arts videos are remarkable,1,Support,A,0,,,
2595,i read the book which is subtle philosophical and nuanced at the beginning of the year and last night i watched the dvd of this film what utter rubbish the film is a boring sweary standard thriller,i had heard nothing but praise for this movie and was also fairly letdown aside from the cinematography i didnt see anything unique about it,1,Support,A,0,,,
788,The hate campaign against Eastern Europeans that was and is run by UKIP legitimises anything said against them.,"The Conservatives, the Lib Dems and Labour have all been reconsidering their policies in light of this change and widespread criticism of the last government's failure to anticipate the large number of migrants from eastern Europe who came to the UK after EU enlargement in 2004.",0,Attack,A,0,,,
1166,behe assertsdesign is recognized in the purposeful arrangement of partswho decides if an arrangement of parts is purposeful  what does purposeful really mean in that statement  do the parts have purpose  does the arrangement have purpose  did the designer have purpose  if i take an old wristwatch and remove all the springs and gears and arrange them in a circle is the circle designed  if i throw them in a heap are all of the parts of the watch no longer designed  if i pick up some metal shavings off of the floor from under the lathe in the machine shop and arrange them into a complicated mathematical pattern that i generated using a computer program can you tell if this is a purposeful design or just a random designis a virus designed  a prion  a fragment of rna a benzene molecule  how can you tellwaving your hands and saying i know design when i see it and all life was obviously designed just wont cut it,who decides if an arrangement of parts is purposeful what does purposeful really mean in that statement do the parts have purposeif there is some form of synergy in the arrangement then yes that would be purposeful,0,Attack,A,0,,,
323,UKIP are in no way a single issue party and if Labour or the Conservatives were to give us a referendum UKIP would still have a full manifesto that would attract many voters.,"UKIP enjoyed its best-ever results in May's English council elections, gaining more than 140 seats.",1,Support,A,0,,,
2287,but if we get this right we will waste less research time with dodgy students we wish we had rejected at interview,but interviews basically do not work very well,0,Attack,A,0,,,
844,UKIP are a joke outfit full of small-minded Neanderthals who think the 1950s are the future.,"UKIP are certainly trying to professionalise, to move away from its more amateurish origins, but they seem to fail to do so.",1,Support,A,0,,,
2143,by gun nut logic children should be able to tote guns around at school because it will not make a difference because if they really wanted to kill each other they will just find another way to do it if they do not got guns because you know what guns do not kill people people kill people,you know brady you have said a lot of stupid stuff over the years i even remember finding a post of yours where you said all guns and gun owners should be registered but sex offenders should not be this latest post of yours is just another senseless and stupid rambling of somebody that is so hateful and fearful of an inanimate object that its impossible for him to function in our society and can barely handle his own needs,0,Attack,A,1,,,
2510,I believe that opinion polls harm the democratic process,Opinion polls can lead to tactical voting which may have unintended outcomes,1,Support,A,0,,,
1802,fact shmakt,yes everyone evolves as everyone endures mutations,0,Attack,A,0,,,
799,"It feels like UKIP is anti most things and base their politics on this: Anti-aid, Anti-immigrant ‚Äì at times even anti-politics; it is therefore difficult to understand what they actually stand for and want to work towards.",UKIP leader Nigel Farage said any members proven to have extreme right wing views would be expelled.,0,Attack,A,1,,,
1368,robert crowtherlike modern evolutionary theory there is more than just one side to the debate,here is the response to irons which was also published in the montana law review,0,Attack,A,0,,,
723,UKIP are blatantly disregarding the possibility of man made climate change.,"Indeed if UKIP threatens investment in low-carbon generation, it could represent a step back for the climate.",1,Support,A,0,,,
2162,these so called pro lifers do not care if women die because of forced pregnancies,of course they do not care being selfish is a cornerstone of who they are they think that all women are invisible,1,Support,A,0,,,
1929, god created the world we did not evolve from monkeys its in the good book, the evolution that i believe in is not the kind you think,1,Support,A,1,,,
401,The Tories should be running scared of UKIP.,"The justice secretary was asked about the threat to Tories from the eurosceptic party, and a BBC/Comres survey showing it was attracting disaffected Tories.",1,Support,A,0,,,
334,"As far as immigration is concerned all Ukip want is a level playing field for non EU migrants and to control the numbers so, if anything, Ukip are too soft on immigration.",Godfrey Bloom's and other UKIP party members' actions are an insult to all those who have fought against fascism.,0,Attack,A,1,,,
2509,I believe that opinion polls harm the democratic process,Opinion polls are subject to bias and often produce faulty information on which decision are made,1,Support,A,0,,,
603,UKIP is a vessel through which a protest is being delivered. ,But Mr Cameron dismissed UKIP's showing as a protest by voters and promised to stay true to his principles.,1,Support,A,1,,,
2102,can you please respond to fdr and his new deal that saved the country,fdr saved this country if i recall it was in  that because of a combination of weakened capital situations from reconstruction finance corporation loans which published lists of the loan takers and a nationwide banking holiday banks around the country went through a new wave of demise dropping the dc and dr ratios so sharply that in one month alone the money stock m fell a whopping four percent,0,Attack,A,1,,,
206,I think it's far too simplistic to argue all UKIP supporters are racist - there is a real groundswell against the political establishment which over the past 20 years or so has started to converge in terms of image and policies.,"Labour's Andy Sawford won by 7,791 votes, with the Tories second and UKIP a distant third.",0,Attack,A,1,,,
666,If anyone seriously thinks that UKIP will offer some kind of answer to our current problems then I think that they are going to be sadly disappointed.,The group suggest that within five years UKIP will have more members than the Tories at the current rate of attrition.,0,Attack,A,1,,,
1961, we have similar dna to a cabbage is that just because god was having a good joke with his angel mates, evolution is true im a christian but im not in denial adam and eve is a load of sh   its probably meant to be symbolic and easy to understand for the people of the day remember that was over  years ago,1,Support,A,0,,,
1266,science is testable,if intelligent design says nothing about the supposed designer then of what value is it if the designer created life millions or billions of years ago what was his purpose in doing so what iswas the designer like did the designer give specific instructions to his creations as most religions teach the id promoters delibrately leave such questions unanswered in their official pronouncements about id,1,Support,A,1,,,
1192,theology it says in his profile,theology it says in his profile,0,Attack,A,0,,,
1463,couldnt atheism be the main reason people have come to embrace a certain type of evolution and object to id the emotions so commonly seen in the rejection of id support this,id may assert but as a science their contributions remain largely with content,0,Attack,A,1,,,
1412,you are confusing mn with is a methodology with a worldview again,who the designer is has nothing to do with it and everyone knows that,1,Support,A,0,,,
2543,We should force think tanks to reveal all of their sources for resource funding,The status quo promotes nontransparency,1,Support,A,0,,,
80,"If you think that the Tories are nasty, heaven help us if UKIP get in because they would be nastier, more cruel, and more bigoted.",A UKIP candidate in Somerset was suspended from the party on Tuesday after a photo of him apparently making a Nazi-style salute appeared on his Facebook page.,1,Support,A,0,,,
394,A forensic examination of UKIP's policies would nail once and for all the Establishment lie that they're a bunch of swivel-eyed lunatics.,UKIP Councillor David Silvester said floods had happened after David Cameron acted arrogantly against the gospel.,0,Attack,A,0,,,
912, public opinion is unimportant to whether creationism belongs in science classes  public opinion does not determine whether creationism qualifies as science,proof why creationism should be taught in schools,0,Attack,A,1,,,
2047, two darwinists spent hours standing at a flag pole trying to find the height of it, there is endless evidence what it is evidence for is for each person to decide,1,Support,A,0,,,
108,If UKIP is really the best our country can do for an alternative then we are all doomed.,"Deputy Prime Minister Nick Clegg, whose Liberal Democrats oppose a referendum, said leaving altogether would make us less safe because we co-operate in the European Union to go after criminal gangs that cross borders.",1,Support,A,1,,,
1494,i take it your also a closet fan of hugh ross am i right dnot really he tries hard but fails,while i did feel for some time that id had merit i also must admit that i believed for some time that it was religious due to those early pandas drafts,0,Attack,A,0,,,
404,A vote for UKIP is a vote to leave the EU and recover power over our national life.,"We simply cannot go to the British people and say to them support the European Union, we are going to reform it in the future.",1,Support,A,1,,,
579,"ukip's policies on health, education, taxation and all the things that affect peoples lives are non-existent.","With UKIP keen to be seen as more than a party which just campaigns on leaving the EU, the conference will also discuss defence, education and housing.",0,Attack,A,1,,,
906,schools should not teach theories that are completely at odds with each other,because students are impressionable if you teach them the literal truth of genesis as science they may well believe you,1,Support,A,0,,,
407,"On voting day, this week the vast majority of the British public will not vote for UKIP.",They might be voting for UKIP because they want to have a referendum on Europe.,0,Attack,A,1,,,
1486,after reading the points between the ncse and the discovery institute on that claim i am still skeptical of this as well,the smoking guns are well established,0,Attack,A,1,,,
1195,fxl wrote so why arent physicists saying gravity is as well established as the theory of   evolution  it  is obvious isnt it i hope not to be too snarky but the pope finally got around to admitting that  galileo was correct in teaching that the earth revolved around the sun get the gravity connection,it is obvious isnt it i hope not to be too snarky but the pope finally got around to admitting that galileo was correct in teaching that the earth revolved around the sun get the gravity connection,0,Attack,A,0,,,
1013,while in science you cannot prove or falsify the existence of god and id doesnt change that i agree that when it comes to blind faith dawkins and pz myers are guilty of the same thing,theism is a belief in gods,0,Attack,A,0,,,
2238,i am gravely offended by those who claim to be on a first name basis with god who claim to know exactly what it is that god wants and believesto me somehow it smacks of selfidolatrization prideful in being next to god,what else is new,1,Support,A,0,,,
1014,theism is a belief in gods,forgot that atheism isnt a religion and if i say otherwise people will apologetically insist im wrong,0,Attack,A,0,,,
459,"Arguably, UKIP & co. aspire to destroy the culture created in Europe after WWII, which has been based on openness, free travel, migration and cross-geographic access to goods and labour markets.",You all think euroscepticism is a right-wing view - it is not.,0,Attack,A,1,,,
2373,i have to go for apple it did introduce the iphone the applications market and mobile social networking,i agree apple has also been voted as the worlds number one brand,1,Support,A,0,,,
2355,i think it depends on the individual,yes i guess it really depends on the preferences if you want smaller but more holidaylike then nice is very nice if you want old i would suggest krakow,1,Support,A,0,,,
1849,i think evolution is an actual truth since we are able to prove it and all,hey i feel the same way almost took the brain cells out of my head,1,Support,A,0,,,
2584,was anyone else disappointed by the ending of the movie it feels to me like there couldve been a few scenes about what happens next im no writer but i do feel this wasnt appealing at all,i felt it fit the whole narrative style,0,Attack,A,1,,,
2165,that post was a joy to read,yes great post bradley well written perceptive and insightful,1,Support,A,0,,,
755,"In UKIP, we have a new political force which looks likely to poll very well in a national election on thursday.","Mr Farage will tell members at the conference in London that, by the 2015 general election, UKIP will overtake the Lib Dems in terms of its support base.",1,Support,A,0,,,
1418,the catch is getting people who think id is an attempt at   theocracy   to agree with us,the theory of   evolution   is flawed in that it is incapable of explaining how life on earth began,0,Attack,A,1,,,
2010, granted creationism is not provable through the use of the scientific method, creationism is mythology and intelligent design is a politically based movement to secure the support of a certain segment of the population,1,Support,A,1,,,
91,"The momentum is definitely with UKIP at the moment, hopefully that will continue with the up and coming by-elections.","And for supporters on the right, UKIP can claim to offer the real deal Conservative cordial, rather than what they see as the diluted squash of coalition.",1,Support,A,0,,,
1837,again we hit walls of diction but its a great debate and im on your side evolutionists,i have not seen any animal turning into another recently to be honest,0,Attack,A,1,,,
1882,intelligent design is the conclusion of deductive reasoning,faith is believeing in something without evidence,0,Attack,A,1,,,
390,"If UKIP don't like being smeared, then they need to stop smearing, stigmatising, and fear mongering about others.","His team sell a rather low-grade tea towel bearing the face of Herman Van Rompuy, the president of the EU council, with the slogan genuine Belgian damp rag.",1,Support,A,0,,,
1331,eventually they the smithsonian higherups determined that they could not terminate you sternberg for cause and they were not going to make you a martyr by firing you for publishing a paper on id,tjit is the scientific evidence that is important,1,Support,A,1,,,
2504,The International Criminal Court should be recognised,It may be in the best interests of victims and their state for war criminals not to be brought to trial,0,Attack,A,1,,,
1847,contrary to some belief evolution doesnt conflict with creationismyou just have to read the first story of the bible adam and eve in a less literal sense,evolution has been basically proven,1,Support,A,0,,,
2142,there are several fallacies with darwins theory of evolution,but i will bet that you do not know what any of them are,0,Attack,A,1,,,
1155,icdesignas far as scientific findings go the numbers of evolution believing scientists is on a major decline,i think behe has made the case for obviousdesign within the cell and i dont think you will findanyone who could put it any more clear,1,Support,A,0,,,
2261,it would be nice if you could add the ability to rate questions as well,but is this not implied by the popularity of the question the number of answers it has,0,Attack,A,1,,,
1162,it always devolves to this when talking to id proponents,hasnt anybody here read a molecular cell biology textbook the machinery of the cell is a rube goldberg apparatus,1,Support,A,1,,,
119,"I would say it's the anti-ukip brigade who have no substance to their argument (or facts), they simply shout ""racist"" with nothing to substantiate this slur, or become crude and insulting.",We need to show respect for people who have taken the choice to support UKIP.,1,Support,A,0,,,
2426,European Parliament elections should involve only one voting district all of Europe and not separate country seats,This rationalises an irrational system,1,Support,A,0,,,
1183,i dont think anyone who feels limitations should be brought to light about a theory is a   creationist  ,the actual limitations that creationists try to bring to light are nonsense,0,Attack,A,1,,,
2451,The voting age should be lowered to sixteen years,Rights should be gained progressively,0,Attack,A,0,,,
2449,The voting age should be lowered to sixteen years,Voting at 16 would help rebalance voting ages,1,Support,A,0,,,
2645,i really liked this movie a lot loved the performances of all the actors and even the story but was not quite convinced with the ending,no i loved the ending killing eden fletcher would have been satisfying but perhaps a little too satisfying if you get my drift,0,Attack,A,1,,,
2085,read what i actually wrote for a change,this is what socially inept losers do when they know their argument is deny they ever made one,0,Attack,A,1,,,
1907, you see a building and you have proof there is a builder, creationism is not out of the picture,1,Support,A,0,,,
1100,to those unfamiliar with nick matzke he was one of the many instrumental contributors to the success of the kitzmiller v dover ruling as part of the plaintiffs team,i understand that michael behe is one of the participants on this forum and i am looking forward to his contributions addressing matzkes observations,1,Support,A,0,,,
1145,it always has been and always will be impossible to have a design without a designer,all design is intelligent it takes thought to construct any type of design when you see things take place in science they happen because of all the laws that were put into place by an intelligent designergoing back to the idea of a storm and engines when you get in a car and turn the key you have a spontaneous violent storm erupt inside the engine it all takes place because of all the elements of the design working in concert to produce the effect this and all design requireintelligent thought ,0,Attack,A,0,,,
145,A vote for UKIP would be a vote for a Tory-UKIP alliance that would be more right-wing than a Tory government.,"As well as campaigning against wind farms and increased migration, which UKIP claims is placing a strain on housing and public services, the party has three overarching polices for councils across England, all of which appear thoroughly right wing.",1,Support,A,0,,,
887,teaching creationisms truth is necessary in upholding the truth of the bible,if we are descended from animals then the unique relationship between man and god is undermined,1,Support,A,1,,,
2419,We should grant politicians immunity from prosecution,Politicians who commit crimes are likely unfit to serve,0,Attack,A,1,,,
2152,she is just starting to grow and mature and its not healthy natural or right to have a pregnancy at that age she could cause alot of damage being that young,at this point i would assume other members to say good she deserves to have that damage done to her white i agree with you  percent it would be dangerous to her and the baby either way ,1,Support,A,1,,,
2188,japan and the former soviet union had very high rates of abortion because of the lack of birth control neither country made such a decision because of religion,that was the past i am speaking of now,1,Support,A,1,,,
473,"UKIP do not bear scrutiny either as a coherent policy offer or a group of potential ministers , they are an insurgent party of protest with one message.","He said it was proof that UKIP is no longer just a protest party and is broadening its appeal across the country, not just the south of England.",0,Attack,A,1,,,
2663,after all the attention and awards etc and an imdb rating of  i was so shocked to finally see this film and have it be so bad,i liked it but i did find it quite underwhelming,1,Support,A,0,,,
1,A vote for UKIP would be a vote for a Tory-UKIP alliance that would be more right-wing than a Tory government.,UKIP appealed to protest voters but also to Blue Collar Conservative voters.,1,Support,A,0,,,
770,"On voting day, this week the vast majority of the British public will not vote for UKIP.","UKIP appears to have struck a chord with many voters on the issue of immigration, campaigning against the relaxation of working restrictions on Bulgarians and Romanians due to come into force in January.",0,Attack,A,1,,,
1808,st evolution does not require dramatic mutation,yesit has been proved we live in a sciencefi world and if we dont believe in science it is foolishness,1,Support,A,0,,,
1864,evolution has more supporting details than the theory of intelligent design,ok,1,Support,A,0,,,
419,It's a protest vote because (most) people know that UKIP will never net in power.,Instead of disappearing off the opinion poll radar - as it has tended to do between European elections - UKIP's support has held up reasonably well.,0,Attack,A,1,,,
1401,the  commandments are not the sole source of morality,what i am saying is if we teach laws,0,Attack,A,0,,,
191,I think it's far too simplistic to argue all UKIP supporters are racist - there is a real groundswell against the political establishment which over the past 20 years or so has started to converge in terms of image and policies.,"The UKIP candidate Richard Elvin came second with 5,988 votes, marking an impressive result for the party.",1,Support,A,0,,,
1694,include the transmission of the biblical text,using logic to apply consistent artistry to the mass of creation we may assert the existence of the artist almighty god  if we exercise faith toward god by believing that he exists in the very manner that he says that he does then we may logically apply his consistent character including his artistic signature in creation to all things that god the artist creates,0,Attack,A,0,,,
1408,as to the ncse not wanting to discuss somehow i see few id proponents on this group and behe seems to have ignored matzkes excellent critiques,agreed that religious belief should not necessarily compel the rejection of wellestablished results from welldeveloped scientific fields,1,Support,A,0,,,
2216,i thought the idea of starting threads on a topic was to start a discussion on that matter,yes that is logical,1,Support,A,0,,,
1147,icdesig,we absolutely exclude natural selection as a designerthe real trick is convincing the public that macroevolution is a scientific fact when it has never been observed which is a requirement for sciencei dont know where you get your information but i dont know any id people who include nonid as part of their belief systemlets do this sir lets bring it home to where we live if the human body is not an intelligent design then you tell me what is the definition for an intelligent designwhat is a intelligent design and why is your example an intelligent design   simple straight forward questionwhat is your simple straight forward answer                   bet you cant do it,0,Attack,A,1,,,
241,"I agree with UKIP on the EU, but the rest of their policies are dangerous right wing bile.",Some have also suggested that UKIP may appeal to disaffected BNP voters.,1,Support,A,0,,,
641,"UKIP is not an isolated phenomenon: France has Le Pen, Germany has AfD, and all of these have in common that they are nationalist, anti-European, and more right than mainstream conservative parties.",He said UKIP was clearly taking a very right wing position which pandered to an obvious anti-Europeanism.,1,Support,A,0,,,
439,"UKIP's position is not reasonable, but racists and proto-fascist, considering they have nothing to say about the finance capital bombing of the economy, but to put all the blame for Europe's woes onto immigration.",Mr Andor previously said the UK risked being seen as a nasty country.,1,Support,A,0,,,
2051,i read it in the text,well as we can see from other recent posts your reading comprehension is below high school level,0,Attack,A,1,,,
1903, creationism is absurd and wrong and so its fellowtraveller intelligent design, to me there is no proof of a greater hand other than from the word of believers whose faith is based in belief and not in any form of evidence at all,1,Support,A,0,,,
988,yes god is by his nature  supernatural,first of all the bible is not a   science   book,1,Support,A,1,,,
1185,from a review of explore evolutioncounterclaims follow that seek to undermine the earlier conclusions including the circular reasoning of the molecular clock the potential fabrications of haeckels ontogeny recapitulates phylogeny how differing family trees are created via anatomical and molecular patterns of relationships and the meaning of gaps in fossil evidence,ac grayling responds to steve fullers defence of his book dissent over descent,1,Support,A,0,,,
10,If anyone seriously thinks that UKIP will offer some kind of answer to our current problems then I think that they are going to be sadly disappointed.,"In an interview with the Guardian, Mr Farage defended UKIP as a party where we've got some eccentrics, but we are addressing the people's real worries.",0,Attack,A,1,,,
2202,no biggy i am happy though that you did take more than reasonable precautions to prevent pregnancy in the first place,yep that is someting that many pro lifers also never take into account,1,Support,A,0,,,
2593,i read the book which is subtle philosophical and nuanced at the beginning of the year and last night i watched the dvd of this film what utter rubbish the film is a boring sweary standard thriller,i agree with about ninety percent of what you said i was also let down by this movie with all the hype this movie got before it was released i was expecting a masterpiece but no it was just puppet theater,1,Support,A,0,,,
31,"I think Farage makes a much better leader than any of the other parties, he's full of enthusiasm and is not a PR man like the current leaders of the 3 main parties.",Nigel Farage seems to be on remarably good form these days.,1,Support,A,0,,,
203,"Arguably, UKIP & co. aspire to destroy the culture created in Europe after WWII, which has been based on openness, free travel, migration and cross-geographic access to goods and labour markets.",Mr Bloom of UKIP - who sits on the European Parliament's women's rights and gender equality committee - provoked controversy last month when he talked about British foreign aid going to bongo-bongo land - a reference to third world countries.,1,Support,A,0,,,
1296,we may disagree as to the ability of id proponents to explain the ultimate source of complexity,who designed the designer is a valid and important point and ids fatal flaw,1,Support,A,1,,,
663,The more the 'mainstream' parties smear and lie about UKIP the more their support rises.,"And with UKIP riding high in national opinion polls and coming second in the recent Eastleigh by-election, Mr Farage predicted his party would win seats in each of the 34 councils where elections are being held.",1,Support,A,0,,,
2641,this film is easily one of the best movies ive ever seen yes it is pretty easy to guess the ending but it still wasnt ruined by that fact it is a work of art it is rewatchable,i completely agree with the op i have just seen this movie and was really blown away by the beauty of it i think ill be rewatching it again real soon,1,Support,A,0,,,
383,Many racists and especially xenophobes find the UKIP message appealing.,It is thought to have been one of the factors behind a mass defection of grassroots members to the UK Independence Party (UKIP) in some parts of the country.,1,Support,A,0,,,
1449,jim,jim,1,Support,A,0,,,
1393,and seeing that pvm doesnt care about the truth why is he a scientiston the contrary i have been asking you several times now how does id explains the bacterial flagella,joe gi never said anything about einsteins religious convictions,1,Support,A,0,,,
1233,intelligent design is an idea not a theory,it is a fact that design can be determined in the absence of a designer,0,Attack,A,0,,,
2629,as far as acting and cinematography go this film was great but the content and plot were horrible,the acting was great cinematography was great the villain was one of the all time most relentlessly evil antagonists the plot was gripping enough that you intensely worried for the characters,0,Attack,A,1,,,
637,"Europe is no longer fit for purpose and we'd do better to be out than in, plus save a whole load of cash.","He also warned that if a proposed referendum led to the UK leaving the EU, there would be dire consequences for the country's global influence.",0,Attack,A,1,,,
2144,you ignore or reject any attempts at explaining the things you clearly do not understand and you later bring up the exact same things that you have had explained to you as if the subject was never broached before,well if i do not get an answer here i will just spread it around the whole internet fine with me,0,Attack,A,0,,,
1536,you have got to be kidding me,there are two and they are fundamentally different,1,Support,A,1,,,
39,I'm no fan of UKIP but well done to them for initiating a much needed shake up of British politics.,"He told the BBC that UKIP, which wants Britain to leave the EU, was making its cause more mainstream among Labour and Tory MPs via its campaigning.",1,Support,A,0,,,
1352,schenfinally to claim that id has no secular purposes that are not shams is quite a claim to make,when the supreme court formulated valid secular purpose which is not a sham the court unlikely believed that any future unstated secular purpose would be sufficient for something to pass this requirement,1,Support,A,1,,,
1370,pt,instead this appears to be an abuse of copyright without an argument on crowthers part,0,Attack,A,1,,,
260,A forensic examination of UKIP's policies would nail once and for all the Establishment lie that they're a bunch of swivel-eyed racists.,"Asked if this meant he was calling UKIP racist, he replied of course it is racist, of course, who doubts that?",0,Attack,A,1,,,
608,UKIP is not at all taking into account the financial effects of leaving the EU: Europe is the main market for the UK. ,"UKIP appears to have struck a chord with many voters on the issue of immigration, campaigning against the relaxation of working restrictions on Bulgarians and Romanians due to come into force in January.",0,Attack,A,1,,,
632,UKIP is a vessel through which a protest is being delivered. ,He argued that his party was on a journey from a party of protest to a party of government.,0,Attack,A,1,,,
2454,All nations have a right to nuclear weapons,All countries have a right to defend themselves with nuclear weapons even when they lack the capacity in conventional weapons,1,Support,A,0,,,
1199,jay richards says theres especially intriguing evidence of design in cosmology physics and astronomy,islandthe wmap anamoly indicates that we are at the center of the universe   httpcerncourier,1,Support,A,1,,,
534,UKIP isn't committed exclusively to either right-wing or left-wing ideology and that’s a very good place to be.,"He also suggested that his party might get its first seats in the UK Parliament at the general election in 2015, and argued it was not just taking votes from the right wing of British politics.",1,Support,A,0,,,
2521,We should negotiate with terrorists,Negotiation isolates those who are only interested in violence,1,Support,A,1,,,
106,"I voted Tory for 30 years and started supporting UKIP because I want a sovereign, democratic , well governed Britain with Britain put first and its getting clearer by the day that the old Liblabcon parties will not do that.","Former UKIP deputy leader David Campbell Bannerman defected to the Tories soon after, expressing concerns about the party's direction.",0,Attack,A,1,,,
78,The success Ukip had in the european elections will be sufficient to galvanise one or preferably all the other parties to rid us of the EU's political influence.,"But in a chat with younger UKIP members it was grammar schools and university that came up most, and not questions of EU membership.",0,Attack,A,1,,,
1939, yes i believe evolution is wrong, on what day did god make the fossils  very simplistic yes it is,1,Support,A,1,,,
1057,i am confident there is a god,in fact the history of life shows a pattern of explosions where new fossil forms come into existence without any clear evolutionary precursors concurring with design theory that predicts that species might appear abruptly,0,Attack,A,0,,,
817,People are not voting for UKIP because of immigration propaganda but because of their direct experience of immigration.,"It is not just about UKIP it's that the British people are as interested and concerned about Europe, as they are about the economy, as they are about immigration.",1,Support,A,0,,,
1699,scientific evidence do you need i mean weve got writing from before  years ago evidence of mankinds making things over  years old,speaking as a nonchristian this argument that the days of creation could not be allegorical simply because the author used an ordinal and the phrase evening and morning is juvenile and unconvincing,1,Support,A,1,,,
172,A strong UKIP vote suggests there's a lot of the British public who aren't on board with the current set-up.,Shadow minister Diane Abbott acknowledged Labour had been squeezed by UKIP but said she did not see the party as a real threat at the next election.,0,Attack,A,1,,,
339,The success Ukip had in the european elections will be sufficient to galvanise one or preferably all the other parties to rid us of the EU's political influence.,"It is doing the country serious damage because there are large numbers of potential investors in the UK who would bring employment here, who are being warned off because of the uncertainty all of this is creating.",0,Attack,A,1,,,
1578,yes it is,which one is it,0,Attack,A,0,,,
2220,fearmongering is what that is called,uh yeah that was their intent under color of law no less,1,Support,A,0,,,
1863,the list practically goes on,evolution has more supporting details than the theory of intelligent design,1,Support,A,0,,,
2313,i believe a phd is still not really required if you aim a position in the corporate world you should only do a phd if you aim at a career at a univeristy,i would also say that phd could help in industry career i guess it really depends on the company and the particular position though,0,Attack,A,0,,,
1704,my basic problem with science on these matters is that it is not true science,agreed  percent  this is my frustration with people who want to find every possible motive to discredit creationism they seem to want everyone to accept their viewpoints without question while they seemingly want to question and discredit anyone who does not see from their points of view,0,Attack,A,0,,,
2312,i believe a phd is still not really required if you aim a position in the corporate world you should only do a phd if you aim at a career at a univeristy,i disagree with that most of the phd students pursue a career in industry after they finish i read somewhere that only a small percentage of phd students stay,0,Attack,A,1,,,
1299,bowmanid addresses evidences for designed structures mechanisms and synergistic systems in biology,even the antiidists require something beyond nature to explain the origin of nature,0,Attack,A,0,,,
1623,some foolish men declare that a creator made the world,what is it with people like you  was the bible the first book you read and then you quit reading anything else can you defend your position without reference to the bible do you have any evidence yes evidence from another source that shows the bible is the word of god and not just a collection of books selected by the vatican to support a particular viewpoint why do you find it easier to believe in some all powerful supernatural creator that is eternal than a natural universe that is eternal is it possible to prove without reference to your book that god exists or does not exist  probably not,0,Attack,A,1,,,
703,Plenty of survey's have shown UKIP to be the most hated of the main parties.,UKIP says it is campaigning on a pro democracy message - aiming to rejuvenate local politics.,0,Attack,A,1,,,
2315,great i loved him a fantastic actor,indeed he was amazing,1,Support,A,0,,,
1768,genesis  and  say and there was evening and there was morning a sixth day,i can see how it would be interpreted as a contradiction,0,Attack,A,1,,,
2658,the only good thing in this movie was dr schultz after that it was a yawn fest,very true its as unpleasant as can be and not entertaining in the least this has to be the most overrated film of the past two years,1,Support,A,0,,,
1647,tell me have you ever read the origin of the species i have and i find it to be a pretty far stretch,many people claim that certain writings are the word of god,1,Support,A,0,,,
1270,first id is being applied only to objects that have high levels of csi,according to its advocates the designer responsible for intelligent design in biology could be any sort of creative intelligence capable of engineering the basic elements of life,1,Support,A,0,,,
2040, wrong  evolution is probably the most supported theory in biology  its withstood considerable scrutiny for the past  years and is as strong as ever, if your trying to find evidence in the bible your right,1,Support,A,1,,,
1372,the u,here is irons response to the so called rebuttalreply to rebuttalby peter ironsthe pages of a respected law review are rarely filled with such pejorative terms as smear and innuendo poisoning the well and personal attacks,1,Support,A,0,,,
1484,i happened to drop by the discoverys institutes website which claims to be interested in improving the accuracy in reporting and read an interesting blurb titled ncse promotes shrill editorial suggesting students be forced to consider the possibility that there is no god,so i decided to check out the actual articles in question and much to my dismay i came to realize that this seemed to be a blatant quote out of context,0,Attack,A,1,,,
811,Plenty of survey's have shown UKIP to be the most hated of the main parties.,"Explaining his decision to swap sides, Mr Campbell Bannerman - MEP for the East of England - said UKIP had become obsessed with single issue politics, internal fighting and shouting from the sidelines.",1,Support,A,0,,,
55,"UKIP are not the answer, they are simply an annoying addition to the problem.",David Silvester of UKIP blamed recent flooding on the government's decision to legalise gay marriage - he was then suspended from the party.,1,Support,A,0,,,
1143,design is recognized in the purposeful arrangement of parts storms  tornadoes hurricanes etc,im sorry but this argument of design is apparent not real always make me scratch my head in bewilderment,0,Attack,A,1,,,
1213,remember this is about islands claim and carters arguments,islandpvm sayslets see what we can track down via wikipedia which is always a good start for any researchnot where this subject is concerned,1,Support,A,0,,,
2280,hybrid electric vehicle,takes too long to charge,0,Attack,A,1,,,
296,"I think Farage makes a much better leader than any of the other parties, he's full of enthusiasm and is not a PR man like the current leaders of the 3 main parties.","Farage went on to say that the people who voted UKIP had to be listened to, adding that we get it.",1,Support,A,0,,,
1056,do you know that there is a god youre  on this,i am confident there is a god,0,Attack,A,0,,,
2252,what about a second hand book sale,nobody buys books anymore,0,Attack,A,1,,,
371,"The greens and ukip provide encouragement for labour and conservatives alike to address some issues people care about, albeit only lip service to retain votes mainly.",But Conservative Party chairman Grant Shapps categorically ruled out a deal with UKIP.,0,Attack,A,1,,,
516,"I suspect the main reason a new Left party hasn't emerged with similar prominence to UKIP is because UK politics has, like that in the USA, become the plaything of the wealthy.","UKIP appears to have struck a chord with many voters on the issue of immigration, campaigning against the relaxation of working restrictions on Bulgarians and Romanians due to come into force in January.",0,Attack,A,1,,,
1707,once again we are attempting to split hairs over things that are beyond the frailty of the human brain,i am not disputing god and i hardly think the difference between a day and a billion years or so is splitting hairs,0,Attack,A,1,,,
859,"If UKIP want to retain these voters and attract more in a general election then they need to come up with policies other than ""leave the EU"" and ""its all the immigrants fault"".","In 2006, the lower-key Knapman retired, to be replaced by Nigel Farage, an eye-catching media performer who pledged to make UKIP a truly representative party, ending its image as a single-issue pressure group.",0,Attack,A,0,,,
1482,but i certainly do believe that nature exhibits intelligence and design not to mention beauty and love,fundamental pointsthere are wellcredentialed scientists who support intelligent design idso what  there are many many more wellcredentialed scientists who say intelligent design is nonsense,1,Support,A,1,,,
94,"I agree with UKIP on the EU, but the rest of their policies are dangerous right wing bile.","No matter how uncomfortable it makes our metropolitan elite, we have to deal properly with fears over immigration.",0,Attack,A,0,,,
259,"I think Farage makes a much better leader than any of the other parties, he's full of enthusiasm and is not a PR man like the current leaders of the 3 main parties.","Bulgarian people are raising a lot of questions today about the democratic, tolerant and humane British society and whether someone like Nigel Farage is an appropriate representative of it.",0,Attack,A,1,,,
2281,hybrid electric vehicle,cost will reduce with scale,0,Attack,A,0,,,
310,UKIP are a joke outfit full of small-minded Neanderthals who think the 1950s are the future.,A UKIP candidate in Somerset was suspended from the party on Tuesday after a photo of him apparently making a Nazi-style salute appeared on his Facebook page.,1,Support,A,0,,,
2423,European Parliament elections should involve only one voting district all of Europe and not separate country seats,One person one vote that will count in exactly the same way as everyone elses,1,Support,A,0,,,
1429,instead of a bolt of lightning hitting a pool of   chemicals   and making a cell pop outwhere did i say thatit was most likely a slow process taking place along the ancient shores,where did i say thatit was livvy that originally said it,0,Attack,A,1,,,
848,UKIP's sole aim at the general election is to get a smallish number of MPs elected but enough to hold the balance of power and do a deal with the Tories.,I can categorically rule out any form of electoral pact with UKIP or anyone else.,0,Attack,A,1,,,
2540,We should allow voting at 16 in European Parliament elections,EU elections would put young people off voting,0,Attack,A,1,,,
1932, i believe in evolution evolution is the mechanism that some species of animals and plants use to adapt to certain circumstances do to the change, there are lots of proofs that show evolution is not at all a proper scientific law which can give a perfect explanation to human appearance,1,Support,A,1,,,
558,UKIP are a joke outfit full of small-minded Neanderthals who think the 1950s are the future.,UKIP has evolved over the two decades since it was created from an anti-EU pressure group into a fully fledged party which has now proved that it can succeed beyond European elections.,0,Attack,A,1,,,
791,"UKIP will lead the UK to independence from the oppressive EU, which is the only chance Britain has at restoring its former glory.","Deputy Prime Minister Nick Clegg, whose Liberal Democrats oppose a referendum, said leaving altogether would make us less safe because we co-operate in the European Union to go after criminal gangs that cross borders.",0,Attack,A,1,,,
2365,the nexus  has everything fast processor big screen and the latest version of android,and it is cheaper than most other smartphones as well,1,Support,A,0,,,
2324,i think he can take a flight but his parents have to check him in and hand him over to the flying company just by himself no,and also have somebody pick him up when he or she lands,1,Support,A,0,,,
2075,the only stupid question is the unasked one,and many of the questions that creationists ask,0,Attack,A,0,,,
116,The hate campaign against Eastern Europeans that was and is run by UKIP legitimises anything said against them.,But there are signs UKIP is starting to pick up the sort of protest votes that traditionally go to the Liberal Democrats.,0,Attack,A,1,,,
2370,perhaps the most quality consistent series with a stellar character development,no dropoff in quality as the show progresses unlike shows such as dexter californication etc,1,Support,A,0,,,
1253,i think that is what is called a freudian slip,ps including creationism as a n option and stopping hypnosis on students would bring up their iqs immediately if we include   creationism   we should include all the creationist stories,1,Support,A,0,,,
2471,We should create a United Nations standing army,A United Nations Standing Army would solve the problem of American military hegemony,1,Support,A,0,,,
1868,wow,the flu virus doesnt evolve it mutates,0,Attack,A,0,,,
1295,debater jay richards answers this question quite clearly in a short video  at     www,we may disagree as to the ability of id proponents to explain the ultimate source of complexity,0,Attack,A,1,,,
2063,if you think we can not rise up against tyranny then you must support dictatorship,your twisted logic strikes again i realise that if a group of you were to take your guns and rise up against the current administration you would all be labelled terrorists this is not evidence that i support the current regime how you could twist it to seem so is beyond me,0,Attack,A,1,,,
104,Intellectually I rate Farage much higher than Cameron; he has a very sharp and quick wit and is an excellent public speaker.,"Farage recovered from his injuries and returned to head the party later in the year, in the latest instalment of the colourful story of UKIP's leadership.",1,Support,A,0,,,
2311,wall thickness less than one millimeter,too thin potential problem on material flow,0,Attack,A,0,,,
1277,the whole point of bringing up the eye example is to demonstrate that id is an actual theory and not a simple example in which someone proclaims that something is too complex based on their own judgements,natural selection isnt random,1,Support,A,1,,,
308,If UKIP are wise they will alter their attitude about the NHS and public services in general.,"The Department of Health has said the cost of treating foreigners is at least Â£30m a year for the NHS in England alone, although practitioners have said the figure could be much higher.",0,Attack,A,0,,,
1936, you cant make nothing out of nothing, i believe evolution did occur but god created it,1,Support,A,0,,,
1880,i have no patience for people like you,why couldnt god have created everything through evolution,0,Attack,A,0,,,
159,UKIP are in no way a single issue party and if Labour or the Conservatives were to give us a referendum UKIP would still have a full manifesto that would attract many voters.,But immigration is still the issue that opinion polls and focus groups suggest resonates most with UKIP supporters.,0,Attack,A,1,,,
1618,but how does the bible self authenticate the verses about four rivers coming out of eden it doesntyou must be joking,youre missing the point about the four rivers,0,Attack,A,1,,,
994,saying there are experts on intelligent design is like saying there are experts on astrology,what always gets me with the intelligent design crowd is that in their aim of inserting an external designer into the mix of biological science they seem to miss or deliberately avoid one glaring fact  once life exists with varying degrees of success life designs itself according to the rules established by its environment and its own specific nature,1,Support,A,1,,,
1734,if scientific inquiry has shown conclusively that genesis is at best allegorical then christians should reconsider beliefs that presume a historical interpretation of eden,doctrines such as original sin substitutionary atonement and the trinity are very well described in the bible,0,Attack,A,0,,,
2317,barcelona fc is usually the favourite for winning although this year they had their ups and downs,barcelona knows its game they are definitely gonna raise it again this year the team is just invincible i would bet my money on them,1,Support,A,1,,,
1062,discovery institute quote mines mayrwhat one actually found was nothing but discontinuities,i was going to post a long reply discussing each quote in detail but i decided this was so much simpler,1,Support,A,0,,,
847,"Ukip is the only party advocating withdrawal from the failing EU, a sensible idea for a lot of people!",The Lib Dem leader also argued that being in the EU meant that we keep ourselves safer because we can go after cross-border crime and terrorism and that we can look after the environment in a way which we can't on our own.,0,Attack,A,1,,,
1992, has anyone got a more rational explanation, and what proof do you have for intelligent design      microevolution is indisputable,1,Support,A,1,,,
1703,i think you hit the nail on the head here,my basic problem with science on these matters is that it is not true science,0,Attack,A,1,,,
1564,as one commenter has already touched on,the bible is the most published and most wide spread book of all times,0,Attack,A,0,,,
2393,the best way to protect Scottish interests in the EU is to vote for independence,The UK is not going to leave the EU,0,Attack,A,1,,,
1053,there was much that darwin did not know at that time that we now know and his original theory has since been supplanted by more modern versions of his theory,yet it demonstrated a radical   change   over the comparatively short span of twenty years,1,Support,A,0,,,
1761,not only do i think the young earth creationists are wrong in their opinions i think their teachings should be regarded as blasphemous to god himself,quite so well as christians themselves,1,Support,A,1,,,
2576,animal kingdom is better than the town and winters bonei have just seen animal kingdom and wow what an awesome movie it was,i totally agree animal kingdom to me was the best movie of the year,1,Support,A,0,,,
1214,islandpvm sayslets see what we can track down via wikipedia which is always a good start for any researchnot where this subject is concerned,whats there left to do,1,Support,A,0,,,
2490,The US should ban cluster bombs,Cluster Bombs Can Be Improved,0,Attack,A,1,,,
1075,the di agrees that methodological naturalism simply requires that in trying to explain any particular observation or experimental result an investigator may not resort to miracles,when i grew up science was a useful tool for discovering things about the world around us,0,Attack,A,0,,,
837,"UKIP will lead the UK to independence from the oppressive EU, which is the only chance Britain has at restoring its former glory.","In contrast, the Liberal Democrat's Bill Newton Dunn quit the Tories in protest at its increasing hostility to Europe.",0,Attack,A,1,,,
899,preventing the teaching of creationism violates freedom of religion,biology can be studied in a creationist context,1,Support,A,0,,,
494,UKIP's sole aim at the general election is to get a smallish number of MPs elected but enough to hold the balance of power and do a deal with the Tories.,"We're not going to do a pact with UKIP anymore than I'm going to do a pact with the Lib Dems and go into the next election with them, said Mr Shapps.",0,Attack,A,1,,,
2180,it really does not matter a private screening of a film is a private screening they can boot anyone out that they want,of course the makers of expelled were within their right to expel the very same people that they were attempting to demean in the film,1,Support,A,0,,,
642,"If UKIP want to retain these voters and attract more in a general election then they need to come up with policies other than ""leave the EU"" and ""its all the immigrants fault"".","UKIP, which has called for withdrawal from the European Union and greater restrictions on immigration, has seen improved poll ratings this year.",0,Attack,A,0,,,
1212,is actually quite simple,remember this is about islands claim and carters arguments,1,Support,A,1,,,
431,UKIP are a joke outfit full of small-minded Neanderthals who think the 1950s are the future.,It comes two weeks after she accused the UKIP leader of bullying and being anti-women and a Stalinist and threatened to leave the party.,1,Support,A,0,,,
780,"UKIPs main issue has always been the EU, immigration has just been the bit that highlights what a failure the project has been.","Conservative party vice chairman Michael Fabricant said the party had struggled to present a distinctive message during the Eastleigh election, saying UKIP had managed to connect with traditional blue-collar Tory voters on issues such as crime and immigration in a way the Conservatives had not.",1,Support,A,0,,,
1610,this is so because it has been proven,at their very foundation theorems are based on a set of assumptions known as axioms,1,Support,A,1,,,
1666,why does any one think god is limited to time,does the bible state that the world was created in six days,0,Attack,A,0,,,
1671,but who could it be  is it you or me  or maybe the buddhists,is it me or is it you only time will tell,0,Attack,A,1,,,
235,"It's true that UKIP dont have ideas to suit everyone, but at the moment they are heads above the pillocks at No 10 today.",UKIP's Nigel Farage said the PM was a problem for Tories and some Tory MPs said there were lessons for the party.,1,Support,A,0,,,
1108,in his latest book edge of evolution behe attempts to define this edge by pointing to malaria as an example of a designed system in which according to behe two simultaneous mutations are required and given the estimated probabilities of  in  this may be quite unlikely,the following is a quote from your points quote the more parts that appear to be arranged for a purpose and the more precisely they fit each other to achieve that purpose the more and more confident we can be in our conclusion of design,0,Attack,A,1,,,
492,UKIP seems overwhelmingly to be staffed by racists who want to keep people not born in this country outside this country.,Conservative MEP Daniel Hannan said the Tories and UKIP should start having conversations and stop calling each other names.,0,Attack,A,0,,,
2555,Transparency is necessary for security,Transparency prevents public relations disasters,1,Support,A,0,,,
1241,if the catholic church says it it has just gotta be true,the fact that the   evolution   lobby is trying to cite statements by ucc ministers to bolster support against id shows just how out of touch they really are,1,Support,A,1,,,
217,"The country faces more than two big issues, which is where Ukip come apart at the seams in an incoherent bunch of right wing horse shit from whatever Think Tank came along at the time.","UKIP have nothing to say on the single market, health, overseas aid, foreign policy, animal health and welfare and tax.",1,Support,A,0,,,
505,If there are enough Ukip votes it should frighten all the parties sufficiently to make them realise they can't just ignore the electorate.,He said the level of interest showed rivals and the media were scared witless of UKIP's recent successes.,1,Support,A,0,,,
1832,if man evolved from apes then why is there still apes to evolve is to change and the ape didnt,just like pluto orbiting the sun completely and gravity theyre theories but in the scientific way of using the word,0,Attack,A,1,,,
1332,tjit is the scientific evidence that is important,ok you are right on this point as well,0,Attack,A,0,,,
2458,All nations have a right to nuclear weapons,The right of selfdefence must be exercised in accordance with international law,0,Attack,A,1,,,
1693,but what have ancient scriptures ultimately proven,include the transmission of the biblical text,1,Support,A,1,,,
1648,many people claim that certain writings are the word of god,after the entire cain and able thing the brother left to another group of people to find a wife,1,Support,A,1,,,
2284,nothing is more important than my research time and i just think this is a distraction,no my research time is more important than your research time,0,Attack,A,1,,,
643,"I don't necessarily think Nigel Farage is worthy of PM, I think they need a new leader.","I was delighted to cast my vote for [UKIP leader] Nigel Farage's team in Sussex, where I live, said Lynam.",0,Attack,A,1,,,
1838,i have not seen any animal turning into another recently to be honest,heck  his girlfriend has more hair than she has now even as we speak,1,Support,A,0,,,
1949, i believe its right, if we werent continually evolving most of us  wouldnt be offended by the way the rest are degenerating,1,Support,A,1,,,
1550,i recall somewhere in genesis when   god   banished and marked cain some sort of reference to other people being alive other than just the first family ie adamevecain and abel and that the only reason that he would have marked abel was to protect him but protect him from whom if they are indeed the only other people so that logically leads to the assumption that there were other people living along side the first family,they too present some very compelling evidence to their side of this one,1,Support,A,0,,,
1350,schen,first thanks for the reply,0,Attack,A,0,,,
1211,carter points out that the coincidence found by bondi belonged to three classes the traditional kind  without use of the anthropic principle  those which only require the use of a weak anthropic principle and  those which require the invocation of an extended and hence rather more questionable strong anthropic principle,is actually quite simple,1,Support,A,1,,,
1478,oibopen your mind and your brains will fall out,sologosi dont believe that there is a significant controversy about the concept of natural selection,0,Attack,A,1,,,
488,"If UKIP don't like being smeared, then they need to stop smearing, stigmatising, and fear mongering about others.",It comes two weeks after she accused the UKIP leader of bullying and being anti-women and a Stalinist and threatened to leave the party.,1,Support,A,0,,,
2400,We should ban religious symbols in public buildings,Banning religious symbols is just a way of unfairly targeting people,0,Attack,A,1,,,
2136,you did not ask for a quote which says we should ban guns and you posed the question to anti gunners you did not ask for anti gun comments,so if you quoted ted kennedy when he said to his wife in an event that was not even publicized good morning sweetie that would be an answer,0,Attack,A,1,,,
751,A strong UKIP vote suggests there's a lot of the British public who aren't on board with the current set-up.,"He also warned that if a proposed referendum led to the UK leaving the EU, there would be dire consequences for the country's global influence.",0,Attack,A,0,,,
437,"UKIP are a fairly right wing group as I'm sure will become clear when they actually produce some policies other than the ""its all the eu's"" fault.","He also suggested that his party might get its first seats in the UK Parliament at the general election in 2015, and argued it was not just taking votes from the right wing of British politics.",0,Attack,A,1,,,
1966, the theories of evolution and creationism are not mutually exclusive but are actually complimentary, mate,1,Support,A,0,,,
2558,Transparency is necessary for security,Provides information to competitors,0,Attack,A,1,,,
1201,island referenced a  article however science does proceed and indeedabstract we apply the recently defined multipole vector framework to the frequencyspecific firstyear wmap sky maps estimating the lowl multipole coefficients from the highlatitude sky by means of a power equalization filter,   httpwww,1,Support,A,0,,,
834,A strong UKIP vote suggests there's a lot of the British public who aren't on board with the current set-up.,"Over three million jobs in this country, directly or indirectly, depend on us being in the EU, so that is a big choice.",0,Attack,A,1,,,
2624,the themes and the dark tragedy to life wrapped around a child is so realistic to how kids are raised now it is truly amazing and a feat to behold to see,i found del toros attempts to blend fantasy and reality to be quite ham fisted and lazy,0,Attack,A,1,,,
2525,We should negotiate with terrorists,Terrorists cannot be trusted better to crush them,0,Attack,A,1,,,
1045,all human design and resulting construction starts with what exists a designer and things entities,theories are not supported by finding confirming evidence only,0,Attack,A,1,,,
221,People are not voting for UKIP because of immigration propaganda but because of their direct experience of immigration.,"It is doing the country serious damage because there are large numbers of potential investors in the UK who would bring employment here, who are being warned off because of the uncertainty all of this is creating.",0,Attack,A,1,,,
597,UKIP's sole aim at the general election is to get a smallish number of MPs elected but enough to hold the balance of power and do a deal with the Tories.,"He proposes a pact, in which the Conservatives would promise a referendum after 2015 and in return UKIP would not stand against Tory candidates.",1,Support,A,0,,,
2328,i think that evolution now should be considered as a fact rather than a belief we have a large amount of evidence that proves the evolution of the species,well said,1,Support,A,0,,,
1107,michael behe may be best known for his book darwins black box and to a lesser extent its sequel the edge of evolution,in his latest book edge of evolution behe attempts to define this edge by pointing to malaria as an example of a designed system in which according to behe two simultaneous mutations are required and given the estimated probabilities of  in  this may be quite unlikely,1,Support,A,0,,,
1071,intelligent design if true would indeed have amazing implications,in arguing for the existence of god dr,1,Support,A,1,,,
829,I think it's far too simplistic to argue all UKIP supporters are racist - there is a real groundswell against the political establishment which over the past 20 years or so has started to converge in terms of image and policies.,"UKIP appears to have struck a chord with many voters on the issue of immigration, campaigning against the relaxation of working restrictions on Bulgarians and Romanians due to come into force in January.",1,Support,A,0,,,
1174,actually the construction of the cell rather suggests chance,jaythat means that anyone who dares speak of purpose or design within science or when discussing scientific evidence ceases to be a scientist,1,Support,A,1,,,
2359,electric vehicles,lovely they do not smell,1,Support,A,0,,,
928,pvm wrote however this is false and misleading,hghlanderthis is false and misleading,0,Attack,A,0,,,
1955, i remember bumping into a jehovahs witness and he was blabbing on about some bullshit that the earth is in a stage called its last days, you dont need to believe in evolution you just need to understand it,1,Support,A,0,,,
2134,gay marriage does have a drastic affect on our society,prove it got any credible scientific or sociological studies,0,Attack,A,1,,,
40,If the other parties do tackle the issues of EU and immigration I'll be more than happy to see UKIP disappear.,"He told the BBC that UKIP, which wants Britain to leave the EU, was making its cause more mainstream among Labour and Tory MPs via its campaigning.",1,Support,A,0,,,
2632,this film is the poster child for hollywood greed at work its a depressing plot devoid of compassionate characters i mean they kill a child in this movie who finds that entertaining,you are right this movie sucks i dont understand why is it liked so much someone here says its supposed to be thought provoking and not entertaining,1,Support,A,0,,,
2128,if you are this closeminded impervious to logic and show this much delight in ignorance at your tender age can you imagine how much more insufferable you will be when you grow up,you throw personal insults more than i do so when will you grow up,0,Attack,A,0,,,
1445,how do we observe   evolution   occurring i do not see one creature evolving into another one,when i read casey luskins article he made some very good points,0,Attack,A,0,,,
1620,you are opening the door to a nonliteral explanation of the text,no it means that the word of god is internally consistentnonsense,1,Support,A,1,,,
2275,too thin it will not be very durable,but the used material is strong so two centimeter seems to be a good choice,0,Attack,A,1,,,
1692,one thing for sure time was and continues to be passing differently in different parts of the universe,but what have ancient scriptures ultimately proven,1,Support,A,0,,,
1742,this is not a proof of   evolution   from chimps,yes i understand we didnt evolve from chimps from the position of   evolution   theory  and im sorry for saying it that way considering i truly dont want to encourage the misinformation and typical uninformed view,0,Attack,A,0,,,
273,The only reason we are even having a sensible debate about Europe are UKIP.,"It is doing the country serious damage because there are large numbers of potential investors in the UK who would bring employment here, who are being warned off because of the uncertainty all of this is creating.",0,Attack,A,1,,,
576,"UKIP are a fairly right wing group as I'm sure will become clear when they actually produce some policies other than the ""its all the eu's"" fault.",UKIP leader Nigel Farage said any members proven to have extreme right wing views would be expelled.,0,Attack,A,0,,,
2643,i cant believe that a great film like this can receive such a low rating while the likes of shawshank redemption and batman sit comfortably in the top  list of the entire website,those movies that you mentioned are actually entertaining unlike this pseudointellectual crapfest,0,Attack,A,1,,,
941,pvm is confused,joethe design inference reached based on our knowledge of what nature operating freely can  cannot do coupled with our knowledge of what designing agencies can do,0,Attack,A,0,,,
2334,maybe you could have a cake sale,of course everything is better when there is cake,1,Support,A,0,,,
2235,carefully think about this statement christianity is based upon the essential beliefs that god is allpowerful man is fallen and in need of redemption,well there is a little more to it than that but agreed,1,Support,A,0,,,
67,Hopefully we will see our first UKIP MP before the general elections next year.,It will be a very comfortable win for Labour who can secure over 50% of the vote.,0,Attack,A,1,,,
1829,although i firmly believe in evolution it is only a theory and even though theories have evidence and are backed up with facts they are not  true and can probably never really be proven like the big bang theory,why is it more reasonable to conclude common descent rather than common design from the similarity we see among species,1,Support,A,1,,,
725,UKIP and the Greens are the only parties to date that haven't screwed us all over.,"I was delighted to cast my vote for [UKIP leader] Nigel Farage's team in Sussex, where I live, said Lynam.",1,Support,A,0,,,
2156,databed seems to be proposing that the biblical creation account is metaphorical therefore if reality does not exactly match it it does not invalidate the whole of the bible,very well said thank you for clarifing very helpful,1,Support,A,0,,,
2305,yes they already have their own strong currency they can make it on their own plus they always come last at the eurovision song contest,the eu is not just about currency it is also about being able to travel without a visa and other economic factors,0,Attack,A,1,,,
730,"In UKIP, we have a new political force which looks likely to poll very well in a national election on thursday.","The UK Independence Party, which has long campaigned for the UK to pull out of the European Union, failed to make its hoped-for breakthrough in May's election.",0,Attack,A,1,,,
2636,this film is easily one of the best movies ive ever seen yes it is pretty easy to guess the ending but it still wasnt ruined by that fact it is a work of art it is rewatchable,ok so i thought it was only me but after watching this movie i had a massive headache also i thought the movie was terrible it was all over the damn place and difficult to follow,0,Attack,A,1,,,
890, allowing creationism in schools would violate the separation of church and state a separation of church and state necessitates that public schools not be a forum for upholding the validity or truth of certain faiths,evolution has no implications for morality it describes what has happened making no judgement about whether what has happened is good nonreligious ethicists are perfectly capable of making moral judgements and they regularly do so,1,Support,A,1,,,
773,"UKIP do not bear scrutiny either as a coherent policy offer or a group of potential ministers , they are an insurgent party of protest with one message.",He argued that his party was on a journey from a party of protest to a party of government.,0,Attack,A,1,,,
556,UKIP is leveraging on the frustration of a certain stratum of society (white working class and male) in order to gain power.,"It is not just about UKIP it's that the British people are as interested and concerned about Europe, as they are about the economy, as they are about immigration.",0,Attack,A,0,,,
705,"No doubt ordinary people are fed up with the behaviour of the Westminster bubble, but the other reason why UKIP is doing well is that they're articulating the concerns of working people, which Tories never do and Labour hasn't done since if fell under the spell of Tony Blair.","UKIP defied the odds again at last year's European elections, beating Labour into third place, much to the dismay of those, on the left and right, who had written the party off as a busted flush.",1,Support,A,0,,,
500,It is because of UKIP that we are finally discussing the European question and about immigration and thank goodness for that.,Mr Fabricant said an electoral pact with UKIP - in which the Tories would promise a referendum on European Union membership after 2015 and in return UKIP would not stand against Tory candidates - could help the Conservatives win an extra 20-40 seats at the next election.,1,Support,A,0,,,
676,"I don't necessarily think Nigel Farage is worthy of PM, I think they need a new leader.","They will each have plenty of opportunities to publicly debate the party's performance, and to make the case against the return of Nigel Farage.",1,Support,A,0,,,
1712,i am a strong believer in the authority and inspiration of the word of god,the fact that we do not know i believe only gives more power to godyes  our ignorance proves that there is a god  or maybe not,0,Attack,A,1,,,
1131,mr,is a common creationist position which misunderstand that most mutations are mostly neutral few are strongly detrimental and some are beneficial,1,Support,A,0,,,
148,UKIP are in no way a single issue party and if Labour or the Conservatives were to give us a referendum UKIP would still have a full manifesto that would attract many voters.,"UK Independence Party leader Nigel Farage has launched his party's local election manifesto, saying it is far more than just a call for a referndum.",1,Support,A,0,,,
929,hghlanderthis is false and misleading,okay lets start with how id tries to infer design namely by using the design inference,1,Support,A,0,,,
2336,or cycle,what about a swim,1,Support,A,0,,,
2538,We should allow voting at 16 in European Parliament elections,This would be a slippery slope to forcing all countries to allow the vote at sixteen for all votes,0,Attack,A,1,,,
1249,richard dawkins and victor stenger argue that the existence of a creative superintelligence or god are scientific questions,whats really illogical is when the study of   science   excludes god because you dont want him to exist,0,Attack,A,1,,,
1020,with belief,my other comment focused more on my atheist background but i wanted to respond to your scientific misconceptions,0,Attack,A,0,,,
1981, scientists can present a great deal more evidence for evolution various fossils in chronological order clearly showing an evolving skeletal structure than a christian can present for intelligent design none, well as being one of the denoted tie breakers of this debating conversation topic i would like to point out that evolution is both a fact and a theory,1,Support,A,1,,,
2388,i recommend to perform a filling process simulation with moldex soft,yes indeed the filling simulation showed a certain degradation at the hinge area but at an acceptable level,1,Support,A,0,,,
2251,i think ps is better,on the xbox the graphics and controls are way better could not disagree more,0,Attack,A,1,,,
1852,evolution may not have been perfect when it was first thought up but it was still pretty damn good,no scientific evidence of course,1,Support,A,1,,,
1242,the fact that the   evolution   lobby is trying to cite statements by ucc ministers to bolster support against id shows just how out of touch they really are,the problem with the catholic church is that it has been unable to disagree with any scientific theory ever since they got burned condemning galileo,1,Support,A,0,,,
1121,i am debating it mainly to create a faq sheet for ithilarious,hilarious,0,Attack,A,0,,,
1523,the debate here is false because both id and darwiniannatural selection theory are inadequate,teachers have no freedom to misinform and miseducate students,0,Attack,A,0,,,
1819,the process of evolution is fact,as i prepare to answer this question i realize i have essentially no knowledge about the theory of evolution besides darwinism and the title,0,Attack,A,0,,,
2018, this sounds like religious faith speaking, evolution is one of the most strongly supported theories in all of science,1,Support,A,1,,,
1110,behe says intelligent agents can plan ahead and act on their plans,so we detect design by inferring that some parts appear to have been arranged for a purpose,0,Attack,A,0,,,
1221,also christians concerned about science,to correct pvms confusionforensic detectives have to figure out the means,0,Attack,A,0,,,
179,"The sooner we are out of the EU, the sooner we can start making this country great again.",Britain needs to be free to set its own trading relationships with the rest of the world.,1,Support,A,0,,,
1048, features that appear vestigial and functionless actually serve a function eg, features that appear vestigial and functionless actually serve a function eg,0,Attack,A,0,,,
2279,high vehicle cost,that is only a short term problem these vehicles will get cheaper in time,0,Attack,A,1,,,
2550,We should force think tanks to reveal all of their sources for resource funding,Private investors have a right to privacy,0,Attack,A,1,,,
2065,it ought but it will not at least not the gun fetishists in this forum who in my humble opinion are prisoners of their ignorance their fears their insecurity,look what is talking about insane immune to reason a prisnor of his own giant ignorance slavery fetishist and one of the comic relief  stooges,0,Attack,A,1,,,
680,If anyone seriously thinks that UKIP will offer some kind of answer to our current problems then I think that they are going to be sadly disappointed.,UKIP has evolved over the two decades since it was created from an anti-EU pressure group into a fully fledged party which has now proved that it can succeed beyond European elections.,0,Attack,A,1,,,
2277,limited range,that will change over time once there are more charging stations,0,Attack,A,0,,,
2195,unfortunately it is funny because its true,oh boy you said it,1,Support,A,0,,,
1664,as a prisoner,i have found that most web sights about religion and   evolution   are bunk and are promoted by an agenda not open to reason,1,Support,A,0,,,
185,"I don't think most people realise the benefits of free trade at all, and UKIP capitalise on peoples ignorance of the benefits of free trade as much as they can.","Lord Heseltine, appearing on Daily Politics on Wednesday, compared UKIP's appeal with that of one-time Conservative minister Enoch Powell and his 1968 anti-immigration rivers of blood speech and with the former French National Front leader Jean-Marie le Pen.",1,Support,A,0,,,
595,"UKIP will lead the UK to independence from the oppressive EU, which is the only chance Britain has at restoring its former glory.",UKIP says it is campaigning on a pro democracy message - aiming to rejuvenate local politics.,1,Support,A,1,,,
2264,i was about to post the same thing you get hesitant for a while but then forget all about it,not so sure about that after reading about the kidney and brain incident at kfc i do not think i will be going back there anytime soon,0,Attack,A,0,,,
1256,may as well get to work on it,landonevolutionary science may have progressed but it has not explained the evolution of man or history,1,Support,A,0,,,
1525,purelabor claims that there is no proof for either side,you cant offer anymore than theory for one or the other,0,Attack,A,1,,,
742,Whether UKIP can deliver on their promises if they were to win power at the next general election is a moot point because they will not win power.,"UKIP does not have any MPs, he said, because the first-past-the-post system is brutal to a party like us.",1,Support,A,1,,,
2101,oh and i see you are still equating atheist with anyone who does not believe as i do,and i see you still flip back and forth from being an atheist to not being an atheist,0,Attack,A,1,,,
400,"The momentum is definitely with UKIP at the moment, hopefully that will continue with the up and coming by-elections.","As predicted, UKIP repeated their recent by-election success and their candidate Richard Elvin came second with a 24% share of the vote.",1,Support,A,0,,,
1273,i guess i must be old fashioned  but i do believe in real science,intelligent design has been misrepresented as some kackamamy religiously motivated scheme by those who are afraid to challenge what they believe in,1,Support,A,0,,,
2588,movies should be fun entertaining this movie is not waste of my time ,a candle shines brightest in the darkness corny but its true all the horrible events and surroundings only highlight the beauty of hope love humankind etc i find this film so inspirational only film to ever make me cry from happiness,0,Attack,A,1,,,
320,Intellectually I rate Farage much higher than Cameron; he has a very sharp and quick wit and is an excellent public speaker.,"UK Independence party leader Nigel Farage has said he is expecting a big swing to his party in the seat, with most polls carried out in the seat putting the party third, ahead of Labour.",1,Support,A,0,,,
802,"If we leave the EU we will save billions of pounds which can then be invested in our ailing national infrastructure, notably the NHS.",The committee said the EU had helped to transform Europe from a continent of war to a continent of peace.,0,Attack,A,1,,,
2201,they say that members within the same species are in competition with each other,they are those that survive better reproduce more members of a species can die if other members have better,1,Support,A,0,,,
2608,this movie absolutely fell flat after the discovery at the crash site was made,one million voters disagree with you what do you think they saw in this movie that you did not,0,Attack,A,1,,,
2226,did anyone else expect anything less these evil fundie christians can have affairs    or even  marriages yet gay people are a threat to marriage by wanting to get married,you hear that cry allowing gays to marry will cause the downfall of civilization but you never hear how or why,1,Support,A,1,,,
15,The Tories should be running scared of UKIP.,"The campaign was dominated by a war of words between the Conservatives and the UK Independence Party, which senior Tories fear will take a significant chunk of their votes.",1,Support,A,0,,,
150,"I don't see UKIP as being far right, they're just further right than the rest who have congregated arund the middle ground.",The decision to push ahead with the legalisation of same sex marriage met furious opposition from religious groups and some of Mr Cameron's own MPs.,1,Support,A,0,,,
2278,hybrid electric vehicle,high vehicle cost,0,Attack,A,0,,,
1828,evolution has never been proven and will never be proven because it never happened,although i firmly believe in evolution it is only a theory and even though theories have evidence and are backed up with facts they are not  true and can probably never really be proven like the big bang theory,1,Support,A,0,,,
1776,scientific subjects such as the creation and development of the universe arent really democratic topics,to me i do not see us evolving even if it takes forever it still does not show,0,Attack,A,0,,,
1896, god does exist he created evolution, what i feel in this context is creationism is nothing but a wrong assumption,1,Support,A,1,,,
499,A strong UKIP vote suggests there's a lot of the British public who aren't on board with the current set-up.,"Deputy Prime Minister Nick Clegg, whose Liberal Democrats oppose a referendum, said leaving altogether would make us less safe because we co-operate in the European Union to go after criminal gangs that cross borders.",0,Attack,A,1,,,
1846,nothing appeared its very simple,contrary to some belief evolution doesnt conflict with creationismyou just have to read the first story of the bible adam and eve in a less literal sense,1,Support,A,0,,,
1262,to sneer at aynrandinstitute and ayn rands philosophy is to fail to address the growing primary reason why people are deciding god is not an explanation of anything,youre lucky not enough people know or care enough about your religion to throw out opinions based on it presented as science philosophy logic or fact on the spot,0,Attack,A,1,,,
100,"I voted Tory for 30 years and started supporting UKIP because I want a sovereign, democratic , well governed Britain with Britain put first and its getting clearer by the day that the old Liblabcon parties will not do that.","Mr Farage added that he believed voters are beginning to see UKIP as more relevant to their lives, and said the party would become the third force in British politics and top the poll at the European elections in 2014.",1,Support,A,0,,,
2613,this movie absolutely fell flat after the discovery at the crash site was made,i actually really loved moon i was invested the entire way through,0,Attack,A,0,,,
526,"UKIP is certainly NOT racist or xenophobic - if you, as I'm you have done, read our policies on the website there is no suggestion of this at all, it is more a rumour and conspiracy of the lefties. ","UKIP appears to have struck a chord with many voters on the issue of immigration, campaigning against the relaxation of working restrictions on Bulgarians and Romanians due to come into force in January.",1,Support,A,1,,,
