orig_idx,arg1,arg2,support [true value],support_label,strategy,pred_attack,pred_support,pred_neither,pred_relevance
507,"UKIP advocates for the UK leaving the European Union which would be a bad idea – but they are trying to leverage on the british people’s need to belong and pride to be british, which further sparks their anti-foreigner standpoint.","UKIP appears to have struck a chord with many voters on the issue of immigration, campaigning against the relaxation of working restrictions on Bulgarians and Romanians due to come into force in January.",0,Attack,A,0,,,
768,If anyone seriously thinks that UKIP will offer some kind of answer to our current problems then I think that they are going to be sadly disappointed.,"UKIP appears to have struck a chord with many voters on the issue of immigration, campaigning against the relaxation of working restrictions on Bulgarians and Romanians due to come into force in January.",0,Attack,A,0,,,
1988, genetic tests have proven that we are very closely related to certain apes a branch on the same family tree, evolution is a theory that is supported at the micro level,1,Support,A,0,,,
2207,im prochoice but to say that having an abortion should not or will not effect either parent is callous you will most likely at minimum wonder regretfully what could have been choice in abortion is not a small choice like whether to wear a blue or black suit and should not be,could not agree more,1,Support,A,0,,,
1694,include the transmission of the biblical text,using logic to apply consistent artistry to the mass of creation we may assert the existence of the artist almighty god  if we exercise faith toward god by believing that he exists in the very manner that he says that he does then we may logically apply his consistent character including his artistic signature in creation to all things that god the artist creates,0,Attack,A,0,,,
2334,maybe you could have a cake sale,of course everything is better when there is cake,1,Support,A,0,,,
918,island statesyou pretend like the appearance doesnt beg a real scientific question because you are overreacting to your perceived motivation of idists but not because you are thinking like an honest scientist would,you are missing the point the ad hominem is not that i did not understand your argument i can see why given your limited exposure to id you may have come to that conclusion,1,Support,A,1,,,
1351,first thanks for the reply,schenfinally to claim that id has no secular purposes that are not shams is quite a claim to make,0,Attack,A,0,,,
2285,nothing is more important than my research time and i just think this is a distraction,are you an empire builder,0,Attack,A,1,,,
1832,if man evolved from apes then why is there still apes to evolve is to change and the ape didnt,just like pluto orbiting the sun completely and gravity theyre theories but in the scientific way of using the word,0,Attack,A,0,,,
290,People are not voting for UKIP because of immigration propaganda but because of their direct experience of immigration.,I am very confident UKIP is going to get a bigger percentage share of the vote than anybody can yet quite believe here in the Westminster village.,1,Support,A,0,,,
1066,the problem with your argument is that it simply depends on a certain kind of fossil not being found and you have been repeatedly proven wrong over the last  or  decades when such a fossil is found,the problem with your argument is that it simply depends on a certain kind of fossil not being foundthats part of the equation it also relies on changes or progressions between fossils happening to quickly or too sudden in order for it to be accounted for by chance and necessity,0,Attack,A,1,,,
1658,science is based on what can be observed  tested,intelligent design might be a seasoned exercise in rationalization but the claim that it is a science cannot be supported,0,Attack,A,1,,,
1030,thats classy,in order to better understand intelligent design it is important to appreciate how it abuses and conflates terminologies,1,Support,A,0,,,
2658,the only good thing in this movie was dr schultz after that it was a yawn fest,very true its as unpleasant as can be and not entertaining in the least this has to be the most overrated film of the past two years,1,Support,A,0,,,
1356,as explained on that page some of the scientific journals and other prestigious academic sources that have published peerreviewed scientific publications by id proponents supporting core id arguments includeand then the discovery institute continues to claim some journals without providing much of any reference to the actual papers, we focus only on the constitutional aspects to this issue,0,Attack,A,0,,,
2314,i believe he overused the hero type of comic movies,i totally agree but do you not think that this is a characteristic that distinguishes all of tarantinos characters the exaggerated behavior,1,Support,A,0,,,
1167,who decides if an arrangement of parts is purposeful what does purposeful really mean in that statement do the parts have purposeif there is some form of synergy in the arrangement then yes that would be purposeful,we detect design by looking for the telltale signs that an intelligent agent acted,0,Attack,A,1,,,
379,Big business will not support UKIP given the devastation that withdrawal from the EU would cause.,"Ms Dorries said many executives had huge empathy with UKIP, whose poll ratings have risen recently.",0,Attack,A,1,,,
1250,whats really illogical is when the study of   science   excludes god because you dont want him to exist,you have such books written as the consipiracy of ignorance by martin gross,0,Attack,A,1,,,
619,UKIP are the only party willing to have a sensible open debate on the key issues affecting the country. ,"Conservative party vice chairman Michael Fabricant said the party had struggled to present a distinctive message during the Eastleigh election, saying UKIP had managed to connect with traditional blue-collar Tory voters on issues such as crime and immigration in a way the Conservatives had not.",1,Support,A,0,,,
2247,this could not be more far from the truth because running is more intense the general health benefits are higher within reason more pain is more gain,jogging is just as good as walking but it is done at a faster pace which results in higher impact on your knees hips and other joints,0,Attack,A,1,,,
564,UKIP are not a single issue party anymore; UK Sovereignty is the crux of their party political platform but they've certainly expanded from that singular issue in recent years.,"The charge put by its deputy leader David Campbell Bannerman when he defected to the Conservatives in the wake of the May elections was that UKIP remained, at heart, a single issue pressure group.",0,Attack,A,1,,,
450,"I think Farage makes a much better leader than any of the other parties, he's full of enthusiasm and is not a PR man like the current leaders of the 3 main parties.",But Dr North does have other reservations about Nigel Farage - including what he sees as his lack of political acumen.,0,Attack,A,1,,,
2159,right wing abortion activists are divorced from reality,agreed your ideas are pretty cool,1,Support,A,0,,,
363,"I don't think most people realise the benefits of free trade at all, and UKIP capitalise on peoples ignorance of the benefits of free trade as much as they can.","Mr Farage was challenged on a number of issues - including the party's attitude towards climate change, maternity leave and small businesses, diversity in the party and the European Union.",1,Support,A,1,,,
1533,the full drafts were all entered as evidential exhibits with the court and are on file there,heres some links to actual passages something nick failed to provide as requested,0,Attack,A,1,,,
1095,if biology leads to new design if it is viewed in that contextand it never has and never will,and it never has and never will,0,Attack,A,0,,,
2337,or cycle,perhaps a marathon,1,Support,A,1,,,
1335,well isnt that what the whole debate here is about,tjagain you may have faith that methodological materialism will solve all of these problems in the distant future,0,Attack,A,1,,,
1397, i have been a christian most of my life and the ten years i lived outside the community was hell on earth,poblic schools are not to promote   religion  ,1,Support,A,0,,,
1806,maths is the only branch of science that offers  proof of its arguments,for macroevolution theory to be valid laws of nature that are generally accepted as true and standard must be repeatedly denied,0,Attack,A,1,,,
1880,i have no patience for people like you,why couldnt god have created everything through evolution,0,Attack,A,0,,,
456,UKIP seems overwhelmingly to be staffed by racists who want to keep people not born in this country outside this country.,Farage admitted the party had not had time to properly vet all of its new recruits and he was forced to suspend a handful of them following newspaper reports of alleged racist comments.,1,Support,A,0,,,
458,A strong UKIP vote suggests there's a lot of the British public who aren't on board with the current set-up.,"The voters have understood that EU membership is making us poorer and less democratic and less free, he said.",1,Support,A,0,,,
2032, wow, evolution is still happening,1,Support,A,0,,,
2496,I support the truth and reconciliation commission,Truth and reconciliation are more important than retribution following violent and long term conflicts,1,Support,A,0,,,
2293,apple no comparison there excellent quality longevity of hardware amazing support,way to expensive for what you get the only advantage is maybe the longlife battery but even this is now standard in other laptops too,0,Attack,A,1,,,
146,"The People's Army is on the march and UKIP will get Britain back from the Liblabcon, Establishment and MSM political abusers of our country.",Mr Farage said it was very important that UKIP gets a voice in Westminster.,1,Support,A,1,,,
724,"If UKIP want to retain these voters and attract more in a general election then they need to come up with policies other than ""leave the EU"" and ""its all the immigrants fault"".","Explaining his decision to swap sides, Mr Campbell Bannerman - MEP for the East of England - said UKIP had become obsessed with single issue politics, internal fighting and shouting from the sidelines.",1,Support,A,0,,,
2129,i was only joking it hit me this morning though that if i am willing to talk about abortion without bringing up god i wonder if the pro choicers could argue their position without bringing up womens rights,womens rights actually exist unlike the christian god,0,Attack,A,1,,,
1512,i cant say i agree with too much of what zebrakin said so i wont defend him,the reason for the existence of the second amendment is to prevent religious people from being denied the opportunity to practice their religion,1,Support,A,0,,,
539,UKIP will not improve public services.,"She will add that the bill will further reform the immigration system by tightening immigration law, strengthening our enforcement powers and clamping down on those from overseas who abuse our public services.",0,Attack,A,1,,,
2278,hybrid electric vehicle,high vehicle cost,0,Attack,A,0,,,
1344,this is one of the things wesley cites to bolster his case  httpvangogh,so tj you seem to have made quite a few foolish arguments how familiar are you with augustinetj  well i know that he believed the earth was created instantaneously not progressively and was according to scripture less than  years old,1,Support,A,1,,,
1421,how are they standing in the way is research into id bannedpretty much especially if anyone who has publically known proid views prior to getting tenure is bound to not get it,pretty much especially if anyone who has publicly known proid views prior to getting tenure is bound to not get it,0,Attack,A,0,,,
190,UKIP are in with the City as much as the other three and I don't like the way they are whipping people up into a frenzy.,Farage admitted the party had not had time to properly vet all of its new recruits and he was forced to suspend a handful of them following newspaper reports of alleged racist comments.,1,Support,A,0,,,
27,Big business will not support UKIP given the devastation that withdrawal from the EU would cause.,We cannot have any control over who comes to Britain while we are members of the EU.,0,Attack,A,1,,,
1439,you continue to quote dishonest sources,the ncses response to id is that about  scientist dont believe in id and you shouldnt either,0,Attack,A,1,,,
897,teaching darwinism is comparable to teaching flying spaghetti monsterism,teaching the creationismevolution controversy is important to student learning,1,Support,A,1,,,
1943, i feel the need to distinguish between microevolution and macroevolution, yes i believe the theory of evolution is wrong as there are no scientific facts about that,1,Support,A,1,,,
985,im hardly the authority for all the great questions in life,im hardly the authority for all the great questions in life,0,Attack,A,0,,,
650,"UKIP do not bear scrutiny either as a coherent policy offer or a group of potential ministers , they are an insurgent party of protest with one message.",There are signs UKIP is starting to pick up the sort of protest votes that traditionally go to the Liberal Democrats - as well as benefiting from a slump in support for the British National Party.,1,Support,A,1,,,
1954, hahaha theres always one that slips through the net, i remember bumping into a jehovahs witness and he was blabbing on about some bullshit that the earth is in a stage called its last days,1,Support,A,0,,,
1779,theres no point arguing against evolution when you dont understand it in the first place,now creationism to me makes much more sense,0,Attack,A,1,,,
2488,The US should ban cluster bombs,Cluster Bombs Have Significant Strategic Value,0,Attack,A,1,,,
1584,then why does this argument always seem to come from the creationists  aig was not founded and is not funded by the scientific community,this thread has been kept going by three people who have voted no to the question of a six day creation,1,Support,A,1,,,
866,UKIP are in no way a single issue party and if Labour or the Conservatives were to give us a referendum UKIP would still have a full manifesto that would attract many voters.,Mr Farage has successfully broadened UKIP's appeal away from Europe.,1,Support,A,0,,,
2245,any state of the art pc with a game pad,i think that the best consoles by far are either the xbox or the ps,0,Attack,A,0,,,
1391,einsteinit was of course a lie what you read about my religious convictions a lie which is being systematically repeated,i never said anything about einsteins religious convictions,0,Attack,A,1,,,
1104,yes when one sees a flower garden or mount rushmore for the first time one assumes the object was created by an intelligent being,mjhowever people do not do such things as design eyes or flagelli,1,Support,A,1,,,
1893,so what is the difference in saying god is nothing and there is no god and god is nonexistent there is no difference all of the above statements have the same meaning,zingo he can be taught i know that there is no difference between those statements,0,Attack,A,0,,,
2560,Governments should be allowed to disrupt Internet service on grounds of national security,National security takes precedence,1,Support,A,0,,,
1878,evolution has never been witnessed,the aftermath of evolution has been witnessed but never the actual process itself,0,Attack,A,0,,,
127,"In UKIP, we have a new political force which looks likely to poll very well in a national election.",Mr Aker said messages on the EU and immigration were getting through to disillusioned voters.,1,Support,A,0,,,
1501,you argue based on the ftes claims that the term creation and creationism had nothing to do with religion,in other words the terms as defined clearly mirrored what we know as creationism and that it was an inherently religious concept,1,Support,A,1,,,
2484,We should use torture to obtain information from suspected terrorists,If legal principles are abandoned then there is little point in defending the liberties that democratic governments say they are so keen to defend,0,Attack,A,1,,,
1279,nobody ever said that natural selection was random,the random comes in when particles of rna that came out of the primordial ooze aligned by chance in such a way to produce a singlecelled organism,0,Attack,A,1,,,
518,"In UKIP, we have a new political force which looks likely to poll very well in a national election on thursday.","UKIP recorded their best ever Westminster election performance and brought humiliation to the Conservative candidate, in the process triggering a debate within the party about how to deal with their rivals.",1,Support,A,0,,,
2629,as far as acting and cinematography go this film was great but the content and plot were horrible,the acting was great cinematography was great the villain was one of the all time most relentlessly evil antagonists the plot was gripping enough that you intensely worried for the characters,0,Attack,A,1,,,
185,"I don't think most people realise the benefits of free trade at all, and UKIP capitalise on peoples ignorance of the benefits of free trade as much as they can.","Lord Heseltine, appearing on Daily Politics on Wednesday, compared UKIP's appeal with that of one-time Conservative minister Enoch Powell and his 1968 anti-immigration rivers of blood speech and with the former French National Front leader Jean-Marie le Pen.",1,Support,A,0,,,
2229,makes george carlins plan to use the state of kansas as a prison even more appealing i especially liked the board member dogma statement,yes kind of reminds me of abraham lincolns thought better to remain silent and be thought a fool than to speak out and remove all doubt,1,Support,A,0,,,
1443,creationism has more solid evidence than   evolution   does, we can observe it occuring  the fossil record shows changes in lifeforms separated by time  genetic analysis shows similarities at the dna level between similar lifeforms,0,Attack,A,1,,,
675,"If UKIP took all their anti-establishment guff and turned it on the banks and financial institutions then they would have more legitimacy, but instead they turn on Polish and Roma fruit pickers who do unskilled work for minimum wage.","On Friday the Advertising Standards Authority (ASA) announced that it was investigating, following 60 complaints, a scheme which saw vans drive through London calling on illegal immigrants to go home or face arrest.",1,Support,A,0,,,
870,"If UKIP don't like being smeared, then they need to stop smearing, stigmatising, and fear mongering about others.",UKIP leader Nigel Farage said any members proven to have extreme right wing views would be expelled.,0,Attack,A,0,,,
2255,i think that cancer research uk cafod and action aid are the best charities,can you please explain why you chose those ones,0,Attack,A,0,,,
2663,after all the attention and awards etc and an imdb rating of  i was so shocked to finally see this film and have it be so bad,i liked it but i did find it quite underwhelming,1,Support,A,0,,,
2506,The International Criminal Court should be recognised,The novel crime of aggression leads to the prosecution of those seeking to protect human rights,0,Attack,A,0,,,
1244,funny how being completely wrong about the earth revolving around the sun can make the catholic church a bit gun shy about claiming that   science   is incorrect without evidence to back it up,in the th century fundamentalist supported the idea that new species appear abruptly catastrophism,0,Attack,A,0,,,
2563,Governments should be allowed to disrupt Internet service on grounds of national security,Disrupting internet service is a form of repression,0,Attack,A,1,,,
1807,for macroevolution theory to be valid laws of nature that are generally accepted as true and standard must be repeatedly denied,st evolution does not require dramatic mutation,0,Attack,A,0,,,
1323,the di is quick to argue that jones overstepped its bound by declaring id not be scientific even though both the plaintiffs and the defendants insisted that the judge address this because the existence of a valid secular purpose which is not a sham is an important aspect in determining if something is unconstitutionaljudge jonesdefendants presented no convincing evidence that they were motived by any valid secular purposealthough defendants attempt to persuade this court that each board member who voted for the biology curriculum change did so for the secular purposed of improving science education and to exercise critical thinking skills their contentions are simply irreconcilable with the record evidence,for goodness sakes guys very few people are advocating the mandatory teaching of id in schools,0,Attack,A,1,,,
449,"The sooner we are out of the EU, the sooner we can start making this country great again.","He said the UK should quit the EU, with the referendum being moved forward.",1,Support,A,0,,,
1385,as you have been told already what phil says is irrelevant to id,i guess this means that what id proponents say about id is irrelevant even though said proponents are the ones who started idfascinating indeed,0,Attack,A,1,,,
1194,anybody that thinks there is currently a healthy scientific debate over intelligent design has missed the history of the last  years,fxl wrote so why arent physicists saying gravity is as well established as the theory of   evolution  it  is obvious isnt it i hope not to be too snarky but the pope finally got around to admitting that  galileo was correct in teaching that the earth revolved around the sun get the gravity connection,0,Attack,A,0,,,
606,UKIP are blatantly disregarding the possibility of man made climate change.,The energy secretary will say attempts to discredit the scientific evidence of climate change threaten a breakdown of the political consensus on the issue.,1,Support,A,0,,,
1682,there are some things human beings were not meant to understand because the god who created this universe is a being who is greater than all of his creation,what proof can you offer that right now we have reached the maximum limit of human knowledge  why is it at this moment that nothing more should be known why not  years ago or  years from nowi am not here to argue scripture on god because the bible tells us that the man who lacks wisdom says that there is no god psalm  verse you do realize that quoting from the bible only works when you are talking with christians,0,Attack,A,1,,,
829,I think it's far too simplistic to argue all UKIP supporters are racist - there is a real groundswell against the political establishment which over the past 20 years or so has started to converge in terms of image and policies.,"UKIP appears to have struck a chord with many voters on the issue of immigration, campaigning against the relaxation of working restrictions on Bulgarians and Romanians due to come into force in January.",1,Support,A,0,,,
20,A forensic examination of UKIP's policies would nail once and for all the Establishment lie that they're a bunch of swivel-eyed racists.,"Asked whether some UKIP members were closet racists, he added that the truth is some UKIP members are.",0,Attack,A,1,,,
1733,in genesis we have no reason to believe that one day meant any more than one day today,if scientific inquiry has shown conclusively that genesis is at best allegorical then christians should reconsider beliefs that presume a historical interpretation of eden,1,Support,A,1,,,
1308, without a scientific definition of natural scientists cannot distinguish between natural explanations and supernatural ones,youre right much if not all of the claims about supernatural claimspremises of id make it invalid rest on some faulty views on what supernatural actually means,1,Support,A,0,,,
1663,kent hovind is where he belongs  both of his ministries creation science evangelism and his dinosaur theme park were forprofit organizations,as a prisoner,1,Support,A,0,,,
1101,i understand that michael behe is one of the participants on this forum and i am looking forward to his contributions addressing matzkes observations,behe claims that they can bring together separate components and place them in relationship to each other to create an effect that may be extremely unlikely to occur by chance,1,Support,A,0,,,
1408,as to the ncse not wanting to discuss somehow i see few id proponents on this group and behe seems to have ignored matzkes excellent critiques,agreed that religious belief should not necessarily compel the rejection of wellestablished results from welldeveloped scientific fields,1,Support,A,0,,,
1224,if we dont know then no one can say that a designer was not involved or not required, joeif we dont know then no one can say that a designer was not involved or not required,0,Attack,A,0,,,
1449,jim,jim,1,Support,A,0,,,
1894,zingo he can be taught i know that there is no difference between those statements,aithiesm constitutes that nothing created the universe,0,Attack,A,0,,,
1666,why does any one think god is limited to time,does the bible state that the world was created in six days,0,Attack,A,0,,,
2195,unfortunately it is funny because its true,oh boy you said it,1,Support,A,0,,,
24,I suspect when people do start to focus and the election is close UKIPs incoherent policies will be exposed.,"Mr Farage criticised the decision to delay the vote by five years, he claimed the prime minister's promise showed we have changed the political agenda in this country calling it our proudest achievement to date.",0,Attack,A,0,,,
953,id can be scientifically relevant if it were to take the scientific approaches used by real science such as criminology which uses means motives opportunities etc,in a recent article casey luskin addresses the recent findings that changes in a regulatory gene can help explain the morphological differences between the chimpansee and humans,1,Support,A,0,,,
605,"UKIP's position is not reasonable, but racists and proto-fascist, considering they have nothing to say about the finance capital bombing of the economy, but to put all the blame for Europe's woes onto immigration.","David Cameron should consider a pact with UKIP, his elections adviser has said.",0,Attack,A,0,,,
514,"UKIP don't lecture, they try to represent the people, which is why they are doing so well.","UKIP appears to have struck a chord with many voters on the issue of immigration, campaigning against the relaxation of working restrictions on Bulgarians and Romanians due to come into force in January.",1,Support,A,0,,,
361,"It's true that UKIP dont have ideas to suit everyone, but at the moment they are heads above the pillocks at No 10 today.",The UKIP leader had told the Guardian that there was no way his party could work with Mr Cameron under any circumstances.,1,Support,A,0,,,
1754,you skewed whatever argument you were wishing to present by quoting from the cathoic catechism,any sincere new testament bible studdent knows that there is only one one reliable and true book the bible,0,Attack,A,1,,,
1691,the scripture is silent as to which locale in the spacetime continuum the author of the account was measuring time from on the first day of creation,one thing for sure time was and continues to be passing differently in different parts of the universe,1,Support,A,0,,,
1360,bowmanmore on the aclus rubber stamped ruling by a practicing attorneynothing wrong with quoting from a well argued submission by the aclubowmanthat said none of this relates to the id ruling since the board members were not id advocates except perhaps superficially,nothing wrong with quoting from a well argued submission by the aclu,0,Attack,A,0,,,
1445,how do we observe   evolution   occurring i do not see one creature evolving into another one,when i read casey luskins article he made some very good points,0,Attack,A,0,,,
2234,do not worry about me being affected by the leftist media either i really do not care to listen to their lies and over emotional rantings too often,that is refreshing and i am being serious,1,Support,A,0,,,
1329,have you read the original emails based on which the conclusions were madeyou do understand the meaning of a congressional report by the majority party dont you,the congressional report comes from the similar sources that have denied the existence or problems of global warming as well,1,Support,A,0,,,
365,"The momentum is with UKIP; Labour, Conservative and Liberal areas are all now vulnerable to them. ","Explaining his decision to swap sides, Mr Campbell Bannerman - MEP for the East of England - said UKIP had become obsessed with single issue politics, internal fighting and shouting from the sidelines.",0,Attack,A,1,,,
2626,as far as acting and cinematography go this film was great but the content and plot were horrible,it was not made to be just a family movie it was also meant to be serious movie with a mix of realism and fantasy combined for mature viewers most specially that what makes the movie special,0,Attack,A,1,,,
2550,We should force think tanks to reveal all of their sources for resource funding,Private investors have a right to privacy,0,Attack,A,1,,,
602,"UKIP will lead the UK to independence from the oppressive EU, which is the only chance Britain has at restoring its former glory.","UKIP appears to have struck a chord with many voters on the issue of immigration, campaigning against the relaxation of working restrictions on Bulgarians and Romanians due to come into force in January.",1,Support,A,0,,,
976,i cannot argue with your opinions as to what you want to believe,i fail to see how id can help us here,0,Attack,A,0,,,
912, public opinion is unimportant to whether creationism belongs in science classes  public opinion does not determine whether creationism qualifies as science,proof why creationism should be taught in schools,0,Attack,A,1,,,
2412,I prefer trade to aid,The global economy is not welcoming to African players,0,Attack,A,1,,,
862,UKIP do have more than Nigel Farage able to deal with media interviews.,It is Nigel Farage's future that will interest UKIP watchers now.,0,Attack,A,1,,,
2615,i actually really loved moon i was invested the entire way through,for some reason i was bored endlessly by moon i found myself uninterested and disorientated from the central character who could not connect with and had zero interest in,0,Attack,A,1,,,
1025,the response to my comment id contradicts itself is a series of peculiarly unclear assertions,guided by a larger force,0,Attack,A,1,,,
566,UKIP are not a single issue party anymore; UK Sovereignty is the crux of their party political platform but they've certainly expanded from that singular issue in recent years.,"But it is also one which means people often dismiss it as a single issue party, unlikely to become a force in Westminster politics.",0,Attack,A,1,,,
1317,in science testing a hypothesis or theory means deriving predictions from them,you are using the common tactic of forcing someone to disprove a negative,0,Attack,A,0,,,
2430,European Parliament elections should involve only one voting district all of Europe and not separate country seats,This would undermine national sovereignty,0,Attack,A,1,,,
1355,he was a judge,as explained on that page some of the scientific journals and other prestigious academic sources that have published peerreviewed scientific publications by id proponents supporting core id arguments includeand then the discovery institute continues to claim some journals without providing much of any reference to the actual papers,0,Attack,A,0,,,
660,"If UKIP want to retain these voters and attract more in a general election then they need to come up with policies other than ""leave the EU"" and ""its all the immigrants fault"".",UKIP has evolved over the two decades since it was created from an anti-EU pressure group into a fully fledged party which has now proved that it can succeed beyond European elections.,0,Attack,A,1,,,
228,"If UKIP don't like being smeared, then they need to stop smearing, stigmatising, and fear mongering about others.","But UKIP, whose conference takes place at Eastbourne's Congress Theatre and Winter Gardens, is keen to be seen as more than a single-issue party and other issues on the agenda include defence, education and housing.",0,Attack,A,1,,,
483,UKIP is not at all taking into account the financial effects of leaving the EU: Europe is the main market for the UK. ,"Over three million jobs in this country, directly or indirectly, depend on us being in the EU, so that is a big choice.",1,Support,A,1,,,
924,archfilejockey quoted kent hovind as saying asking an atheist why he cant find god is like asking a thief why he cant find a police officer,einsteins quotes are not supportive of id he was talking about the fabric of the universe not the means by which species evolve,1,Support,A,1,,,
2062,i believe there has to be a god because i see no compelling evidence that life spontaneously generated from non living chemicals,argument from ignorance nevermind that marc is largely ignorant of chemistry too,0,Attack,A,1,,,
2310,nuclear energy is the most efficient once all potential hazards are eliminated,i tend to disagree the main problem with the nuclear power is that the plant cannot be switched off fast we are not able to control this process,0,Attack,A,1,,,
1925, no we were put here by aliens as an alternative food source, i do not believe that we evolved from monkeys or any other animal i believe that god created us in his own image,1,Support,A,1,,,
2284,nothing is more important than my research time and i just think this is a distraction,no my research time is more important than your research time,0,Attack,A,1,,,
2007, i interpret the creation story as a metaphor with science as how god made humans, then again i often wondered as a child why and how the whole universe was created in the first place,0,Attack,A,0,,,
1594,  httpeesc,animals convert oxygen to co,1,Support,A,0,,,
1482,but i certainly do believe that nature exhibits intelligence and design not to mention beauty and love,fundamental pointsthere are wellcredentialed scientists who support intelligent design idso what  there are many many more wellcredentialed scientists who say intelligent design is nonsense,1,Support,A,1,,,
1487,the smoking guns are well established,jon buell the president of the foundation for thought and ethics testified in court enjoyby mr,0,Attack,A,1,,,
86,"Even a UKIP European candidate, Janice Atkinson, another ex-Tory, admits leaving the EU would be problematic.","However, Mr Aker said messages on the EU and immigration were getting through to disillusioned voters.",0,Attack,A,1,,,
2176,they were both created on the sixth day according to genesis,true god created adam then he created eve out of one of adams ribs,1,Support,A,1,,,
221,People are not voting for UKIP because of immigration propaganda but because of their direct experience of immigration.,"It is doing the country serious damage because there are large numbers of potential investors in the UK who would bring employment here, who are being warned off because of the uncertainty all of this is creating.",0,Attack,A,1,,,
1756,i really feel sorry for you,i really feel sorry for you,0,Attack,A,0,,,
1117,behe claims that that is not the sort of process one needs to build complex molecular systems,i dont follow dr,0,Attack,A,0,,,
526,"UKIP is certainly NOT racist or xenophobic - if you, as I'm you have done, read our policies on the website there is no suggestion of this at all, it is more a rumour and conspiracy of the lefties. ","UKIP appears to have struck a chord with many voters on the issue of immigration, campaigning against the relaxation of working restrictions on Bulgarians and Romanians due to come into force in January.",1,Support,A,0,,,
572,"If UKIP don't like being smeared, then they need to stop smearing, stigmatising, and fear mongering about others.","In their leaflets, UKIP says that 29 million Bulgarian and Romanians will have the right to live, work and draw benefits in the UK and while many will be fine, hard-working people, suggests the country may struggle to cope with another influx of people needing jobs, housing schools, hospitals and benefits.",1,Support,A,1,,,
2374,i think nokia will rise after merging with microsoft,good point they will need to work hard to rebuild their reputation of making reliable and quality phones though,1,Support,A,0,,,
1171,meaningless nonsense of course,its funny because i already named some provided resources to find them and yet you seemed to dodge the argument altogetherfollowed by the usual nonsense,0,Attack,A,0,,,
659,"The problem with popularism but no substance, like UKIP represent, is that it just results in things getting worse and worse.",I believe that what UKIP is doing is vital for this country.,0,Attack,A,1,,,
157,"If UKIP don't like being smeared, then they need to stop smearing, stigmatising, and fear mongering about others.",Mr Nattrass said this was untrue and accused theUKIP leadership of stupid and childish behaviour.,1,Support,A,1,,,
1318,you are using the common tactic of forcing someone to disprove a negative,there is nothing wrong with asking someone to disprove a negative that is with asking someone to provide evidence contrary to a claim,0,Attack,A,0,,,
2577,animal kingdom is better than the town and winters bonei have just seen animal kingdom and wow what an awesome movie it was,it certainly is and its a crime this didnt get a bigger push i think mainstream audiences would have loved it easily one of the best films of the year,1,Support,A,0,,,
2277,limited range,that will change over time once there are more charging stations,0,Attack,A,0,,,
611,UKIP's sole aim at the general election is to get a smallish number of MPs elected but enough to hold the balance of power and do a deal with the Tories.,Their debate followed a Daily Politics flim looking at a possible pact between UKIP and the Tories.,1,Support,A,0,,,
207,Hopefully we will see our first UKIP MP before the general elections next year.,"As UKIP celebrates its 20th anniversary with its annual conference on Friday, City spokesman Steven Woolfe said it had grown tremendously.",1,Support,A,0,,,
1708,i am not disputing god and i hardly think the difference between a day and a billion years or so is splitting hairs,mike my apologies to you but i am surprised at the numbers of people here who appear to be somewhat hostile towards the existence of a supreme being namely god yahweh yahwah yhwh the i am that i am and so forth,0,Attack,A,1,,,
175,Hopefully we will see our first UKIP MP before the general elections next year.,He said UKIP was the real party of law and order and he vowed to continue campaigning for them.,1,Support,A,0,,,
1805,ive studied a lot of biology and to me evolution has indeed been proved,maths is the only branch of science that offers  proof of its arguments,1,Support,A,1,,,
2379,yes marihuana does much less harm if at all to the human body than cigarettes ,indeed it is hypocritical to criminalise marihuana while alcohol etc are perfectly acceptable,1,Support,A,0,,,
1991, i really do not know where to start with this one at the time of writing this response apparently evolution is incorrect, has anyone got a more rational explanation,1,Support,A,1,,,
1292,caseyeven the widelytouted theistic evolutionary biologist kenneth miller has claimed in five editions of his popular high school biology textbooks that the implication of evolution is that it works without either plan or purpose and is random and undirected,pandasthumb also explored these accusations    httpwww,1,Support,A,0,,,
124,Cameron had it right and UKIP could tip the balance towards Labour in the crucial marginal seats in the GE where the battle will take place .,"In the end, I think it will strengthen our role in Europe and our continued membership and the opportunities it gives Britain as a country.",1,Support,A,1,,,
1322,your half right ,the di is quick to argue that jones overstepped its bound by declaring id not be scientific even though both the plaintiffs and the defendants insisted that the judge address this because the existence of a valid secular purpose which is not a sham is an important aspect in determining if something is unconstitutionaljudge jonesdefendants presented no convincing evidence that they were motived by any valid secular purposealthough defendants attempt to persuade this court that each board member who voted for the biology curriculum change did so for the secular purposed of improving science education and to exercise critical thinking skills their contentions are simply irreconcilable with the record evidence,0,Attack,A,1,,,
57,It is because of UKIP that we are finally discussing the European question and about immigration and thank goodness for that.,Most people in the country agree we are being mucked around by our friends in Brussels most people think that immigration is too high most think that welfare has got out of kilter.,1,Support,A,0,,,
1089,the only reason there would be more research into junk dna would be because id supporters have misunderstood what id has to say about junk dna  which is precisely nothing,i am always tickled by claims of id advocates that darwinism stifles inquiry and that only id creationism will break the shackles that darwinism puts on the mind that id creationism will open avenues of insight into practically everything,1,Support,A,0,,,
319,"Marketing UKIP as ""the people's army"" is a bitter irony.","Mr Wheeler, a former Conservative Party donor who was expelled from the party by David Cameron over his support for UKIP, said the anti-EU party was attracting more people of all stripes.",0,Attack,A,0,,,
1883,faith is believeing in something without evidence,evolution has actually never been observed,0,Attack,A,1,,,
1848,evolution has been basically proven,i think evolution is an actual truth since we are able to prove it and all,1,Support,A,0,,,
180,If there are enough Ukip votes it should frighten all the parties sufficiently to make them realise they can't just ignore the electorate.,UK Independence Party leader Nigel Farage has urged MPs to vote in favour of further debate on Europe.,1,Support,A,0,,,
2482,We should use torture to obtain information from suspected terrorists,Allowing torture under any circumstances will allow the prospect of its routine use,0,Attack,A,1,,,
1698,therefore i dont have time to explore any other world viewsin other words religion is easy and science is hard,scientific evidence do you need i mean weve got writing from before  years ago evidence of mankinds making things over  years old,1,Support,A,1,,,
2414,We should grant politicians immunity from prosecution,Politicians should be able to make difficult decisions without fear that selecting one option will lead to their incarceration,1,Support,A,0,,,
1215,whats there left to do,you mean ones like wmap shows that we are at the center of the universe or the quote of carterwell i realize that one does remain the goldilocks enigma is a falsifiable observation that makes testable predictionsas i already explained though observations are seldomly falsified as they are based on observed data,1,Support,A,1,,,
1118,i dont follow dr,it seems that so far id has focused on malaria and on the bacterial flagellum which shares homology with the type three secretory system used by bacteria responsible for the bubonic plague,1,Support,A,0,,,
1,A vote for UKIP would be a vote for a Tory-UKIP alliance that would be more right-wing than a Tory government.,UKIP appealed to protest voters but also to Blue Collar Conservative voters.,1,Support,A,0,,,
1844,actully uncomplext compunds bonded to geather to create chemicals and very very uncomplect cell fragments that then banded to geather with otherthings for survival and formed the first very simple cells that then became more complext,god was created by people who needed faith in something,1,Support,A,1,,,
1238,what do catcher in the rye the mona lisa mount rushmore and a love note etched on a sandy beach have in common they are all signs of design,as a final blow to the discovery institutes attempts to get intelligent design into the catholic door the church announced an evolution congress which failed to invited creationists and intelligent design   httpwww,1,Support,A,1,,,
1921, i really like bananas so i mustve evolved from monkeys p, the one that suits its current environment surveys and grow up to breed,1,Support,A,1,,,
2046, how com everyone here is bickering try the flood, two darwinists spent hours standing at a flag pole trying to find the height of it,1,Support,A,0,,,
2468,We should promote democratisation,Developing countries are generally not altruistic enough to fully support countries and as a result they achieve a useless halfway state,0,Attack,A,1,,,
250,"I would say it's the anti-ukip brigade who have no substance to their argument (or facts), they simply shout ""racist"" with nothing to substantiate this slur, or become crude and insulting.","At the local elections last week, the UKIP - which campaigns for the UK to leave the EU - made substantial gains, while the Conservatives lost control of 10 councils.",1,Support,A,1,,,
1953, evolution is just logic, hahaha theres always one that slips through the net,1,Support,A,1,,,
2331,ten hour tennis marathon,maybe in fancy dress,1,Support,A,0,,,
1026,guided by a larger force,just look around,0,Attack,A,0,,,
881, creationism is scientifically testable, evolution is unobserved it is an unproven theory  the term evolution can describe a number of things some of which are directly observable while others are not,1,Support,A,1,,,
2122,where were the french on dday and the normandy invasion when hitler was burglaring their nation i do not recall history mentioning a frenchman around but the americans were saving their rears once again,are you really this historically ignorant,0,Attack,A,1,,,
1023,the name intelligent design is itself a hoax,the response to my comment id contradicts itself is a series of peculiarly unclear assertions,0,Attack,A,0,,,
1537,there are two and they are fundamentally different,six days on gods terms not mans terms,0,Attack,A,1,,,
1669,was the earth created in six days or six thousand years  all evidence points to a accretion of material over the course of millions of years several starting around  billion years ago,one day we all will know the truth,0,Attack,A,0,,,
2252,what about a second hand book sale,nobody buys books anymore,0,Attack,A,1,,,
243,It is because of UKIP that we are finally discussing the European question and about immigration and thank goodness for that.,"Asked about UKIP's future, Mr Titford said he was convinced the party would build on existing support to become a significant force in the British political landscape.",1,Support,A,1,,,
1803,yes everyone evolves as everyone endures mutations,it doesnt need to be proven as there is no underlying math in physics there is,1,Support,A,0,,,
1781,ok so youre saying since youve never seen an ape which is the wrong animal again evolve into a human and never seen god create a human god wins this debate so just because we havent proven were from chimpanzees gives grounds to say god made us theres a huger spectrum out there,she said shes never seen an ape evolve into a human,1,Support,A,1,,,
1306,i asked ask yourself this simple question how does id explain the bacterial flagella it doesnt it merely calls it designed which is a placeholder for our ignorance as to how to explain the flagella,an underlying assumption of id is that intelligence is a property which we can generally understand through our observations of intelligent agents in the natural world,1,Support,A,0,,,
1427,that in no way describes the current theories about how life began,so would you like to give a better explanation on what current ool theories exist this is definitely a subject in origins debate that interests me most,0,Attack,A,0,,,
1633,obviously you havent done much reading on the aig website,obviously you havent done much reading on the aig website,0,Attack,A,0,,,
1266,science is testable,if intelligent design says nothing about the supposed designer then of what value is it if the designer created life millions or billions of years ago what was his purpose in doing so what iswas the designer like did the designer give specific instructions to his creations as most religions teach the id promoters delibrately leave such questions unanswered in their official pronouncements about id,1,Support,A,1,,,
2120,evolutionists say that certain animals in a population are genetically superior than others and these genetic superiors are more successful breeders,sometimes the state of the education system in the usa makes me cry,0,Attack,A,0,,,
1597,you havent made a point at all,and i understand that god knows every future event before it ever occurs,0,Attack,A,0,,,
1510,stop eating at creationists heads and settle down a tad,it is not entirely clear to me who you are inditing for being rude so i wont attempt to defend them,0,Attack,A,1,,,
339,The success Ukip had in the european elections will be sufficient to galvanise one or preferably all the other parties to rid us of the EU's political influence.,"It is doing the country serious damage because there are large numbers of potential investors in the UK who would bring employment here, who are being warned off because of the uncertainty all of this is creating.",0,Attack,A,1,,,
1964, evolution is simply the genetic change in populations of organisms over successive generations, of course evolution is real as someone said it is fact there is no arguing and i find it really funny that people who agreed with someone on this side in saying evolution does not contradict god have actually put their comments on the for side its ridiculous you cant deny something thats being proven and i know this isnt the side for it but do i believe in god no and im the only one with any proof unless you dont count the fact you cant see or hear and then have the excuse yeah but i have faith as proof   and one more things those of you that think we evolved from monkeys its apes for a start and just because you are not a scientist and emencly intelligent like them and cannot understand the process dont make it any less true so to some up evolution is fact weather god is real or not maybe open your mind to the thought that evolution could be the answer to how and not why,1,Support,A,0,,,
1966, the theories of evolution and creationism are not mutually exclusive but are actually complimentary, mate,1,Support,A,0,,,
309,"The UKIP mainstay vote is in normal working people because they never voted for 4 million immigrants, they never voted for Multiculturalism.",But Labour is expected to claw back ground among working class folks in the Midlands and north of England lost in 2009 when it had the worst night at the polls in its history.,0,Attack,A,0,,,
1018,youre right science is not atheism but not thats what most people make it out to be,your argument is compelling until we expand the question of how did we get here to encompass the divine,0,Attack,A,1,,,
760,"Ukip has British values, wants to get British industry kick started back to the fore front again, become more self-sufficient.","In a separate interview with BBC Radio 5 live, he warned of the possible consequences of an in-out referendum on the UK's relationship with the EU.",0,Attack,A,0,,,
2662,after all the attention and awards etc and an imdb rating of  i was so shocked to finally see this film and have it be so bad,i too was not too crazy about it there was too much music and not enough dialogue and very few surprises and the blood spurting was a little over the top,1,Support,A,0,,,
2441,We should fear the power of government over the internet,Internet regulation is a euphemism for censorship,1,Support,A,0,,,
888,if we are descended from animals then the unique relationship between man and god is undermined,it is not appropriate to teach creationism as a means for upholding the bible,0,Attack,A,0,,,
2500,The International Criminal Court should be recognised,The ICC allows for the prosecution of war criminals,1,Support,A,0,,,
2217,i will post another in the next couple of days,bless your heart,1,Support,A,1,,,
2498,I support the truth and reconciliation commission,Reconciliation can be used to conceal political corruption and patrimony,0,Attack,A,1,,,
283,"In fact, all UKIP seems to talk about now is withdrawl from the EU without any genuine policy around UK's domestic economy.",There's more to UKIP than our policy of wanting to withdraw from the European Union and we will show that.,0,Attack,A,1,,,
105,It's a protest vote because (most) people know that UKIP will never net in power.,It may actually tuen out to be a close-fought contest,0,Attack,A,1,,,
1206,this rather poorly phrased term suggests that there may be an enigma but lets look at the apparent correlation between habitability and our existence as observers,we also investigate axis of evil aoe type anomalies which detect phase correlations between different multipoles in harmonic space,1,Support,A,0,,,
174,"The People's Army is on the march and UKIP will get Britain back from the Liblabcon, Establishment and MSM political abusers of our country.","UKIP, which campaigns for the UK to leave the European Union, said numbers had increased by more than 13,000 to about 32,500 in 2013.",1,Support,A,0,,,
1710,we have two different literal interpretations,abraham isaac and jacob belonged to different tribes and were not related but the stories grew together into a collection and the persons were tied together as members of the same family,1,Support,A,0,,,
1589,why would god explain this only to a semiliterate group of ancient nomads with no understanding of the cosmos or the world outside of their little   society   why not give an updated version to modern jewish or christian or islamic scholars surely all three groups today include people who understand  geology astronomy and biology on a rather more comprehensive level than the ironage authors of genesisin fact being allpowerful why be limited to the understanding of the writers at least if you can create the world surely you can inspire sentences like and the quickness of light shall be found to be always the same relative to the one who looketh and behold the quickness of the light when multiplied by itself and the true weight of matter equals the amount of force that went into its making,while i have my own reasons for believing he did that my personal opinions regarding   religion   are a bit outside of the mainstream so im not going to discuss them,1,Support,A,0,,,
2561,Governments should be allowed to disrupt Internet service on grounds of national security,The internet is a threat to public safety,1,Support,A,0,,,
1183,i dont think anyone who feels limitations should be brought to light about a theory is a   creationist  ,the actual limitations that creationists try to bring to light are nonsense,0,Attack,A,0,,,
2598,rarely have i watched and rewatched a movie with such spectacular cinematography,well the cinematography is absolutely stunning but the camera work i think is especially what youre referring to,1,Support,A,0,,,
2258,limassol no doubt about it it has the most beautiful beaches and the most fun places to visit,i disagree about the most beautiful beaches part,0,Attack,A,1,,,
1382,of course the disco tute is the discovery of nonsense,by the logic of the antiidists the current theory of evolution is an atheistic theory because richard dawkins once stated it allows for one to be an intellectually fulfilled atheist,1,Support,A,0,,,
1218,in my discussions with island i have come to the conclusion that i was mistaken in calling island an id supporter,the argument always had intuitive plausibility,1,Support,A,0,,,
579,"ukip's policies on health, education, taxation and all the things that affect peoples lives are non-existent.","With UKIP keen to be seen as more than a party which just campaigns on leaving the EU, the conference will also discuss defence, education and housing.",0,Attack,A,1,,,
839,UKIP getting a large chunk of the vote in the EU elections sends a message to Europe that they cannot take the UK membership for granted.,Mr Farage also insisted he believes his party can win May's European elections.,1,Support,A,0,,,
1701,if you believe in god which one and god gave you the brains to think then use your brains and follow the evidence,evolutionary theories the big bang hypothesis for instancethe big bang theory is not an evolutionary theory,1,Support,A,1,,,
717,A strong UKIP vote suggests there's a lot of the British public who aren't on board with the current set-up.,UKIP said leaving the EU was the only way to fully take control of the UK's borders.,1,Support,A,0,,,
1051,id simply predicted that the appendix would have a function,if it cannot make predictions then it is not a viable theory,0,Attack,A,1,,,
304,I think a lot of UKIP supporters would be outraged if one of the consequences of leaving the EU was to price them out of buying virtually any of today's niceties.,Mr Farage said his party was making huge progress towards achieving that goal going in one year from 4.5% in the polls to a high of 16%.,0,Attack,A,0,,,
1373,here is irons response to the so called rebuttalreply to rebuttalby peter ironsthe pages of a respected law review are rarely filled with such pejorative terms as smear and innuendo poisoning the well and personal attacks,you lost the case  get over it,0,Attack,A,1,,,
2043, creation is fantasy and you cant prove a fantasy, it is only belief,1,Support,A,1,,,
757,UKIP language tends to portray the real experiences of UKIP people not the politically correct fantasy construct that too many people on here seem comfortable with.,But Mr Cameron dismissed UKIP's showing as a protest by voters and promised to stay true to his principles.,0,Attack,A,1,,,
964,jumpstartthe anti id crowd will insist on a strict materialistic cause and effect definition of science,  when materialist impose the supernatural all they are doing is saying somethings are beyond being explained through nature and by science,0,Attack,A,0,,,
589,UKIP doesn't need to win power to force the changes people want.,UKIP leader Nigel Farage has demanded a written in blood guarantee of a referendum on EU membership before entering any pact with another party.,1,Support,A,0,,,
258,"The UKIP party is a populist party at the right end of the spectrum, which exploits people's fears of the foreign and unknown.",Nigel Farage said most Ukippers have got robust views on immigration and he described them as sensible views.,0,Attack,A,1,,,
668,The hate campaign against Eastern Europeans that was and is run by UKIP legitimises anything said against them.,The prime minister said there were UK factories where more than half the workforce were from eastern Europe.,0,Attack,A,1,,,
1434,the ncse says that    intelligent design    is a religiously motivated attack on science but the ncse does not claim that is why it should be rejected,id is not science because it can never make a prediction that is meaningful,0,Attack,A,1,,,
1593,i had always been taught it was the plants,  httpeesc,1,Support,A,0,,,
838,The people and media that are criticising UKIP are highlighting the genuine concerns about UKIP and their policies towards immigrants.,"UKIP, which has called for withdrawal from the European Union and greater restrictions on immigration, has seen improved poll ratings this year.",0,Attack,A,0,,,
1012,i really have to give the antiiders credit you have a lot of faith,while in science you cannot prove or falsify the existence of god and id doesnt change that i agree that when it comes to blind faith dawkins and pz myers are guilty of the same thing,1,Support,A,0,,,
1628,for the bible to be divinely inspired all the persons writing the bible or translating the bible had to be listening to god all the time,now the trick is to prove that all of the authors were free of stray thoughts and theological spin,1,Support,A,1,,,
759,"UKIP will lead the UK to independence from the oppressive EU, which is the only chance Britain has at restoring its former glory.","UKIP defied the odds again at last year's European elections, beating Labour into third place, much to the dismay of those, on the left and right, who had written the party off as a busted flush.",1,Support,A,0,,,
2103,how despite centuries of artificial breeding and decades of experiments no one has ever observed one species turn into another speciation,out and out lie there is really no other way to put this,0,Attack,A,1,,,
1876,evolution has not been proven,there is no actual absolute proof of evolution as some of the people here have stated,1,Support,A,0,,,
1914, first this topic has been on the site at least  times even as recently as a week or so ago and you should run a search before relaunching the same tired junk, look there is no proof that god or any thing in the bible existed where as there is proof to suggest that we are related to monkeys as we have the same arm structure and the same bioorganisms,1,Support,A,0,,,
1377,they simply want to show that there is good scientific evidence for considering the role of intelligence in the emergence of life,unfortunately for them they have failed,0,Attack,A,1,,,
398,For what its worth I think UKIP is a one trick pony and is unelectable in a general election.,"But judging from recent opinion polls UKIP's wider policies - grammar schools, curbing immigration and opposing gay marriage - seem to have struck a chord with disenchanted voters from the big three.",0,Attack,A,1,,,
1086,ian asksif a prominent id advocate cant even get the description of one basic paper right how are they going to handle more complicated papers on the evolution of the immune systemin other words its not just the ignorance of science but the ignorance of the id proponent which seems to trigger design inferences,id has legal and educational merit because it is a bona fide scientific theory ,1,Support,A,1,,,
1151,im not a cell expert either and understanding what behe wrote in his argument doesnt require it because he didnt say anything except cellular machinery is complex therefore it must be designed,but dont try to lead me astayi wanted to try and lead to the truth from being astrayactually,0,Attack,A,1,,,
2099,women have been denigrated and made fun of for centuries i have just gotten tired of it and righteously so,both men and women have been denigrated and made fun of for centuries men are just better at denigrating and making fun,0,Attack,A,1,,,
42,Cameron had it right and UKIP could tip the balance towards Labour in the crucial marginal seats in the GE where the battle will take place .,"But it caused tensions in the Tory ranks, with Mr Cameron accused of being out of touch with his grassroots.",0,Attack,A,1,,,
2549,We should force think tanks to reveal all of their sources for resource funding,Think tanks should be assessed by the value of their ideas not by who funds them,0,Attack,A,1,,,
1338,tji agree with you though that darwinism does not automatically lead a person to atheism,tjthe dover verdict was a farce,1,Support,A,0,,,
693,UKIP doesn't need to win power to force the changes people want.,"Earlier this year, UKIP leader Nigel Farage said he was open to the idea of a pact but demanded a referendum pledge written in blood.",1,Support,A,1,,,
97,For what its worth I think UKIP is a one trick pony and is unelectable in a general election.,"Meanwhile, the Bulgarian President Rosen Plevneliev has warned that Britain's immigration policy could harm its image as a great global power that pioneered integration.",1,Support,A,0,,,
1046,theories are not supported by finding confirming evidence only,ufcarazy although it is clear that id has led to some successful predictionsreally  what predictions has id made  and along those lines how exactly would id be falsifiable  without valid answers to these two questions it does not even begin to qualify as   science  ,0,Attack,A,0,,,
2241,make sure the parents can trust their son to behave sensibly the boy or girl must also know his or her way around the airport,how can you be sure that he or she can be trusted,0,Attack,A,1,,,
1042,i am an experimental scientist,i am an experimental scientist,0,Attack,A,0,,,
1087,id has legal and educational merit because it is a bona fide scientific theory ,none of these promises have much relevance to id as a concept nor have few if any come to fruition,1,Support,A,1,,,
2596,i read the book which is subtle philosophical and nuanced at the beginning of the year and last night i watched the dvd of this film what utter rubbish the film is a boring sweary standard thriller,this film is a masterpiece it pains me that you consider it a mere simplistic thriller maybe you should watch it again a good five years from now,0,Attack,A,1,,,
1671,but who could it be  is it you or me  or maybe the buddhists,is it me or is it you only time will tell,0,Attack,A,1,,,
122,"In UKIP, we have a new political force which looks likely to poll very well in a national election.",UKIP's Nigel Farage said the surge in support for his party was not a freak result but a continuation of a trend which had seen it rise in the national polls.,1,Support,A,0,,,
1132,is a common creationist position which misunderstand that most mutations are mostly neutral few are strongly detrimental and some are beneficial,i apologize for using misleading wording,1,Support,A,0,,,
2363,undergrads contribute to research,yes and urop is great,1,Support,A,0,,,
1061,since we proposed punctuated equilibria to explain trends it is infuriating to be quoted again and again by creationists  whether through design or stupidity i do not know  as admitting that the fossil record includes no transitional forms,discovery institute quote mines mayrwhat one actually found was nothing but discontinuities,1,Support,A,1,,,
882, evolution is unobserved it is an unproven theory  the term evolution can describe a number of things some of which are directly observable while others are not,the theory of evolution is not falsifiable,1,Support,A,1,,,
1639,your stating what you believe not what can be demonstrated scientifically,there is much scientific evidence to proof it its just that you wouldnt believe it anyway,0,Attack,A,1,,,
1887,please take no offence to my response,its called the theory of evolution for a reason,1,Support,A,0,,,
106,"I voted Tory for 30 years and started supporting UKIP because I want a sovereign, democratic , well governed Britain with Britain put first and its getting clearer by the day that the old Liblabcon parties will not do that.","Former UKIP deputy leader David Campbell Bannerman defected to the Tories soon after, expressing concerns about the party's direction.",0,Attack,A,0,,,
2361,go by bike,yeah really great idea bikes rock,1,Support,A,0,,,
2145,if you disagree with them you are branded as a religious zealot who is determined to take their rights away,so try actually responding to the points i am making rather than just making up stuff to attack me over,0,Attack,A,1,,,
1651,the bible is true because the bible says so is incredibly juvenile logic,everything i say is correct regardless of logic or evidence that attempts to prove me wrong,1,Support,A,1,,,
278,"My observation is that UKIP often are reluctant to directly answer any questions of substance, which can be accounted for by the fact that they really have no policies.",Farage insisted his party was not a pressure group and demanded action to simplify the tax system.,0,Attack,A,1,,,
977,i fail to see how id can help us here,it allows some people to scientifically believe in   god   ,0,Attack,A,1,,,
900,biology can be studied in a creationist context,the history of gods creation should be taught irrespective of it being considered science,1,Support,A,0,,,
374,"It's true that UKIP dont have ideas to suit everyone, but at the moment they are heads above the pillocks at No 10 today.",And there are signs UKIP is starting to pick up the sort of protest votes that traditionally go to the Liberal Democrats - as well as benefiting from a slump in support for the British National Party.,1,Support,A,0,,,
1998, i definitely agree with evolution, what this is pointless first off if there wasnt evolution the diseases we have today wouldnt be as strong as they are and there wouldnt be humans everything starts somewhere and evolves   notice that almost all forms of complex life have both male and femalehorses cats dogs humans moths monkeys fish elephants etc,1,Support,A,0,,,
359,UKIP are in no way a single issue party and if Labour or the Conservatives were to give us a referendum UKIP would still have a full manifesto that would attract many voters.,"UKIP, which campaigns for the UK to leave the European Union, averaged 25% of the vote in the wards where it was standing in Thursday's elections and won more than 140 seats, its best ever result.",1,Support,A,1,,,
83,Many racists and especially xenophobes find the UKIP message appealing.,A UKIP candidate in Somerset was suspended from the party on Tuesday after a photo of him apparently making a Nazi-style salute appeared on his Facebook page.,1,Support,A,1,,,
1815,contra the evolutionary theory which is the selection of the fittestis the antievolutionary theory which is the antiselection of the unfittest,charles darwin wrote about the theory of biological evolution not antievolution just because the word anti is in front of something it does not make it correct mate,0,Attack,A,1,,,
1961, we have similar dna to a cabbage is that just because god was having a good joke with his angel mates, evolution is true im a christian but im not in denial adam and eve is a load of sh   its probably meant to be symbolic and easy to understand for the people of the day remember that was over  years ago,1,Support,A,1,,,
883,the theory of evolution is not falsifiable, teaching creationism is dangerous to science and reason  if a theory that does not follow the scientific method is taught in schools as science science and reasoning will be undermined,0,Attack,A,1,,,
1022,the name intelligent design is itself a hoax,the name intelligent design is itself a hoax,0,Attack,A,0,,,
1770,my point was not that genesis contradicted itself but that if you took it literally it contradicted itself,when there is clear and overwhelming proof that evolution is the process by which life has developed on earth it is painfully stupid to believe that the earth was created as it is now  years ago by a magical man in the sky,1,Support,A,1,,,
367,"Much of UKIP's meteoric rise has to do with political correctness, and the fact that ordinary people are sick of it.","Former TV Apprentice Katie Hopkins, from the new I Want a Referendum Party, claimed UKIP talked a lot, but did not deliver.",0,Attack,A,0,,,
2228,so why is population control a good arguement for abortion why do not we kill old people too,i am with you here,1,Support,A,0,,,
2208,is it religion,yes it is see below,1,Support,A,0,,,
187,Cameron had it right and UKIP could tip the balance towards Labour in the crucial marginal seats in the GE where the battle will take place .,"UKIP is also hoping for a good result in Labour heartland South Shields, with Labour sources suggesting it could get as much as 30% of the vote.",1,Support,A,0,,,
1334,tjok you are right on this point as well,well isnt that what the whole debate here is about,0,Attack,A,0,,,
921,i surely intend to do so but these issues go beyond questions of policy,you said id has failed to contribute in any meaningful mannerwrong  newton pascal einstein and many others put stock in the id theory,0,Attack,A,1,,,
427,"It feels like UKIP is anti most things and base their politics on this: Anti-aid, Anti-immigrant ‚Äì at times even anti-politics; it is therefore difficult to understand what they actually stand for and want to work towards.","He also warned that if a proposed referendum led to the UK leaving the EU, there would be dire consequences for the country's global influence.",1,Support,A,1,,,
808,"If we leave the EU we will save billions of pounds which can then be invested in our ailing national infrastructure, notably the NHS.","In a separate interview with BBC Radio 5 live, he warned of the possible consequences of an in-out referendum on the UK's relationship with the EU.",0,Attack,A,1,,,
362,"If UKIP do hold the balance of power and get into government, their only condition will be an in/out EU referendum.",The EU is no longer an academic debate because it's affecting people in their everyday lives.,1,Support,A,0,,,
37,"On voting day, this week the vast majority of the British public will not vote for UKIP.",But Mr Farage admitted that on some policies his party may have got things wrong and this may hurt them at the polls.,1,Support,A,0,,,
1369,here is the response to irons which was also published in the montana law review,pt,1,Support,A,0,,,
552,UKIP are a joke outfit full of small-minded Neanderthals who think the 1950s are the future.,"UKIP appears to have struck a chord with many voters on the issue of immigration, campaigning against the relaxation of working restrictions on Bulgarians and Romanians due to come into force in January.",0,Attack,A,1,,,
396,"If you want an insight into just how mad and bad UKIP are, go and read what their members, candidates and supporters write on the Telegraph.",Marta Andreasen said Mr Farage had abjectly failed and should go.,1,Support,A,0,,,
43,The current smear strategy against UKIP is not pulling people back but pushing them towards UKIP and if this carries on then things are going to be a lot tighter by the time the general election comes.,"Many opinion polls suggest UKIP opinions are mainstream, at just the same time that UKIP's big beef, the EU, and it's take on it, getting out, has arguably never been more prominent or more fashionable.",1,Support,A,0,,,
741,People are not voting for UKIP because of immigration propaganda but because of their direct experience of immigration.,"UKIP appears to have struck a chord with many voters on the issue of immigration, campaigning against the relaxation of working restrictions on Bulgarians and Romanians due to come into force in January.",1,Support,A,0,,,
2060,the main creationist lie is that people use evolution in our current society as an excuse to do bad things,the comment of someone with an iq of about ,0,Attack,A,0,,,
44,"I sense that Farage is a total megalomaniac, a charlatan, someone who is in it for the attention and the glory and that in a strange way, that many UKIP voters know this but don't seem to mind.",Nigel Farage understood people want us to do even more for hard-working people.,0,Attack,A,1,,,
482,UKIP and the Greens are the only parties to date that haven't screwed us all over.,"Ahead of May's local elections, Conservative cabinet minister Ken Clarke dismissed UKIP as a protest party and a collection of clowns.",0,Attack,A,0,,,
38,"Even a UKIP European candidate, Janice Atkinson, another ex-Tory, admits leaving the EU would be problematic.","In his weekly phone-in show on LBC radio last week, Mr Clegg described the Lib Dems as the party of 'in', meaning it was the most pro-European of the major parties at Westminster.",1,Support,A,0,,,
868,"The sooner we are out of the EU, the sooner we can start making this country great again.",UKIP leader Nigel Farage said the UK had no real control over either the number or the type of migrants that were settling from elsewhere in the EU.,1,Support,A,1,,,
583,"UKIP’s popularity is mainly founded on the likeability of its leader Nigel Farage, who manages to obscure its racist policies in clever rhetoric.",The party's leader Nigel Farage has promised to cause a political earthquake at next year's polls after a strong showing in local elections.,0,Attack,A,0,,,
919,you are missing the point the ad hominem is not that i did not understand your argument i can see why given your limited exposure to id you may have come to that conclusion,i wrote a good philosophical question and i think you and i would agree that this adaptation could have been guided by some higher agency of course by using a fully natural mechanism such questions remain scientifically vacuous,1,Support,A,0,,,
816,UKIP's sole aim at the general election is to get a smallish number of MPs elected but enough to hold the balance of power and do a deal with the Tories.,It comes as William Hague ruled out an electoral pact with UKIP.,0,Attack,A,1,,,
1793,i agreed with you up until reasonable doubt,therefore your usurpation of supposed assumption of stated opinion cannot be proven or supported by evidence but is not substantial enough to answer the question specifically,1,Support,A,1,,,
1507,luskins opinesas i discussed in my rebuttals to the first two opening statements of the national center for science education ncse some of their common debate tactics includeof course,in the past the flagellum was supposedly an example of an irreducibly complex biological structure that could not evolve,1,Support,A,0,,,
1727,dr,a six day creation is a literal interpretation of genesis but it is not the only literal interpretation,1,Support,A,0,,,
2525,We should negotiate with terrorists,Terrorists cannot be trusted better to crush them,0,Attack,A,1,,,
1074,i dont agree with the very first statement that id limits its claims to what can be scientifically inferred from the empirical domain,sharky has pointed out the problem with id namely the flawed concept that ordinary and rarefied design can be detected reliably based on the same approach,1,Support,A,0,,,
1864,evolution has more supporting details than the theory of intelligent design,ok,1,Support,A,0,,,
143,UKIP are a joke outfit full of small-minded Neanderthals who think the 1950s are the future.,"And last autumn, MEP Godfrey Bloom embarrassed the party when he used the phrase bongo bongo land and joked that some female activists were sluts.",1,Support,A,0,,,
1566,people tend to focus on the trees,i agree he didnt want to confuse us,0,Attack,A,0,,,
2066,the problem with this is that usually when someone exercises their right it many times infringes on someones elses rights,do not even think about contriving how gay marrige violates your rights assmonkey that is the most ludicrous insane statement i have yet heard from the religious right,0,Attack,A,1,,,
1959, evolution is the real deal, i believe there was some sort of evolution but the question is what made that evolution take place,1,Support,A,1,,,
2339,lucca is lovely and off the tuscan beaten track,pretty walled town close to the better known florence and pisa a great basis for visiting tuscany,1,Support,A,1,,,
2133,do you understand something like sociobiology counts as good science if it consists of a body of work produced by people applying scientific methods rigorously,and if id consists of a body of work that you and an established special interest do not like then its not good science,0,Attack,A,1,,,
200,UKIP are not rabid racist and not another incarnation of the BNP.,"He also suggested that his party might get its first seats in the UK Parliament at the general election in 2015, and argued it was not just taking votes from the right wing of British politics.",1,Support,A,1,,,
2373,i have to go for apple it did introduce the iphone the applications market and mobile social networking,i agree apple has also been voted as the worlds number one brand,1,Support,A,0,,,
2555,Transparency is necessary for security,Transparency prevents public relations disasters,1,Support,A,0,,,
1325,tjlook what happened to richard stenburg when he had the courage to allow an id piece get published scientists and his peers jumped all over him,yes you are right,0,Attack,A,0,,,
2381,i believe this question basically depends on each country for example in cyprus solar and wind seem the way to go other countries have different needs,i agree my country has got a lot of coal for example so most power plants are coal powered,1,Support,A,0,,,
2520,We should negotiate with terrorists,Negotiation is the only way to solve the underlying problem,1,Support,A,0,,,
2348,absolutely everybody knows about foursquare but nobody remembers gowalla they offered identical features and also launched on the same day same conference,nice example,1,Support,A,0,,,
2198,it disproves climate change about as well as piltdown man disproves evolution,agreed which tells me that spending trillions on an uncertainty of this magnitude has to be driven by alterior motives,1,Support,A,0,,,
1374,you lost the case  get over it,the auscs claim that court cases settle all debates reminds me of how futile roe v,1,Support,A,1,,,
503,"Even a UKIP European candidate, Janice Atkinson, another ex-Tory, admits leaving the EU would be problematic.","Deputy Prime Minister Nick Clegg, whose Liberal Democrats oppose a referendum, said leaving altogether would make us less safe because we co-operate in the European Union to go after criminal gangs that cross borders.",1,Support,A,0,,,
1055,so what using   intelligent design    is the purpose of the appendixid simply predicted that the appendix would have a function,do you know that there is a god youre  on this,0,Attack,A,1,,,
2058,do you believe in purple unicorns on uranus have you or anyone been to uranus to check,uranus is a ball of gas genius,0,Attack,A,1,,,
2642,i cant believe that a great film like this can receive such a low rating while the likes of shawshank redemption and batman sit comfortably in the top  list of the entire website,this film is very underrated especially by critics why this film is a big twist even better than sixth sense and that crap memento,1,Support,A,1,,,
729,"UKIP is a not a real party, with a clear global ideology and vision addressing all aspects of society: it is focusing on a handful of issues (all centered around membership in the EU and migrants), mostly ignoring global financial issues, health, education, security etc.",He said UKIP was clearly taking a very right wing position which pandered to an obvious anti-Europeanism.,1,Support,A,0,,,
2181,all of these reasons are way vague some are outright ridiculous,agreed many of the reasons are ridiculous but to some people no restriction on gun ownership is unreasonable,1,Support,A,1,,,
231,A forensic examination of UKIP's policies would nail once and for all the Establishment lie that they're a bunch of swivel-eyed racists.,UKIP have just selected someone to run for Orpington as our potential MP and he's of Indonesian origin and Muslim.,1,Support,A,0,,,
488,"If UKIP don't like being smeared, then they need to stop smearing, stigmatising, and fear mongering about others.",It comes two weeks after she accused the UKIP leader of bullying and being anti-women and a Stalinist and threatened to leave the party.,1,Support,A,0,,,
949,and as with all scientific inferences further research can either confirm or refute that inference,as i said earlier experience demonstrates that it matters a great deal to an investigation whether or not that which is being investigated occurred via agency involvement or by nature operating freely,0,Attack,A,0,,,
1854,the existence of the universe and life itself is considered mathematically impossibleim curious who other than yourself considers this to be the case,id doesnt undermine evolution,1,Support,A,1,,,
1062,discovery institute quote mines mayrwhat one actually found was nothing but discontinuities,i was going to post a long reply discussing each quote in detail but i decided this was so much simpler,1,Support,A,0,,,
2271,not london for sure,why not london has it all culture fun exhibitions parks what more do you want,0,Attack,A,1,,,
92,UKIP are blatantly disregarding the possibility of man made climate change.,And he dismissed wind power and other renewables as playground technology.,1,Support,A,0,,,
2566,this was just an amateurish hodgepodge of the departed the town and we own the night and sopranos,i had completely the opposite impression though i respect your input as were all going to have our own viewpoint but i very much liked this film,0,Attack,A,1,,,
119,"I would say it's the anti-ukip brigade who have no substance to their argument (or facts), they simply shout ""racist"" with nothing to substantiate this slur, or become crude and insulting.",We need to show respect for people who have taken the choice to support UKIP.,1,Support,A,0,,,
1173,not all this link was identified in my last reply    httpwww,actually the construction of the cell rather suggests chance,0,Attack,A,0,,,
2407,I prefer trade to aid,Systemic aid is detrimental to African society,1,Support,A,0,,,
2474,We should create a United Nations standing army,A United Nations standing army would not be costeffective,0,Attack,A,1,,,
1646,you are an intellectual and people like you have the hardest time believing anything let alone trying to intellectualize the bible or god or anything like it,tell me have you ever read the origin of the species i have and i find it to be a pretty far stretch,0,Attack,A,1,,,
1640,there is much scientific evidence to proof it its just that you wouldnt believe it anyway,i do not believe in science,0,Attack,A,1,,,
641,"UKIP is not an isolated phenomenon: France has Le Pen, Germany has AfD, and all of these have in common that they are nationalist, anti-European, and more right than mainstream conservative parties.",He said UKIP was clearly taking a very right wing position which pandered to an obvious anti-Europeanism.,1,Support,A,0,,,
1027,just look around,intelligent design is a dishonest way for   creationism   to try to appear scientific,0,Attack,A,0,,,
1455,take your time id rather have you think about it digest it and respond than give a hasty response which would not help us resolve these issues,the following statement by the employee of ncse is the exact form of inference to the best explanation that id scientists use to demonstrate that there is intelligence behind life,0,Attack,A,0,,,
1674,it is indeed spiritually immature to equate death and decay with evil,the earth is not billions of years old because that would mean your ancient holy book and everything you believe in would be wrongim sorry but this took serious cahones to write as a defense of your beliefs,1,Support,A,1,,,
2639,this film is easily one of the best movies ive ever seen yes it is pretty easy to guess the ending but it still wasnt ruined by that fact it is a work of art it is rewatchable,agreed masterfully made unique and insanely intelligent film a true masterpiece of cinema,1,Support,A,0,,,
922,you said id has failed to contribute in any meaningful mannerwrong  newton pascal einstein and many others put stock in the id theory,i understand why id proponents would like to embrace newton and others as relevant to id,0,Attack,A,0,,,
371,"The greens and ukip provide encouragement for labour and conservatives alike to address some issues people care about, albeit only lip service to retain votes mainly.",But Conservative Party chairman Grant Shapps categorically ruled out a deal with UKIP.,0,Attack,A,1,,,
2068,yes i did not get an answer there and i probably will not get one here either,well answering you seems to be a waste of time,0,Attack,A,1,,,
14,"UKIP are a fairly right wing group as I'm sure will become clear when they actually produce some policies other than the ""its all the eu's"" fault.","UKIP are probably a flash in the pan and they are a protest vote for disaffected voters who think Tories aren't right wing enough, Green activist Andrew Murray tells me.",1,Support,A,1,,,
1585,this thread has been kept going by three people who have voted no to the question of a six day creation,there are two possibilities about the origin of the universe it blinked into existence,1,Support,A,0,,,
476,Plenty of survey's have shown UKIP to be the most hated of the main parties.,UKIP say their message is cutting through regularly.,0,Attack,A,1,,,
2097,you consider this refuting my evidence what amazes me is that you all scoff at creationism yet this is the best most of you can offer to refute scientific evidence which supports the flood,you ask someone to explain polystrate fossils three people do you plug your ears and go i can not hear you then demand that someone explain polystrate fossils,0,Attack,A,0,,,
87,For what its worth I think UKIP is a one trick pony and is unelectable in a general election.,"Alongside that central desire to get out of the European Union, the party is now pushing a broader range of ideas, from being anti-gay marriage to pro-grammar school.",0,Attack,A,1,,,
899,preventing the teaching of creationism violates freedom of religion,biology can be studied in a creationist context,1,Support,A,1,,,
2620,so im warning all of you guys whos expecting an epic tale beautiful cinematography and lots of action this was one of the most boring films ever made and nothing like other war movies,people who do not like a particular film but never refer to the actual themes expressed in it and instead just say that its boring basically says that they are idiots,0,Attack,A,1,,,
2317,barcelona fc is usually the favourite for winning although this year they had their ups and downs,barcelona knows its game they are definitely gonna raise it again this year the team is just invincible i would bet my money on them,1,Support,A,1,,,
1227,and one of the reasons why id appears to be lousy theology but what the heck  i am sure iders can find yet another ad hoc explanation for this,yes jim we see objects on a daily basis that were not designed,0,Attack,A,1,,,
161,"UKIP are just trying to stir up fear, using peoples fears and prejudice to gain votes so that they can get their snouts into the trough.","We can only stir it up because it is already there, red hot and seething against us.",0,Attack,A,1,,,
1932, i believe in evolution evolution is the mechanism that some species of animals and plants use to adapt to certain circumstances do to the change, there are lots of proofs that show evolution is not at all a proper scientific law which can give a perfect explanation to human appearance,1,Support,A,1,,,
1918, you dont have to believe anything, the evidence has it,1,Support,A,1,,,
2282,go by bike,people are too lazy,0,Attack,A,0,,,
135,"Any of the ""working class"" who believe UKIP will represent them have not read a UKIP manifesto!","Demetri Marchessini, who has made two donations totalling £10,000 to UKIP, is a conservative nut case who wrote a book arguing women who wear trousers are demonstrating hostile behaviour.",1,Support,A,0,,,
2211,and the organism is not equipped to function in any predetermined fashion,that is right it merely has the capacity to make errors which sometimes slightly improves function in a particular environment and those tend to accumulate over time,1,Support,A,0,,,
671,"UKIP are indeed far from perfect, but they have grown as a party because the Establishment Parties have deceived the public for so long on informing and educating on WHAT IS THE EU SUPERSTATE project.","UKIP appears to have struck a chord with many voters on the issue of immigration, campaigning against the relaxation of working restrictions on Bulgarians and Romanians due to come into force in January.",1,Support,A,0,,,
733,"The sooner we are out of the EU, the sooner we can start making this country great again.","Over three million jobs in this country, directly or indirectly, depend on us being in the EU, so that is a big choice.",0,Attack,A,1,,,
513,Labour won't have anything to do with UKIP as they are more right-wing than the Tories. ,UKIP leader Nigel Farage said any members proven to have extreme right wing views would be expelled.,0,Attack,A,0,,,
1491,why should god be directly implicated when it looks like a duck smells like a duck walks like a duck,fxl insists that just because god is absent from the book that it therefor could not have been based on creationism even though it defined creationism to be in line with its predecessors and later renamed the term to read design,0,Attack,A,0,,,
1039,i am curious about one thing  luskin statesid investigations thus begin with observations about how intelligent agents operate and then proceed to convert those observations into positive predictions of what scientists should find in nature if intelligent design was involved in the origin of a given natural object,from wikipedia the scientific method,1,Support,A,1,,,
1772,a lot of them are stupid and come up with outright stupid ignorant arguments against it,not stupid but ignorant and perhaps even foolish,1,Support,A,0,,,
794,"If UKIP took all their anti-establishment guff and turned it on the banks and financial institutions then they would have more legitimacy, but instead they turn on Polish and Roma fruit pickers who do unskilled work for minimum wage.",The announcement comes two weeks after a roll out of Home Office vans with posters warning illegal immigrants to go home or face arrest was cancelled.,1,Support,A,0,,,
1168,we detect design by looking for the telltale signs that an intelligent agent acted,riiiight,0,Attack,A,1,,,
858,UKIP are asking the questions that haven't been asked by the opposition or the media.,"It is a simple, understandable message, which has led to the party gaining bigger shares of the votes in European elections.",1,Support,A,0,,,
314,If the other parties do tackle the issues of EU and immigration I'll be more than happy to see UKIP disappear.,"It is doing the country serious damage because there are large numbers of potential investors in the UK who would bring employment here, who are being warned off because of the uncertainty all of this is creating.",0,Attack,A,1,,,
696,UKIP is the only party that has understood the damage immigration does to the UK and its policies aim at repairing this.,The number of immigrants arriving in the country remained virtually unaltered over the period.,0,Attack,A,1,,,
2461,All nations have a right to nuclear weapons,Possessing nuclear weapons will be counter to the peaceful interests of states,0,Attack,A,1,,,
310,UKIP are a joke outfit full of small-minded Neanderthals who think the 1950s are the future.,A UKIP candidate in Somerset was suspended from the party on Tuesday after a photo of him apparently making a Nazi-style salute appeared on his Facebook page.,1,Support,A,0,,,
2280,hybrid electric vehicle,takes too long to charge,0,Attack,A,1,,,
2002, there are plenty of examples of species evolving in present times, actually most leading scientists nowadays support evolution and of course its going to have massive holes in it thats what makes it a theory,1,Support,A,1,,,
1156,i think behe has made the case for obviousdesign within the cell and i dont think you will findanyone who could put it any more clear,ok whatever dude,0,Attack,A,0,,,
348,"I don't see UKIP as being far right, they're just further right than the rest who have congregated arund the middle ground.",Early results show many voters seem to be turning away from the three main political parties and flocking to UKIP and the Greens.,1,Support,A,0,,,
935,highlanderthe exact same is true when modern science reveals an ic structure such as the flagellar motor  assembly,highlanderi am sure that highlander is familiar with the  foundational works of behe and dembskiboth rely on the absence of science being  able to explain a particular feature to infer design,1,Support,A,1,,,
1313,id without a designer the cause of the big bang is unknown,the cause of the big bang is currently unknown but it is also undergoing investigation,0,Attack,A,1,,,
2218,i find that very interesting that many christians are so loudly against abortion yet their own bible condones it,that is right everyone of the fundamentalists are on the band wagon about abortion being murder the same ones depend on their ministers to hail the words for the biblical scholars,1,Support,A,0,,,
1484,i happened to drop by the discoverys institutes website which claims to be interested in improving the accuracy in reporting and read an interesting blurb titled ncse promotes shrill editorial suggesting students be forced to consider the possibility that there is no god,so i decided to check out the actual articles in question and much to my dismay i came to realize that this seemed to be a blatant quote out of context,0,Attack,A,1,,,
2074,because there is evidence against kerry,yet there is evidence against bush and you have a double standard on applying your attacks on kerry to bush even when the same circumstances apply,0,Attack,A,1,,,
1688,well once you accept the existence of an all powerful deity then anything is possible,aig decries scientists for making unproven assumptions while making many of their own,1,Support,A,0,,,
2585,was anyone else disappointed by the ending of the movie it feels to me like there couldve been a few scenes about what happens next im no writer but i do feel this wasnt appealing at all,i thought the ending was a perfect ending for this outstanding film,0,Attack,A,1,,,
1624,what is it with people like you  was the bible the first book you read and then you quit reading anything else can you defend your position without reference to the bible do you have any evidence yes evidence from another source that shows the bible is the word of god and not just a collection of books selected by the vatican to support a particular viewpoint why do you find it easier to believe in some all powerful supernatural creator that is eternal than a natural universe that is eternal is it possible to prove without reference to your book that god exists or does not exist  probably not, do you read books other than those produced by humanists just askingi am not a biblical scholar so i had to look for this but according to the catholic encyclopedia article on the canon of the new testament the idea of a complete and clearcut canon of the new testament existing from the beginning that is from apostolic times has no foundation in history,1,Support,A,1,,,
1971, well to begin with there is a lot of strong evidence to support evolution the discovery of dna the discovery of fossils and primitive primates etc, i definitely think it has something to do with everything as there is quite a lot of evidence for it e,1,Support,A,0,,,
1093,if theres something on    evolution    news its irrelevant to intelligent design andor distorted beyond all scientific recognition,if theres something on    evolution   news its irrelevant to intelligent design andor distorted beyond all scientific recognition,0,Attack,A,0,,,
2410,I prefer trade to aid,Free trade is dangerous,0,Attack,A,1,,,
832,UKIP are blatantly disregarding the possibility of man made climate change.,"I fear that on climate change and energy policy, political consensus is in danger of breaking down.",1,Support,A,0,,,
1340,tjthe dover verdict was a farce,tj again only valid if you trust judge jones and judge jones is really only the aclu in disguise because of how much he copied from them,0,Attack,A,0,,,
1154,hi pvm they finally got things straightened out,icdesignas far as scientific findings go the numbers of evolution believing scientists is on a major decline,0,Attack,A,1,,,
1447, it seems to me that luskin is being more scientific in that he talks about a method for testing idthats ironic because luskin presents no testable id,in answering your questions i will try to keep on point,0,Attack,A,0,,,
1304,dias i explained in my fourth opening statement design can be inferred regardless of whether the designer is natural or supernatural,pvm  ask yourself this simple question how does id explain the bacterial flagella  it doesnt it merely calls it designed which is a placeholder for our ignorance as to how to explain the flagella,0,Attack,A,1,,,
233,UKIP are blatantly disregarding the possibility of man made climate change.,"Mr Farage was challenged on a number of issues - including the party's attitude towards climate change, maternity leave and small businesses, diversity in the party and the European Union.",1,Support,A,0,,,
1545,the order of events in genesis i agree with   science  ,certainly there is value in the documents from which human culture has derived the christian bible the value of which is to be determined individually by the reader,1,Support,A,1,,,
2372,big bang theory good to see our own lives on television i guess ,i agree,1,Support,A,0,,,
1665,i have found that most web sights about religion and   evolution   are bunk and are promoted by an agenda not open to reason,why does any one think god is limited to time,0,Attack,A,0,,,
655,"UKIP is not an isolated phenomenon: France has Le Pen, Germany has AfD, and all of these have in common that they are nationalist, anti-European, and more right than mainstream conservative parties.","Of course it is racist, the language, the rhetoric, the membership, who doubts it?",1,Support,A,0,,,
584,"The problem with popularism but no substance, like UKIP represent, is that it just results in things getting worse and worse.","The responsibility of politicians in this situation when people are getting anxious is to try to reassure them and give the facts, not panic and resort to populist measures that do harm.",1,Support,A,1,,,
1916, its impossible to argue with you people, all animals share the same dna so we must be related if you look at the evidence something religious people dont do you will see that there is more evidence for it than against it,1,Support,A,1,,,
1912, you are under the mistaken impression that complexity and ability to buy washing machines equals more evolved, just judging from the question obviously the op hasnt got even a high school understanding of what evolution is,1,Support,A,0,,,
2428,European Parliament elections should involve only one voting district all of Europe and not separate country seats,Big countries will dominate,0,Attack,A,1,,,
1722,the young earth creationist dogma demands that the obvious features of the earths geology can not exist,you didnt read this  creation ex nihilo and the earth  did you,0,Attack,A,1,,,
871,"If UKIP took all their anti-establishment guff and turned it on the banks and financial institutions then they would have more legitimacy, but instead they turn on Polish and Roma fruit pickers who do unskilled work for minimum wage.","Speaking on Wednesday, the deputy prime minister said he was very surprised to see vans driving aimlessly around north London telling illegal immigrants to go home, and that they were not a very clever way of tackling the issue.",1,Support,A,0,,,
1581,why do we even ask this question  people evolution is a fact   science   measures facts,is often confused for rhetoric,1,Support,A,1,,,
1653,while aig tries to defend genesis with the weakest possible argument answers in creation explain genesis i in a way that gives it a literal interpretation that is still in line with   science  ,the only assuption we make in science is that the nature of the universe is consistant and rational,1,Support,A,0,,,
842,UKIP want to get us out of the EU to make the British people much worse off then they already are.,"In their leaflets, UKIP says that 29 million Bulgarian and Romanians will have the right to live, work and draw benefits in the UK and while many will be fine, hard-working people, suggests the country may struggle to cope with another influx of people needing jobs, housing schools, hospitals and benefits.",0,Attack,A,1,,,
2376,as a mediator with as little violence as possible,they should also not veto every single attempt at an un resolution,1,Support,A,1,,,
549,"The People's Army is on the march and UKIP will get Britain back from the Liblabcon, Establishment and MSM political abusers of our country.",UKIP has won 42 seats so far and is averaging 26 per cent of the vote in the wards where it is standing.,1,Support,A,1,,,
608,UKIP is not at all taking into account the financial effects of leaving the EU: Europe is the main market for the UK. ,"UKIP appears to have struck a chord with many voters on the issue of immigration, campaigning against the relaxation of working restrictions on Bulgarians and Romanians due to come into force in January.",0,Attack,A,1,,,
712,Young people have the most to lose by the UK leaving the EU yet UKIP have the nerve to believe that their view should prevail.,"Mr Farage had an upbeat message for activists at his local elections campaign launch on Wednesday, saying UKIP was attracting more young members - the party says more than 100 of its candidates are under 25.",0,Attack,A,1,,,
2149,the people that already own weapons do not seem to be doing much to combat crime,well what do you expect everytime gun owners try and do anything to combat crime you liberal sissies yell and scream about vigilantism and foam at the mouth as you talk about how were taking the law into our own hands and that well be administering death sentences without trials for matters as trivial as jaywalking,0,Attack,A,0,,,
1785,the theory behind evolution is not that an organism evolves during its lifetime but that the species evolves over thousands if not millions of years or generations,hey razza for i wanna say thanks for standing up for what u believe in most people want hard evidence that will prove gods existence when really we ourselves are evidence that god exists,0,Attack,A,0,,,
618,"I think Farage makes a much better leader than any of the other parties, he's full of enthusiasm and is not a PR man like the current leaders of the 3 main parties.",For Nigel Farage convincing his fiercest critics among UKIP's members and its estranged onetime supporters that he remains the right man to lead the party may be difficult.,0,Attack,A,1,,,
479,"Ukip has British values, wants to get British industry kick started back to the fore front again, become more self-sufficient.",Former Europe Minister Denis MacShane said the EU was Britain's biggest trading partner.,0,Attack,A,0,,,
460,"The sooner we are out of the EU, the sooner we can start making this country great again.","The voters have understood that EU membership is making us poorer and less democratic and less free, he said.",1,Support,A,1,,,
1496,i changed my mind and felt somewhat angry when i realized just what those early drafts meantyou mean you accepted the attempt to reconcile the early drafts while ignoring the facts sadly you seem to have fallen victim of di propaganda,you mean you accepted the attempt to reconcile the early drafts while ignoring the facts sadly you seem to have fallen victim of di propaganda,0,Attack,A,0,,,
299,"It's true that UKIP dont have ideas to suit everyone, but at the moment they are heads above the pillocks at No 10 today.","Among other things, UKIP's ridiculous manifesto called for taxi drivers to be required to wear uniforms, for British weights and measures to be safeguarded and for the burka to be banned in public buildings.",0,Attack,A,1,,,
236,If UKIP is really the best our country can do for an alternative then we are all doomed.,"UKIP better represents the views of Conservative voters than David Cameron's Conservative Party, he said, on a wide range of issues.",0,Attack,A,1,,,
812,UKIP will not improve public services.,"UKIP warn that long-term youth unemployment is already among the highest in Europe and pressure on job markets from further migration could lead to social unrest, with local authorities and public services unable to cope.",0,Attack,A,0,,,
1078,should we just reject the bigbang as being unscientific since it would require a supernatural cause according to the nd premise you list is the best you can really come up with is who designed the designer,why would consideration of the designer necessarily introduce religious discussions about theological questions clearly it is because his concept of the designer is a supernatural onewhich was exactly what i was arguing,1,Support,A,1,,,
1059,in fact the history of life shows a pattern of explosions where new fossil forms come into existence without any clear evolutionary precursors concurring with design theory that predicts that species might appear abruptly, jay intelligent design id has scientific merit in paleontology because in many instances it can be applied to the fossil record to detect where design has occurred in the history of life by finding the rapid introduction of large amounts of complex and specified information csi,1,Support,A,0,,,
1681,why should we just stop  why not keep trying to understand the universe  i could never imagine being satisfied with a god did it,there are some things human beings were not meant to understand because the god who created this universe is a being who is greater than all of his creation,0,Attack,A,1,,,
1359,pvmfirst of all the judge observed that the school board was strongly motivated by religious beliefs and the fact that they believed that id presented a scientific hypothesis and thus a valid secular purpose was their downfall ,bowmanmore on the aclus rubber stamped ruling by a practicing attorneynothing wrong with quoting from a well argued submission by the aclubowmanthat said none of this relates to the id ruling since the board members were not id advocates except perhaps superficially,0,Attack,A,0,,,
12,"The greens and ukip provide encouragement for labour and conservatives alike to address some issues people care about, albeit only lip service to retain votes mainly.",The UK Independence Party had its best ever local election night with a 14% share of the vote where they had candidates.,1,Support,A,0,,,
246,I'm no fan of UKIP but well done to them for initiating a much needed shake up of British politics.,"And at by elections voters are not choosing a government - they can shout loudly and protest, safe in the knowledge that it won't change the person who lives in Downing Street.",1,Support,A,1,,,
1923, evolution is an embarrassment to science, im voting no based on the title of the debate and its relationship to the explanation,1,Support,A,0,,,
2541,We should force think tanks to reveal all of their sources for resource funding,People have a right to know where their information comes from,1,Support,A,0,,,
1077, and this site says it better than i could,should we just reject the bigbang as being unscientific since it would require a supernatural cause according to the nd premise you list is the best you can really come up with is who designed the designer,1,Support,A,1,,,
1735,doctrines such as original sin substitutionary atonement and the trinity are very well described in the bible,first of all i have no presupposed attitude,0,Attack,A,0,,,
2169,they only need  of the legislature so they will probably get that but if it actually gets to the polls the conservatives took a big hit when they ran around screaming if gays get married society will collapse and we will all be doomed,this will be interesting i am keeping my fingers crossed,1,Support,A,0,,,
1267,if intelligent design says nothing about the supposed designer then of what value is it if the designer created life millions or billions of years ago what was his purpose in doing so what iswas the designer like did the designer give specific instructions to his creations as most religions teach the id promoters delibrately leave such questions unanswered in their official pronouncements about id,discovery institute writes ,1,Support,A,0,,,
1726,by supporting the idea that the bible stands or falls on a  day creation you have proven dr,dr,1,Support,A,0,,,
1685,aig doesnt believe the geological data,there are some answers in there,1,Support,A,1,,,
2086,i do not know why you are having such a hard time making sense of my quotes,what quotes that is what i was asking you to repost because i can not find anything intelligent you have either posted or quoted at all,0,Attack,A,1,,,
453,"Ukip is the only party advocating withdrawal from the failing EU, a sensible idea for a lot of people!","UKIP's local election manifesto, concentrates on its flagship policy of ending open door immigration and putting pressure on the government not to lift restrictions on workers from Bulgaria and Romania on 1 January, which proved a successful formula in Eastleigh.",1,Support,A,0,,,
1915, look there is no proof that god or any thing in the bible existed where as there is proof to suggest that we are related to monkeys as we have the same arm structure and the same bioorganisms, its impossible to argue with you people,1,Support,A,0,,,
295,I suspect when people do start to focus and the election is close UKIPs incoherent policies will be exposed.,"UKIP appears to have struck a chord with many voters on the issue of immigration, campaigning against the relaxation of working restrictions on Bulgarians and Romanians due to come into force in January.",0,Attack,A,1,,,
2631,this film is the poster child for hollywood greed at work its a depressing plot devoid of compassionate characters i mean they kill a child in this movie who finds that entertaining,i started posting a riposte to your ridiculous message then i stopped and deleted it either youre taking the mick or you are an idiot either way i dont care,0,Attack,A,0,,,
2292,it is far too expensive,other phones are more expensive,0,Attack,A,1,,,
2026, there is absolutely no proof for evolution, i didnt see it so it cant be true,1,Support,A,1,,,
475,"Ukip is the only party advocating withdrawal from the failing EU, a sensible idea for a lot of people!",UKIP said leaving the EU was the only way to fully take control of the UK's borders.,1,Support,A,0,,,
556,UKIP is leveraging on the frustration of a certain stratum of society (white working class and male) in order to gain power.,"It is not just about UKIP it's that the British people are as interested and concerned about Europe, as they are about the economy, as they are about immigration.",0,Attack,A,0,,,
1241,if the catholic church says it it has just gotta be true,the fact that the   evolution   lobby is trying to cite statements by ucc ministers to bolster support against id shows just how out of touch they really are,1,Support,A,0,,,
1370,pt,instead this appears to be an abuse of copyright without an argument on crowthers part,0,Attack,A,0,,,
2486,The US should ban cluster bombs,Cluster Bombs Are Inconsistent With International Law,1,Support,A,0,,,
988,yes god is by his nature  supernatural,first of all the bible is not a   science   book,1,Support,A,1,,,
1393,and seeing that pvm doesnt care about the truth why is he a scientiston the contrary i have been asking you several times now how does id explains the bacterial flagella,joe gi never said anything about einsteins religious convictions,1,Support,A,0,,,
1127,because   science   as we know it today can only answer one of them,why not what qualities does the designers have that make them beyond studynot being able to directly observe it,0,Attack,A,1,,,
1440,the ncses response to id is that about  scientist dont believe in id and you shouldnt either,its not about believing in id many people have come to accept by faith the existence of a god but rather that scientists do not believe that id has much of anything to offer scientifically speaking,0,Attack,A,1,,,
2415,We should grant politicians immunity from prosecution,In the event of major abuses of power it should be the public that holds politicians to account,1,Support,A,1,,,
1462,which i argue is the main reason people have come to embrace id and object to sciencecouldnt atheism be the main reason people have come to embrace a certain type of evolution and object to id  the emotions so commonly seen in the rejection of id support this,couldnt atheism be the main reason people have come to embrace a certain type of evolution and object to id the emotions so commonly seen in the rejection of id support this,0,Attack,A,0,,,
2469,We should promote democratisation,Promoting democracy too often verges towards imperialism,0,Attack,A,1,,,
1766,in a literal translation genesis  and  state that god created the heavens and the earth in six days,as has already been covered,0,Attack,A,1,,,
2356,steel type x,the tool needs longevity this type of steel is very strong ,1,Support,A,0,,,
2466,We should promote democratisation,Democracy is good for economy as the ability to trade freely and openly with all countries promotes growth and wealth worldwide,1,Support,A,0,,,
1275,first off the human eye did not pop into existence by chance it is the result of billions of years worth of   evolution  ,the whole point of bringing up the eye example is to demonstrate that id is an actual theory and not a simple example in which someone proclaims that something is too complex based on their own judgements,0,Attack,A,1,,,
1229,im aware of that id christians give themselves a huge fudge factor by claiming that the fall of man somehow fouled up nonhuman nature,joe gbtw christianity does not maintain that god created everything as it is today,1,Support,A,1,,,
1450,jim,jimfinally i just want to say that it appears to me that statements made against id and their proponents  made by others not you  regarding id has been so emotionally charged it makes me feel their judgment is affected,1,Support,A,0,,,
623,The more the 'mainstream' parties smear and lie about UKIP the more their support rises.,"He also suggested that his party might get its first seats in the UK Parliament at the general election in 2015, and argued it was not just taking votes from the right wing of British politics.",1,Support,A,0,,,
1342,tj again only valid if you trust judge jones and judge jones is really only the aclu in disguise because of how much he copied from them,tji dont believe the  similarity in the aclus submission and the judges analysis was a lucky or freak coincidence im illinformed because i think he copied it rightyou seem to be ill informed about both the extent as well as the relevance of this so called copying,0,Attack,A,1,,,
2154,murder is always illegal,we agree on something,1,Support,A,0,,,
1680,human beings added names to the days of week they were originally and simply numbers,why should we just stop  why not keep trying to understand the universe  i could never imagine being satisfied with a god did it,0,Attack,A,1,,,
1602,if you take a basic biology course at the high school level just a reminder biology is accepted by almost all religions regarding contentthere would be a detailed explanation of how life was created by chemical compounds and reactions,if the bible is the inspired word of the infinite creator god then it must be selfauthenticating and selfattestingand it is,1,Support,A,1,,,
2457,All nations have a right to nuclear weapons,Public acknowledgement of the right to nuclear deterrence will benefit the public regulation of nuclear weapons generally,1,Support,A,0,,,
1529,after all he is just trying to compete with your legacy nick,your friend pvm gave out in this discussion  httpwww,0,Attack,A,0,,,
1343,tji dont believe the  similarity in the aclus submission and the judges analysis was a lucky or freak coincidence im illinformed because i think he copied it rightyou seem to be ill informed about both the extent as well as the relevance of this so called copying,this is one of the things wesley cites to bolster his case  httpvangogh,0,Attack,A,0,,,
2112,so in other words what you are saying is that the pope who just declared that all christian churches apart from the rcc to be false churches,is he anti gay yes so they are all in the same boat and cut from the same hate filled homophobic bigoted christian cloth,0,Attack,A,1,,,
2180,it really does not matter a private screening of a film is a private screening they can boot anyone out that they want,of course the makers of expelled were within their right to expel the very same people that they were attempting to demean in the film,1,Support,A,0,,,
349,The only reason we are even having a sensible debate about Europe are UKIP.,A UKIP candidate in Somerset has been suspended from the party after photos of him apparently making a Nazi-style salute appeared on his Facebook page.,0,Attack,A,0,,,
2604,movie has enough grip and mistery all the way through the ending doesnt need a punch the ending needs to end the movie,no one said we need a twist at the end for a movie to be good this movie completely fell flat after the reveal of the clones the movie had a thought provoking premise but didnt go anywhere with it,0,Attack,A,1,,,
2456,All nations have a right to nuclear weapons,Nuclear weapons serve to defuse international conflicts and force compromise,1,Support,A,0,,,
2628,as far as acting and cinematography go this film was great but the content and plot were horrible,are you serious this film is class the way the real world and the fantasy world its not an easy mix to get right,0,Attack,A,1,,,
1113,in fact behes claim is either tautological or it is wrong,in fact behes claim is either tautological or it is wrong,0,Attack,A,0,,,
1257,landonevolutionary science may have progressed but it has not explained the evolution of man or history,the eonic website claims erroneouslythe one thing darwinists dont want to find is such a nonrandom pattern anywhere,1,Support,A,1,,,
16,A forensic examination of UKIP's policies would nail once and for all the Establishment lie that they're a bunch of swivel-eyed racists.,They have a remarkably bad track record of keeping their word.,0,Attack,A,0,,,
496,UKIP doesn't need to win power to force the changes people want.,"He proposes a pact, in which the Conservatives would promise a referendum after 2015 and in return UKIP would not stand against Tory candidates.",1,Support,A,0,,,
1070,but i think you dont realize the importance of your concession that the di is correct to point out that a lack of merit of id should not be confused with its religious implications,intelligent design if true would indeed have amazing implications,1,Support,A,0,,,
979,i dont really care  ,currently   science   feels its accelerating,1,Support,A,0,,,
704,"UKIP specifically targets and stigmatises people from specific nations, mostly eastern Europeans, arguing these comments are ‚Äúfine‚Äù because they only represent national not racial stereotypes. They are being extremely racist with their political approach in a way that may be borderline legal, but definitely not okay.","Mr Dimitrov said UKIP leader Nigel Farage was usually very feeble in presenting solid arguments, suggesting he preferred to engage in propaganda which deviates markedly from the essence of the debate.",1,Support,A,1,,,
2584,was anyone else disappointed by the ending of the movie it feels to me like there couldve been a few scenes about what happens next im no writer but i do feel this wasnt appealing at all,i felt it fit the whole narrative style,0,Attack,A,1,,,
2029, evolution is just an excuse for biology to occupy the adolescent young mind, go read on the origin of species,0,Attack,A,1,,,
1378,unfortunately for them they have failed,why should i waste more than  seconds attempting to communicate with an ignoramusthere is a wonderful world wide web out there with a lot of substance,0,Attack,A,0,,,
2178,concepts do not come from somewhere they are not physical entities and do not have physical properties such as locations beginnings or ends they do not require a creator physical the universe or imaginary god,this is my thinking exactly,1,Support,A,0,,,
863,The hate campaign against Eastern Europeans that was and is run by UKIP legitimises anything said against them.,"He has finally acknowledged the damage that unrestricted eastern European immigration has had on the prospects of British workers, especially our youngsters.",0,Attack,A,0,,,
2289,htc one it is currently the best one in the market good quality superb specs,samsung note  it has a bigger screen and a somewhat faster processor,0,Attack,A,1,,,
651,"It feels like UKIP is anti most things and base their politics on this: Anti-aid, Anti-immigrant – at times even anti-politics; it is therefore difficult to understand what they actually stand for and want to work towards.",The announcement comes two weeks after a roll out of Home Office vans with posters warning illegal immigrants to go home or face arrest was cancelled.,1,Support,A,1,,,
402,Cameron had it right and UKIP could tip the balance towards Labour in the crucial marginal seats in the GE where the battle will take place .,"UKIP, which campaigns for the UK to leave the European Union, has performed well in recent Westminster by-elections and polls have suggested it has enjoyed a surge in support.",1,Support,A,0,,,
1969, the simplest way to prove it is this, i am a christian and i do believe in evolution because there are quite an amount of amazing proofs for it,1,Support,A,0,,,
822,UKIP's proposals on membership in the EU and migrants are at best purely demagogic: they do not take into account facts and more general issues.,"Mr Cameron once described UKIP as a party of fruitcakes, loonies and closet racists.",1,Support,A,0,,,
111,"If you want an insight into just how mad and bad UKIP are, go and read what their members, candidates and supporters write on the Telegraph.",He told the BBC that UKIP had leapfrogged the Lib Dems in some opinion polls and the public wantedrespected UKIP as a genuine party.,0,Attack,A,1,,,
186,UKIP and the Greens are the only parties to date that haven't screwed us all over.,"Some recent polls have placed UKIP, which wants the UK to leave the EU, in third place ahead of the Liberal Democrats.",1,Support,A,0,,,
686,UKIP are blatantly disregarding the possibility of man made climate change.,"From the right, fringes of the Conservative Party and UKIP are parroting the arguments of the most discredited climate change deniers, seizing on any anomaly in the climate data to attempt to discredit the whole.",1,Support,A,1,,,
2332,how about a second hand clothing fashion parade and sale,maybe you could have a cake sale,1,Support,A,0,,,
2537,We should allow voting at 16 in European Parliament elections,There should not be different voting ages for different elections,0,Attack,A,1,,,
989,first of all the bible is not a   science   book,science can never conclusively prove that there is no god unless proof of another   god   is somehow found,0,Attack,A,0,,,
1064,in fact the history of life shows a pattern of explosions where new fossil forms come into existence without any clear evolutionary precursors concurring with design theory that predicts that species might appear abruptly,perhaps the author can explain why of all of the thousands of researchers in geology biology particularly evolutionary biologists and paleontology,1,Support,A,0,,,
333,I suspect when people do start to focus and the election is close UKIPs incoherent policies will be exposed.,The scale of the UKIP threat will be tested in May's European elections.,0,Attack,A,0,,,
500,It is because of UKIP that we are finally discussing the European question and about immigration and thank goodness for that.,Mr Fabricant said an electoral pact with UKIP - in which the Tories would promise a referendum on European Union membership after 2015 and in return UKIP would not stand against Tory candidates - could help the Conservatives win an extra 20-40 seats at the next election.,1,Support,A,1,,,
508,"If UKIP want to retain these voters and attract more in a general election then they need to come up with policies other than ""leave the EU"" and ""its all the immigrants fault"".","The charge put by its deputy leader David Campbell Bannerman when he defected to the Conservatives in the wake of the May elections was that UKIP remained, at heart, a single issue pressure group.",1,Support,A,0,,,
320,Intellectually I rate Farage much higher than Cameron; he has a very sharp and quick wit and is an excellent public speaker.,"UK Independence party leader Nigel Farage has said he is expecting a big swing to his party in the seat, with most polls carried out in the seat putting the party third, ahead of Labour.",1,Support,A,0,,,
227,"I voted Tory for 30 years and started supporting UKIP because I want a sovereign, democratic , well governed Britain with Britain put first and its getting clearer by the day that the old Liblabcon parties will not do that.","But he played down recent polls, saying UKIP will come, UKIP will go.",0,Attack,A,1,,,
962,the the myths and stories of the bible were never meant to be taken as history in our sense of the word and certainly not   science  ,  this will and is already descending into a debate about the philosophy of science,0,Attack,A,0,,,
2632,this film is the poster child for hollywood greed at work its a depressing plot devoid of compassionate characters i mean they kill a child in this movie who finds that entertaining,you are right this movie sucks i dont understand why is it liked so much someone here says its supposed to be thought provoking and not entertaining,1,Support,A,0,,,
1007,very well said,that reply was to allogic,1,Support,A,1,,,
1904, to me there is no proof of a greater hand other than from the word of believers whose faith is based in belief and not in any form of evidence at all, amusing is all i can really say to cancers response,1,Support,A,0,,,
1036,when held to the standards of proof required for all other scientific theories id fails,i grant your point sir,1,Support,A,0,,,
2094,in the latter case that is because more fornicators are shacking up rather than getting married which is why there is fewer divorces if a state allows gay marriages their spirituality is in the toilet,good the less moronic spirituality in each state the better lets move out of the dark ages as fast as we can,0,Attack,A,0,,,
1180,fine,your intelligent cause is completely undefined,0,Attack,A,1,,,
765,"UKIP is a not a real party, with a clear global ideology and vision addressing all aspects of society: it is focusing on a handful of issues (all centered around membership in the EU and migrants), mostly ignoring global financial issues, health, education, security etc.",Mr Farage has successfully broadened UKIP's appeal away from Europe.,0,Attack,A,1,,,
2434,Bribery is sometimes acceptable,Bribery is sometimes necessary for survival,1,Support,A,1,,,
731,UKIP isn't committed exclusively to either right-wing or left-wing ideology and that’s a very good place to be.,He said UKIP was clearly taking a very right wing position which pandered to an obvious anti-Europeanism.,0,Attack,A,1,,,
1296,we may disagree as to the ability of id proponents to explain the ultimate source of complexity,who designed the designer is a valid and important point and ids fatal flaw,1,Support,A,1,,,
537,"In UKIP, we have a new political force which looks likely to poll very well in a national election on thursday.","Mr Farage, speaking to the BBC's Len Tingle, said the election result represented significant progress.",1,Support,A,0,,,
1366,from the above linked paper by peter irons i quote the followingpeter ironsin an undoubtedly unintentional slip which they may well regret the di authors have effectively given away the store with their concession that under the lemon test all that was necessary for judge jones to determine that an establishment clause violation had occurred was to find that the dover school board members had predominantly religious motivations for enacting their id policy,peter irons article is only one part of the montana law reviews take on this,0,Attack,A,1,,,
523,"UKIP's position is not reasonable, but racists and proto-fascist, considering they have nothing to say about the finance capital bombing of the economy, but to put all the blame for Europe's woes onto immigration.","The charge put by its deputy leader David Campbell Bannerman when he defected to the Conservatives in the wake of the May elections was that UKIP remained, at heart, a single issue pressure group.",1,Support,A,1,,,
890, allowing creationism in schools would violate the separation of church and state a separation of church and state necessitates that public schools not be a forum for upholding the validity or truth of certain faiths,evolution has no implications for morality it describes what has happened making no judgement about whether what has happened is good nonreligious ethicists are perfectly capable of making moral judgements and they regularly do so,1,Support,A,1,,,
1839,heck  his girlfriend has more hair than she has now even as we speak,to each their own as a personal belief i have nothing against those that subscribe to creationism but feel strongly that it does not belong in schools,0,Attack,A,0,,,
137,The reason why UKIP has gained so many votes is because the main parties refuse to deal with immigration and the EU.,"He also suggested that UKIP might get its first seats in the UK Parliament at the general election in 2015, and argued it was not just taking votes from the right wing of British politics.",1,Support,A,1,,,
502,"The problem with popularism but no substance, like UKIP represent, is that it just results in things getting worse and worse.","UKIP appears to have struck a chord with many voters on the issue of immigration, campaigning against the relaxation of working restrictions on Bulgarians and Romanians due to come into force in January.",0,Attack,A,1,,,
1161,i was using your rhetorical question to attempt to get a discussion going,it always devolves to this when talking to id proponents,1,Support,A,1,,,
1717,maybe get someone to do your studies who doesnt pay a tithe  someone who perhaps doesnt own a   bible  ,consider reading chance or purposeat any rate chance is an obviously derogatory word to try to bias the argument against   evolution   and purpose is obviously meant to imply that some intelligence is involved,1,Support,A,0,,,
2274,the wall thickness x should be five millimeter,thickness on a continued section should be as uniform as possible,0,Attack,A,1,,,
1541,feel free to respond,to start with with i think the wikipedia page  httpen,1,Support,A,0,,,
1395,but they do,how do public schools support hate of   religion  ,0,Attack,A,1,,,
2389,the best way to protect Scottish interests in the EU is to vote for independence,An independent Scotland would avoid having a referendum on EU membership,1,Support,A,0,,,
1174,actually the construction of the cell rather suggests chance,jaythat means that anyone who dares speak of purpose or design within science or when discussing scientific evidence ceases to be a scientist,1,Support,A,1,,,
1997, nothing in biology makes sense except in light of evolution, i definitely agree with evolution,1,Support,A,0,,,
438,"Europe is no longer fit for purpose and we'd do better to be out than in, plus save a whole load of cash.","Mr Cameron also said he did not think it would be right for Britain - or in the national interest - to leave the EU entirely, pointing out that some 50% of nation's trade was with the EU.",0,Attack,A,1,,,
2042, god is just an imaginary friend for adults, creation is fantasy and you cant prove a fantasy,1,Support,A,1,,,
574,UKIP getting a large chunk of the vote in the EU elections sends a message to Europe that they cannot take the UK membership for granted.,"More people were considering voting for UKIP at a general election than ever before, he suggested, and this current poll surge was different from previous spikes in support which were linked to European elections.",1,Support,A,1,,,
2445,We should fear the power of government over the internet,Internet regulation is necessary to ensure a working economy on the internet,0,Attack,A,1,,,
875,UKIP are not a single issue party anymore; UK Sovereignty is the crux of their party political platform but they've certainly expanded from that singular issue in recent years.,Mr Farage has successfully broadened UKIP's appeal away from Europe.,1,Support,A,0,,,
2409,I prefer trade to aid,Trade requires infrastructure,0,Attack,A,0,,,
5,"The People's Army is on the march and UKIP will get Britain back from the Liblabcon, Establishment and MSM political abusers of our country.",He said he had been impressed by David Cameron's leadership while UKIP was beset by internal fighting and was not a credible political force.,0,Attack,A,1,,,
345,"Much of UKIP's meteoric rise has to do with political correctness, and the fact that ordinary people are sick of it.",He said he had been impressed by David Cameron's leadership while UKIP was beset by internal fighting and was not a credible political force.,0,Attack,A,1,,,
505,If there are enough Ukip votes it should frighten all the parties sufficiently to make them realise they can't just ignore the electorate.,He said the level of interest showed rivals and the media were scared witless of UKIP's recent successes.,1,Support,A,0,,,
423,"Any of the ""working class"" who believe UKIP will represent them have not read a UKIP manifesto!",Olly Neville said that if UKIP wanted to make a real difference it is by representing the people in Westminster politics.,0,Attack,A,0,,,
667,UKIP is the only party that has understood the damage immigration does to the UK and its policies aim at repairing this.,"UKIP's local election manifesto, concentrates on its flagship policy of ending open door immigration and putting pressure on the government not to lift restrictions on workers from Bulgaria and Romania on 1 January, which proved a successful formula in Eastleigh.",1,Support,A,0,,,
495,"The ratio of nutters in UKIP is far higher than in other parties, especially so since they seem determined to take all the Tories' fruitcakes off them.","Immigration has also been an issue and UKIP, which rejects charges of being racist, sees the EU question being at the heart of it.",0,Attack,A,0,,,
753,"Ukip has British values, wants to get British industry kick started back to the fore front again, become more self-sufficient.","Deputy Prime Minister Nick Clegg, whose Liberal Democrats oppose a referendum, said leaving altogether would make us less safe because we co-operate in the European Union to go after criminal gangs that cross borders.",0,Attack,A,1,,,
884, teaching creationism is dangerous to science and reason  if a theory that does not follow the scientific method is taught in schools as science science and reasoning will be undermined, creationism is not scientifically testable,1,Support,A,0,,,
2652,i turned this movie off halfway through because i was bored out of my skull then i come here and its got a high rating granted its got a good storyline good acting nice cinematography but somehow still managed to bore me to tears,im with you on this one brian both my husband and i sat there tempted to turn it off though there was nothing better on at the time so we sat it out,1,Support,A,0,,,
1040,from wikipedia the scientific method,specifically the theory predicts that we will find large amounts of specified complexity in natural objects,1,Support,A,0,,,
892,creationism makes a false historicalscientific claim that is detached from the broader precepts of belief in god,the bible is simply wrong if a literal interpretation is taken on this question the bible just is wrong and if you insist on holding a literalistic approach to scripture then the implications you claim do indeed follow,1,Support,A,0,,,
2580,everything about this was perfect i cried so hard when i watched it,i thought it was ludicrous  the premise of it i mean the actors were very good i just didnt buy for a moment that the uk which is probably the most gay friendly and atheistic nation on earth could be transformed into a rightwing fascist state that kills homosexuals its just absurd,0,Attack,A,1,,,
1202,   httpwww,the wmap data does not indicate we are at the center of the universe nor does the goldilock enigma really predict such,1,Support,A,0,,,
226,The people and media that are criticising UKIP are highlighting the genuine concerns about UKIP and their policies towards immigrants.,"Laura Pidcock, from campaign group Show Racism the Red Card, told Today that these crude stereotypes perpetuated by UKIP were incredibly damaging.",1,Support,A,0,,,
906,schools should not teach theories that are completely at odds with each other,because students are impressionable if you teach them the literal truth of genesis as science they may well believe you,1,Support,A,0,,,
245,"I and many others will be voting UKIP not because of a handful of people that have said stupid things, it will be because I identify and agree with their overarching principles.",There have been repeated attempts through the early years of the party to smear UKIP but nobody in the British press believes it any more.,1,Support,A,0,,,
404,A vote for UKIP is a vote to leave the EU and recover power over our national life.,"We simply cannot go to the British people and say to them support the European Union, we are going to reform it in the future.",1,Support,A,1,,,
1939, yes i believe evolution is wrong, on what day did god make the fossils  very simplistic yes it is,1,Support,A,1,,,
1886,i thought evolution is a naturally occurring process not a consequence of a controlled experiment in a lab,please take no offence to my response,0,Attack,A,0,,,
2387,it should be blue,blue is a good colour,1,Support,A,0,,,
254,"There's an election next month, UKIP are campaigning on the streets right now, and candidate upon candidate keeps churning out ridiculous (often racist, sexist or homophobic) views.",A UKIP candidate in Somerset was suspended from the party on Tuesday after a photo of him apparently making a Nazi-style salute appeared on his Facebook page.,1,Support,A,0,,,
2531,US intervention in Libya lacking congressional approval was illegal,Congress was appropriately and openly consulted,0,Attack,A,1,,,
328,If the other parties do tackle the issues of EU and immigration I'll be more than happy to see UKIP disappear.,"And at by elections voters are not choosing a government - they can shout loudly and protest, safe in the knowledge that it won't change the person who lives in Downing Street.",1,Support,A,1,,,
2616,this movie absolutely fell flat after the discovery at the crash site was made,the movie isnt about the twist its about the interactions between the two clones its about character and character development i know twist endings are the thing now but thats not what this movie is,0,Attack,A,1,,,
1409,agreed that religious belief should not necessarily compel the rejection of wellestablished results from welldeveloped scientific fields,tjopen debate is all we are asking for,0,Attack,A,0,,,
889,it is not appropriate to teach creationism as a means for upholding the bible, allowing creationism in schools would violate the separation of church and state a separation of church and state necessitates that public schools not be a forum for upholding the validity or truth of certain faiths,1,Support,A,0,,,
194,"If UKIP don't like being smeared, then they need to stop smearing, stigmatising, and fear mongering about others.","In Barnsley Central last month, UKIP came an impressive second to Labour - on the back of a locally focused campaign, which argued that money going to Europe should be spent on the town instead.",0,Attack,A,1,,,
587,"I think Farage makes a much better leader than any of the other parties, he's full of enthusiasm and is not a PR man like the current leaders of the 3 main parties.",Nigel Farage is on remarkably good form.,1,Support,A,0,,,
1008,that reply was to allogic,and i was just the reverse,1,Support,A,1,,,
591,"If UKIP want to retain these voters and attract more in a general election then they need to come up with policies other than ""leave the EU"" and ""its all the immigrants fault"".","UKIP are certainly trying to professionalise, to move away from its more amateurish origins.",0,Attack,A,0,,,
1750,i didnt respond to a word of your post because you didnt give me a word to respond to that wasnt an attack itself,youve got it right,0,Attack,A,0,,,
2225,the only difference is that the gene for making short hair has been eradicated from the population by natural selection that is it,right the frenquecy of the alles ,1,Support,A,0,,,
585,"The sooner we are out of the EU, the sooner we can start making this country great again.","Britain would prosper outside the EU, he argued, and talk of its losing trade was not credible.",1,Support,A,0,,,
2501,The International Criminal Court should be recognised,The ICC offers justice to victims of war crimes,1,Support,A,0,,,
1142,the physical reality to which behe so proudly points is a stylized cartoon of reality,design is recognized in the purposeful arrangement of parts storms  tornadoes hurricanes etc,1,Support,A,1,,,
1205,science of course has tested the principle even though for a long time it stood as an assumption,this rather poorly phrased term suggests that there may be an enigma but lets look at the apparent correlation between habitability and our existence as observers,1,Support,A,1,,,
2362,but if we get this right we will waste less research time with dodgy students we wish we had rejected at interview,i fully agree,1,Support,A,0,,,
2306,yes marihuana does much less harm if at all to the human body than cigarettes,i think it does just as much damage as cigarettes but i agree it is hypocritical to sell one and not the other,0,Attack,A,1,,,
1811,evolution really is true but as we all know the main reason of how we evolve is because of god our lord,that is where you are wrong,1,Support,A,1,,,
412,"UKIP advocates for the UK leaving the European Union which would be a bad idea – but they are trying to leverage on the british people’s need to belong and pride to be british, which further sparks their anti-foreigner standpoint.","UKIP, which is fielding a record number of candidates in next month's elections on the back of strong performances in recent Westminster by-elections, said the issue was definitely coming up on doorsteps.",0,Attack,A,0,,,
1091,it also means that scientists who hold legitimate scientific views deserve to be heard even if their views differ from the consensus,i assert that they have been heard and their arguments have been refuted and thus they are legitimately ignored until they come up with some actual scientific evidence and arguments,0,Attack,A,1,,,
1212,is actually quite simple,remember this is about islands claim and carters arguments,1,Support,A,0,,,
1437,common descent neither supports nor refutes id,because of course id really does not mean anything significant,0,Attack,A,0,,,
172,A strong UKIP vote suggests there's a lot of the British public who aren't on board with the current set-up.,Shadow minister Diane Abbott acknowledged Labour had been squeezed by UKIP but said she did not see the party as a real threat at the next election.,0,Attack,A,1,,,
1778,first of all there have been writings in hebrew ,theres no point arguing against evolution when you dont understand it in the first place,0,Attack,A,1,,,
376,Hopefully we will see our first UKIP MP before the general elections next year.,"But Mr Cameron described UKIP's members as fruitcakes, loonies and closet racists, mostly.",0,Attack,A,0,,,
2487,The US should ban cluster bombs,Rejecting the Ban on Cluster Bombs Hurts the international image of the US,1,Support,A,0,,,
780,"UKIPs main issue has always been the EU, immigration has just been the bit that highlights what a failure the project has been.","Conservative party vice chairman Michael Fabricant said the party had struggled to present a distinctive message during the Eastleigh election, saying UKIP had managed to connect with traditional blue-collar Tory voters on issues such as crime and immigration in a way the Conservatives had not.",1,Support,A,0,,,
1485,so i decided to check out the actual articles in question and much to my dismay i came to realize that this seemed to be a blatant quote out of context,after reading the points between the ncse and the discovery institute on that claim i am still skeptical of this as well,0,Attack,A,0,,,
1592,most of those heavy gasses were filtered out of the atmosphere before life had even emerged and the atmosphere was changed to oxygen long before plants evolved,i had always been taught it was the plants,1,Support,A,1,,,
792,"Ukip has British values, wants to get British industry kick started back to the fore front again, become more self-sufficient.",The committee said the EU had helped to transform Europe from a continent of war to a continent of peace.,0,Attack,A,1,,,
1394,joe gi never said anything about einsteins religious convictions,but they do,0,Attack,A,1,,,
598,"Much of UKIP's meteoric rise has to do with political correctness, and the fact that ordinary people are sick of it.",Mr Farage has also successfully broadened UKIP's appeal away from Europe.,1,Support,A,0,,,
2656,the only good thing in this movie was dr schultz after that it was a yawn fest,this post is a yawn fest worst movie ever you should be tied up and forced to watch the baby geniuses movies or battlefield earth see what a real bad movie is like next,0,Attack,A,1,,,
610,"UKIP are indeed far from perfect, but they have grown as a party because the Establishment Parties have deceived the public for so long on informing and educating on WHAT IS THE EU SUPERSTATE project.","In a separate interview with BBC Radio 5 live, he warned of the possible consequences of an in-out referendum on the UK's relationship with the EU.",0,Attack,A,0,,,
1851,intelligent design doesnt refute evolution,evolution may not have been perfect when it was first thought up but it was still pretty damn good,1,Support,A,0,,,
2636,this film is easily one of the best movies ive ever seen yes it is pretty easy to guess the ending but it still wasnt ruined by that fact it is a work of art it is rewatchable,ok so i thought it was only me but after watching this movie i had a massive headache also i thought the movie was terrible it was all over the damn place and difficult to follow,0,Attack,A,1,,,
1009,and i was just the reverse,i find much more animosity spouted by the atheist,0,Attack,A,0,,,
818,UKIP will not improve public services.,"As well as campaigning against wind farms and increased migration, which UKIP claims is placing a strain on housing and public services, the party has three overarching polices for councils across England.",0,Attack,A,1,,,
2288,change material to pvc,this is not possible there is a limit that prevents this,0,Attack,A,1,,,
1029,satan is sure behind all of these things,thats classy,1,Support,A,0,,,
1695,using logic to apply consistent artistry to the mass of creation we may assert the existence of the artist almighty god  if we exercise faith toward god by believing that he exists in the very manner that he says that he does then we may logically apply his consistent character including his artistic signature in creation to all things that god the artist creates,your argument breaks down if your audience rejects the notion that adam was created ex nihilo with the appearance of age,0,Attack,A,1,,,
351,"The momentum is with UKIP; Labour, Conservative and Liberal areas are all now vulnerable to them. ","The campaign was dominated by a war of words between the Conservatives and the UK Independence Party, which senior Tories fear will take a significant chunk of their votes.",1,Support,A,1,,,
2034, sorry but this is not an opinion, darwin observed species and wrote it down  evidence,1,Support,A,0,,,
0,I think a lot of UKIP supporters would be outraged if one of the consequences of leaving the EU was to price them out of buying virtually any of today's niceties.,"UKIP used to be a protest vote, he explained, but now we are now talking about how Britain should be governed and how we can help all British people.",0,Attack,A,1,,,
1278,natural selection isnt random,nobody ever said that natural selection was random,0,Attack,A,1,,,
1841,life consist of nothing but creations,to me this is a simple one evolution all the way,0,Attack,A,1,,,
1572,actually im not simply looking backwards,today july nd  the best solar eclipse of the century took place from india to japan,0,Attack,A,0,,,
2221,we take reality and describe it in our minds and thus form it into abstract concepts which we can operate with,this is my understanding as well interestingly concepts only approximate that which they intend to define confusion between concept and actuality is fertile ground for misunderstanding,1,Support,A,0,,,
469,UKIP are blatantly disregarding the possibility of man made climate change.,"And when married to the Europhobia innate to parts of the Conservative party, you have a diabolical cocktail that threatens the whole long-term structure of UK climate change and energy policy.",1,Support,A,1,,,
2157,that would be true if he did not keep on opening up thread after thread after thread of the same subject he makes  or  posts then runs away to open up another thread,yes i agree with you,1,Support,A,0,,,
519,"The sooner we are out of the EU, the sooner we can start making this country great again.",The committee said the EU had helped to transform Europe from a continent of war to a continent of peace.,0,Attack,A,1,,,
71,"The People's Army is on the march and UKIP will get Britain back from the Liblabcon, Establishment and MSM political abusers of our country.","Peter Kellner, president of survey organisation YouGov, said he expects UKIP to worry the Tories by potentially wrecking their chances of winning an overall majority.",1,Support,A,0,,,
2404,I prefer trade to aid,Financial contributions from the West have proved detrimental for Africa,1,Support,A,1,,,
1502,in other words the terms as defined clearly mirrored what we know as creationism and that it was an inherently religious concept,in pandas we read creation means that the various forms of life began abruptly through the agency of an intelligent creator with their distinctive features already intact,0,Attack,A,0,,,
1595,animals convert oxygen to co,so youre saying that because it is written in the bible that god created the universe in the manner described then it must be true i dont even know where to begin on this one,1,Support,A,0,,,
1461,the bottom line is some interpretations of evolution leave little room for a caring god,which i argue is the main reason people have come to embrace id and object to sciencecouldnt atheism be the main reason people have come to embrace a certain type of evolution and object to id  the emotions so commonly seen in the rejection of id support this,0,Attack,A,1,,,
139,The only reason we are even having a sensible debate about Europe are UKIP.,The UKIP MEP reckoned a number of Conservatives who want a referendum on the EU in the current Parliament need to grow a backbone and do something about it.,1,Support,A,0,,,
1240,for years now the intelligent design proponents and the discovery institute have been working the catholic angle getting some of its cardinals into trouble,if the catholic church says it it has just gotta be true,0,Attack,A,1,,,
2324,i think he can take a flight but his parents have to check him in and hand him over to the flying company just by himself no,and also have somebody pick him up when he or she lands,1,Support,A,0,,,
334,"As far as immigration is concerned all Ukip want is a level playing field for non EU migrants and to control the numbers so, if anything, Ukip are too soft on immigration.",Godfrey Bloom's and other UKIP party members' actions are an insult to all those who have fought against fascism.,0,Attack,A,1,,,
1247,you are ignoring my main point that catastrophism was closer to the truth then darwin,how was catastrophism closer then the original darwinian theory  catastrophism offered no mechanism for the changes that we see was completely wrong as to what catastrophes occurred  how severe they were and when they took place,0,Attack,A,1,,,
1877,there is no actual absolute proof of evolution as some of the people here have stated,evolution has never been witnessed,0,Attack,A,0,,,
2005, of course theyre nonsense, i see the creation story as one perspective from one group of people,1,Support,A,1,,,
2512,I believe that opinion polls harm the democratic process,Opinion polls are a forum for public expression and should be protected,0,Attack,A,1,,,
2514,I believe that opinion polls harm the democratic process,Citizens have a fundamental right to vote on whatever the basis they choose,0,Attack,A,0,,,
484,"UKIP's position is not reasonable, but racists and proto-fascist, considering they have nothing to say about the finance capital bombing of the economy, but to put all the blame for Europe's woes onto immigration.",UKIP say their message is cutting through regularly.,0,Attack,A,0,,,
1159, what features of the complexity of the cell points to intelligent design how does the complexity of the cell point to intelligent design these are the kinds of questions you should be answering with this argument,i asked the questions to give mr behe a hint about how to formulate a proper argument,1,Support,A,0,,,
1686,there are some answers in there,usher got a bad rap,1,Support,A,0,,,
1670,one day we all will know the truth,but who could it be  is it you or me  or maybe the buddhists,0,Attack,A,1,,,
2160,yet there is arguably a morality component to every law ever to be put on the books,yes and depending on how you define morality,1,Support,A,1,,,
2645,i really liked this movie a lot loved the performances of all the actors and even the story but was not quite convinced with the ending,no i loved the ending killing eden fletcher would have been satisfying but perhaps a little too satisfying if you get my drift,0,Attack,A,1,,,
2049, yes there is evidence, i take issue only with the word no in this title though without it there wouldnt be much debate so fair play,1,Support,A,0,,,
1588,im going to ask both creationists and evolutionists to look at the following with a completely open mind for just one minute,why would god explain this only to a semiliterate group of ancient nomads with no understanding of the cosmos or the world outside of their little   society   why not give an updated version to modern jewish or christian or islamic scholars surely all three groups today include people who understand  geology astronomy and biology on a rather more comprehensive level than the ironage authors of genesisin fact being allpowerful why be limited to the understanding of the writers at least if you can create the world surely you can inspire sentences like and the quickness of light shall be found to be always the same relative to the one who looketh and behold the quickness of the light when multiplied by itself and the true weight of matter equals the amount of force that went into its making,1,Support,A,1,,,
2341,but there are very nice beaches nearby,this is true for example baratti is lovely,1,Support,A,0,,,
93,A vote for UKIP is a vote to leave the EU and recover power over our national life.,"We do need a reformed relationship with Europe, and that's exactly what we're proposing.",1,Support,A,1,,,
62,If UKIP is really the best our country can do for an alternative then we are all doomed.,"Lord Alexander Hesketh said he had been greatly angered by the prime minister's position, adding that UKIP's views chimed with his own.",0,Attack,A,0,,,
1654,the only assuption we make in science is that the nature of the universe is consistant and rational,the absence of a creator is not an assumption of the sciences,1,Support,A,1,,,
1332,tjit is the scientific evidence that is important,ok you are right on this point as well,0,Attack,A,0,,,
1123,but what about your opinion on idid is ridiculously and obviously not   science  ,id is ridiculously and obviously not   science   ,0,Attack,A,0,,,
952,pvm the quotewe dont know but we do know a designer wasnt involved,id can be scientifically relevant if it were to take the scientific approaches used by real science such as criminology which uses means motives opportunities etc,0,Attack,A,1,,,
164,A forensic examination of UKIP's policies would nail once and for all the Establishment lie that they're a bunch of swivel-eyed racists.,"When initially questioned over his comments, Mr Bloom told BBC News it would be absurd and ridiculous to label UKIP racist.",1,Support,A,1,,,
1982, well as being one of the denoted tie breakers of this debating conversation topic i would like to point out that evolution is both a fact and a theory, why is it that when you try to look at the theory of evolution that it comes down to a god thing       as far as i am aware evolution has been tested  proven and those conditions reproduced,1,Support,A,1,,,
1648,many people claim that certain writings are the word of god,after the entire cain and able thing the brother left to another group of people to find a wife,1,Support,A,0,,,
2144,you ignore or reject any attempts at explaining the things you clearly do not understand and you later bring up the exact same things that you have had explained to you as if the subject was never broached before,well if i do not get an answer here i will just spread it around the whole internet fine with me,0,Attack,A,0,,,
1416,the writer of this piece is working for a salary,idnetthe writer of this piece is working for a salary,0,Attack,A,0,,,
715,UKIP will not improve public services.,He announced a series of measures to address what he said were public concerns about the impact of current and future immigration from eastern European on the UK economy and public services.,0,Attack,A,1,,,
219,"My observation is that UKIP often are reluctant to directly answer any questions of substance, which can be accounted for by the fact that they really have no policies.","Mr Farage has abjectly failed to develop coherent policies and is not leading the party on the course to victory, she said.",1,Support,A,0,,,
1557,look at it like this,from here we can see that the bible already is going to not have any sort of  exact meaning,0,Attack,A,0,,,
820,UKIP's sole aim at the general election is to get a smallish number of MPs elected but enough to hold the balance of power and do a deal with the Tories.,"According to the Daily Telegraph, Mr Farage suggested to Mr Murdoch at the meal that he would form an electoral pact with the Conservatives if David Cameron stood down as leader.",1,Support,A,0,,,
2163,sounds great it is this aspect of our lives that the conservatives will not see but anyway more power to you and i hope that you and your partner have many long and happy years together,thank you i think we will,1,Support,A,0,,,
418,"As far as immigration is concerned all Ukip want is a level playing field for non EU migrants and to control the numbers so, if anything, Ukip are too soft on immigration.","Mr Farage will tell members at the conference in London that, by the 2015 general election, UKIP will overtake the Lib Dems in terms of its support base.",1,Support,A,0,,,
1514,oopsie,that luskin accuses the ncse of rewriting history and law when both clearly established the evolution of creationists via cdesign proponentsists to design proponents,0,Attack,A,0,,,
573,UKIP are not a single issue party anymore; UK Sovereignty is the crux of their party political platform but they've certainly expanded from that singular issue in recent years.,"UKIP are certainly trying to professionalise, to move away from its more amateurish origins.",1,Support,A,0,,,
2142,there are several fallacies with darwins theory of evolution,but i will bet that you do not know what any of them are,0,Attack,A,1,,,
1152,but dont try to lead me astayi wanted to try and lead to the truth from being astrayactually,icdesigni think behe has made the case for obvious design within the cell and i dont think you will findanyone who could put it any more clear,0,Attack,A,0,,,
955,the question is somewhat meaningless because you can believe that we were created by design and still conclude that intelligent design as proposed by the discovery institute and its fellows  is a scientifically vacuous concept,all too often the terms of this debate dont get defined,0,Attack,A,1,,,
1825,it has not been proven and i dont think it can be,us evolving from chimpanzees yes it is chimps that we share the most dna with not apes and not monkeys is merely an idea just because their dna is so similar to ours,0,Attack,A,1,,,
1488,jon buell the president of the foundation for thought and ethics testified in court enjoyby mr,you still have yet to provide any passages within pandas which state that god is directly implicated saying that the fte is religious therefore so is pandas,0,Attack,A,1,,,
2109,it is up to you argue with me or argue with the person you want me to be,it is up to you stop bringing up red herrings or arguing by personal attack or do not expect me to treat your posts with any less contempt than i have for most of what has been posted to this board,0,Attack,A,0,,,
166,I think it's far too simplistic to argue all UKIP supporters are racist - there is a real groundswell against the political establishment which over the past 20 years or so has started to converge in terms of image and policies.,"On this, and many other matters, UKIP's views chime with mine and I am delighted to join the party which is fast becoming a real force in British politics.",1,Support,A,0,,,
1613,i actively attend the origins conferences hosted by a variety of different organizations including christian universities reasons to believe and most recently the skeptic society,have you been to the icr facility to watch their presentationicr teaches hilarious nonsense,1,Support,A,1,,,
2644,i cant believe that a great film like this can receive such a low rating while the likes of shawshank redemption and batman sit comfortably in the top  list of the entire website,i understood the film just thought it was poorly done,0,Attack,A,0,,,
950,as i said earlier experience demonstrates that it matters a great deal to an investigation whether or not that which is being investigated occurred via agency involvement or by nature operating freely,we dont know but we do know a designer wasnt involved,0,Attack,A,1,,,
2481,We should use torture to obtain information from suspected terrorists,Time is of the essence in a crisis When confronted with extremists who see a virtue in their own death extraordinary methods may be required,1,Support,A,0,,,
1865,ok,evolution has basically been proven there is no evidence for the biblical story common claims made by evolutionists,0,Attack,A,1,,,
2443,We should fear the power of government over the internet,Internet regulation is necessary to ensure a safe internet,0,Attack,A,1,,,
772,UKIP's proposals on membership in the EU and migrants are at best purely demagogic: they do not take into account facts and more general issues.,He said people voted for UKIP because they were offering policy solutions and common sense ideas.,0,Attack,A,1,,,
1248,how was catastrophism closer then the original darwinian theory  catastrophism offered no mechanism for the changes that we see was completely wrong as to what catastrophes occurred  how severe they were and when they took place,richard dawkins and victor stenger argue that the existence of a creative superintelligence or god are scientific questions,0,Attack,A,0,,,
1618,but how does the bible self authenticate the verses about four rivers coming out of eden it doesntyou must be joking,youre missing the point about the four rivers,0,Attack,A,0,,,
2299,i have had some bad experience with the reliability of samsung products,i am really satisfied with my samsung television and i did not have any problems until now it has the best image quality and great customer support,0,Attack,A,1,,,
1081, this is really your argument thats really unimpressive,that argument is using a trick of semantics,0,Attack,A,1,,,
1995, people who believe that god created the earth keep saying that they got this from the bible, i believe in evolution,1,Support,A,1,,,
451,If there are enough Ukip votes it should frighten all the parties sufficiently to make them realise they can't just ignore the electorate.,"The Tory leadership is running scared of its backbenchers by offering to renegotiate the UK's relationship with Brussels, he said in the Observer.",1,Support,A,0,,,
2196,i seriously doubt he used the word living,so true that was my mistake as i was envisioning lucy as she was when she existe,1,Support,A,0,,,
1601,so if god is not all powerful and all knowing then god is fallible,if you take a basic biology course at the high school level just a reminder biology is accepted by almost all religions regarding contentthere would be a detailed explanation of how life was created by chemical compounds and reactions,1,Support,A,1,,,
1561,genesis is very clear that the evening and the morning were the first day,carbon  is not the only method of dating used to determine the age of the universe,0,Attack,A,1,,,
656,UKIP are the only party willing to have a sensible open debate on the key issues affecting the country. ,"I believe that what UKIP is doing is vital for this country, and of course the party's financial management is crucial.",1,Support,A,0,,,
1820,as i prepare to answer this question i realize i have essentially no knowledge about the theory of evolution besides darwinism and the title,yes you are right it is impossible to call it a certainity but for this reasonall evidence for evolution is proven,1,Support,A,1,,,
524,"UKIP is neither left or right wing, it is anti establishment, but it does take some elements from both sides of the spectrum",But Mr Cameron dismissed UKIP's showing as a protest by voters and promised to stay true to his principles.,0,Attack,A,1,,,
2028, i have repeatedly asked for proof on this site and have yet to be supplied with any real proof, evolution is just an excuse for biology to occupy the adolescent young mind,1,Support,A,1,,,
948,joegbtw pvm the scientific answer to ucd is we dont know,and as with all scientific inferences further research can either confirm or refute that inference,1,Support,A,0,,,
2170,i do not seem to get the punchline maybe it is meant to be nonsensical,yes oddly the picture makes as much sense as most creationists ,1,Support,A,0,,,
823,"It feels like UKIP is anti most things and base their politics on this: Anti-aid, Anti-immigrant – at times even anti-politics; it is therefore difficult to understand what they actually stand for and want to work towards.",UKIP leader Nigel Farage said any members proven to have extreme right wing views would be expelled.,0,Attack,A,1,,,
1762,quite so well as christians themselves,the christian faith is a mockery to humankind,1,Support,A,1,,,
1333,ok you are right on this point as well,tjok you are right on this point as well,0,Attack,A,0,,,
2431,European Parliament elections should involve only one voting district all of Europe and not separate country seats,This avoids the real questions about the European Parliament,0,Attack,A,1,,,
2212,sadly policy needs no law for justification the va is a law unto themselves as anyone who has delt with them finds out,well then there is grounds for a lawsuit find a group of veterans and get them to sue the va funded by the nra and take the whole organizaton to court on charges of violating federal standards,1,Support,A,1,,,
65,The more the 'mainstream' parties smear and lie about UKIP the more their support rises.,UKIP leader Nigel Farage said politics has changed a lot since 2010 and excluding his party would probably give us the benefit of the underdog.,1,Support,A,0,,,
2233,the age of  is an arbitrary designation,that is the premise of my question,1,Support,A,1,,,
48,The success Ukip had in the european elections will be sufficient to galvanise one or preferably all the other parties to rid us of the EU's political influence.,"The Green Party, so often the fourth contender in local election races, now faces a very serious rival for that spot in UKIP.",1,Support,A,0,,,
1659,intelligent design might be a seasoned exercise in rationalization but the claim that it is a science cannot be supported,the author seems to thing there is no extrabiblical evidence of a young earth,0,Attack,A,1,,,
2236,sometimes the state of the education system in the usa makes me cry,sometimes the state of the public education system in the us is downright criminally neglectful,1,Support,A,0,,,
147,A vote for UKIP would be a vote for a Tory-UKIP alliance that would be more right-wing than a Tory government.,I also wasn't satisfied with some of the track records of some of the guys in UKIP.,1,Support,A,0,,,
399,"I sense that Farage is a total megalomaniac, a charlatan, someone who is in it for the attention and the glory and that in a strange way, that many UKIP voters know this but don't seem to mind.",There is only one party in this country that can guarantee the people in this country will get a referendum on the EU and that is UKIP.,0,Attack,A,1,,,
1330,the congressional report comes from the similar sources that have denied the existence or problems of global warming as well,eventually they the smithsonian higherups determined that they could not terminate you sternberg for cause and they were not going to make you a martyr by firing you for publishing a paper on id,1,Support,A,0,,,
527,UKIP's sole aim at the general election is to get a smallish number of MPs elected but enough to hold the balance of power and do a deal with the Tories.,"David Cameron should consider a pact with UKIP, his elections adviser has said.",1,Support,A,0,,,
1713,the fact that we do not know i believe only gives more power to godyes  our ignorance proves that there is a god  or maybe not,imagine you found a grain of rice and you wanted to measure its length,1,Support,A,0,,,
472,"UKIPs main issue has always been the EU, immigration has just been the bit that highlights what a failure the project has been.","UKIP, which has called for withdrawal from the European Union and greater restrictions on immigration, has seen improved poll ratings this year.",1,Support,A,1,,,
1636,the first problem with the debate question is that neither time nor space exists per se,one of the major problems that we all have in fact its the same problem adam and eve had in the garden of eden is that we tend to start from outside gods word and then go to what god has written in the bible orin adams casewhat god forbade him to do to try to interpret it on the basis of our own preset ideas,1,Support,A,0,,,
1189,could evidence against design perhaps be evidence against the case brought in favor of it,the universe is under no obligation to conform to anyones definition of science,0,Attack,A,0,,,
366,Ukip are doing well for the very simple reason folk have at last realized that they are being lied to by LibLabCon and now have somewhere else to go.,They (the Conservatives) know they have lost the argument on jobs and immigration and UKIP have stolen a march on them.,1,Support,A,1,,,
1314,the cause of the big bang is currently unknown but it is also undergoing investigation,the ayn rand center and i agree for once about the fact that id is nothing more than bait and switch and that id at best is a religiously motivated attack on science as the di seems to admit in their own wedge document,1,Support,A,0,,,
417,"If you think that the Tories are nasty, heaven help us if UKIP get in because they would be nastier, more cruel, and more bigoted.","The penny is beginning to drop with the British people and British businesses that we are no longer a self-governing nation, and UKIP are here to remedy this.",0,Attack,A,1,,,
1389,id explains the genetic code the same way we explain a computer code,joe gnow you are just lying,1,Support,A,1,,,
1827,correct the only way that either side could be proven is wether or not we can prove or disprove god,evolution has never been proven and will never be proven because it never happened,1,Support,A,1,,,
1236,jaywhat makes you qualify as a design theorist  please be specific,why are you claiming one designer theres just as much evidence for a pantheon as there is a monotheistic god but you have the prior assumption the designer is your god and automatically rule them out when you say the designer,1,Support,A,1,,,
213,"As far as immigration is concerned all Ukip want is a level playing field for non EU migrants and to control the numbers so, if anything, Ukip are too soft on immigration.","There is also a democratic argument about who runs our country,  he added.",1,Support,A,0,,,
2000, there are documented cases of specific species adapting over time, i think  the case against evolution is wrong and misinformed,1,Support,A,0,,,
1289,i recommend this bookgod in the foxhole by charles sasser not that youll read it but hey its worth a try,in case you didnt see it their was an atheist or two in those foxholes but not for very long hahahasounds like a collection of anecdotal stories made by a biased source,0,Attack,A,1,,,
1757,i really feel sorry for you,the history of the bible including its compilation by the early church is quite well known,1,Support,A,0,,,
1124,id is ridiculously and obviously not   science   ,so are we asking if a telic force exists or are we trying to psychoanalyze the intentions behind itwhy are these two questions always independent  i would think that any theory of id that made no attempt to identify and analyze the designer was an incomplete theory,0,Attack,A,0,,,
1182,non sequitur,i dont think anyone who feels limitations should be brought to light about a theory is a   creationist  ,0,Attack,A,0,,,
10,If anyone seriously thinks that UKIP will offer some kind of answer to our current problems then I think that they are going to be sadly disappointed.,"In an interview with the Guardian, Mr Farage defended UKIP as a party where we've got some eccentrics, but we are addressing the people's real worries.",0,Attack,A,1,,,
2139,i think the bible is a great book its teachings are great but so are just about every other religion,oh really so blowing yourself and a bunch of other innocent people up in the name of allah is a great teaching,0,Attack,A,1,,,
784,People are not voting for UKIP because of immigration propaganda but because of their direct experience of immigration.,"Meanwhile, the Bulgarian President Rosen Plevneliev has warned that Britain's immigration policy could harm its image as a great global power that pioneered integration.",0,Attack,A,0,,,
2421,We should grant politicians immunity from prosecution,Immunity for politicians hurts the image of their office,0,Attack,A,1,,,
263,Many racists and especially xenophobes find the UKIP message appealing.,"He was a UKIP supporter, he said, because he wanted the UK to withdraw from the European Union, which is by no means a xeniphobic sentiment.",0,Attack,A,1,,,
2295,despite its price the ipad is still my favourite,you can get any other tablet for much less that has the same features,0,Attack,A,1,,,
1432,casey relies on the fallacy that undermining evolution somehow provides merit to id,luskin saysin the title of its first opening statement the ncse charges that id should be rejected because it is a religiously motivated attack on science,1,Support,A,0,,,
2609,one million voters disagree with you what do you think they saw in this movie that you did not,yes completely agree i loved this film watched it twice on successive nights what a clever storyline and full marks to sam rockwell wonderful actor,1,Support,A,1,,,
992,jumpstart helps us understand the eliminative nature of idit is difficult even improbable to imagine how such a process could happen without being jump started,how did life begin ,0,Attack,A,0,,,
1941, in the beginning, theres a definite difference between microevolution and macroevolution in the sense that with the moths and the finches there are minor changes that happen,1,Support,A,0,,,
2539,We should allow voting at 16 in European Parliament elections,This would complicate elections,0,Attack,A,1,,,
632,UKIP is a vessel through which a protest is being delivered. ,He argued that his party was on a journey from a party of protest to a party of government.,0,Attack,A,1,,,
961,while that is an interesting question it is hardly a scientific one,the the myths and stories of the bible were never meant to be taken as history in our sense of the word and certainly not   science  ,1,Support,A,1,,,
830,It is because of UKIP that we are finally discussing the European question and about immigration and thank goodness for that.,UKIP has evolved over the two decades since it was created from an anti-EU pressure group into a fully fledged party which has now proved that it can succeed beyond European elections.,1,Support,A,0,,,
253,"If UKIP have a good general election and manage to take a few seats then that can only benefit Labour, because all of the seats that UKIP can possibly, conceivably win - well they are all Tory seats.","The anti-European Union party is hoping to win the most seats in the contest, building on its strong poll ratings and success in last year's local elections.",1,Support,A,0,,,
2540,We should allow voting at 16 in European Parliament elections,EU elections would put young people off voting,0,Attack,A,1,,,
1103,and worse during the dover trials the judge came to conclude that based on the evidence presentedjudge joneswe will now consider the purportedly positive argument for design encompassed in the phrase used numerous times by professors behe and minnich throughout their expert testimony which is the purposeful arrangement of parts,yes when one sees a flower garden or mount rushmore for the first time one assumes the object was created by an intelligent being,1,Support,A,0,,,
1576,some people see it as a day to the lord is a  years,isnt one of those choices objectively true,0,Attack,A,1,,,
716,"UKIP's position is not reasonable, but racists and proto-fascist, considering they have nothing to say about the finance capital bombing of the economy, but to put all the blame for Europe's woes onto immigration.","There needs to be a clearer narrative on immigration, stressing not only the need to restrict numbers, but also to determine which individuals, with what skills, enter our country, he said.",0,Attack,A,0,,,
981,god stretched out the heavens,psyop asks rhetorically if the universe is expanding what happens when that expansion ceases first of all the expansion of our universe is an observed fact,1,Support,A,0,,,
1972, i definitely think it has something to do with everything as there is quite a lot of evidence for it e, no scientist can give strong evidence to support evolution      your dishonesty and ignorance of science proves you are not fit to even ask the question,1,Support,A,1,,,
395,"As far as immigration is concerned all Ukip want is a level playing field for non EU migrants and to control the numbers so, if anything, Ukip are too soft on immigration.","The Lib Dem echoed earlier comments by his party leader, Nick Clegg, arguing there should not be further restrictions on freedom of movement.",0,Attack,A,0,,,
2079,science has managed to show that life and non life are not distinct and are indeed simply a continuium of molecular complexity and function,you have got to be kidding me this has got to be one of the absolute dumbest things i have heard you are truly one confused individual if you can not tell there is a distinct difference between a living thing and a non living thing that nonliving things are missing something that living things have,0,Attack,A,1,,,
1898, yes evolution has hard scientific fact and the creationists put all of their faith in a book that is supposed to be the word of god but it was written by people, none of the things that people put forward as evidence of a god are evidence for a specific religion,1,Support,A,0,,,
1139,science was able to intelligently design flagellar function,science did not design the functionality scientists observed the functionality and developed theories on how it function  how that function came about,0,Attack,A,1,,,
2057,most pro lifers do not care about women hence why they are pro life,it is idiotic thinking like this that makes me respect you less and less,0,Attack,A,1,,,
1928, the bible says all will proclaim the name of the creator and acknowledge him as lord i want to point out the key word creator in there, god created the world we did not evolve from monkeys its in the good book,1,Support,A,1,,,
547,If anyone seriously thinks that UKIP will offer some kind of answer to our current problems then I think that they are going to be sadly disappointed.,I believe that what UKIP is doing is vital for this country.,0,Attack,A,1,,,
210,"The sooner we are out of the EU, the sooner we can start making this country great again.","It is doing the country serious damage because there are large numbers of potential investors in the UK who would bring employment here, who are being warned off because of the uncertainty all of this is creating.",0,Attack,A,1,,,
879,The success Ukip had in the european elections will be sufficient to galvanise one or preferably all the other parties to rid us of the EU's political influence.,I believe that what UKIP is doing is vital for this country.,1,Support,A,0,,,
2279,high vehicle cost,that is only a short term problem these vehicles will get cheaper in time,0,Attack,A,1,,,
1840,to each their own as a personal belief i have nothing against those that subscribe to creationism but feel strongly that it does not belong in schools,life consist of nothing but creations,0,Attack,A,0,,,
275,If UKIP is really the best our country can do for an alternative then we are all doomed.,"Labour saw their majority halved to under 5,000 in Thursday's poll as The UK Independence Party finished second, with a 24% share of the vote, so clearly people seem to think UKIP are not such a bad choice.",0,Attack,A,1,,,
268,"My observation is that UKIP often are reluctant to directly answer any questions of substance, which can be accounted for by the fact that they really have no policies.","UKIP have pledged to do more to help with the cost of living, more to turn the economy round, more to get immigration down, to sort out the welfare system.",0,Attack,A,1,,,
2316,no it did not a lot of bits were too far fetched and the whole story was very americanized,it was indeed a bit tacky at times,1,Support,A,0,,,
2641,this film is easily one of the best movies ive ever seen yes it is pretty easy to guess the ending but it still wasnt ruined by that fact it is a work of art it is rewatchable,i completely agree with the op i have just seen this movie and was really blown away by the beauty of it i think ill be rewatching it again real soon,1,Support,A,0,,,
1261,paulunfortunately a review of the entire corpus of actual scientific journal articles reveals an inconvenient truth the socalled empirical scientific truths of intelligent design creationism seem to be entirely missing,to sneer at aynrandinstitute and ayn rands philosophy is to fail to address the growing primary reason why people are deciding god is not an explanation of anything,1,Support,A,0,,,
1119,it seems that so far id has focused on malaria and on the bacterial flagellum which shares homology with the type three secretory system used by bacteria responsible for the bubonic plague,every time i hear a single word mentioned about the ttss and that it somehow gives flagellar   evolution   some credibility i lose a few months off my life span,0,Attack,A,1,,,
600,Young people have the most to lose by the UK leaving the EU yet UKIP have the nerve to believe that their view should prevail.,"The UKIP leader also stated that the priority for Britain should be to have more united communities and better job prospects for young people, rather than the economic benefits that some believe immigration can bring.",0,Attack,A,1,,,
95,Hopefully we will see our first UKIP MP before the general elections next year.,UKIP leader Nigel Farage said the party had made had made ''good steady progress''.,1,Support,A,0,,,
2089,he was not discussing abortion nor was he promoting it,and you fail to answer the question,0,Attack,A,0,,,
2556,Transparency is necessary for security,In security too much transparency endangers lives,0,Attack,A,1,,,
2264,i was about to post the same thing you get hesitant for a while but then forget all about it,not so sure about that after reading about the kidney and brain incident at kfc i do not think i will be going back there anytime soon,0,Attack,A,0,,,
1297,who designed the designer is a valid and important point and ids fatal flaw,by the very nature of its approach intelligent design cannot be satisfied with a designer who is part of the natural world,0,Attack,A,1,,,
1699,scientific evidence do you need i mean weve got writing from before  years ago evidence of mankinds making things over  years old,speaking as a nonchristian this argument that the days of creation could not be allegorical simply because the author used an ordinal and the phrase evening and morning is juvenile and unconvincing,1,Support,A,1,,,
408,"The sooner we are out of the EU, the sooner we can start making this country great again, and UKIP can deliver!","Ahead of May's local elections, Conservative cabinet minister Ken Clarke dismissed UKIP as a protest party and a collection of clowns.",0,Attack,A,1,,,
1200,islandthe wmap anamoly indicates that we are at the center of the universe   httpcerncourier,island referenced a  article however science does proceed and indeedabstract we apply the recently defined multipole vector framework to the frequencyspecific firstyear wmap sky maps estimating the lowl multipole coefficients from the highlatitude sky by means of a power equalization filter,1,Support,A,1,,,
840,"I don't think most people realise the benefits of free trade at all, and UKIP capitalise on peoples ignorance of the benefits of free trade as much as they can.","They say it would lead to legislative gridlock, a failure of the single market and an end to free trade as national parliaments adopted protectionist policies across the union.",1,Support,A,1,,,
369,A vote for UKIP is a vote to leave the EU and recover power over our national life.,Farage acknowledged that the first past the post system would make it difficult for his party to win a seat at Westminster and this would leave UKIP with little influence.,0,Attack,A,1,,,
110,"UKIP are a fairly right wing group as I'm sure will become clear when they actually produce some policies other than the ""its all the eu's"" fault.","With UKIP keen to be seen as more than a party which just campaigns on leaving the EU, the conference will also discuss defence, education and housing.",0,Attack,A,1,,,
2270,community is my favourite,i think community has dropped downhill after season ,0,Attack,A,1,,,
1689,aig decries scientists for making unproven assumptions while making many of their own,you are ignoring centuries of good scholarship including that in the last century specifically engaging the arguments of historical criticism and socalled higher reasoning,1,Support,A,1,,,
2423,European Parliament elections should involve only one voting district all of Europe and not separate country seats,One person one vote that will count in exactly the same way as everyone elses,1,Support,A,0,,,
178,"UKIP are a fairly right wing group as I'm sure will become clear when they actually produce some policies other than the ""its all the eu's"" fault.","UKIP never actually developed any body of thinking on mainstream British political problems, we have no idea what it would do in most areas, but I don't believe it would just be right wing blather.",0,Attack,A,1,,,
2231,i do not know if it will be found unconstitutional but there is an effort to simply get it repealed same effect in the end,well it is being challenged in the courts so the only way to overturn it would be to deem it no longer constitutional,1,Support,A,1,,,
2051,i read it in the text,well as we can see from other recent posts your reading comprehension is below high school level,0,Attack,A,0,,,
595,"UKIP will lead the UK to independence from the oppressive EU, which is the only chance Britain has at restoring its former glory.",UKIP says it is campaigning on a pro democracy message - aiming to rejuvenate local politics.,1,Support,A,1,,,
1511,it is not entirely clear to me who you are inditing for being rude so i wont attempt to defend them,i cant say i agree with too much of what zebrakin said so i wont defend him,0,Attack,A,0,,,
1917, all animals share the same dna so we must be related if you look at the evidence something religious people dont do you will see that there is more evidence for it than against it, you dont have to believe anything,1,Support,A,0,,,
1933, there are lots of proofs that show evolution is not at all a proper scientific law which can give a perfect explanation to human appearance, i do agree that evolution is wrong in the sense that it does not explain or support our existence,1,Support,A,0,,,
1668,what do you think,was the earth created in six days or six thousand years  all evidence points to a accretion of material over the course of millions of years several starting around  billion years ago,0,Attack,A,0,,,
2114,biomorphs are an embarrassing attempt to explain just how a complex structure such as an eye might come about by gradual mutations except they only do this by fooling you into believing the program mimics a natural possibility when it can not not when you are running the program and interfering at will,no they are not you quote a web site that is not dawkins interpretations of biomorphs and suggest that the web sites interpretation is what dawkins created biomorphs for,0,Attack,A,1,,,
406,"I suspect that even if political parties addressed many of the concerns that UKIP raise, it wouldn't make any difference - the UKIP voter would still find something about modern Britain objectionable.",But Mr Farage said he believed the number of Tory MPs committed to EU withdrawal was really rather small and those that were should consider whether they were in the right party.,0,Attack,A,1,,,
2582,i remember being underwhelmed when this first came out but enough time had passed when i caught it on tv so perhaps i had just been in the wrong mood back then maybe this time ill enjoy it but no,this film is totally vacuous and the plot is unbelievable no way could everyone become infertile and if they did no way could one fertile woman save the planet,1,Support,A,1,,,
1586,there are two possibilities about the origin of the universe it blinked into existence,read genesis chapter ,0,Attack,A,1,,,
1677,of all of aigs silliness i think this one is the winner,i believe that the day creation of the universe as we know it today has to be taken literally even though scripture does say that one day in the eyes of the heavenly father is like a thousand years,0,Attack,A,0,,,
1565,the bible is the most published and most wide spread book of all times,people tend to focus on the trees,0,Attack,A,0,,,
2353,among the best for sure,yes i agree on that,1,Support,A,0,,,
844,UKIP are a joke outfit full of small-minded Neanderthals who think the 1950s are the future.,"UKIP are certainly trying to professionalise, to move away from its more amateurish origins, but they seem to fail to do so.",1,Support,A,1,,,
335,Big business will not support UKIP given the devastation that withdrawal from the EU would cause.,"We simply cannot go to the British people and say to them support the European Union, we are going to reform it in the future.",0,Attack,A,1,,,
1888,its called the theory of evolution for a reason,ignorance of terminology,0,Attack,A,1,,,
445,"UKIP doesn't understand that young people are, by and large, progressive.","Mr Farage had an upbeat message for activists at his local elections campaign launch on Wednesday, saying UKIP was attracting more young members - the party says more than 100 of its candidates are under 25.",0,Attack,A,1,,,
2551,Transparency is necessary for security,Transparency is a good in and of itself,1,Support,A,0,,,
864,A vote for UKIP would be a vote for a Tory-UKIP alliance that would be more right-wing than a Tory government.,He said UKIP was clearly taking a very right wing position which pandered to an obvious anti-Europeanism.,1,Support,A,0,,,
2459,All nations have a right to nuclear weapons,The threat of nuclear weapons falling into the hands of rogue states and terrorists increases as more countries possess them,0,Attack,A,1,,,
2250,i would suggest just buying a tablet either an ipad or any android tablet no need to pay the cost of a laptop,some tablets are more expensive than laptops so i propose to buy a laptop or a netbook,0,Attack,A,1,,,
2543,We should force think tanks to reveal all of their sources for resource funding,The status quo promotes nontransparency,1,Support,A,1,,,
545,"Ukip has British values, wants to get British industry kick started back to the fore front again, become more self-sufficient.",The Lib Dem leader also argued that being in the EU meant that we keep ourselves safer because we can go after cross-border crime and terrorism and that we can look after the environment in a way which we can't on our own.,0,Attack,A,1,,,
422,"I sense that Farage is a total megalomaniac, a charlatan, someone who is in it for the attention and the glory and that in a strange way, that many UKIP voters know this but don't seem to mind.","UKIP's call for withdrawal from the EU remains popular at European elections, and Farage's party has a known political brand.",0,Attack,A,1,,,
665,UKIP and the Greens are the only parties to date that haven't screwed us all over.,UKIP say it proves their message is cutting through regularly.,1,Support,A,0,,,
134,Plenty of survey's have shown UKIP to be the most hated of the main parties.,"At the final tour stop, in Tunbridge Wells, Kent, he told supporters in the town centre UKIP was drawing support from across the political spectrum, not just disaffected Tory voters as the media assumed.",0,Attack,A,1,,,
1481,i appreciate that you are making attempts to answer all these issues,but i certainly do believe that nature exhibits intelligence and design not to mention beauty and love,0,Attack,A,0,,,
1184,the actual limitations that creationists try to bring to light are nonsense,from a review of explore evolutioncounterclaims follow that seek to undermine the earlier conclusions including the circular reasoning of the molecular clock the potential fabrications of haeckels ontogeny recapitulates phylogeny how differing family trees are created via anatomical and molecular patterns of relationships and the meaning of gaps in fossil evidence,0,Attack,A,1,,,
554,"Whatever you think of UKIP, you've got to admit that Farage is a superb speaker.","He's very outspoken - even the people who don't share his message think that he's a great speaker and fun to listen to, says Soini.",1,Support,A,0,,,
1410,tjopen debate is all we are asking for,some places do seem more open to honest debate over evolution rather than just trying to brainwash kids,0,Attack,A,0,,,
1307,an underlying assumption of id is that intelligence is a property which we can generally understand through our observations of intelligent agents in the natural world, without a scientific definition of natural scientists cannot distinguish between natural explanations and supernatural ones,0,Attack,A,0,,,
390,"If UKIP don't like being smeared, then they need to stop smearing, stigmatising, and fear mongering about others.","His team sell a rather low-grade tea towel bearing the face of Herman Van Rompuy, the president of the EU council, with the slogan genuine Belgian damp rag.",1,Support,A,0,,,
294,People are not voting for UKIP because of immigration propaganda but because of their direct experience of immigration.,"And with the UKIP riding high in national opinion polls, Mr Farage has predicted it will win seats in each of the 34 councils where elections are being held.",1,Support,A,0,,,
410,"I and many others will be voting UKIP not because of a handful of people that have said stupid things, it will be because I identify and agree with their overarching principles.","Asked if this meant he was calling UKIP racist, he replied of course it is racist, of course, who doubts that?",0,Attack,A,1,,,
1716,the scientific investigation into the question of the age of the earth and of the universe has been going on for hundreds of years,maybe get someone to do your studies who doesnt pay a tithe  someone who perhaps doesnt own a   bible  ,1,Support,A,1,,,
223,Cameron had it right and UKIP could tip the balance towards Labour in the crucial marginal seats in the GE where the battle will take place .,"UKIP is getting itself now into a position in some of the marginals where it is a serious contender to win seats in Parliament, and not just split them.",1,Support,A,1,,,
1721,the young earth creationist dogma demands that the obvious features of the earths geology can not exist,the young earth creationist dogma demands that the obvious features of the earths geology can not exist,0,Attack,A,0,,,
394,A forensic examination of UKIP's policies would nail once and for all the Establishment lie that they're a bunch of swivel-eyed lunatics.,UKIP Councillor David Silvester said floods had happened after David Cameron acted arrogantly against the gospel.,0,Attack,A,0,,,
344,The success Ukip had in the european elections will be sufficient to galvanise one or preferably all the other parties to rid us of the EU's political influence.,"UKIP is still a party driven by a fundamental desire to get Britain out of the EU, and it's Conservatives, or at least Conservative leaners, who are the bulk of its supporters.",1,Support,A,0,,,
409,Support for UKIP simply indicates that people have noticed that the major parties do not represent their interests.,"Our previous best-ever by-election result, a fortnight ago, was 14.3% and this one is comfortably over 20%, so, whichever way you look at it, UKIP is on the rise.",1,Support,A,0,,,
74,I think it's far too simplistic to argue all UKIP supporters are racist - there is a real groundswell against the political establishment which over the past 20 years or so has started to converge in terms of image and policies.,Conservative voters instinctively know what the right thing is but unfortunately the Conservative Party doesn't so many dienchanted people ave been flocking to UKIP.,1,Support,A,0,,,
2346,i guess it might change your habits for a couple of days or maybe weeks but after that you will probably forget the whole thing and continue eating junk food,i was about to post the same thing you get hesitant for a while but then forget all about it,1,Support,A,0,,,
138,"I would say it's the anti-ukip brigade who have no substance to their argument (or facts), they simply shout ""racist"" with nothing to substantiate this slur, or become crude and insulting.","Commentators have predicted success for UKIP in the forthcoming European elections, but the borderline racist views of some of its outspoken members have caused a headache for the party leader.",0,Attack,A,1,,,
728,"Ukip has British values, wants to get British industry kick started back to the fore front again, become more self-sufficient.","He also warned that if a proposed referendum led to the UK leaving the EU, there would be dire consequences for the country's global influence.",0,Attack,A,0,,,
222,"On voting day, this week the vast majority of the British public will not vote for UKIP.","At the 2010 general election,  support dwindled to 3.1% and UKIP did not win a Westminster seat.",1,Support,A,0,,,
1987, i think evolution is a far better explanation than the idea that the world is  years old and theres a guyinthesky, genetic tests have proven that we are very closely related to certain apes a branch on the same family tree,1,Support,A,0,,,
1198,the first point stressed in my college biology class was in fact that we as scientists cannot ascribe purpose to chemical and biological functions,jay richards says theres especially intriguing evidence of design in cosmology physics and astronomy,1,Support,A,1,,,
2375,probably apple they keep making all the wrong marketing moves,it also seems to get harder and harder for them to innovate,1,Support,A,0,,,
481,UKIP will not improve public services.,"Mr Farage is expected to focus, in his speech at lunchtime in Exeter, on what he sees as the impact of immigration in working-class communities, putting pressure on public services and squeezing wages.",0,Attack,A,1,,,
2267,nowadays you ca not find food that is  percent healthy and natural stories do not really make me change my habits just make me hesitate sometimes,but you can find food that is  percent unhealthy and unnatural,0,Attack,A,0,,,
2098,you want to talk pain i wish the proinfanticide zealots could experience being dismembered and having their skulls collapsed and their brains sucked out so theyll know what an innocent baby feels when its being aborted,you mean like how you suck any rationale thought or discourse from a debate topic,0,Attack,A,1,,,
2519,We should negotiate with terrorists,Negotiation encourages moderation,1,Support,A,0,,,
1548,actually i meant to say that if adam and eves children had to practice incest in order to go forth and multiply then it meant that god ordained it,werent covered under mosaic   law  ,1,Support,A,1,,,
499,A strong UKIP vote suggests there's a lot of the British public who aren't on board with the current set-up.,"Deputy Prime Minister Nick Clegg, whose Liberal Democrats oppose a referendum, said leaving altogether would make us less safe because we co-operate in the European Union to go after criminal gangs that cross borders.",0,Attack,A,1,,,
1919, the evidence has it, and the reason why there are so many species that arent on this planet any longer,1,Support,A,0,,,
2323,salamanca historical pretty and the best,i have never been but a friend strongly recommended it and it is off the beaten track,1,Support,A,0,,,
2257,maybe it is a bit too industrialised,but there are very nice beaches nearby,0,Attack,A,1,,,
1645,it has been translated for about six thousand years,you are an intellectual and people like you have the hardest time believing anything let alone trying to intellectualize the bible or god or anything like it,0,Attack,A,0,,,
1245,in the th century fundamentalist supported the idea that new species appear abruptly catastrophism,like all theories evolution has changed over the years because of new evidence was discovered,0,Attack,A,1,,,
2395,We should ban religious symbols in public buildings,Many symbols are seen as a symbol of oppression on women,1,Support,A,1,,,
994,saying there are experts on intelligent design is like saying there are experts on astrology,what always gets me with the intelligent design crowd is that in their aim of inserting an external designer into the mix of biological science they seem to miss or deliberately avoid one glaring fact  once life exists with varying degrees of success life designs itself according to the rules established by its environment and its own specific nature,1,Support,A,1,,,
2253,nobody buys books anymore,lots of people buy books now a lot of people still prefer the feel of paper,0,Attack,A,1,,,
1558,from here we can see that the bible already is going to not have any sort of  exact meaning,in  when questioned by clarence darrow william jennings bryan stood by the bible,1,Support,A,1,,,
1867,ok,wow,1,Support,A,0,,,
1041,specifically the theory predicts that we will find large amounts of specified complexity in natural objects,i am an experimental scientist,1,Support,A,0,,,
1965, of course evolution is real as someone said it is fact there is no arguing and i find it really funny that people who agreed with someone on this side in saying evolution does not contradict god have actually put their comments on the for side its ridiculous you cant deny something thats being proven and i know this isnt the side for it but do i believe in god no and im the only one with any proof unless you dont count the fact you cant see or hear and then have the excuse yeah but i have faith as proof   and one more things those of you that think we evolved from monkeys its apes for a start and just because you are not a scientist and emencly intelligent like them and cannot understand the process dont make it any less true so to some up evolution is fact weather god is real or not maybe open your mind to the thought that evolution could be the answer to how and not why, the theories of evolution and creationism are not mutually exclusive but are actually complimentary,1,Support,A,1,,,
238,"I don't see UKIP as being far right, they're just further right than the rest who have congregated arund the middle ground.","The whole political scene is changing; it's changing because of the strength of UKIP, and I'm pleased about that.",1,Support,A,0,,,
2344,when you are in your user profile and you select go to question it does not show the entire question tree,thank you for your feedback it will be fixed in the next update,1,Support,A,0,,,
381,"If you want an insight into just how mad and bad UKIP are, go and read what their members, candidates and supporters write on the Telegraph.","The UK Independent Party says it is the only party which will pull the UK out of the European Union, a vital process according to them.",0,Attack,A,0,,,
2214,they did way back when the us did too,and way back when they were legally able to defend themselves to,1,Support,A,1,,,
1126,why are these two questions always independentbecause   science   as we know it today can only answer one of them,because   science   as we know it today can only answer one of them,0,Attack,A,0,,,
53,"UKIP are just another bunch of freeloaders, using peoples fears and prejudice to gain votes so that they can get their snouts into the trough.","We see large and growing Muslim communities which are set against integration with the rest of us, and UKIP are the only ones willing to discuss these things.",0,Attack,A,1,,,
2611,this movie absolutely fell flat after the discovery at the crash site was made,although it could be argued any form of tension went out of moon after its plot twist half way through it was still compelling seeing the clones of the original sam contemplate their situation and face the truth made for intriguing drama,0,Attack,A,1,,,
435,It is more likely that Tory voters would vote tactically for UKIP to keep Labour out and that means Labour are at a real disadvantage. ,"UK Independence party leader Nigel Farage has said he is expecting a big swing to his party in the seat, with most polls carried out in the seat putting the party third, ahead of Labour.",1,Support,A,0,,,
951,we dont know but we do know a designer wasnt involved,pvm the quotewe dont know but we do know a designer wasnt involved,0,Attack,A,0,,,
358,"UKIP are a two trick pony, Europe and immigration that's it.","UKIP's views are very different compared to the three main parties, and not just on immigration and the EU!",0,Attack,A,1,,,
2085,read what i actually wrote for a change,this is what socially inept losers do when they know their argument is deny they ever made one,0,Attack,A,1,,,
2435,Bribery is sometimes acceptable,Bribery is sometimes the cost of doing business,1,Support,A,0,,,
2146,you do get critized for talking about god any other god other than the christian god that is,in your own little fantasy world,0,Attack,A,1,,,
826,UKIP will continue to grow as will the arrogance of the other parties.,Small parties have a habit of disintegrating into internal warfare or being wiped out by the vagaries of the electoral system and political fashion - British politics has seen a few come and go over the years.,0,Attack,A,1,,,
617,UKIP and the Greens are the only parties to date that haven't screwed us all over.,UKIP say it proves their message is cutting through regularly.,1,Support,A,0,,,
2633,once you know all the in and outs or all the magic tricks of the movie i dosnt seem as good,i think it gets better you notice little things you get more into looking at the picture not just fitting the pieces,0,Attack,A,1,,,
1058,in fact the history of life shows a pattern of explosions where new fossil forms come into existence without any clear evolutionary precursors concurring with design theory that predicts that species might appear abruptly,in fact the history of life shows a pattern of explosions where new fossil forms come into existence without any clear evolutionary precursors concurring with design theory that predicts that species might appear abruptly,1,Support,A,0,,,
2333,maybe you could have a cake sale,indeed a cake sale sounds like a good idea,1,Support,A,0,,,
2599,rarely have i watched and rewatched a movie with such spectacular cinematography,loved the blood splatter on the camera too gave it that feel of being right there with a war correspondent the timing of everything was incredible,1,Support,A,0,,,
903,teaching creationism is in no way akin to child abuse,attempts to teach the creationismevolution controversy to students are disingenuous promotions of activist christians,0,Attack,A,1,,,
669,"UKIP is a not a real party, with a clear global ideology and vision addressing all aspects of society: it is focusing on a handful of issues (all centered around membership in the EU and migrants), mostly ignoring global financial issues, health, education, security etc.","I believe that what UKIP is doing is vital for this country, and of course the party's financial management is crucial.",0,Attack,A,1,,,
958,the purpose of the spiritual realm has never been to say how but why,science is about how things work,1,Support,A,1,,,
755,"In UKIP, we have a new political force which looks likely to poll very well in a national election on thursday.","Mr Farage will tell members at the conference in London that, by the 2015 general election, UKIP will overtake the Lib Dems in terms of its support base.",1,Support,A,0,,,
316,If UKIP are wise they will alter their attitude about the NHS and public services in general.,"Under UKIP's plans, migrants would have to provide their insurance details when they registered with a GP and the costs of any treatment would be recovered from insurers by the NHS, which seems like just more admin work",1,Support,A,0,,,
497,"I think Farage makes a much better leader than any of the other parties, he's full of enthusiasm and is not a PR man like the current leaders of the 3 main parties.",And they also seemed very thankful to have the colourful Nigel Farage back as party leader.,1,Support,A,0,,,
415,A forensic examination of UKIP's policies would nail once and for all the Establishment lie that they're a bunch of swivel-eyed racists and sexists.,But UKIP MEP Godfrey Bloom told the same event he and party leader leader Nigel Farage wanted an invitation to a bunga bunga party hosted by former Italian prime minister Silvio Berlusconi.,0,Attack,A,1,,,
18,If UKIP is really the best our country can do for an alternative then we are all doomed.,UKIP Oxfordshire councillor David Silvester was suspended recently after he said in an interview that changing the law to allow gay people to marry had caused floods.,1,Support,A,0,,,
734,UKIP doesn't need to win power to force the changes people want.,One Conservative MP has suggested his party consider a pact with UKIP at the next election.,1,Support,A,1,,,
2100,i also think it is noteworthy that the pro life movement is really making a difference if anything to hit the polls in elections and send the message that we are tired of a cheap view of life in this nation,funny did not hear them complaining about the iraqis dying in the street also they did not seem to mind that the abortion rate which was declining under clinton has been rising under bush,0,Attack,A,1,,,
1634,obviously you havent done much reading on the aig website,first of all you are sriritualy diserned from understanding until god moves upon your heart mind  core being,0,Attack,A,0,,,
1869,the flu virus doesnt evolve it mutates,mutation and natural selection are the two driving forces behind evolution,0,Attack,A,1,,,
674,"UKIP are a two trick pony, Europe and immigration that's it.","The charge put by its deputy leader David Campbell Bannerman when he defected to the Conservatives in the wake of the May elections was that UKIP remained, at heart, a single issue pressure group.",1,Support,A,0,,,
2111,i have not studied evolution according to your way of thinking,really what a surprise so tell me if you do not know what it is or how it works how do you know that you are opposed to it,0,Attack,A,1,,,
1419,today one of the fundamental goals of scientists studying the theory of   evolution   is to figure out how life on earth began,the origins of life are the focus of a great deal of study but it focuses more on biochemistry then   evolutionary biology   as there was nothing to evolve before the first cells existed,0,Attack,A,1,,,
473,"UKIP do not bear scrutiny either as a coherent policy offer or a group of potential ministers , they are an insurgent party of protest with one message.","He said it was proof that UKIP is no longer just a protest party and is broadening its appeal across the country, not just the south of England.",0,Attack,A,1,,,
1158,icdesign is suddenly not interested in hearing about science anymore, what features of the complexity of the cell points to intelligent design how does the complexity of the cell point to intelligent design these are the kinds of questions you should be answering with this argument,1,Support,A,0,,,
2161,here in new hampshire not known as a bastion of liberalism civil unions passed the state legislature this year i am now covered under my partners state sponsored he is a state worker health insurance we are grateful,oh i hear you i am covered by my partners insurance here as well i would not have been able to get the insurance if we were not legally a union,1,Support,A,0,,,
965,  when materialist impose the supernatural all they are doing is saying somethings are beyond being explained through nature and by science,jumpstartwhen materialist impose the supernatural all they are doing is saying somethings are beyond being explained through nature and by science,0,Attack,A,0,,,
2016, yes if what you are saying is true then im for it, no it is not falling apart,0,Attack,A,1,,,
843,"The sooner we are out of the EU, the sooner we can start making this country great again.","That said, Lord Davies told peers the bill was an excellent idea, because he was quite confident that any such inquiry would decide that the benefits of EU membership outweigh the costs.",0,Attack,A,1,,,
1024,the response to my comment id contradicts itself is a series of peculiarly unclear assertions,the response to my comment id contradicts itself is a series of peculiarly unclear assertions,0,Attack,A,0,,,
1884,evolution has actually never been observed,your definition of faith is atheistic it actually denotes the essence of the term foolish,1,Support,A,1,,,
1725,if the   bible   is to be taken literally then wouldnt a literal interpretation include a literal interpretation of genesis,by supporting the idea that the bible stands or falls on a  day creation you have proven dr,1,Support,A,1,,,
1553,several scientists have already admitted that the account of creation as described in genesis has definite validity,ricardo the bible was definitely written as is,1,Support,A,0,,,
927,grayling explains in his review of fullers latest book quite well how id is doomed to remain scientifically vacuousfuller has written about popper he seems to forget poppers killer point namely a theory that explains everything explains nothing,pvm wrote however this is false and misleading,0,Attack,A,1,,,
582,A strong UKIP vote suggests there's a lot of the British public who aren't on board with the current set-up.,"He said the UK should quit the EU, with the referendum being moved forward.",1,Support,A,0,,,
517,UKIP are not a single issue party anymore; UK Sovereignty is the crux of their party political platform but they've certainly expanded from that singular issue in recent years.,UKIP has evolved over the two decades since it was created from an anti-EU pressure group into a fully fledged party which has now proved that it can succeed beyond European elections.,1,Support,A,0,,,
2318,barcelona it is the most beautiful city in spain and probably in europe ,barcelona is fantastic beautiful place and friendly people,1,Support,A,0,,,
1108,in his latest book edge of evolution behe attempts to define this edge by pointing to malaria as an example of a designed system in which according to behe two simultaneous mutations are required and given the estimated probabilities of  in  this may be quite unlikely,the following is a quote from your points quote the more parts that appear to be arranged for a purpose and the more precisely they fit each other to achieve that purpose the more and more confident we can be in our conclusion of design,0,Attack,A,1,,,
1556,its not that cut and dried,look at it like this,0,Attack,A,0,,,
1868,wow,the flu virus doesnt evolve it mutates,0,Attack,A,0,,,
1596,so youre saying that because it is written in the bible that god created the universe in the manner described then it must be true i dont even know where to begin on this one,you havent made a point at all,0,Attack,A,1,,,
940,these two moves ruling out regularity and then ruling out chance  constitute the design inference,pvm is confused,0,Attack,A,1,,,
72,I suspect when people do start to focus and the election is close UKIPs incoherent policies will be exposed.,"UKIP faces all the organisational and financial trials of a small party, with some of the responsibilities and profile of a much larger political organisation, leaving little time to develop coherent policies.",1,Support,A,0,,,
1906, im against it   ahh i love the arguments in everyone the against it section, you see a building and you have proof there is a builder,1,Support,A,0,,,
1096,and it never has and never will,the biologic institutemy my what nonsense,0,Attack,A,1,,,
2554,Transparency is necessary for security,Transparency prevents or corrects mistakes,1,Support,A,0,,,
646,It is because of UKIP that we are finally discussing the European question and about immigration and thank goodness for that.,UKIP leader Nigel Farage said the UK had no real control over either the number or the type of migrants that were settling from elsewhere in the EU.,1,Support,A,1,,,
967, pvm why would materialists impose the supernatural this just does not make sense,jumpstarti reckon well have to take your word on your christianity,0,Attack,A,1,,,
1707,once again we are attempting to split hairs over things that are beyond the frailty of the human brain,i am not disputing god and i hardly think the difference between a day and a billion years or so is splitting hairs,0,Attack,A,1,,,
2184,it is helpful if one understands evolution before one attempts to debunk it,i know what you mean you should see some of the other books he has at his site as well,1,Support,A,0,,,
264,UKIP are asking the questions that haven't been asked by the opposition or the media.,"Addressing party members in Birmingham, he predicted UKIP would cause a political earthquake - particularly now that the EU leaders' desire for a fully federal Europe was out of the bag.",1,Support,A,0,,,
354,"The momentum is definitely with UKIP at the moment, hopefully that will continue with the up and coming by-elections.",He said the UKIP had never been more important for our freedom as a self-governing democracy and had to go on telling the truth about Europe.,1,Support,A,0,,,
2220,fearmongering is what that is called,uh yeah that was their intent under color of law no less,1,Support,A,0,,,
1673,if the existence of a fossil record contradicting parts of the bible then that does not disprove in and of itself the fossil record,it is indeed spiritually immature to equate death and decay with evil,1,Support,A,0,,,
2175,i apologise if i have offended you jason furthermore i must admit that i do not actually own a camel,apology accepted i kind of figured you did not,1,Support,A,0,,,
1170,intelligent design works off positive predictions about where experience tells us that   intelligent design   is the cause at work,meaningless nonsense of course,0,Attack,A,1,,,
2179,i accept that the theory of evolution explains the observations both gentically represented and those of the fossil record,and it explains observations about morphology and physiology about successions of flora and fauna,1,Support,A,0,,,
1263,youre lucky not enough people know or care enough about your religion to throw out opinions based on it presented as science philosophy logic or fact on the spot,hello richardi admire your wealth in cash funds,0,Attack,A,0,,,
569,"The UKIP party is a populist party at the right end of the spectrum, which exploits people's fears of the foreign and unknown.",The committee said the EU had helped to transform Europe from a continent of war to a continent of peace.,1,Support,A,1,,,
719,UKIP is the only party that has understood the damage immigration does to the UK and its policies aim at repairing this.,The Bulgarian President Rosen Plevneliev has warned that Britain's immigration policy could harm its image as a great global power that pioneered integration.,0,Attack,A,1,,,
1406,the national center for science education does not as its name implies promote and support science education in the united states in a general sense,daveis there credible scientific evidence that life was designed yes,0,Attack,A,1,,,
191,I think it's far too simplistic to argue all UKIP supporters are racist - there is a real groundswell against the political establishment which over the past 20 years or so has started to converge in terms of image and policies.,"The UKIP candidate Richard Elvin came second with 5,988 votes, marking an impressive result for the party.",1,Support,A,0,,,
1216,you mean ones like wmap shows that we are at the center of the universe or the quote of carterwell i realize that one does remain the goldilocks enigma is a falsifiable observation that makes testable predictionsas i already explained though observations are seldomly falsified as they are based on observed data,having been asked to contribute a discussion of the anthropic principle for a colloquium on cosmology i would start by recalling that although its original formulation  was motivated by a problem of cosmology diracs and although many of its most interesting subsequent applications such as the recent evaluation  of the dark energy density in the universe have also been concerned with large scale global effects the principle for which i introduced the term anthropic is not intrinsically cosmological but just as relevant on small local scales as at a global level,1,Support,A,0,,,
824,UKIP are in no way a single issue party and if Labour or the Conservatives were to give us a referendum UKIP would still have a full manifesto that would attract many voters.,"UKIP are certainly trying to professionalise, to move away from its more amateurish origins.",1,Support,A,0,,,
2538,We should allow voting at 16 in European Parliament elections,This would be a slippery slope to forcing all countries to allow the vote at sixteen for all votes,0,Attack,A,1,,,
1609,the argument youre making would make sense if we could all just go up to god and ask hey is this true and god could give his answer directly to anyone who asked,this is so because it has been proven,1,Support,A,1,,,
64,The reason why UKIP has gained so many votes is because the main parties refuse to deal with immigration and the EU.,"Isolating Britain and damaging Britain's reputation is not the right history to write, he said.",0,Attack,A,1,,,
1652,everything i say is correct regardless of logic or evidence that attempts to prove me wrong,while aig tries to defend genesis with the weakest possible argument answers in creation explain genesis i in a way that gives it a literal interpretation that is still in line with   science  ,1,Support,A,1,,,
1211,carter points out that the coincidence found by bondi belonged to three classes the traditional kind  without use of the anthropic principle  those which only require the use of a weak anthropic principle and  those which require the invocation of an extended and hence rather more questionable strong anthropic principle,is actually quite simple,1,Support,A,1,,,
291,A strong UKIP vote suggests there's a lot of the British public who aren't on board with the current set-up.,"UKIP has reached unprecedented heights in the opinion polls under Mr Farage, coming second in the European elections in 2009 and winning hundreds of seats in May's local elections.",1,Support,A,1,,,
126,"If you want an insight into just how disorganised UKIP are, go and read what their members, candidates and supporters write on the Telegraph.",The party's campaigning effort has become far more professional and well-funded in the past two years as a result.,0,Attack,A,1,,,
923,i understand why id proponents would like to embrace newton and others as relevant to id,archfilejockey quoted kent hovind as saying asking an atheist why he cant find god is like asking a thief why he cant find a police officer,1,Support,A,0,,,
2646,i really liked this movie a lot loved the performances of all the actors and even the story but was not quite convinced with the ending,when i saw the movie the first time yes but after multiple viewings i considered it one of the most satisfying endings i have seen,0,Attack,A,1,,,
1372,the u,here is irons response to the so called rebuttalreply to rebuttalby peter ironsthe pages of a respected law review are rarely filled with such pejorative terms as smear and innuendo poisoning the well and personal attacks,1,Support,A,1,,,
1072,in arguing for the existence of god dr,of course id has to move from its position of ignorance to a position which allows it to be fully reconcilable with science namely by arguing a position of front loading which moves the design event to coincide with the big bang,1,Support,A,0,,,
640,The success Ukip had in the european elections will be sufficient to galvanise one or preferably all the other parties to rid us of the EU's political influence.,UKIP says it is campaigning on a pro democracy message - aiming to rejuvenate local politics.,1,Support,A,1,,,
364,"The momentum is with UKIP; Labour, Conservative and Liberal areas are all now vulnerable to them. ","He claimed UKIP could top the polls in the 2014 European elections if it could could take 27% of the vote, and recalled it has risen from third to second in last euro elections.",1,Support,A,1,,,
1554,ricardo the bible was definitely written as is,its not that cut and dried,1,Support,A,1,,,
833,"The ratio of nutters in UKIP is far higher than in other parties, especially so since they seem determined to take all the Tories' fruitcakes off them.",UKIP leader Nigel Farage said any members proven to have extreme right wing views would be expelled.,0,Attack,A,1,,,
859,"If UKIP want to retain these voters and attract more in a general election then they need to come up with policies other than ""leave the EU"" and ""its all the immigrants fault"".","In 2006, the lower-key Knapman retired, to be replaced by Nigel Farage, an eye-catching media performer who pledged to make UKIP a truly representative party, ending its image as a single-issue pressure group.",0,Attack,A,0,,,
1528,so luskin is accusing ncse of being both antireligion and proreligion,after all he is just trying to compete with your legacy nick,1,Support,A,0,,,
1940, on what day did god make the fossils  very simplistic yes it is, in the beginning,1,Support,A,1,,,
1199,jay richards says theres especially intriguing evidence of design in cosmology physics and astronomy,islandthe wmap anamoly indicates that we are at the center of the universe   httpcerncourier,1,Support,A,1,,,
73,"In fact, all UKIP seems to talk about now is withdrawl from the EU without any genuine policy around UK's domestic economy.","UKIP has reached unprecedented heights in the opinion polls under Mr Farage, prospering in May's local elections.",0,Attack,A,1,,,
509,"UKIP is certainly NOT racist or xenophobic - if you, as I'm you have done, read our policies on the website there is no suggestion of this at all, it is more a rumour and conspiracy of the lefties. ",Amjad Bashir was responding to comments on Wednesday's Daily Politics from ex-deputy PM Lord Heseltine that UKIP was a racist party.,0,Attack,A,1,,,
2315,great i loved him a fantastic actor,indeed he was amazing,1,Support,A,0,,,
32,"If UKIP have a good general election and manage to take a few seats then that can only benefit Labour, because all of the seats that UKIP can possibly, conceivably win - well they are all Tory seats.","The United Kingdom Independence Party (UKIP) is now a significant contributory factor in costing the Conservative Party victories in marginal seats, his report says.",1,Support,A,1,,,
1043,i am an experimental scientist,i only need one sentence to reply to this can the   existence   of a designer be verified by the scientific method  oh it cant oh darn,0,Attack,A,1,,,
2205,five maybe ten sentences lean a direction and you invalidate the whole article good luck finding a news article that is completly objective and balanced,nice succinct summary on the state of affair with liberal journalism today,1,Support,A,0,,,
1268,discovery institute writes ,the informational signaturesonly conscious beings produce signatures,0,Attack,A,0,,,
648,"ukip's policies on health, education, taxation and all the things that affect peoples lives are non-existent.","We have fundamentally changed the national debate on Europe, immigration, education and I really believe that given the trajectory UKIP's on there is a real opportunity for us to get significant representation in 2015.",0,Attack,A,1,,,
281,"I voted Tory for 30 years and started supporting UKIP because I want a sovereign, democratic , well governed Britain with Britain put first and its getting clearer by the day that the old Liblabcon parties will not do that.","Mr Cameron had given away too many powers and too much money to Europe, Farage said.",1,Support,A,0,,,
193,"The UKIP party is a populist party at the right end of the spectrum, which exploits people's fears of the foreign and unknown.","Then there is UKIP's founder Alan Sked, who wrote to the The Times to say that UKIP has been fooling its voters and members for far too long.",1,Support,A,1,,,
1993, and what proof do you have for intelligent design      microevolution is indisputable, evolution is correct,1,Support,A,1,,,
557,UKIP are a joke outfit full of small-minded Neanderthals who think the 1950s are the future.,Mr Farage has successfully broadened UKIP's appeal away from Europe.,0,Attack,A,1,,,
59,"Any of the ""working class"" who believe UKIP will represent them have not read a UKIP manifesto!","But it caused tensions in the Tory ranks, with Mr Cameron accused of being out of touch with his grassroots.",0,Attack,A,0,,,
873,"I think Farage makes a much better leader than any of the other parties, he's full of enthusiasm and is not a PR man like the current leaders of the 3 main parties.","I was delighted to cast my vote for [UKIP leader] Nigel Farage's team in Sussex, where I live, said Lynam.",1,Support,A,0,,,
620,"The sooner we are out of the EU, the sooner we can start making this country great again.",The Lib Dem leader also argued that being in the EU meant that we keep ourselves safer because we can go after cross-border crime and terrorism and that we can look after the environment in a way which we can't on our own.,0,Attack,A,1,,,
2490,The US should ban cluster bombs,Cluster Bombs Can Be Improved,0,Attack,A,1,,,
673,"If we leave the EU we will save billions of pounds which can then be invested in our ailing national infrastructure, notably the NHS.",Former Europe Minister Denis MacShane said the EU was Britain's biggest trading partner.,0,Attack,A,1,,,
642,"If UKIP want to retain these voters and attract more in a general election then they need to come up with policies other than ""leave the EU"" and ""its all the immigrants fault"".","UKIP, which has called for withdrawal from the European Union and greater restrictions on immigration, has seen improved poll ratings this year.",0,Attack,A,1,,,
442,UKIP's proposals on membership in the EU and migrants are at best purely demagogic: they do not take into account facts and more general issues.,UKIP says it is campaigning on a pro democracy message - aiming to rejuvenate local politics.,0,Attack,A,1,,,
1573,today july nd  the best solar eclipse of the century took place from india to japan,this is open your interpretation of the bible,0,Attack,A,1,,,
1299,bowmanid addresses evidences for designed structures mechanisms and synergistic systems in biology,even the antiidists require something beyond nature to explain the origin of nature,0,Attack,A,1,,,
1347,so tj you seem to have made quite a few foolish arguments how familiar are you with augustinetj  well i know that he believed the earth was created instantaneously not progressively and was according to scripture less than  years old,i will address the post by americans united for separation of church and state here and then address the question of constitutionality in another post,1,Support,A,0,,,
2300,six feet under best drama series ever excellent cast superb acting,the acting is superb but i believe the writing falls off sharply around season ,0,Attack,A,1,,,
2235,carefully think about this statement christianity is based upon the essential beliefs that god is allpowerful man is fallen and in need of redemption,well there is a little more to it than that but agreed,1,Support,A,1,,,
170,"Even a UKIP European candidate, Janice Atkinson, another ex-Tory, admits leaving the EU would be problematic.",I think we should really consider bringing forward the legislation in this parliament that would enable the referendum on EU membership.,0,Attack,A,0,,,
705,"No doubt ordinary people are fed up with the behaviour of the Westminster bubble, but the other reason why UKIP is doing well is that they're articulating the concerns of working people, which Tories never do and Labour hasn't done since if fell under the spell of Tony Blair.","UKIP defied the odds again at last year's European elections, beating Labour into third place, much to the dismay of those, on the left and right, who had written the party off as a busted flush.",1,Support,A,0,,,
2325,you can always check booking dot com it is always a safe choice i have been using it for several years now,indeed booking dot com is the best choice,1,Support,A,0,,,
85,If UKIP are wise they will alter their attitude about the NHS and public services in general.,"Many hospitals are overburdened with long waiting times and do not want to act as immigration officials while the NHS is already buckling under the weight of administration, Tim Aker, the head of the party's policy unit said.",0,Attack,A,1,,,
2600,rarely have i watched and rewatched a movie with such spectacular cinematography,the action scenes convey a level of realism seldom seen in action films,1,Support,A,0,,,
2401,We should ban religious symbols in public buildings,Religious symbols are personal therefore they should not matter to others,0,Attack,A,1,,,
1177,is   intelligent design   sciencemost definitely yes otherwise no one could argue it was wrong in the first place,but we are not arguing that it is wrong,0,Attack,A,1,,,
52,The only reason we are even having a sensible debate about Europe are UKIP.,UKIP said it was reflecting real public concerns about the issue.,1,Support,A,1,,,
1131,mr,is a common creationist position which misunderstand that most mutations are mostly neutral few are strongly detrimental and some are beneficial,1,Support,A,1,,,
179,"The sooner we are out of the EU, the sooner we can start making this country great again.",Britain needs to be free to set its own trading relationships with the rest of the world.,1,Support,A,0,,,
1222,to correct pvms confusionforensic detectives have to figure out the means,and again the design inference is based on our current knowledge that being we have an understanding of what nature operating freely is capable of and we couple that with our knowledge of what designing agencies are capable of,0,Attack,A,0,,,
1523,the debate here is false because both id and darwiniannatural selection theory are inadequate,teachers have no freedom to misinform and miseducate students,0,Attack,A,0,,,
462,"In UKIP, we have a new political force which looks likely to poll very well in a national election on thursday.","Mr Farage told the BBC that since the general election UKIP had trebled its vote share, according to opinion polls.",1,Support,A,0,,,
2004, well maybe there are some mistakes in the theory but as a whole concept is quite right and logical no, of course theyre nonsense,1,Support,A,1,,,
252,I suspect when people do start to focus and the election is close UKIPs incoherent policies will be exposed.,"Many of our members are those who have never been a member of any political party before but who see that it is UKIP who is challenging the establishment on issues such as open door immigration, grammar schools and green taxes, he said.",0,Attack,A,1,,,
1539,feel free to respond,you say this and yet you use a computer,1,Support,A,1,,,
2475,We should create a United Nations standing army,A United Nations standing army is simply impossible to form,0,Attack,A,1,,,
1622,the bible is no more self authenticating then any other irrational fantasy,some foolish men declare that a creator made the world,0,Attack,A,1,,,
1763,the christian faith is a mockery to humankind,first even as a biblebelieving creationist i want to say thanks for bring attention to genesis ,0,Attack,A,1,,,
2041, if your trying to find evidence in the bible your right, god is just an imaginary friend for adults,1,Support,A,1,,,
2367,the nexus  has everything fast processor big screen and the latest version of android,indeed i think is the better one and cheaper as well ,1,Support,A,0,,,
2330,i would suggest just buying a tablet either an ipad or any android tablet no need to pay the cost of a laptop,indeed no need to carry around a big old laptop if you just browse the web and look at emails,1,Support,A,0,,,
446,UKIP are in no way a single issue party and if Labour or the Conservatives were to give us a referendum UKIP would still have a full manifesto that would attract many voters.,"Explaining his decision to swap sides, Mr Campbell Bannerman - MEP for the East of England - said UKIP had become obsessed with single issue politics, internal fighting and shouting from the sidelines.",0,Attack,A,1,,,
1563,to the  currently   voting   yes that raises six immediate questions i assume this means the sun was created first how many days did that take to even have a day how long did creating the rest of the universe take or if it took six whole days to create the earth would the creator have had time to create all the rest i mean some of these galaxies are awfully huge and with a lot of intricatekly moving interstellar dust and radiation that had to be started off precesly right to fool modern astronomers why did the creator go to all this trouble to conceal the evidence behind a massive coverup of radiological datings cosmic radiation and well essentially the entire findings of geology and astronomy as supported by chemistry and physics why create all the kinds of   animals   during these days and then conceal this astounding fact behind what to evolutionary biologists and paleontologists seem an amazingly consistent set of interlocking facts from genetics behaviour morphology biogeography extinctions speciations fossils records epidemiology and immunology that fits with life evolving according to rather well understood processes why were so much of this omitted from the bible i mean a few hints about geology to predict earthquakes or the germ theory of disease would have been rather handy to thwart the devils work and a description of relativity would have been impressive,as one commenter has already touched on,0,Attack,A,0,,,
1454,you give interesting and complex answers,take your time id rather have you think about it digest it and respond than give a hasty response which would not help us resolve these issues,0,Attack,A,0,,,
783,It is because of UKIP that we are finally discussing the European question and about immigration and thank goodness for that.,"UKIP had increased its vote by 50% in the general election and had many exciting plans for the future, he said, but it was time for a younger leader to show how liberating and enriching life would be outside the EU, saying he was confident one would emerge.",1,Support,A,1,,,
954,in a recent article casey luskin addresses the recent findings that changes in a regulatory gene can help explain the morphological differences between the chimpansee and humans,the question is somewhat meaningless because you can believe that we were created by design and still conclude that intelligent design as proposed by the discovery institute and its fellows  is a scientifically vacuous concept,1,Support,A,1,,,
2429,European Parliament elections should involve only one voting district all of Europe and not separate country seats,It punishes apathy,0,Attack,A,1,,,
234,"I and many others will be voting UKIP not because of a handful of people that have said stupid things, it will be because I identify and agree with their overarching principles.",Eurosceptic Paul Sykes said UKIP was the last best hope for Britain and he would help fund its election campaign.,1,Support,A,0,,,
2165,that post was a joy to read,yes great post bradley well written perceptive and insightful,1,Support,A,0,,,
624,"Ukip is the only party advocating withdrawal from the failing EU, a sensible idea for a lot of people!",Amjad Bashir was responding to comments on Wednesday's Daily Politics from ex-deputy PM Lord Heseltine that UKIP was a racist party.,0,Attack,A,1,,,
2565,its because you have a low attention span and can only handle films with hyperbolic actingaction and constant fireworksexplosions,seriously when people dont like slow films there are always people that say you are incompetent and only like big explosions and big special effects this film tried too hard to be something it wasnt,0,Attack,A,1,,,
1623,some foolish men declare that a creator made the world,what is it with people like you  was the bible the first book you read and then you quit reading anything else can you defend your position without reference to the bible do you have any evidence yes evidence from another source that shows the bible is the word of god and not just a collection of books selected by the vatican to support a particular viewpoint why do you find it easier to believe in some all powerful supernatural creator that is eternal than a natural universe that is eternal is it possible to prove without reference to your book that god exists or does not exist  probably not,0,Attack,A,1,,,
411,"As far as immigration is concerned all Ukip want is a level playing field for non EU migrants and to control the numbers so, if anything, Ukip are too soft on immigration.","It is a simple, understandable message, which has led to the party gaining bigger shares of the votes in European elections.",1,Support,A,0,,,
699,Plenty of survey's have shown UKIP to be the most hated of the main parties.,"UKIP, which has called for withdrawal from the European Union and greater restrictions on immigration, has seen improved poll ratings this year.",0,Attack,A,1,,,
1384,joe gthe only way to label intelligent design religious is to change the definition of religion,as you have been told already what phil says is irrelevant to id,0,Attack,A,0,,,
2239,yeah free to do whatever you want without worrying about the consequences the joy of a life without believing in god,that is right i do not want another parental figure to tell me what to do when to do it and how to do it,1,Support,A,0,,,
2067,so in conclusion as the alleged science of evolution is based solely on predetermined assumptions so is the myth of global warming,in short you have nothing but faith and seek to project it where it has no place,0,Attack,A,1,,,
973,first i believe that religion is manmade as are christ buddha mohammed et al,ask yourself this if the universe is expanding what happens when that expansion ceases my answer is that it cant be random,0,Attack,A,0,,,
904,attempts to teach the creationismevolution controversy to students are disingenuous promotions of activist christians,teaching creationism is comparable to teaching flat earthism,1,Support,A,1,,,
685,"In UKIP, we have a new political force which looks likely to poll very well in a national election on thursday.","And with UKIP riding high in national opinion polls and coming second in the recent Eastleigh by-election, Mr Farage predicted his party would win seats in each of the 34 councils where elections are being held.",1,Support,A,0,,,
1398,poblic schools are not to promote   religion  ,why dont we   add   those inand believe me those commandments werent invented at that time,0,Attack,A,1,,,
2237,it is my understanding that the rules are if you are banned you can not simply create a new id and return under it this happened when terral was banned and returned using a new id,oh thanks for pointing that out i did not recall reading that rule but it certainly makes sense,1,Support,A,0,,,
1105,mjhowever people do not do such things as design eyes or flagelli,it is also possible to detect design by reading what other experts say about socalled experts,1,Support,A,0,,,
2238,i am gravely offended by those who claim to be on a first name basis with god who claim to know exactly what it is that god wants and believesto me somehow it smacks of selfidolatrization prideful in being next to god,what else is new,1,Support,A,0,,,
