orig_idx,arg1,arg2,support [true value],support_label,strategy,pred_attack,pred_support,pred_neither,pred_relevance
2235,carefully think about this statement christianity is based upon the essential beliefs that god is allpowerful man is fallen and in need of redemption,well there is a little more to it than that but agreed,1,Support,A,0,,,
1531,um this thread is months old and no one is reading it,i know this sounds crazy but in a weird way im honored to get a response from you,0,Attack,A,0,,,
912, public opinion is unimportant to whether creationism belongs in science classes  public opinion does not determine whether creationism qualifies as science,proof why creationism should be taught in schools,0,Attack,A,1,,,
1360,bowmanmore on the aclus rubber stamped ruling by a practicing attorneynothing wrong with quoting from a well argued submission by the aclubowmanthat said none of this relates to the id ruling since the board members were not id advocates except perhaps superficially,nothing wrong with quoting from a well argued submission by the aclu,0,Attack,A,0,,,
1722,the young earth creationist dogma demands that the obvious features of the earths geology can not exist,you didnt read this  creation ex nihilo and the earth  did you,0,Attack,A,1,,,
106,"I voted Tory for 30 years and started supporting UKIP because I want a sovereign, democratic , well governed Britain with Britain put first and its getting clearer by the day that the old Liblabcon parties will not do that.","Former UKIP deputy leader David Campbell Bannerman defected to the Tories soon after, expressing concerns about the party's direction.",0,Attack,A,0,,,
1223,and again the design inference is based on our current knowledge that being we have an understanding of what nature operating freely is capable of and we couple that with our knowledge of what designing agencies are capable of,if we dont know then no one can say that a designer was not involved or not required,0,Attack,A,0,,,
1737,i wish my education in biology was better im reluctant to engage creationists on   evolution   because i just dont have the knowledge,  science   always wants to separate that messy first cell from   evolution   theory,0,Attack,A,0,,,
1709,mike my apologies to you but i am surprised at the numbers of people here who appear to be somewhat hostile towards the existence of a supreme being namely god yahweh yahwah yhwh the i am that i am and so forth,we have two different literal interpretations,0,Attack,A,0,,,
2487,The US should ban cluster bombs,Rejecting the Ban on Cluster Bombs Hurts the international image of the US,1,Support,A,1,,,
879,The success Ukip had in the european elections will be sufficient to galvanise one or preferably all the other parties to rid us of the EU's political influence.,I believe that what UKIP is doing is vital for this country.,1,Support,A,0,,,
396,"If you want an insight into just how mad and bad UKIP are, go and read what their members, candidates and supporters write on the Telegraph.",Marta Andreasen said Mr Farage had abjectly failed and should go.,1,Support,A,0,,,
1597,you havent made a point at all,and i understand that god knows every future event before it ever occurs,0,Attack,A,0,,,
2271,not london for sure,why not london has it all culture fun exhibitions parks what more do you want,0,Attack,A,1,,,
1175,jaythat means that anyone who dares speak of purpose or design within science or when discussing scientific evidence ceases to be a scientist,months later and i think we can agree pandas did not advocate religion,0,Attack,A,0,,,
298,"The momentum is definitely with UKIP at the moment, hopefully that will continue with the up and coming by-elections.","The UK Independence Party had its best ever local election night with a 14% share of the vote where they had candidates, although they have won few extra councillors.",1,Support,A,0,,,
2043, creation is fantasy and you cant prove a fantasy, it is only belief,1,Support,A,1,,,
126,"If you want an insight into just how disorganised UKIP are, go and read what their members, candidates and supporters write on the Telegraph.",The party's campaigning effort has become far more professional and well-funded in the past two years as a result.,0,Attack,A,1,,,
1662,it is unfortuanate that creationists cannot be persuaded by facts,kent hovind is where he belongs  both of his ministries creation science evangelism and his dinosaur theme park were forprofit organizations,1,Support,A,1,,,
13,The reason why UKIP has gained so many votes is because the main parties refuse to deal with immigration and the EU.,"It is doing the country serious damage because there are large numbers of potential investors in the UK who would bring employment here, who are being warned off because of the uncertainty all of this is creating.",0,Attack,A,1,,,
1623,some foolish men declare that a creator made the world,what is it with people like you  was the bible the first book you read and then you quit reading anything else can you defend your position without reference to the bible do you have any evidence yes evidence from another source that shows the bible is the word of god and not just a collection of books selected by the vatican to support a particular viewpoint why do you find it easier to believe in some all powerful supernatural creator that is eternal than a natural universe that is eternal is it possible to prove without reference to your book that god exists or does not exist  probably not,0,Attack,A,1,,,
2514,I believe that opinion polls harm the democratic process,Citizens have a fundamental right to vote on whatever the basis they choose,0,Attack,A,0,,,
222,"On voting day, this week the vast majority of the British public will not vote for UKIP.","At the 2010 general election,  support dwindled to 3.1% and UKIP did not win a Westminster seat.",1,Support,A,0,,,
655,"UKIP is not an isolated phenomenon: France has Le Pen, Germany has AfD, and all of these have in common that they are nationalist, anti-European, and more right than mainstream conservative parties.","Of course it is racist, the language, the rhetoric, the membership, who doubts it?",1,Support,A,1,,,
1867,ok,wow,1,Support,A,0,,,
64,The reason why UKIP has gained so many votes is because the main parties refuse to deal with immigration and the EU.,"Isolating Britain and damaging Britain's reputation is not the right history to write, he said.",0,Attack,A,1,,,
309,"The UKIP mainstay vote is in normal working people because they never voted for 4 million immigrants, they never voted for Multiculturalism.",But Labour is expected to claw back ground among working class folks in the Midlands and north of England lost in 2009 when it had the worst night at the polls in its history.,0,Attack,A,1,,,
19,"If UKIP want to retain these voters and attract more in a general election then they need to come up with policies other than ""leave the EU"" and ""its all the immigrants fault"".","The Eurosceptic party is aiming to show broader appeal by capitalising on concerns over immigration, HS2 rail and wind farms.",0,Attack,A,1,,,
7,"I would say it's the anti-ukip brigade who have no substance to their argument (or facts), they simply shout ""racist"" with nothing to substantiate this slur, or become crude and insulting.","Mr Cameron once described UKIP as a party of fruitcakes, loonies and closet racists.",0,Attack,A,1,,,
2332,how about a second hand clothing fashion parade and sale,maybe you could have a cake sale,1,Support,A,0,,,
1077, and this site says it better than i could,should we just reject the bigbang as being unscientific since it would require a supernatural cause according to the nd premise you list is the best you can really come up with is who designed the designer,1,Support,A,1,,,
1333,ok you are right on this point as well,tjok you are right on this point as well,0,Attack,A,0,,,
2281,hybrid electric vehicle,cost will reduce with scale,0,Attack,A,0,,,
1648,many people claim that certain writings are the word of god,after the entire cain and able thing the brother left to another group of people to find a wife,1,Support,A,0,,,
2040, wrong  evolution is probably the most supported theory in biology  its withstood considerable scrutiny for the past  years and is as strong as ever, if your trying to find evidence in the bible your right,1,Support,A,1,,,
2204,is it possible that the rigidity of many evangelical churches is and what they expect of their members drives couples to divorce when one partner is not as on board as the other,i think you nailed it i also think that if you are willing to give up your relationship over religion you could be on the border of addiction not faith not you personally but rhetorically,1,Support,A,0,,,
876,"I think Farage makes a much better leader than any of the other parties, he's full of enthusiasm and is not a PR man like the current leaders of the 3 main parties.","Despite the strong performances at the recent by-elections, it is true that Nigel Farage, in terms of electoral success, remains a political minnow.",0,Attack,A,1,,,
1534,heres some links to actual passages something nick failed to provide as requested,debates like this do nothing more but cause problems for people who are trying to pursue legitimate alternatives to neodarwinian theory,0,Attack,A,1,,,
588,A strong UKIP vote suggests there's a lot of the British public who aren't on board with the current set-up.,"Nobody below the age of 60 has ever had a chance to have a say on this issue, he said.",1,Support,A,1,,,
1389,id explains the genetic code the same way we explain a computer code,joe gnow you are just lying,1,Support,A,1,,,
2587,movies should be fun entertaining this movie is not waste of my time ,art is supposed to probe dark subject matter most of the greatest films do just that,0,Attack,A,1,,,
2455,All nations have a right to nuclear weapons,Nuclear weapons give states valuable agendasetting power on the international stage,1,Support,A,0,,,
713,"UKIP will lead the UK to independence from the oppressive EU, which is the only chance Britain has at restoring its former glory.","Deputy Prime Minister Nick Clegg, whose Liberal Democrats oppose a referendum, said leaving altogether would make us less safe because we co-operate in the European Union to go after criminal gangs that cross borders.",0,Attack,A,1,,,
2384,paper and preferably yellow post it notes for important reminders in app lists tend to be forgotten about,paper is much better and allows you to make more personal notes,1,Support,A,0,,,
155,"I would say it's the anti-ukip brigade who have no substance to their argument (or facts), they simply shout ""racist"" with nothing to substantiate this slur, or become crude and insulting.","Former deputy leader David Campbell Bannerman defected to the Tories soon after, expressing concerns about UKIP's direction, drifting further to the right.",0,Attack,A,0,,,
1773,not stupid but ignorant and perhaps even foolish,i agree with your definition of ignorance but i feel that ignorance crosses into stupidity when those who are ignorant but have the means to inform themselves fail to do so,0,Attack,A,0,,,
2621,in my opinion full metal jacket was way better full metal jacket was at least fair i spoke to a lot of guys that told me thats the way it was,no platoon was the better movie,0,Attack,A,1,,,
88,"The sooner we are out of the EU, the sooner we can start making this country great again.","Isolating Britain and damaging Britain's reputation is not the right history to write, he said.",0,Attack,A,1,,,
1628,for the bible to be divinely inspired all the persons writing the bible or translating the bible had to be listening to god all the time,now the trick is to prove that all of the authors were free of stray thoughts and theological spin,1,Support,A,1,,,
2076,an example where both natural selection and mutations work together to enable a creature to survi have also results in a loss of genetic information consider that flightless bird in the galapagos islands,oh goody some more of your well informed opinion based on wishful thinking no research and even less actual thought,0,Attack,A,1,,,
1848,evolution has been basically proven,i think evolution is an actual truth since we are able to prove it and all,1,Support,A,0,,,
75,It is because of UKIP that we are finally discussing the European question and about immigration and thank goodness for that.,The anti-EU party also came second in the last European elections in 2009.,1,Support,A,0,,,
1342,tj again only valid if you trust judge jones and judge jones is really only the aclu in disguise because of how much he copied from them,tji dont believe the  similarity in the aclus submission and the judges analysis was a lucky or freak coincidence im illinformed because i think he copied it rightyou seem to be ill informed about both the extent as well as the relevance of this so called copying,0,Attack,A,1,,,
2236,sometimes the state of the education system in the usa makes me cry,sometimes the state of the public education system in the us is downright criminally neglectful,1,Support,A,0,,,
1416,the writer of this piece is working for a salary,idnetthe writer of this piece is working for a salary,0,Attack,A,0,,,
2547,We should force think tanks to reveal all of their sources for resource funding,Overregulating think tanks sets a dangerous precedent,0,Attack,A,1,,,
2432,European Parliament elections should involve only one voting district all of Europe and not separate country seats,Some countries may be left without representation,0,Attack,A,1,,,
2130,the no brainers gun nuts have a modicum of brain though enough to show them that without guns there can be no shootings,and without a limited lifespan there would be no death but we do not live in such a world so shut up and get onto a more relevant topic,0,Attack,A,0,,,
398,For what its worth I think UKIP is a one trick pony and is unelectable in a general election.,"But judging from recent opinion polls UKIP's wider policies - grammar schools, curbing immigration and opposing gay marriage - seem to have struck a chord with disenchanted voters from the big three.",0,Attack,A,1,,,
360,UKIP are a joke outfit full of small-minded Neanderthals who think the 1950s are the future.,"There are those, UKIP, thinking backwardly, saying we should turn our backs on the world and on our wider obligations, that we should cut ourselves off from influential organisations in the belief that we can go it alone.",1,Support,A,0,,,
1150,im not a cell expert but lets expand out to the human body,im not a cell expert either and understanding what behe wrote in his argument doesnt require it because he didnt say anything except cellular machinery is complex therefore it must be designed,0,Attack,A,0,,,
270,UKIP are asking the questions that haven't been asked by the opposition or the media.,"Europe had in the last few years become a huge issue due to the euro crisis and the bailouts, and UKIP was the only party addressing this problem head on.",1,Support,A,0,,,
1502,in other words the terms as defined clearly mirrored what we know as creationism and that it was an inherently religious concept,in pandas we read creation means that the various forms of life began abruptly through the agency of an intelligent creator with their distinctive features already intact,0,Attack,A,0,,,
33,"If you think that the Tories are nasty, heaven help us if UKIP get in because they would be nastier, more cruel, and more bigoted.","Ms Andreasen had been UKIP's sole remaining female MEP, after Nikki Sinclaire was expelled from the party in 2010, hinting what a terrible standing women have in the party.",1,Support,A,0,,,
1947, i am going to borrow from churchill, i believe evolution is correct and whats up with this lack of understanding that evolution is a sloooooooow process       with the making everything is  days and resting on the seventh  which conveniently happens to be a week,1,Support,A,0,,,
240,"If UKIP want to retain these voters and attract more in a general election then they need to come up with policies other than ""leave the EU"" and ""its all the immigrants fault"".","Natalie Bennett spoke about UKIP polices for the Green Belt, Trident, defence the and economy, with Andrew Neil on the Daily Politics while campaigning in the West Midlands.",0,Attack,A,1,,,
1878,evolution has never been witnessed,the aftermath of evolution has been witnessed but never the actual process itself,0,Attack,A,0,,,
390,"If UKIP don't like being smeared, then they need to stop smearing, stigmatising, and fear mongering about others.","His team sell a rather low-grade tea towel bearing the face of Herman Van Rompuy, the president of the EU council, with the slogan genuine Belgian damp rag.",1,Support,A,0,,,
116,The hate campaign against Eastern Europeans that was and is run by UKIP legitimises anything said against them.,But there are signs UKIP is starting to pick up the sort of protest votes that traditionally go to the Liberal Democrats.,0,Attack,A,0,,,
256,"If UKIP have a good general election and manage to take a few seats then that can only benefit Labour, because all of the seats that UKIP can possibly, conceivably win - well they are all Tory seats.",Mr Farage's pitch is attractive to voters.,1,Support,A,0,,,
2061,it is just feeding off of the mother,just spoken like a true man,0,Attack,A,0,,,
2633,once you know all the in and outs or all the magic tricks of the movie i dosnt seem as good,i think it gets better you notice little things you get more into looking at the picture not just fitting the pieces,0,Attack,A,1,,,
2561,Governments should be allowed to disrupt Internet service on grounds of national security,The internet is a threat to public safety,1,Support,A,0,,,
529,A strong UKIP vote suggests there's a lot of the British public who aren't on board with the current set-up.,"Britain would prosper outside the EU, he argued, and talk of its losing trade was not credible.",1,Support,A,1,,,
1969, the simplest way to prove it is this, i am a christian and i do believe in evolution because there are quite an amount of amazing proofs for it,1,Support,A,0,,,
1313,id without a designer the cause of the big bang is unknown,the cause of the big bang is currently unknown but it is also undergoing investigation,0,Attack,A,0,,,
1151,im not a cell expert either and understanding what behe wrote in his argument doesnt require it because he didnt say anything except cellular machinery is complex therefore it must be designed,but dont try to lead me astayi wanted to try and lead to the truth from being astrayactually,0,Attack,A,0,,,
1262,to sneer at aynrandinstitute and ayn rands philosophy is to fail to address the growing primary reason why people are deciding god is not an explanation of anything,youre lucky not enough people know or care enough about your religion to throw out opinions based on it presented as science philosophy logic or fact on the spot,0,Attack,A,1,,,
1391,einsteinit was of course a lie what you read about my religious convictions a lie which is being systematically repeated,i never said anything about einsteins religious convictions,0,Attack,A,1,,,
2615,i actually really loved moon i was invested the entire way through,for some reason i was bored endlessly by moon i found myself uninterested and disorientated from the central character who could not connect with and had zero interest in,0,Attack,A,1,,,
589,UKIP doesn't need to win power to force the changes people want.,UKIP leader Nigel Farage has demanded a written in blood guarantee of a referendum on EU membership before entering any pact with another party.,1,Support,A,1,,,
2002, there are plenty of examples of species evolving in present times, actually most leading scientists nowadays support evolution and of course its going to have massive holes in it thats what makes it a theory,1,Support,A,1,,,
2509,I believe that opinion polls harm the democratic process,Opinion polls are subject to bias and often produce faulty information on which decision are made,1,Support,A,0,,,
1752,what does random premarital sex lead toa number of possible outcomes based on a number of factors,i believe that the first chapters of genesis including the ancient history of the hebrew people should be understood within the context of covenant,1,Support,A,0,,,
1582,is often confused for rhetoric,the point of the debate is to set up a straw man that the world was created in six days that antichristians can knock down,1,Support,A,1,,,
2553,Transparency is necessary for security,Transparency helps reduce international tension,1,Support,A,0,,,
1690,you are ignoring centuries of good scholarship including that in the last century specifically engaging the arguments of historical criticism and socalled higher reasoning,the scripture is silent as to which locale in the spacetime continuum the author of the account was measuring time from on the first day of creation,1,Support,A,1,,,
2257,maybe it is a bit too industrialised,but there are very nice beaches nearby,0,Attack,A,1,,,
121,Ukip are doing well for the very simple reason folk have at last realized that they are being lied to by LibLabCon and now have somewhere else to go.,"Voters appear restive, often reluctant to support the larger parties.",1,Support,A,0,,,
1007,very well said,that reply was to allogic,1,Support,A,0,,,
942,the design inference reached based on our knowledge of what nature operating freely can  cannot do coupled with our knowledge of what designing agencies can do,joe argues that the design inference is disallowed and we agree to the extent that it fails to be scientifically relevant a posteriori but of course it is never disallowed a priori,0,Attack,A,0,,,
1491,why should god be directly implicated when it looks like a duck smells like a duck walks like a duck,fxl insists that just because god is absent from the book that it therefor could not have been based on creationism even though it defined creationism to be in line with its predecessors and later renamed the term to read design,0,Attack,A,0,,,
1476,there is more than naturalism can engage,there is more than naturalism can engage,0,Attack,A,0,,,
1957, you shouldnt just blindly repeat things you hear, did you really just say that no scientist can support evolution  the theory of evolution came about from scientific discovery so your statement makes hardly any sense,1,Support,A,1,,,
1733,in genesis we have no reason to believe that one day meant any more than one day today,if scientific inquiry has shown conclusively that genesis is at best allegorical then christians should reconsider beliefs that presume a historical interpretation of eden,1,Support,A,1,,,
2642,i cant believe that a great film like this can receive such a low rating while the likes of shawshank redemption and batman sit comfortably in the top  list of the entire website,this film is very underrated especially by critics why this film is a big twist even better than sixth sense and that crap memento,1,Support,A,0,,,
50,"Even a UKIP European candidate, Janice Atkinson, another ex-Tory, admits leaving the EU would be problematic.",But immigration has also been an issue and UKIP sees the EU question being at the heart of it.,0,Attack,A,1,,,
1428,so would you like to give a better explanation on what current ool theories exist this is definitely a subject in origins debate that interests me most,instead of a bolt of lightning hitting a pool of   chemicals   and making a cell pop outwhere did i say thatit was most likely a slow process taking place along the ancient shores,0,Attack,A,0,,,
991,  intelligent design does have merit,jumpstart helps us understand the eliminative nature of idit is difficult even improbable to imagine how such a process could happen without being jump started,0,Attack,A,0,,,
2576,animal kingdom is better than the town and winters bonei have just seen animal kingdom and wow what an awesome movie it was,i totally agree animal kingdom to me was the best movie of the year,1,Support,A,0,,,
2097,you consider this refuting my evidence what amazes me is that you all scoff at creationism yet this is the best most of you can offer to refute scientific evidence which supports the flood,you ask someone to explain polystrate fossils three people do you plug your ears and go i can not hear you then demand that someone explain polystrate fossils,0,Attack,A,0,,,
427,"It feels like UKIP is anti most things and base their politics on this: Anti-aid, Anti-immigrant ‚Äì at times even anti-politics; it is therefore difficult to understand what they actually stand for and want to work towards.","He also warned that if a proposed referendum led to the UK leaving the EU, there would be dire consequences for the country's global influence.",1,Support,A,0,,,
822,UKIP's proposals on membership in the EU and migrants are at best purely demagogic: they do not take into account facts and more general issues.,"Mr Cameron once described UKIP as a party of fruitcakes, loonies and closet racists.",1,Support,A,0,,,
2167,this is where the competition really occurs this is why natural selection the ability to go on to breed on the level of the population is actually nonrandom,wow supersport got something right,1,Support,A,0,,,
2545,We should force think tanks to reveal all of their sources for resource funding,Think tanks may become smoke screens for criminal groups,1,Support,A,1,,,
2154,murder is always illegal,we agree on something,1,Support,A,0,,,
1166,behe assertsdesign is recognized in the purposeful arrangement of partswho decides if an arrangement of parts is purposeful  what does purposeful really mean in that statement  do the parts have purpose  does the arrangement have purpose  did the designer have purpose  if i take an old wristwatch and remove all the springs and gears and arrange them in a circle is the circle designed  if i throw them in a heap are all of the parts of the watch no longer designed  if i pick up some metal shavings off of the floor from under the lathe in the machine shop and arrange them into a complicated mathematical pattern that i generated using a computer program can you tell if this is a purposeful design or just a random designis a virus designed  a prion  a fragment of rna a benzene molecule  how can you tellwaving your hands and saying i know design when i see it and all life was obviously designed just wont cut it,who decides if an arrangement of parts is purposeful what does purposeful really mean in that statement do the parts have purposeif there is some form of synergy in the arrangement then yes that would be purposeful,0,Attack,A,0,,,
1779,theres no point arguing against evolution when you dont understand it in the first place,now creationism to me makes much more sense,0,Attack,A,1,,,
2658,the only good thing in this movie was dr schultz after that it was a yawn fest,very true its as unpleasant as can be and not entertaining in the least this has to be the most overrated film of the past two years,1,Support,A,0,,,
2210,aikido judo and karate wado ryu would constitute a good combination,some of these martial arts videos are remarkable,1,Support,A,0,,,
2591,movies should be fun entertaining this movie is not waste of my time,then dont watch it its that simple but dont say that movies should be one thing have you not read depressing literature or stared at melancholic paintings before,0,Attack,A,1,,,
902,schools should teach competing theories the idea that creationists reject mutation or natural selection is ridiculous,teaching creationism is in no way akin to child abuse,1,Support,A,1,,,
273,The only reason we are even having a sensible debate about Europe are UKIP.,"It is doing the country serious damage because there are large numbers of potential investors in the UK who would bring employment here, who are being warned off because of the uncertainty all of this is creating.",0,Attack,A,0,,,
1727,dr,a six day creation is a literal interpretation of genesis but it is not the only literal interpretation,1,Support,A,0,,,
1173,not all this link was identified in my last reply    httpwww,actually the construction of the cell rather suggests chance,0,Attack,A,1,,,
1174,actually the construction of the cell rather suggests chance,jaythat means that anyone who dares speak of purpose or design within science or when discussing scientific evidence ceases to be a scientist,1,Support,A,1,,,
1135,as much as behes somewhat misleadingyet when lenski tracked down the mutations they tended to be degradative changes ones which destroyed genes or made them less efficient,for example humans have acquired a number of helpful genetic changes in our battle with the malarial parasite over the past ten thousand years,1,Support,A,1,,,
1448,in answering your questions i will try to keep on point,jim,0,Attack,A,0,,,
12,"The greens and ukip provide encouragement for labour and conservatives alike to address some issues people care about, albeit only lip service to retain votes mainly.",The UK Independence Party had its best ever local election night with a 14% share of the vote where they had candidates.,1,Support,A,1,,,
1412,you are confusing mn with is a methodology with a worldview again,who the designer is has nothing to do with it and everyone knows that,1,Support,A,1,,,
213,"As far as immigration is concerned all Ukip want is a level playing field for non EU migrants and to control the numbers so, if anything, Ukip are too soft on immigration.","There is also a democratic argument about who runs our country,  he added.",1,Support,A,0,,,
1642,all this is hard to understand,as i stated above i believe neither side,0,Attack,A,0,,,
525,"In UKIP, we have a new political force which looks likely to poll very well in a national election on thursday.","More people were considering voting for UKIP at a general election than ever before, he suggested, and this current poll surge was different from previous spikes in support which were linked to European elections.",1,Support,A,0,,,
362,"If UKIP do hold the balance of power and get into government, their only condition will be an in/out EU referendum.",The EU is no longer an academic debate because it's affecting people in their everyday lives.,1,Support,A,1,,,
307,"I think Farage makes a much better leader than any of the other parties, he's full of enthusiasm and is not a PR man like the current leaders of the 3 main parties.",Mention Farage and the facial expression you're met with is one of crumpled disgust.,0,Attack,A,1,,,
102,"If UKIP don't like being smeared, then they need to stop smearing, stigmatising, and fear mongering about others.","If UKIP has good cause to think that it should be in the TV debates and it's excluded, we will provide an alternative form of entertainment on the evening.",0,Attack,A,0,,,
1510,stop eating at creationists heads and settle down a tad,it is not entirely clear to me who you are inditing for being rude so i wont attempt to defend them,0,Attack,A,1,,,
703,Plenty of survey's have shown UKIP to be the most hated of the main parties.,UKIP says it is campaigning on a pro democracy message - aiming to rejuvenate local politics.,0,Attack,A,1,,,
1273,i guess i must be old fashioned  but i do believe in real science,intelligent design has been misrepresented as some kackamamy religiously motivated scheme by those who are afraid to challenge what they believe in,1,Support,A,1,,,
1600,is god all powerful no because he gave that up when he gave mankind free will,so if god is not all powerful and all knowing then god is fallible,1,Support,A,0,,,
1020,with belief,my other comment focused more on my atheist background but i wanted to respond to your scientific misconceptions,0,Attack,A,0,,,
1735,doctrines such as original sin substitutionary atonement and the trinity are very well described in the bible,first of all i have no presupposed attitude,0,Attack,A,0,,,
1046,theories are not supported by finding confirming evidence only,ufcarazy although it is clear that id has led to some successful predictionsreally  what predictions has id made  and along those lines how exactly would id be falsifiable  without valid answers to these two questions it does not even begin to qualify as   science  ,0,Attack,A,1,,,
1929, god created the world we did not evolve from monkeys its in the good book, the evolution that i believe in is not the kind you think,1,Support,A,0,,,
520,"Europe is no longer fit for purpose and we'd do better to be out than in, plus save a whole load of cash.",Former Europe Minister Denis MacShane said the EU was Britain's biggest trading partner.,0,Attack,A,1,,,
973,first i believe that religion is manmade as are christ buddha mohammed et al,ask yourself this if the universe is expanding what happens when that expansion ceases my answer is that it cant be random,0,Attack,A,0,,,
749,"I don't necessarily think Nigel Farage is worthy of PM, I think they need a new leader.",They seemed very thankful to have the colourful Nigel Farage back as party leader.,0,Attack,A,0,,,
354,"The momentum is definitely with UKIP at the moment, hopefully that will continue with the up and coming by-elections.",He said the UKIP had never been more important for our freedom as a self-governing democracy and had to go on telling the truth about Europe.,1,Support,A,0,,,
2140,evolutionists cannot support their theory and expect you to find proof to support yours,i thought you said that you had been following the converstaion i guess you did not understand any of it,0,Attack,A,0,,,
1386,i guess this means that what id proponents say about id is irrelevant even though said proponents are the ones who started idfascinating indeed,as for scientific evidence for id start with the genetic code,1,Support,A,1,,,
1514,oopsie,that luskin accuses the ncse of rewriting history and law when both clearly established the evolution of creationists via cdesign proponentsists to design proponents,0,Attack,A,0,,,
1844,actully uncomplext compunds bonded to geather to create chemicals and very very uncomplect cell fragments that then banded to geather with otherthings for survival and formed the first very simple cells that then became more complext,god was created by people who needed faith in something,1,Support,A,1,,,
1952, they all kinds of evidence that evolution exists, evolution is just logic,1,Support,A,1,,,
284,"I sense that Farage is a total megalomaniac, a charlatan, someone who is in it for the attention and the glory and that in a strange way, that many UKIP voters know this but don't seem to mind.","The UK Independent Party says it is the only party which will pull the UK out of the European Union and, with Nigel Farage at the helm, will put us back on track.",0,Attack,A,1,,,
763,"In UKIP, we have a new political force which looks likely to poll very well in a national election on thursday.","UKIP candidate Diane James came second with 11,571 votes, her 28% the party's best-ever showing in a Westminster election.",1,Support,A,1,,,
186,UKIP and the Greens are the only parties to date that haven't screwed us all over.,"Some recent polls have placed UKIP, which wants the UK to leave the EU, in third place ahead of the Liberal Democrats.",1,Support,A,1,,,
2497,I support the truth and reconciliation commission,International and intergovernmental bodies are better able to secure justice for the victims of war crimes,0,Attack,A,1,,,
2638,this film is easily one of the best movies ive ever seen yes it is pretty easy to guess the ending but it still wasnt ruined by that fact it is a work of art it is rewatchable,completely agree with the original post just watched it for a second time after i saw it years ago and i am completely blown away,1,Support,A,0,,,
2647,i really liked this movie a lot loved the performances of all the actors and even the story but was not quite convinced with the ending,i liked the ending as well sort of like the ending of the graduate no point in adding a coda it is best left with loose ends,0,Attack,A,0,,,
761,It is because of UKIP that we are finally discussing the European question and about immigration and thank goodness for that.,Sir Menzies Campbell suggested the government was worried about a political backlash amid public concerns about immigration levels in general.,1,Support,A,1,,,
1605,you cant prove anything using that same thing you have to use evidences outside of that,there is no proof that there even exists a god to begin with so in that case you cant really use that either,0,Attack,A,0,,,
1355,he was a judge,as explained on that page some of the scientific journals and other prestigious academic sources that have published peerreviewed scientific publications by id proponents supporting core id arguments includeand then the discovery institute continues to claim some journals without providing much of any reference to the actual papers,0,Attack,A,0,,,
1366,from the above linked paper by peter irons i quote the followingpeter ironsin an undoubtedly unintentional slip which they may well regret the di authors have effectively given away the store with their concession that under the lemon test all that was necessary for judge jones to determine that an establishment clause violation had occurred was to find that the dover school board members had predominantly religious motivations for enacting their id policy,peter irons article is only one part of the montana law reviews take on this,0,Attack,A,0,,,
2419,We should grant politicians immunity from prosecution,Politicians who commit crimes are likely unfit to serve,0,Attack,A,1,,,
679,"I don't necessarily think Nigel Farage is worthy of PM, I think they need a new leader.","In 2006, the lower-key Knapman retired, to be replaced by Nigel Farage, an eye-catching media performer who pledged to make UKIP a truly representative party, ending its image as a single-issue pressure group.",0,Attack,A,0,,,
784,People are not voting for UKIP because of immigration propaganda but because of their direct experience of immigration.,"Meanwhile, the Bulgarian President Rosen Plevneliev has warned that Britain's immigration policy could harm its image as a great global power that pioneered integration.",0,Attack,A,0,,,
2463,We should promote democratisation,Democracies are more peaceful countries both domestically and internationally and so it is in our interests to promote it worldwide,1,Support,A,0,,,
291,A strong UKIP vote suggests there's a lot of the British public who aren't on board with the current set-up.,"UKIP has reached unprecedented heights in the opinion polls under Mr Farage, coming second in the European elections in 2009 and winning hundreds of seats in May's local elections.",1,Support,A,0,,,
2006, i see the creation story as one perspective from one group of people, i interpret the creation story as a metaphor with science as how god made humans,1,Support,A,1,,,
1139,science was able to intelligently design flagellar function,science did not design the functionality scientists observed the functionality and developed theories on how it function  how that function came about,0,Attack,A,1,,,
1441,its not about believing in id many people have come to accept by faith the existence of a god but rather that scientists do not believe that id has much of anything to offer scientifically speaking,creationism has more solid evidence than   evolution   does,0,Attack,A,1,,,
431,UKIP are a joke outfit full of small-minded Neanderthals who think the 1950s are the future.,It comes two weeks after she accused the UKIP leader of bullying and being anti-women and a Stalinist and threatened to leave the party.,1,Support,A,0,,,
2177,did a famous gangster not once escape from jail using a gun he carved from soap maybe oz should ban bars of soap,yea that was uncle john,1,Support,A,0,,,
538,UKIP's sole aim at the general election is to get a smallish number of MPs elected but enough to hold the balance of power and do a deal with the Tories.,One Conservative MP has suggested his party consider a pact with UKIP at the next election.,1,Support,A,0,,,
2087,how can it get anymore embarrassing for science that they got the premise wrong for all these years,do you actually have any idea how science works why are you not embarrassed for creationism,0,Attack,A,1,,,
739,UKIP is a vessel through which a protest is being delivered. ,"It is a disappointing result for the Conservative Party, but it is clear that, in mid-term by-elections, people want to register a protest.",1,Support,A,0,,,
2440,We should fear the power of government over the internet,Regulating the Internet is a means for governments to spy on their citizens,1,Support,A,0,,,
719,UKIP is the only party that has understood the damage immigration does to the UK and its policies aim at repairing this.,The Bulgarian President Rosen Plevneliev has warned that Britain's immigration policy could harm its image as a great global power that pioneered integration.,0,Attack,A,1,,,
2284,nothing is more important than my research time and i just think this is a distraction,no my research time is more important than your research time,0,Attack,A,1,,,
840,"I don't think most people realise the benefits of free trade at all, and UKIP capitalise on peoples ignorance of the benefits of free trade as much as they can.","They say it would lead to legislative gridlock, a failure of the single market and an end to free trade as national parliaments adopted protectionist policies across the union.",1,Support,A,1,,,
1583,the point of the debate is to set up a straw man that the world was created in six days that antichristians can knock down,then why does this argument always seem to come from the creationists  aig was not founded and is not funded by the scientific community,1,Support,A,1,,,
1361,nothing wrong with quoting from a well argued submission by the aclu,bowman arguesthe board members werent even aware of the wedge document a dated ten years internal document of di and neither relevant to dover v kitzmiller nor to the id hypothesis,0,Attack,A,1,,,
60,"I and many others will be voting UKIP not because of a handful of people that have said stupid things, it will be because I identify and agree with their overarching principles.","I think that it's a misjudgement frankly to equate the leadership of a party which is part of government with a protest group, particularly a protest group which frankly is more about immigration than it is about Europe.",0,Attack,A,1,,,
1721,the young earth creationist dogma demands that the obvious features of the earths geology can not exist,the young earth creationist dogma demands that the obvious features of the earths geology can not exist,0,Attack,A,0,,,
1509,oneinbillion observes that luskins claim id makes reliable inferences,stop eating at creationists heads and settle down a tad,0,Attack,A,0,,,
383,Many racists and especially xenophobes find the UKIP message appealing.,It is thought to have been one of the factors behind a mass defection of grassroots members to the UK Independence Party (UKIP) in some parts of the country.,1,Support,A,0,,,
1562,carbon  is not the only method of dating used to determine the age of the universe,to the  currently   voting   yes that raises six immediate questions i assume this means the sun was created first how many days did that take to even have a day how long did creating the rest of the universe take or if it took six whole days to create the earth would the creator have had time to create all the rest i mean some of these galaxies are awfully huge and with a lot of intricatekly moving interstellar dust and radiation that had to be started off precesly right to fool modern astronomers why did the creator go to all this trouble to conceal the evidence behind a massive coverup of radiological datings cosmic radiation and well essentially the entire findings of geology and astronomy as supported by chemistry and physics why create all the kinds of   animals   during these days and then conceal this astounding fact behind what to evolutionary biologists and paleontologists seem an amazingly consistent set of interlocking facts from genetics behaviour morphology biogeography extinctions speciations fossils records epidemiology and immunology that fits with life evolving according to rather well understood processes why were so much of this omitted from the bible i mean a few hints about geology to predict earthquakes or the germ theory of disease would have been rather handy to thwart the devils work and a description of relativity would have been impressive,1,Support,A,1,,,
1949, i believe its right, if we werent continually evolving most of us  wouldnt be offended by the way the rest are degenerating,1,Support,A,0,,,
151,UKIP and the Greens are the only parties to date that haven't screwed us all over.,A poll showed that only 26% said the PM was in touch with the lives of ordinary voters.,1,Support,A,0,,,
1970, i am a christian and i do believe in evolution because there are quite an amount of amazing proofs for it, well to begin with there is a lot of strong evidence to support evolution the discovery of dna the discovery of fossils and primitive primates etc,1,Support,A,0,,,
702,"I think Farage makes a much better leader than any of the other parties, he's full of enthusiasm and is not a PR man like the current leaders of the 3 main parties.","Oh and if the last few minutes of reading this article has felt like the Nigel Farage Show, he still dominates this political party.",1,Support,A,0,,,
1647,tell me have you ever read the origin of the species i have and i find it to be a pretty far stretch,many people claim that certain writings are the word of god,1,Support,A,1,,,
2539,We should allow voting at 16 in European Parliament elections,This would complicate elections,0,Attack,A,1,,,
235,"It's true that UKIP dont have ideas to suit everyone, but at the moment they are heads above the pillocks at No 10 today.",UKIP's Nigel Farage said the PM was a problem for Tories and some Tory MPs said there were lessons for the party.,1,Support,A,0,,,
1377,they simply want to show that there is good scientific evidence for considering the role of intelligence in the emergence of life,unfortunately for them they have failed,0,Attack,A,1,,,
2322,usually the best city in every country is the capital so i would go for madrid ,i would love to go there as well,1,Support,A,0,,,
1087,id has legal and educational merit because it is a bona fide scientific theory ,none of these promises have much relevance to id as a concept nor have few if any come to fruition,1,Support,A,1,,,
2186,so what congress can pass any law it wants does not mean it will stand up in court,yes because congresses powers are actually pretty limited i think it will be interesting to see how the two upcoming supreme court cases one has already been accepted the other is pretty much a shoe in regarding the commerce clause will be handled since the majority of the laws that congress passes are tied to it,1,Support,A,0,,,
2225,the only difference is that the gene for making short hair has been eradicated from the population by natural selection that is it,right the frenquecy of the alles ,1,Support,A,0,,,
1051,id simply predicted that the appendix would have a function,if it cannot make predictions then it is not a viable theory,0,Attack,A,1,,,
838,The people and media that are criticising UKIP are highlighting the genuine concerns about UKIP and their policies towards immigrants.,"UKIP, which has called for withdrawal from the European Union and greater restrictions on immigration, has seen improved poll ratings this year.",0,Attack,A,1,,,
29,Intellectually I rate Farage much higher than Cameron; he has a very sharp and quick wit and is an excellent public speaker.,"Natalie Bennett gave him a name check in her speech, dismissing Mr Farage as just waving a pint and a cigarette and grinning.",0,Attack,A,1,,,
743,UKIP are in no way a single issue party and if Labour or the Conservatives were to give us a referendum UKIP would still have a full manifesto that would attract many voters.,"The charge put by its deputy leader David Campbell Bannerman when he defected to the Conservatives in the wake of the May elections was that UKIP remained, at heart, a single issue pressure group.",0,Attack,A,1,,,
844,UKIP are a joke outfit full of small-minded Neanderthals who think the 1950s are the future.,"UKIP are certainly trying to professionalise, to move away from its more amateurish origins, but they seem to fail to do so.",1,Support,A,0,,,
1760,i wish i could express my support for your comment more fully,not only do i think the young earth creationists are wrong in their opinions i think their teachings should be regarded as blasphemous to god himself,1,Support,A,1,,,
1640,there is much scientific evidence to proof it its just that you wouldnt believe it anyway,i do not believe in science,0,Attack,A,1,,,
1055,so what using   intelligent design    is the purpose of the appendixid simply predicted that the appendix would have a function,do you know that there is a god youre  on this,0,Attack,A,0,,,
2139,i think the bible is a great book its teachings are great but so are just about every other religion,oh really so blowing yourself and a bunch of other innocent people up in the name of allah is a great teaching,0,Attack,A,1,,,
2027, i didnt see it so it cant be true, i have repeatedly asked for proof on this site and have yet to be supplied with any real proof,1,Support,A,1,,,
628,If anyone seriously thinks that UKIP will offer some kind of answer to our current problems then I think that they are going to be sadly disappointed.,Mr Farage has successfully broadened UKIP's appeal away from Europe.,0,Attack,A,1,,,
969,if youre tired of debating pandas fine,if intelligent design is a valid scientific concept why is it that we have examples of idiotic design in so many organism including vertbrates all their eyes are wired backwards making their retinas vulnerable to damage,0,Attack,A,1,,,
1692,one thing for sure time was and continues to be passing differently in different parts of the universe,but what have ancient scriptures ultimately proven,1,Support,A,0,,,
2070,no its not that is a strawman i have never stated anything of the sort,strawman argument obviously you never said it your inferior intellect cannot articulate what you really mean it requires articulation by a superior being such as i ,0,Attack,A,1,,,
347,I'm no fan of UKIP but well done to them for initiating a much needed shake up of British politics.,Labour are not going to win - they have said so themselves - and UKIP are running a very colourful campaign but they are not going to win.,1,Support,A,0,,,
1518,just because id claims that it is scientifically relevant and in fact can lead to affect research directions does not mean that their claims are accurate and truthful especially given the simple fact that in the last  years id has failed to show much of any example that supports their claims,it is entirely misleading to imply that academic freedom is gives license to present nonscience like idthese academic freedom bills which typically work in conjunction with the science standards are written to strictly prohibit the teaching of religion creationism creation science creation facts and id,1,Support,A,1,,,
352,"I voted Tory for 30 years and started supporting UKIP because I want a sovereign, democratic , well governed Britain with Britain put first and its getting clearer by the day that the old Liblabcon parties will not do that.",He added that he was very fortunate to have been backed by UKIP at the 2010 general election.,1,Support,A,0,,,
1529,after all he is just trying to compete with your legacy nick,your friend pvm gave out in this discussion  httpwww,0,Attack,A,0,,,
378,UKIP are not a single issue party anymore; UK Sovereignty is the crux of their party political platform but they've certainly expanded from that singular issue in recent years.,And on a broader platform UKIP claims to be winning support among younger voters and students.,1,Support,A,0,,,
1214,islandpvm sayslets see what we can track down via wikipedia which is always a good start for any researchnot where this subject is concerned,whats there left to do,1,Support,A,0,,,
2443,We should fear the power of government over the internet,Internet regulation is necessary to ensure a safe internet,0,Attack,A,1,,,
892,creationism makes a false historicalscientific claim that is detached from the broader precepts of belief in god,the bible is simply wrong if a literal interpretation is taken on this question the bible just is wrong and if you insist on holding a literalistic approach to scripture then the implications you claim do indeed follow,1,Support,A,1,,,
2555,Transparency is necessary for security,Transparency prevents public relations disasters,1,Support,A,0,,,
796,"In UKIP, we have a new political force which looks likely to poll very well in a national election on thursday.",Mr Farage says he will give up as leader if UKIP doesn't win seats at Westminster at next year's general election.,1,Support,A,0,,,
410,"I and many others will be voting UKIP not because of a handful of people that have said stupid things, it will be because I identify and agree with their overarching principles.","Asked if this meant he was calling UKIP racist, he replied of course it is racist, of course, who doubts that?",0,Attack,A,1,,,
2195,unfortunately it is funny because its true,oh boy you said it,1,Support,A,0,,,
2113,well at least your name is right on,your ignorance is showing concerning both history and anthropology,0,Attack,A,1,,,
283,"In fact, all UKIP seems to talk about now is withdrawl from the EU without any genuine policy around UK's domestic economy.",There's more to UKIP than our policy of wanting to withdraw from the European Union and we will show that.,0,Attack,A,1,,,
2627,as far as acting and cinematography go this film was great but the content and plot were horrible,yes this movie was pretty bad,1,Support,A,0,,,
1520,islandno as i said they are typically by law strictly prohibitive of id creationism which is a huge difference that you dont want to willingly acknowledge,the national center for science education has a good reason to be concerned about intelligent design,1,Support,A,1,,,
2106,although much younger than the dinosaur bones we had been collecting these fossils were still thousands of years old dating back to a time when the sahara was much wetter than today,really if this is another one of your fresh organic sample age of decades of time capsule because they were both on top of the ground you are officially delusional,0,Attack,A,1,,,
1317,in science testing a hypothesis or theory means deriving predictions from them,you are using the common tactic of forcing someone to disprove a negative,0,Attack,A,1,,,
2034, sorry but this is not an opinion, darwin observed species and wrote it down  evidence,1,Support,A,1,,,
69,If UKIP is really the best our country can do for an alternative then we are all doomed.,"Europe had in the last few years become a huge issue due to the euro crisis and the bailouts, said Mr Helmer, and UKIP is making people aware of this.",0,Attack,A,0,,,
584,"The problem with popularism but no substance, like UKIP represent, is that it just results in things getting worse and worse.","The responsibility of politicians in this situation when people are getting anxious is to try to reassure them and give the facts, not panic and resort to populist measures that do harm.",1,Support,A,1,,,
79,"I don't necessarily think Nigel Farage is worthy of PM, I think they need a new leader.","The party's leader, Nigel Farage, has hailed early gains in council elections across England as remarkable for the party; UKIP has won 42 seats so far and is averaging 26% of the vote in the wards where it is standing.",0,Attack,A,1,,,
2,"The greens and ukip provide encouragement for labour and conservatives alike to address some issues people care about, albeit only lip service to retain votes mainly.","Mr Miliband has not ruled out a referendum, which may be counter as a UKIP success.",1,Support,A,0,,,
2071,heller represents a triumph for conservati have lawyers but it also represents a failure the courts failure to adhere to a conservati have judicial methodology in reaching its decision,when we brought the heller case before the supreme court we wanted them to determine whether or not dcs handgun laws which were not voted on but rather just passed without debate were constitutional or not that is the job of the supreme court to determine if a law is unconstitutional or if it may be allowed to remain as law,0,Attack,A,1,,,
1764,first even as a biblebelieving creationist i want to say thanks for bring attention to genesis ,the study of science is intriguing but it shouldnt get in the way of ruling out the creator,0,Attack,A,1,,,
1180,fine,your intelligent cause is completely undefined,0,Attack,A,1,,,
1612,which do you believe they are after all both based on books written by men,i actively attend the origins conferences hosted by a variety of different organizations including christian universities reasons to believe and most recently the skeptic society,1,Support,A,0,,,
1656,the notion that science assumes that theirsic is no creator and then prove it is plainly ridiculous,it is consistent but,1,Support,A,0,,,
519,"The sooner we are out of the EU, the sooner we can start making this country great again.",The committee said the EU had helped to transform Europe from a continent of war to a continent of peace.,0,Attack,A,1,,,
502,"The problem with popularism but no substance, like UKIP represent, is that it just results in things getting worse and worse.","UKIP appears to have struck a chord with many voters on the issue of immigration, campaigning against the relaxation of working restrictions on Bulgarians and Romanians due to come into force in January.",0,Attack,A,1,,,
303,The current smear strategy against UKIP is not pulling people back but pushing them towards UKIP and if this carries on then things are going to be a lot tighter by the time the general election comes.,"There needs to be a clearer narrative on immigration, stressing not only the need to restrict numbers, but also to determine which individuals, with what skills, enter our country, as UKIP proposes.",1,Support,A,0,,,
581,UKIP's proposals on membership in the EU and migrants are at best purely demagogic: they do not take into account facts and more general issues.,UKIP says it is campaigning on a pro democracy message - aiming to rejuvenate local politics.,0,Attack,A,1,,,
97,For what its worth I think UKIP is a one trick pony and is unelectable in a general election.,"Meanwhile, the Bulgarian President Rosen Plevneliev has warned that Britain's immigration policy could harm its image as a great global power that pioneered integration.",1,Support,A,0,,,
374,"It's true that UKIP dont have ideas to suit everyone, but at the moment they are heads above the pillocks at No 10 today.",And there are signs UKIP is starting to pick up the sort of protest votes that traditionally go to the Liberal Democrats - as well as benefiting from a slump in support for the British National Party.,1,Support,A,0,,,
1801,well personally my second cousin by marriage on my mothers side descends from the archea branch but my bosses boss is an arachnid,fact shmakt,1,Support,A,0,,,
1768,genesis  and  say and there was evening and there was morning a sixth day,i can see how it would be interpreted as a contradiction,0,Attack,A,0,,,
1282,the reason we dont teach literature in home economics is because those two subject have seemingly absolutely nothing to do with one another,well since they do not it is a true statement,0,Attack,A,0,,,
149,Ukip are doing well for the very simple reason folk have at last realized that they are being lied to by LibLabCon and now have somewhere else to go.,"The Conservative Party is bringing in people who want to work in the national interest to sort out Britain's problems, he said.",0,Attack,A,1,,,
2199,when evidence is interpreted it is interpreted by flawed and failed humans with biases just like everyone elses,right that certainly explains the many many versions of christianity,1,Support,A,0,,,
518,"In UKIP, we have a new political force which looks likely to poll very well in a national election on thursday.","UKIP recorded their best ever Westminster election performance and brought humiliation to the Conservative candidate, in the process triggering a debate within the party about how to deal with their rivals.",1,Support,A,1,,,
751,A strong UKIP vote suggests there's a lot of the British public who aren't on board with the current set-up.,"He also warned that if a proposed referendum led to the UK leaving the EU, there would be dire consequences for the country's global influence.",0,Attack,A,1,,,
164,A forensic examination of UKIP's policies would nail once and for all the Establishment lie that they're a bunch of swivel-eyed racists.,"When initially questioned over his comments, Mr Bloom told BBC News it would be absurd and ridiculous to label UKIP racist.",1,Support,A,0,,,
2265,not so sure about that after reading about the kidney and brain incident at kfc i do not think i will be going back there anytime soon,but they are delicious,0,Attack,A,1,,,
2510,I believe that opinion polls harm the democratic process,Opinion polls can lead to tactical voting which may have unintended outcomes,1,Support,A,0,,,
305,Ukip are doing well for the very simple reason folk have at last realized that they are being lied to by LibLabCon and now have somewhere else to go.,"UKIP backed my candidacy and that was great, Mr Hollobone said.",1,Support,A,0,,,
2205,five maybe ten sentences lean a direction and you invalidate the whole article good luck finding a news article that is completly objective and balanced,nice succinct summary on the state of affair with liberal journalism today,1,Support,A,0,,,
1747,the bible is in fact useless,at the risk of sounding like my mother i dont know what happened to you that caused you to hate christianity so but it is evident that you absolutely hate it,1,Support,A,1,,,
895,openmindedness toward creationism is important,attempts to conceal the creationismevolution controversy from students are dogmatic promotions of evolution,1,Support,A,1,,,
2116,then a man who needs an artifical heart to survive is a new species of man that is the analogy i gave and you ignored,and well he should have ignored it your analogy is nonsense,0,Attack,A,1,,,
585,"The sooner we are out of the EU, the sooner we can start making this country great again.","Britain would prosper outside the EU, he argued, and talk of its losing trade was not credible.",1,Support,A,0,,,
2445,We should fear the power of government over the internet,Internet regulation is necessary to ensure a working economy on the internet,0,Attack,A,1,,,
204,If anyone seriously thinks that UKIP will offer some kind of answer to our current problems then I think that they are going to be sadly disappointed.,They might be voting for UKIP because they want to have a referendum on Europe.,0,Attack,A,1,,,
676,"I don't necessarily think Nigel Farage is worthy of PM, I think they need a new leader.","They will each have plenty of opportunities to publicly debate the party's performance, and to make the case against the return of Nigel Farage.",1,Support,A,0,,,
1574,this is open your interpretation of the bible,and what of those who having studied the bible and the physical world determine that the bible has no basis in fact,0,Attack,A,1,,,
2596,i read the book which is subtle philosophical and nuanced at the beginning of the year and last night i watched the dvd of this film what utter rubbish the film is a boring sweary standard thriller,this film is a masterpiece it pains me that you consider it a mere simplistic thriller maybe you should watch it again a good five years from now,0,Attack,A,1,,,
1439,you continue to quote dishonest sources,the ncses response to id is that about  scientist dont believe in id and you shouldnt either,0,Attack,A,1,,,
2376,as a mediator with as little violence as possible,they should also not veto every single attempt at an un resolution,1,Support,A,0,,,
301,It is because of UKIP that we are finally discussing the European question and about immigration and thank goodness for that.,"Isolating Britain and damaging Britain's reputation is not the right history to write, he said.",0,Attack,A,1,,,
144,"I sense that Farage is a total megalomaniac, a charlatan, someone who is in it for the attention and the glory and that in a strange way, that many UKIP voters know this but don't seem to mind.","Mr Farage, who failed in his attempt to become an MP in May, said he was the best man to lead UKIP from the front.",0,Attack,A,0,,,
1078,should we just reject the bigbang as being unscientific since it would require a supernatural cause according to the nd premise you list is the best you can really come up with is who designed the designer,why would consideration of the designer necessarily introduce religious discussions about theological questions clearly it is because his concept of the designer is a supernatural onewhich was exactly what i was arguing,1,Support,A,1,,,
183,A strong UKIP vote suggests there's a lot of the British public who aren't on board with the current set-up.,Nigel Farage and UKIP are the last best hope for Britain.,1,Support,A,1,,,
1227,and one of the reasons why id appears to be lousy theology but what the heck  i am sure iders can find yet another ad hoc explanation for this,yes jim we see objects on a daily basis that were not designed,0,Attack,A,1,,,
2254,how many goals can you score in an amount of time,that would be very simple unimaginative etc,0,Attack,A,1,,,
2161,here in new hampshire not known as a bastion of liberalism civil unions passed the state legislature this year i am now covered under my partners state sponsored he is a state worker health insurance we are grateful,oh i hear you i am covered by my partners insurance here as well i would not have been able to get the insurance if we were not legally a union,1,Support,A,0,,,
1487,the smoking guns are well established,jon buell the president of the foundation for thought and ethics testified in court enjoyby mr,0,Attack,A,0,,,
14,"UKIP are a fairly right wing group as I'm sure will become clear when they actually produce some policies other than the ""its all the eu's"" fault.","UKIP are probably a flash in the pan and they are a protest vote for disaffected voters who think Tories aren't right wing enough, Green activist Andrew Murray tells me.",1,Support,A,1,,,
1695,using logic to apply consistent artistry to the mass of creation we may assert the existence of the artist almighty god  if we exercise faith toward god by believing that he exists in the very manner that he says that he does then we may logically apply his consistent character including his artistic signature in creation to all things that god the artist creates,your argument breaks down if your audience rejects the notion that adam was created ex nihilo with the appearance of age,0,Attack,A,1,,,
2287,but if we get this right we will waste less research time with dodgy students we wish we had rejected at interview,but interviews basically do not work very well,0,Attack,A,1,,,
2354,london surely is a better city than vienna,i think it depends on the individual,1,Support,A,0,,,
1352,schenfinally to claim that id has no secular purposes that are not shams is quite a claim to make,when the supreme court formulated valid secular purpose which is not a sham the court unlikely believed that any future unstated secular purpose would be sufficient for something to pass this requirement,1,Support,A,1,,,
1990, this is pure ignorance, i really do not know where to start with this one at the time of writing this response apparently evolution is incorrect,1,Support,A,1,,,
2558,Transparency is necessary for security,Provides information to competitors,0,Attack,A,1,,,
1218,in my discussions with island i have come to the conclusion that i was mistaken in calling island an id supporter,the argument always had intuitive plausibility,1,Support,A,0,,,
2025, i dont believe in evolution or anything contemporary beyond the dictionary definition of it, there is absolutely no proof for evolution,1,Support,A,0,,,
205,The more the 'mainstream' parties smear and lie about UKIP the more their support rises.,UKIP has won over 130 seats so far and is averaging 25% of the vote in the wards where it is standing.,1,Support,A,0,,,
726,It is because of UKIP that we are finally discussing the European question and about immigration and thank goodness for that.,"Over three million jobs in this country, directly or indirectly, depend on us being in the EU, so that is a big choice.",0,Attack,A,1,,,
47,"Labour should be running scared of UKIP, now the working class are starting to realise that Labour is for middle class socialists and the public sector.",The safest way to protect Britain's interests is to vote Labour.,0,Attack,A,1,,,
331,"If UKIP do hold the balance of power and get into government, their only condition will be an in/out EU referendum.","UKIP's call for an amicable divorce from the EU which had become mainstream, he said, and he urged Tory MPs frustrated with their policy to join his party.",1,Support,A,0,,,
948,joegbtw pvm the scientific answer to ucd is we dont know,and as with all scientific inferences further research can either confirm or refute that inference,1,Support,A,0,,,
1329,have you read the original emails based on which the conclusions were madeyou do understand the meaning of a congressional report by the majority party dont you,the congressional report comes from the similar sources that have denied the existence or problems of global warming as well,1,Support,A,1,,,
266,The more the 'mainstream' parties smear and lie about UKIP the more their support rises.,"UKIP recorded their best ever Westminster election performance and brought humiliation to the Conservative candidate, in the process triggering a debate within the party about how to deal with their rivals.",1,Support,A,0,,,
2094,in the latter case that is because more fornicators are shacking up rather than getting married which is why there is fewer divorces if a state allows gay marriages their spirituality is in the toilet,good the less moronic spirituality in each state the better lets move out of the dark ages as fast as we can,0,Attack,A,0,,,
1680,human beings added names to the days of week they were originally and simply numbers,why should we just stop  why not keep trying to understand the universe  i could never imagine being satisfied with a god did it,0,Attack,A,0,,,
1097,the biologic institutemy my what nonsense,so your argument is by pushing scientists to find more junk dna it is in fact useless to the organism vestigial limbs my tailbone does nothing and has no purpose and i could have it removed with no damage to my functioning and other disproofs of intelligent design id serves the purpose of annoying scientists into progresscouldnt you just advance the cause of science by doing experiments and recording data,1,Support,A,1,,,
473,"UKIP do not bear scrutiny either as a coherent policy offer or a group of potential ministers , they are an insurgent party of protest with one message.","He said it was proof that UKIP is no longer just a protest party and is broadening its appeal across the country, not just the south of England.",0,Attack,A,1,,,
2461,All nations have a right to nuclear weapons,Possessing nuclear weapons will be counter to the peaceful interests of states,0,Attack,A,1,,,
2099,women have been denigrated and made fun of for centuries i have just gotten tired of it and righteously so,both men and women have been denigrated and made fun of for centuries men are just better at denigrating and making fun,0,Attack,A,0,,,
523,"UKIP's position is not reasonable, but racists and proto-fascist, considering they have nothing to say about the finance capital bombing of the economy, but to put all the blame for Europe's woes onto immigration.","The charge put by its deputy leader David Campbell Bannerman when he defected to the Conservatives in the wake of the May elections was that UKIP remained, at heart, a single issue pressure group.",1,Support,A,0,,,
1217,having been asked to contribute a discussion of the anthropic principle for a colloquium on cosmology i would start by recalling that although its original formulation  was motivated by a problem of cosmology diracs and although many of its most interesting subsequent applications such as the recent evaluation  of the dark energy density in the universe have also been concerned with large scale global effects the principle for which i introduced the term anthropic is not intrinsically cosmological but just as relevant on small local scales as at a global level,in my discussions with island i have come to the conclusion that i was mistaken in calling island an id supporter,1,Support,A,0,,,
2020, nope just the opposite, its not falling apart its evolving as new data arrives,1,Support,A,0,,,
1477,there is more than naturalism can engage,oibopen your mind and your brains will fall out,0,Attack,A,1,,,
2400,We should ban religious symbols in public buildings,Banning religious symbols is just a way of unfairly targeting people,0,Attack,A,1,,,
2641,this film is easily one of the best movies ive ever seen yes it is pretty easy to guess the ending but it still wasnt ruined by that fact it is a work of art it is rewatchable,i completely agree with the op i have just seen this movie and was really blown away by the beauty of it i think ill be rewatching it again real soon,1,Support,A,0,,,
2565,its because you have a low attention span and can only handle films with hyperbolic actingaction and constant fireworksexplosions,seriously when people dont like slow films there are always people that say you are incompetent and only like big explosions and big special effects this film tried too hard to be something it wasnt,0,Attack,A,1,,,
1899, none of the things that people put forward as evidence of a god are evidence for a specific religion, theres no rational reason to accept creationism its simply empty claims with no evidence it has no predictive powers it cannot explain what we see in nature and it introduces a level of complexity with no explanation requiring mindless faith,1,Support,A,0,,,
161,"UKIP are just trying to stir up fear, using peoples fears and prejudice to gain votes so that they can get their snouts into the trough.","We can only stir it up because it is already there, red hot and seething against us.",0,Attack,A,1,,,
2571,wolf creek was awful,yeah i will admit wolf creek is not for everyone but what really clinches it for me is john jarrett he was outstanding,0,Attack,A,0,,,
800,"UKIP is a not a real party, with a clear global ideology and vision addressing all aspects of society: it is focusing on a handful of issues (all centered around membership in the EU and migrants), mostly ignoring global financial issues, health, education, security etc.",Mr Farage has successfully broadened UKIP's appeal away from Europe.,0,Attack,A,1,,,
860,"In UKIP, we have a new political force which looks likely to poll very well in a national election on thursday.","UKIP had increased its vote by 50% in the general election and had many exciting plans for the future, he said, but it was time for a younger leader to show how liberating and enriching life would be outside the EU, saying he was confident one would emerge.",1,Support,A,0,,,
1327,tjthe government report on the issue validates the charges against the smithsonian institute, lets see would these titles copied from the table of contents of the house of representatives report entitled intolerance and the politicization of science at the smithsonian back up you or me  ,0,Attack,A,1,,,
1871,the bacteria mutated,i think you have some misconceptions about what evolution actually is,0,Attack,A,1,,,
974,ask yourself this if the universe is expanding what happens when that expansion ceases my answer is that it cant be random,pvm those are merely my opinions,0,Attack,A,1,,,
1691,the scripture is silent as to which locale in the spacetime continuum the author of the account was measuring time from on the first day of creation,one thing for sure time was and continues to be passing differently in different parts of the universe,1,Support,A,0,,,
750,UKIP are the only party willing to have a sensible open debate on the key issues affecting the country. ,"UKIP appears to have struck a chord with many voters on the issue of immigration, campaigning against the relaxation of working restrictions on Bulgarians and Romanians due to come into force in January.",1,Support,A,0,,,
1398,poblic schools are not to promote   religion  ,why dont we   add   those inand believe me those commandments werent invented at that time,0,Attack,A,1,,,
265,Many racists and especially xenophobes find the UKIP message appealing.,A UKIP spokesman said these kinds of people did not dictate its policy.,0,Attack,A,1,,,
104,Intellectually I rate Farage much higher than Cameron; he has a very sharp and quick wit and is an excellent public speaker.,"Farage recovered from his injuries and returned to head the party later in the year, in the latest instalment of the colourful story of UKIP's leadership.",1,Support,A,0,,,
804,"If UKIP want to retain these voters and attract more in a general election then they need to come up with policies other than ""leave the EU"" and ""its all the immigrants fault"".",UKIP says it is campaigning on a pro democracy message - aiming to rejuvenate local politics.,0,Attack,A,1,,,
967, pvm why would materialists impose the supernatural this just does not make sense,jumpstarti reckon well have to take your word on your christianity,0,Attack,A,1,,,
2060,the main creationist lie is that people use evolution in our current society as an excuse to do bad things,the comment of someone with an iq of about ,0,Attack,A,1,,,
1729,an appeal to one narrow religious text isnt very persuasive,i do believe the world was created in  days,0,Attack,A,1,,,
2196,i seriously doubt he used the word living,so true that was my mistake as i was envisioning lucy as she was when she existe,1,Support,A,0,,,
1861,aristotle socrates and plato,that if you look into all beliefs and theories you will find a flawthis is very true for almost all theories,1,Support,A,0,,,
829,I think it's far too simplistic to argue all UKIP supporters are racist - there is a real groundswell against the political establishment which over the past 20 years or so has started to converge in terms of image and policies.,"UKIP appears to have struck a chord with many voters on the issue of immigration, campaigning against the relaxation of working restrictions on Bulgarians and Romanians due to come into force in January.",1,Support,A,1,,,
1192,theology it says in his profile,theology it says in his profile,0,Attack,A,0,,,
477,If there are enough Ukip votes it should frighten all the parties sufficiently to make them realise they can't just ignore the electorate.,He told the meeting the policy had been dreamed up by the Conservatives because they were scared of UKIP.,1,Support,A,0,,,
2272,why not london has it all culture fun exhibitions parks what more do you want,better weather,0,Attack,A,1,,,
542,"Europe is no longer fit for purpose and we'd do better to be out than in, plus save a whole load of cash.","Over three million jobs in this country, directly or indirectly, depend on us being in the EU, so that is a big choice.",0,Attack,A,1,,,
1156,i think behe has made the case for obviousdesign within the cell and i dont think you will findanyone who could put it any more clear,ok whatever dude,0,Attack,A,0,,,
810,"UKIP are a two trick pony, Europe and immigration that's it.","UKIP are certainly trying to professionalise, to move away from its more amateurish origins.",0,Attack,A,0,,,
1785,the theory behind evolution is not that an organism evolves during its lifetime but that the species evolves over thousands if not millions of years or generations,hey razza for i wanna say thanks for standing up for what u believe in most people want hard evidence that will prove gods existence when really we ourselves are evidence that god exists,0,Attack,A,0,,,
1720,just curious but what does the types of rock have to with ex nihilo,the young earth creationist dogma demands that the obvious features of the earths geology can not exist,0,Attack,A,1,,,
1490,you still have yet to provide any passages within pandas which state that god is directly implicated saying that the fte is religious therefore so is pandas,why should god be directly implicated when it looks like a duck smells like a duck walks like a duck,0,Attack,A,1,,,
442,UKIP's proposals on membership in the EU and migrants are at best purely demagogic: they do not take into account facts and more general issues.,UKIP says it is campaigning on a pro democracy message - aiming to rejuvenate local politics.,0,Attack,A,1,,,
1122,hilarious,but what about your opinion on idid is ridiculously and obviously not   science  ,0,Attack,A,1,,,
189,People are not voting for UKIP because of immigration propaganda but because of their direct experience of immigration.,"Isolating Britain and damaging Britain's reputation is not the right history to write, he said.",0,Attack,A,0,,,
24,I suspect when people do start to focus and the election is close UKIPs incoherent policies will be exposed.,"Mr Farage criticised the decision to delay the vote by five years, he claimed the prime minister's promise showed we have changed the political agenda in this country calling it our proudest achievement to date.",0,Attack,A,1,,,
1119,it seems that so far id has focused on malaria and on the bacterial flagellum which shares homology with the type three secretory system used by bacteria responsible for the bubonic plague,every time i hear a single word mentioned about the ttss and that it somehow gives flagellar   evolution   some credibility i lose a few months off my life span,0,Attack,A,1,,,
1365,judge jonesalthough we have found that defendants conduct conveys a strong message of endorsement of the board members par ticular religious view pursuant to the endorsement test the better practice in this circuit is for this court to also evaluate the challenged conduct separately under the lemon test,from the above linked paper by peter irons i quote the followingpeter ironsin an undoubtedly unintentional slip which they may well regret the di authors have effectively given away the store with their concession that under the lemon test all that was necessary for judge jones to determine that an establishment clause violation had occurred was to find that the dover school board members had predominantly religious motivations for enacting their id policy,1,Support,A,1,,,
1851,intelligent design doesnt refute evolution,evolution may not have been perfect when it was first thought up but it was still pretty damn good,1,Support,A,0,,,
782,UKIP doesn't need to win power to force the changes people want.,I can categorically rule out any form of electoral pact with UKIP or anyone else.,0,Attack,A,1,,,
579,"ukip's policies on health, education, taxation and all the things that affect peoples lives are non-existent.","With UKIP keen to be seen as more than a party which just campaigns on leaving the EU, the conference will also discuss defence, education and housing.",0,Attack,A,1,,,
608,UKIP is not at all taking into account the financial effects of leaving the EU: Europe is the main market for the UK. ,"UKIP appears to have struck a chord with many voters on the issue of immigration, campaigning against the relaxation of working restrictions on Bulgarians and Romanians due to come into force in January.",0,Attack,A,1,,,
355,Support for UKIP simply indicates that people have noticed that the major parties do not represent their interests.,"Thatcher was wrong then and Cameron is wrong now, neither have ever represented their populace.",1,Support,A,0,,,
1334,tjok you are right on this point as well,well isnt that what the whole debate here is about,0,Attack,A,0,,,
612,"UKIP must get used to the idea of being widely criticised for their bullshit just as other parties always have and I find them racist, sexist, homophobic, embarrassing, unpleasant, fake, ill-prepared, trivial, incompetent, barely organised and dull.","The responsibility of politicians in this situation when people are getting anxious is to try to reassure them and give the facts, not panic and resort to populist measures that do harm.",1,Support,A,1,,,
169,It is because of UKIP that we are finally discussing the European question and about immigration and thank goodness for that.,The committee said the EU had helped to transform Europe from a continent of war to a continent of peace.,0,Attack,A,1,,,
276,A forensic examination of UKIP's policies would nail once and for all the Establishment lie that they're a bunch of swivel-eyed racists.,UKIP's fortunes have improved and it recorded its best performance in a parliamentary by-election in Rotherham in December.,1,Support,A,0,,,
2663,after all the attention and awards etc and an imdb rating of  i was so shocked to finally see this film and have it be so bad,i liked it but i did find it quite underwhelming,1,Support,A,0,,,
1783,i find it immensely amusing when christians require proof before theyll believe in something,i agree totally with what you said cerin,0,Attack,A,0,,,
1812,that is where you are wrong,the processes of evolution have been observed,0,Attack,A,1,,,
766,UKIP doesn't need to win power to force the changes people want.,"We're not going to do a pact with UKIP anymore than I'm going to do a pact with the Lib Dems and go into the next election with them, said Mr Shapps.",0,Attack,A,0,,,
2643,i cant believe that a great film like this can receive such a low rating while the likes of shawshank redemption and batman sit comfortably in the top  list of the entire website,those movies that you mentioned are actually entertaining unlike this pseudointellectual crapfest,0,Attack,A,1,,,
1790,i could argue the many reasons i dont believe in creationism but i would never be able to end my list,science involves observations theory design testing and predictable outcomes,0,Attack,A,0,,,
1744,it is only the closest science can come to explaining the origin of human existence and how things developed over timeyes,so would you say that the those in the bible lied about jesus doing miracles and god showing himself through signs or etc,1,Support,A,1,,,
1593,i had always been taught it was the plants,  httpeesc,1,Support,A,0,,,
1938, if your with god then there is no debate, yes i believe evolution is wrong,1,Support,A,0,,,
141,"As far as immigration is concerned all Ukip want is a level playing field for non EU migrants and to control the numbers so, if anything, Ukip are too soft on immigration.",Eurosceptic UKIP's success in the local elections has renewed pressure on David Cameron to hold an in-out referendum.,1,Support,A,0,,,
2016, yes if what you are saying is true then im for it, no it is not falling apart,0,Attack,A,1,,,
1468,but its more than we dont understand thus designed,but its more than we dont understand thus designed,0,Attack,A,0,,,
1997, nothing in biology makes sense except in light of evolution, i definitely agree with evolution,1,Support,A,0,,,
2471,We should create a United Nations standing army,A United Nations Standing Army would solve the problem of American military hegemony,1,Support,A,0,,,
2441,We should fear the power of government over the internet,Internet regulation is a euphemism for censorship,1,Support,A,0,,,
1358,lets just cut to the chase id does not perform any empirical and statistical verifications at best they could perform statistical falsifications of a particular scientific hypothesis but even the simplest hypotheses are not easily captured in statistics and thus id has found that most examples of supposedly designed systems cannot really be tested using id methodology,pvmfirst of all the judge observed that the school board was strongly motivated by religious beliefs and the fact that they believed that id presented a scientific hypothesis and thus a valid secular purpose was their downfall ,0,Attack,A,0,,,
1216,you mean ones like wmap shows that we are at the center of the universe or the quote of carterwell i realize that one does remain the goldilocks enigma is a falsifiable observation that makes testable predictionsas i already explained though observations are seldomly falsified as they are based on observed data,having been asked to contribute a discussion of the anthropic principle for a colloquium on cosmology i would start by recalling that although its original formulation  was motivated by a problem of cosmology diracs and although many of its most interesting subsequent applications such as the recent evaluation  of the dark energy density in the universe have also been concerned with large scale global effects the principle for which i introduced the term anthropic is not intrinsically cosmological but just as relevant on small local scales as at a global level,1,Support,A,0,,,
453,"Ukip is the only party advocating withdrawal from the failing EU, a sensible idea for a lot of people!","UKIP's local election manifesto, concentrates on its flagship policy of ending open door immigration and putting pressure on the government not to lift restrictions on workers from Bulgaria and Romania on 1 January, which proved a successful formula in Eastleigh.",1,Support,A,0,,,
1380,why should i waste more than  seconds attempting to communicate with an ignoramusim asking myself the same thing,of course the disco tute is the discovery of nonsense,0,Attack,A,1,,,
524,"UKIP is neither left or right wing, it is anti establishment, but it does take some elements from both sides of the spectrum",But Mr Cameron dismissed UKIP's showing as a protest by voters and promised to stay true to his principles.,0,Attack,A,1,,,
1240,for years now the intelligent design proponents and the discovery institute have been working the catholic angle getting some of its cardinals into trouble,if the catholic church says it it has just gotta be true,0,Attack,A,1,,,
2212,sadly policy needs no law for justification the va is a law unto themselves as anyone who has delt with them finds out,well then there is grounds for a lawsuit find a group of veterans and get them to sue the va funded by the nra and take the whole organizaton to court on charges of violating federal standards,1,Support,A,0,,,
1508,in the past the flagellum was supposedly an example of an irreducibly complex biological structure that could not evolve,oneinbillion observes that luskins claim id makes reliable inferences,1,Support,A,1,,,
1221,also christians concerned about science,to correct pvms confusionforensic detectives have to figure out the means,0,Attack,A,0,,,
1973, no scientist can give strong evidence to support evolution      your dishonesty and ignorance of science proves you are not fit to even ask the question, theres really no way yet to prove it but the precedence of the evolution of all other species including our own has led to a conclusion that we most likely came from something else,1,Support,A,0,,,
27,Big business will not support UKIP given the devastation that withdrawal from the EU would cause.,We cannot have any control over who comes to Britain while we are members of the EU.,0,Attack,A,1,,,
927,grayling explains in his review of fullers latest book quite well how id is doomed to remain scientifically vacuousfuller has written about popper he seems to forget poppers killer point namely a theory that explains everything explains nothing,pvm wrote however this is false and misleading,0,Attack,A,1,,,
1458,when there was a move to distribute unlocking the mystery of life dvd to australian schools a few worried scientists headed by michael archer from unsw got together and signed a letter on behalf of  scientists and educators,idnetto comment on whether id has merit or not it is minimally necessary that people be properly informed of the arguments involved,0,Attack,A,0,,,
412,"UKIP advocates for the UK leaving the European Union which would be a bad idea – but they are trying to leverage on the british people’s need to belong and pride to be british, which further sparks their anti-foreigner standpoint.","UKIP, which is fielding a record number of candidates in next month's elections on the back of strong performances in recent Westminster by-elections, said the issue was definitely coming up on doorsteps.",0,Attack,A,0,,,
2355,i think it depends on the individual,yes i guess it really depends on the preferences if you want smaller but more holidaylike then nice is very nice if you want old i would suggest krakow,1,Support,A,0,,,
1211,carter points out that the coincidence found by bondi belonged to three classes the traditional kind  without use of the anthropic principle  those which only require the use of a weak anthropic principle and  those which require the invocation of an extended and hence rather more questionable strong anthropic principle,is actually quite simple,1,Support,A,1,,,
998,id is offered as an explanation for the complexity of life on earth which according to id proponents cannot be explained by random chance and survival of the fittest,on pandasthumb nick matzke whose contributions to dover v kitzmiller were instrumental in the stunning defeat of intelligent design and whose contributions to exposing the fallacies in behes arguments as well as the extent of ignorance of science amongst id proponents has caused much concern amongst id proponents so much that in general they have chosen to pretend in a typical creationist fashion that matzkes arguments do not exist,1,Support,A,1,,,
2365,the nexus  has everything fast processor big screen and the latest version of android,and it is cheaper than most other smartphones as well,1,Support,A,0,,,
741,People are not voting for UKIP because of immigration propaganda but because of their direct experience of immigration.,"UKIP appears to have struck a chord with many voters on the issue of immigration, campaigning against the relaxation of working restrictions on Bulgarians and Romanians due to come into force in January.",1,Support,A,0,,,
1101,i understand that michael behe is one of the participants on this forum and i am looking forward to his contributions addressing matzkes observations,behe claims that they can bring together separate components and place them in relationship to each other to create an effect that may be extremely unlikely to occur by chance,1,Support,A,0,,,
2454,All nations have a right to nuclear weapons,All countries have a right to defend themselves with nuclear weapons even when they lack the capacity in conventional weapons,1,Support,A,0,,,
1554,ricardo the bible was definitely written as is,its not that cut and dried,1,Support,A,1,,,
2218,i find that very interesting that many christians are so loudly against abortion yet their own bible condones it,that is right everyone of the fundamentalists are on the band wagon about abortion being murder the same ones depend on their ministers to hail the words for the biblical scholars,1,Support,A,0,,,
652,Plenty of survey's have shown UKIP to be the most hated of the main parties.,"UKIP appears to have struck a chord with many voters on the issue of immigration, campaigning against the relaxation of working restrictions on Bulgarians and Romanians due to come into force in January.",0,Attack,A,1,,,
2059,the father deserves nothing but scorn and derision he is a murderous cretin whose stupidity killed his child,well that is a stupid statement stupid enough that i can not even wrap my head around it and make a proper comparison,0,Attack,A,0,,,
349,The only reason we are even having a sensible debate about Europe are UKIP.,A UKIP candidate in Somerset has been suspended from the party after photos of him apparently making a Nazi-style salute appeared on his Facebook page.,0,Attack,A,1,,,
254,"There's an election next month, UKIP are campaigning on the streets right now, and candidate upon candidate keeps churning out ridiculous (often racist, sexist or homophobic) views.",A UKIP candidate in Somerset was suspended from the party on Tuesday after a photo of him apparently making a Nazi-style salute appeared on his Facebook page.,1,Support,A,1,,,
2395,We should ban religious symbols in public buildings,Many symbols are seen as a symbol of oppression on women,1,Support,A,1,,,
1906, im against it   ahh i love the arguments in everyone the against it section, you see a building and you have proof there is a builder,1,Support,A,0,,,
2349,the office,that is what he said,1,Support,A,0,,,
394,A forensic examination of UKIP's policies would nail once and for all the Establishment lie that they're a bunch of swivel-eyed lunatics.,UKIP Councillor David Silvester said floods had happened after David Cameron acted arrogantly against the gospel.,0,Attack,A,1,,,
533,"It feels like UKIP is anti most things and base their politics on this: Anti-aid, Anti-immigrant – at times even anti-politics; it is therefore difficult to understand what they actually stand for and want to work towards.","He also warned that if a proposed referendum led to the UK leaving the EU, there would be dire consequences for the country's global influence.",1,Support,A,1,,,
297,If there are enough Ukip votes it should frighten all the parties sufficiently to make them realise they can't just ignore the electorate.,"Earlier this week, former Conservative peer Lord Stevens joined the party, becoming UKIP's third peer, sitting alongside former party leader Lord Pearson of Rannoch and Lord Willoughby de Broke in Parliament.",1,Support,A,0,,,
1589,why would god explain this only to a semiliterate group of ancient nomads with no understanding of the cosmos or the world outside of their little   society   why not give an updated version to modern jewish or christian or islamic scholars surely all three groups today include people who understand  geology astronomy and biology on a rather more comprehensive level than the ironage authors of genesisin fact being allpowerful why be limited to the understanding of the writers at least if you can create the world surely you can inspire sentences like and the quickness of light shall be found to be always the same relative to the one who looketh and behold the quickness of the light when multiplied by itself and the true weight of matter equals the amount of force that went into its making,while i have my own reasons for believing he did that my personal opinions regarding   religion   are a bit outside of the mainstream so im not going to discuss them,1,Support,A,0,,,
2128,if you are this closeminded impervious to logic and show this much delight in ignorance at your tender age can you imagine how much more insufferable you will be when you grow up,you throw personal insults more than i do so when will you grow up,0,Attack,A,1,,,
1455,take your time id rather have you think about it digest it and respond than give a hasty response which would not help us resolve these issues,the following statement by the employee of ncse is the exact form of inference to the best explanation that id scientists use to demonstrate that there is intelligence behind life,0,Attack,A,1,,,
193,"The UKIP party is a populist party at the right end of the spectrum, which exploits people's fears of the foreign and unknown.","Then there is UKIP's founder Alan Sked, who wrote to the The Times to say that UKIP has been fooling its voters and members for far too long.",1,Support,A,1,,,
905,teaching creationism is comparable to teaching flat earthism,schools should not teach theories that are completely at odds with each other,1,Support,A,0,,,
1875,evolution has been proven many times,evolution has not been proven,0,Attack,A,1,,,
1140,science did not design the functionality scientists observed the functionality and developed theories on how it function  how that function came about,beheif scientific merit is judged by the correspondence between theory and physical reality then the theory of intelligent design rates very strongly,1,Support,A,1,,,
1194,anybody that thinks there is currently a healthy scientific debate over intelligent design has missed the history of the last  years,fxl wrote so why arent physicists saying gravity is as well established as the theory of   evolution  it  is obvious isnt it i hope not to be too snarky but the pope finally got around to admitting that  galileo was correct in teaching that the earth revolved around the sun get the gravity connection,0,Attack,A,1,,,
1446,when i read casey luskins article he made some very good points, it seems to me that luskin is being more scientific in that he talks about a method for testing idthats ironic because luskin presents no testable id,0,Attack,A,1,,,
1066,the problem with your argument is that it simply depends on a certain kind of fossil not being found and you have been repeatedly proven wrong over the last  or  decades when such a fossil is found,the problem with your argument is that it simply depends on a certain kind of fossil not being foundthats part of the equation it also relies on changes or progressions between fossils happening to quickly or too sudden in order for it to be accounted for by chance and necessity,0,Attack,A,1,,,
792,"Ukip has British values, wants to get British industry kick started back to the fore front again, become more self-sufficient.",The committee said the EU had helped to transform Europe from a continent of war to a continent of peace.,0,Attack,A,1,,,
338,A forensic examination of UKIP's policies would nail once and for all the Establishment lie that they're a bunch of swivel-eyed racists.,"Nikki Sinclaire was expelled by UKIP leader Nigel Farage for refusing to sit with the party's allies Liga Nord, a very right wing, borderline racist, party, in the European Parliament.",0,Attack,A,1,,,
1316,if id is bait and switch then so is   evolution   considering that its proponents tend to sell it off starting with the least extreme definition and just move on up from there  httpintelligentdesign,in science testing a hypothesis or theory means deriving predictions from them,1,Support,A,0,,,
2592,movies should be fun entertaining this movie is not waste of my time,actually i thought it was very uplifting whenever there is life and hope its no longer depressing,0,Attack,A,0,,,
821,"If we leave the EU we will save billions of pounds which can then be invested in our ailing national infrastructure, notably the NHS.","He also warned that if a proposed referendum led to the UK leaving the EU, there would be dire consequences for the country's global influence.",0,Attack,A,1,,,
819,"If we leave the EU we will save billions of pounds which can then be invested in our ailing national infrastructure, notably the NHS.",The Lib Dem leader also argued that being in the EU meant that we keep ourselves safer because we can go after cross-border crime and terrorism and that we can look after the environment in a way which we can't on our own.,0,Attack,A,1,,,
1904, to me there is no proof of a greater hand other than from the word of believers whose faith is based in belief and not in any form of evidence at all, amusing is all i can really say to cancers response,1,Support,A,0,,,
614,"The problem with popularism but no substance, like UKIP represent, is that it just results in things getting worse and worse.","UKIP, which has called for withdrawal from the European Union and greater restrictions on immigration, has seen improved poll ratings this year.",0,Attack,A,1,,,
2636,this film is easily one of the best movies ive ever seen yes it is pretty easy to guess the ending but it still wasnt ruined by that fact it is a work of art it is rewatchable,ok so i thought it was only me but after watching this movie i had a massive headache also i thought the movie was terrible it was all over the damn place and difficult to follow,0,Attack,A,1,,,
1094,if theres something on    evolution   news its irrelevant to intelligent design andor distorted beyond all scientific recognition,if biology leads to new design if it is viewed in that contextand it never has and never will,0,Attack,A,1,,,
5,"The People's Army is on the march and UKIP will get Britain back from the Liblabcon, Establishment and MSM political abusers of our country.",He said he had been impressed by David Cameron's leadership while UKIP was beset by internal fighting and was not a credible political force.,0,Attack,A,1,,,
438,"Europe is no longer fit for purpose and we'd do better to be out than in, plus save a whole load of cash.","Mr Cameron also said he did not think it would be right for Britain - or in the national interest - to leave the EU entirely, pointing out that some 50% of nation's trade was with the EU.",0,Attack,A,1,,,
1948, i believe evolution is correct and whats up with this lack of understanding that evolution is a sloooooooow process       with the making everything is  days and resting on the seventh  which conveniently happens to be a week, i believe its right,1,Support,A,0,,,
1643,as i stated above i believe neither side,it has been translated for about six thousand years,0,Attack,A,0,,,
2101,oh and i see you are still equating atheist with anyone who does not believe as i do,and i see you still flip back and forth from being an atheist to not being an atheist,0,Attack,A,1,,,
342,I'm no fan of UKIP but well done to them for initiating a much needed shake up of British politics.,I want to free this country from the European Union and then I want us to have a much smaller level of state interference in our lives in this country.,1,Support,A,0,,,
2181,all of these reasons are way vague some are outright ridiculous,agreed many of the reasons are ridiculous but to some people no restriction on gun ownership is unreasonable,1,Support,A,1,,,
488,"If UKIP don't like being smeared, then they need to stop smearing, stigmatising, and fear mongering about others.",It comes two weeks after she accused the UKIP leader of bullying and being anti-women and a Stalinist and threatened to leave the party.,1,Support,A,0,,,
1996, i believe in evolution, nothing in biology makes sense except in light of evolution,1,Support,A,0,,,
2552,Transparency is necessary for security,Citizens have a right to know what is done in their name,1,Support,A,0,,,
2044, it is only belief, youre right there isnt a shred of positive evidence for creationism and creationists dont even try,1,Support,A,0,,,
962,the the myths and stories of the bible were never meant to be taken as history in our sense of the word and certainly not   science  ,  this will and is already descending into a debate about the philosophy of science,0,Attack,A,0,,,
1068,for starters   httpwww,the di is correct to point out that a lack of merit of id should not be confused with its religious implications however the combinations of its religious foundations with a lack of scientific content provides a strong argument against id having merit scientifically and delegates it to the realm of theology,1,Support,A,1,,,
1979, evolution is defined in wikipedia as a change in the inherited traits of a population from one generation to the next, well evolution is by far the most logical idea i have heard about where man came from,1,Support,A,0,,,
2004, well maybe there are some mistakes in the theory but as a whole concept is quite right and logical no, of course theyre nonsense,1,Support,A,1,,,
2448,The voting age should be lowered to sixteen years,Voting at a lower age would increase participation,1,Support,A,0,,,
1190,the universe is under no obligation to conform to anyones definition of science,anybody that thinks there is currently a healthy scientific debate over intelligent design has missed the history of the last  years,1,Support,A,1,,,
2065,it ought but it will not at least not the gun fetishists in this forum who in my humble opinion are prisoners of their ignorance their fears their insecurity,look what is talking about insane immune to reason a prisnor of his own giant ignorance slavery fetishist and one of the comic relief  stooges,0,Attack,A,1,,,
2389,the best way to protect Scottish interests in the EU is to vote for independence,An independent Scotland would avoid having a referendum on EU membership,1,Support,A,0,,,
119,"I would say it's the anti-ukip brigade who have no substance to their argument (or facts), they simply shout ""racist"" with nothing to substantiate this slur, or become crude and insulting.",We need to show respect for people who have taken the choice to support UKIP.,1,Support,A,0,,,
1842,to me this is a simple one evolution all the way,you say the bible is the only proof of creationism,0,Attack,A,1,,,
2650,i turned this movie off halfway through because i was bored out of my skull then i come here and its got a high rating granted its got a good storyline good acting nice cinematography but somehow still managed to bore me to tears,oh no i have seen the whole movie multiple times definitely a film i will not get tired of any time soon,0,Attack,A,1,,,
958,the purpose of the spiritual realm has never been to say how but why,science is about how things work,1,Support,A,1,,,
2256,lucca is lovely and off the tuscan beaten track,it is very hard to reach,0,Attack,A,0,,,
677,UKIP doesn't need to win power to force the changes people want.,"According to the Daily Telegraph, Mr Farage suggested to Mr Murdoch at the meal that he would form an electoral pact with the Conservatives if David Cameron stood down as leader.",1,Support,A,1,,,
2415,We should grant politicians immunity from prosecution,In the event of major abuses of power it should be the public that holds politicians to account,1,Support,A,1,,,
2126,the only obsession i see is the obsession gays have in seeking acceptance for their lifestyles,you keep starting all these threads on gays called obsession,0,Attack,A,0,,,
850,UKIP and the Greens are the only parties to date that haven't screwed us all over.,"Ahead of May's local elections, Conservative cabinet minister Ken Clarke dismissed UKIP as a protest party and a collection of clowns.",0,Attack,A,1,,,
2253,nobody buys books anymore,lots of people buy books now a lot of people still prefer the feel of paper,0,Attack,A,1,,,
327,"There's an election next month, UKIP are campaigning on the streets right now, and candidate upon candidate keeps churning out ridiculous (often racist, sexist or homophobic) views.","And last autumn, MEP Godfrey Bloom embarrassed the party when he used the phrase bongo bongo land and joked that some female activists were sluts.",1,Support,A,0,,,
720,"UKIP are a fairly right wing group as I'm sure will become clear when they actually produce some policies other than the ""its all the eu's"" fault.",It has been a key part of his strategy to distance the party from the far right - its constitution bans former BNP members from joining.,0,Attack,A,1,,,
934,seems highlander was somewhat quick in his response as i am more than willing to support my claims,highlanderthe exact same is true when modern science reveals an ic structure such as the flagellar motor  assembly,1,Support,A,0,,,
2224,as it stands in the uk a father has no sat whatsoever in the welfare of the fetus if his partner wants to terminate he need never even be told,same in the us the father does not have the right to choose,1,Support,A,0,,,
2011, creationism is mythology and intelligent design is a politically based movement to secure the support of a certain segment of the population, i dont attempt to defend either intelligent design or creationism,1,Support,A,0,,,
603,UKIP is a vessel through which a protest is being delivered. ,But Mr Cameron dismissed UKIP's showing as a protest by voters and promised to stay true to his principles.,1,Support,A,0,,,
310,UKIP are a joke outfit full of small-minded Neanderthals who think the 1950s are the future.,A UKIP candidate in Somerset was suspended from the party on Tuesday after a photo of him apparently making a Nazi-style salute appeared on his Facebook page.,1,Support,A,0,,,
953,id can be scientifically relevant if it were to take the scientific approaches used by real science such as criminology which uses means motives opportunities etc,in a recent article casey luskin addresses the recent findings that changes in a regulatory gene can help explain the morphological differences between the chimpansee and humans,1,Support,A,0,,,
365,"The momentum is with UKIP; Labour, Conservative and Liberal areas are all now vulnerable to them. ","Explaining his decision to swap sides, Mr Campbell Bannerman - MEP for the East of England - said UKIP had become obsessed with single issue politics, internal fighting and shouting from the sidelines.",0,Attack,A,1,,,
688,UKIP is the only party that has understood the damage immigration does to the UK and its policies aim at repairing this.,"Mr Farage, speaking to the BBC's Len Tingle, said the election result represented significant progress.",1,Support,A,0,,,
709,The success Ukip had in the european elections will be sufficient to galvanise one or preferably all the other parties to rid us of the EU's political influence.,"UKIP, which has called for withdrawal from the European Union and greater restrictions on immigration, has seen improved poll ratings this year.",1,Support,A,0,,,
959,science is about how things work,good point but as an evolutionary biologist i find that not entirely true,0,Attack,A,1,,,
2333,maybe you could have a cake sale,indeed a cake sale sounds like a good idea,1,Support,A,0,,,
1354,forrest who has written a history of id was an expert witness in the dover case and her piece recounts the various personal attacks and snide comments she had to endure during the trial,he was a judge,1,Support,A,1,,,
2476,We should create a United Nations standing army,There are better alternatives to solving the problems of contemporary warfare,0,Attack,A,1,,,
1404,liberals will loose this battle,is good science a liberal theme if you love true science you must be a liberalyou are in good company but remember that good science including evolutionary science knows no boundaries christians republicans democrats and independents all accept the facts of science of course given the historical link between evangelicals and republicans we do observe a stronger lack of understanding of science amongst some who also happen to be republicans but do not confuse cause and effect here,0,Attack,A,1,,,
1717,maybe get someone to do your studies who doesnt pay a tithe  someone who perhaps doesnt own a   bible  ,consider reading chance or purposeat any rate chance is an obviously derogatory word to try to bias the argument against   evolution   and purpose is obviously meant to imply that some intelligence is involved,1,Support,A,1,,,
1065,perhaps the author can explain why of all of the thousands of researchers in geology biology particularly evolutionary biologists and paleontology,the problem with your argument is that it simply depends on a certain kind of fossil not being found and you have been repeatedly proven wrong over the last  or  decades when such a fossil is found,1,Support,A,1,,,
1669,was the earth created in six days or six thousand years  all evidence points to a accretion of material over the course of millions of years several starting around  billion years ago,one day we all will know the truth,0,Attack,A,0,,,
23,"UKIP are a two trick pony, Europe and immigration that's it.","UKIP is branching out on its policy focus, currently focusing its local election campaign on fat cat executives who are currently directing cuts at vital front line services while protecting trendy non-jobs.",0,Attack,A,1,,,
1154,hi pvm they finally got things straightened out,icdesignas far as scientific findings go the numbers of evolution believing scientists is on a major decline,0,Attack,A,0,,,
1697,with all due respects here is my bottom line though i run the risk of being arrogan and closedminded i only write for the judeochristian world view,therefore i dont have time to explore any other world viewsin other words religion is easy and science is hard,0,Attack,A,1,,,
1349,in my previous post i discussed by the auscss arguments were flawedboth factually and logically,schen,0,Attack,A,0,,,
1890,a theory as the word is used by scientists is a detailed description of some aspect of the universes workings that is based on longcontinued observation and where possible experiment that is the result of careful reasoning from those oservations and experiments and that has survived the critical studies of scientists generally,evolution does not neccasarilly contradict intellegent design,0,Attack,A,0,,,
918,island statesyou pretend like the appearance doesnt beg a real scientific question because you are overreacting to your perceived motivation of idists but not because you are thinking like an honest scientist would,you are missing the point the ad hominem is not that i did not understand your argument i can see why given your limited exposure to id you may have come to that conclusion,1,Support,A,1,,,
887,teaching creationisms truth is necessary in upholding the truth of the bible,if we are descended from animals then the unique relationship between man and god is undermined,1,Support,A,1,,,
232,Intellectually I rate Farage much higher than Cameron; he has a very sharp and quick wit and is an excellent public speaker.,"General elections, however, with their first-past-the-post voting systems, have been a very different story and Farage has failed to make the breakthrough he has been hoping for.",0,Attack,A,1,,,
1645,it has been translated for about six thousand years,you are an intellectual and people like you have the hardest time believing anything let alone trying to intellectualize the bible or god or anything like it,0,Attack,A,0,,,
803,"In fact, all UKIP seems to talk about now is withdrawl from the EU without any genuine policy around UK's domestic economy.","It is also one which means people often dismiss it as a single issue party, unlikely to become a force in Westminster politics.",1,Support,A,0,,,
1076,when i grew up science was a useful tool for discovering things about the world around us, and this site says it better than i could,1,Support,A,0,,,
2502,The International Criminal Court should be recognised,The deterrent effect of the Court ensures widespread and equal adherence to international law,1,Support,A,0,,,
1699,scientific evidence do you need i mean weve got writing from before  years ago evidence of mankinds making things over  years old,speaking as a nonchristian this argument that the days of creation could not be allegorical simply because the author used an ordinal and the phrase evening and morning is juvenile and unconvincing,1,Support,A,0,,,
754,UKIP isn't committed exclusively to either right-wing or left-wing ideology and that’s a very good place to be.,UKIP leader Nigel Farage said any members proven to have extreme right wing views would be expelled.,1,Support,A,0,,,
25,It is because of UKIP that we are finally discussing the European question and about immigration and thank goodness for that.,"And with the UKIP riding high in national opinion polls, Mr Farage has predicted it will win seats in each of the 34 councils where elections are being held.",1,Support,A,0,,,
417,"If you think that the Tories are nasty, heaven help us if UKIP get in because they would be nastier, more cruel, and more bigoted.","The penny is beginning to drop with the British people and British businesses that we are no longer a self-governing nation, and UKIP are here to remedy this.",0,Attack,A,1,,,
1185,from a review of explore evolutioncounterclaims follow that seek to undermine the earlier conclusions including the circular reasoning of the molecular clock the potential fabrications of haeckels ontogeny recapitulates phylogeny how differing family trees are created via anatomical and molecular patterns of relationships and the meaning of gaps in fossil evidence,ac grayling responds to steve fullers defence of his book dissent over descent,1,Support,A,0,,,
2517,We should negotiate with terrorists,Negotiation saves lives,1,Support,A,0,,,
1620,you are opening the door to a nonliteral explanation of the text,no it means that the word of god is internally consistentnonsense,1,Support,A,1,,,
351,"The momentum is with UKIP; Labour, Conservative and Liberal areas are all now vulnerable to them. ","The campaign was dominated by a war of words between the Conservatives and the UK Independence Party, which senior Tories fear will take a significant chunk of their votes.",1,Support,A,0,,,
282,If anyone seriously thinks that UKIP will offer some kind of answer to our current problems then I think that they are going to be sadly disappointed.,"But, at the 2010 general election, support dwindled to 3.1% and UKIP did not win a Westminster seat.",1,Support,A,0,,,
1657,it is consistent but,science is based on what can be observed  tested,0,Attack,A,0,,,
188,Cameron had it right and UKIP could tip the balance towards Labour in the crucial marginal seats in the GE where the battle will take place .,UKIP reacted to coming second by saying they were the winners in the poll.,1,Support,A,0,,,
2528,US intervention in Libya lacking congressional approval was illegal,US intervention is not consistent with other aspects of US law,1,Support,A,1,,,
1945, yes the theory of evolution is wrong it got popular when darwin wrote the book the origin of species but later on many scientists proved from several experiments that it is an incorrect theory, there is no scientist can give strong evidence to support evolution,0,Attack,A,0,,,
651,"It feels like UKIP is anti most things and base their politics on this: Anti-aid, Anti-immigrant – at times even anti-politics; it is therefore difficult to understand what they actually stand for and want to work towards.",The announcement comes two weeks after a roll out of Home Office vans with posters warning illegal immigrants to go home or face arrest was cancelled.,1,Support,A,1,,,
2649,i turned this movie off halfway through because i was bored out of my skull then i come here and its got a high rating granted its got a good storyline good acting nice cinematography but somehow still managed to bore me to tears,too bad you turned it off halfway through because the ending totally rocks,0,Attack,A,1,,,
2047, two darwinists spent hours standing at a flag pole trying to find the height of it, there is endless evidence what it is evidence for is for each person to decide,1,Support,A,0,,,
1390,joe gnow you are just lying,einsteinit was of course a lie what you read about my religious convictions a lie which is being systematically repeated,1,Support,A,1,,,
59,"Any of the ""working class"" who believe UKIP will represent them have not read a UKIP manifesto!","But it caused tensions in the Tory ranks, with Mr Cameron accused of being out of touch with his grassroots.",0,Attack,A,0,,,
1096,and it never has and never will,the biologic institutemy my what nonsense,0,Attack,A,1,,,
635,"I think Farage makes a much better leader than any of the other parties, he's full of enthusiasm and is not a PR man like the current leaders of the 3 main parties.",The party's leader Nigel Farage has promised to cause a political earthquake at next year's polls after a strong showing in local elections.,1,Support,A,0,,,
1220,you gave  claims of intelligent design intelligent agents sometimes leave traces of their activity behind like fingerprints on evidence,also christians concerned about science,0,Attack,A,0,,,
2223,you are saying it is impossible to take marriage out of the government i have all people currently married a civil union and let people from now on get a civil union from the government and marriage from the church it really would not be that hard,i think we all could live with this,1,Support,A,0,,,
730,"In UKIP, we have a new political force which looks likely to poll very well in a national election on thursday.","The UK Independence Party, which has long campaigned for the UK to pull out of the European Union, failed to make its hoped-for breakthrough in May's election.",0,Attack,A,1,,,
1341,tj again only valid if you trust judge jones and judge jones is really only the aclu in disguise because of how much he copied from them,tj again only valid if you trust judge jones and judge jones is really only the aclu in disguise because of how much he copied from them,0,Attack,A,0,,,
1988, genetic tests have proven that we are very closely related to certain apes a branch on the same family tree, evolution is a theory that is supported at the micro level,1,Support,A,0,,,
1396,  it sounds like there was an overarching policy limiting students speech on campus for this one, i have been a christian most of my life and the ten years i lived outside the community was hell on earth,0,Attack,A,0,,,
2611,this movie absolutely fell flat after the discovery at the crash site was made,although it could be argued any form of tension went out of moon after its plot twist half way through it was still compelling seeing the clones of the original sam contemplate their situation and face the truth made for intriguing drama,0,Attack,A,1,,,
2172,a well regulated militia being necessary to the security of a free state the right of the people to keep and bear arms shall not be infringed the individual right to keep and bear arms shall not be denied or infringed by the state or a political subdivision of the state,other states have made similar revisions i would encourage people in states that have not to push their elected officials to do so,1,Support,A,0,,,
1407,daveis there credible scientific evidence that life was designed yes,as to the ncse not wanting to discuss somehow i see few id proponents on this group and behe seems to have ignored matzkes excellent critiques,0,Attack,A,1,,,
557,UKIP are a joke outfit full of small-minded Neanderthals who think the 1950s are the future.,Mr Farage has successfully broadened UKIP's appeal away from Europe.,0,Attack,A,1,,,
2165,that post was a joy to read,yes great post bradley well written perceptive and insightful,1,Support,A,0,,,
159,UKIP are in no way a single issue party and if Labour or the Conservatives were to give us a referendum UKIP would still have a full manifesto that would attract many voters.,But immigration is still the issue that opinion polls and focus groups suggest resonates most with UKIP supporters.,0,Attack,A,1,,,
1870,mutation and natural selection are the two driving forces behind evolution,the bacteria mutated,0,Attack,A,0,,,
1652,everything i say is correct regardless of logic or evidence that attempts to prove me wrong,while aig tries to defend genesis with the weakest possible argument answers in creation explain genesis i in a way that gives it a literal interpretation that is still in line with   science  ,1,Support,A,1,,,
2144,you ignore or reject any attempts at explaining the things you clearly do not understand and you later bring up the exact same things that you have had explained to you as if the subject was never broached before,well if i do not get an answer here i will just spread it around the whole internet fine with me,0,Attack,A,0,,,
1907, you see a building and you have proof there is a builder, creationism is not out of the picture,1,Support,A,0,,,
575,"UKIP advocates for the UK leaving the European Union which would be a bad idea ‚Äì but they are trying to leverage on the british people‚Äôs need to belong and pride to be british, which further sparks their anti-foreigner standpoint.","UKIP appears to have struck a chord with many voters on the issue of immigration, campaigning against the relaxation of working restrictions on Bulgarians and Romanians due to come into force in January.",0,Attack,A,0,,,
1585,this thread has been kept going by three people who have voted no to the question of a six day creation,there are two possibilities about the origin of the universe it blinked into existence,1,Support,A,1,,,
1187,i agree  one of the main purposes of science is to discover truth or should be anyway,seems to me like dawkins and weinberg were claiming that there is no evidence for design at least according to richards,0,Attack,A,0,,,
128,"Marketing UKIP as ""the people's army"" is a bitter irony.",A UKIP candidate in Somerset was suspended from the party on Tuesday after a photo of him apparently making a Nazi-style salute appeared on his Facebook page.,1,Support,A,1,,,
1807,for macroevolution theory to be valid laws of nature that are generally accepted as true and standard must be repeatedly denied,st evolution does not require dramatic mutation,0,Attack,A,1,,,
2348,absolutely everybody knows about foursquare but nobody remembers gowalla they offered identical features and also launched on the same day same conference,nice example,1,Support,A,0,,,
663,The more the 'mainstream' parties smear and lie about UKIP the more their support rises.,"And with UKIP riding high in national opinion polls and coming second in the recent Eastleigh by-election, Mr Farage predicted his party would win seats in each of the 34 councils where elections are being held.",1,Support,A,0,,,
2337,or cycle,perhaps a marathon,1,Support,A,0,,,
130,I'm no fan of UKIP but well done to them for initiating a much needed shake up of British politics.,Voters have often struggled to see what relevance a party that campaigns for Britain's exit from the European Union has to their neighbourhood.,0,Attack,A,1,,,
1146,all design is intelligent it takes thought to construct any type of design when you see things take place in science they happen because of all the laws that were put into place by an intelligent designergoing back to the idea of a storm and engines when you get in a car and turn the key you have a spontaneous violent storm erupt inside the engine it all takes place because of all the elements of the design working in concert to produce the effect this and all design requireintelligent thought ,icdesig,0,Attack,A,0,,,
848,UKIP's sole aim at the general election is to get a smallish number of MPs elected but enough to hold the balance of power and do a deal with the Tories.,I can categorically rule out any form of electoral pact with UKIP or anyone else.,0,Attack,A,1,,,
51,"As far as immigration is concerned all Ukip want is a level playing field for non EU migrants and to control the numbers so, if anything, Ukip are too soft on immigration.",Certainly by the time of the general election UKIP will be the third-highest-membership party in Britain.,1,Support,A,0,,,
1368,robert crowtherlike modern evolutionary theory there is more than just one side to the debate,here is the response to irons which was also published in the montana law review,0,Attack,A,0,,,
2013, b tr  tr valigntop , i agree that it is slowly falling apart,1,Support,A,0,,,
1796,this is not a debate on whether you can disprove it or not this is a debate on if in your mind its been proved,this isnt the debate about which makes more sense over a seven day creation or evolution it is one of belief in evolution,1,Support,A,1,,,
1229,im aware of that id christians give themselves a huge fudge factor by claiming that the fall of man somehow fouled up nonhuman nature,joe gbtw christianity does not maintain that god created everything as it is today,1,Support,A,1,,,
2631,this film is the poster child for hollywood greed at work its a depressing plot devoid of compassionate characters i mean they kill a child in this movie who finds that entertaining,i started posting a riposte to your ridiculous message then i stopped and deleted it either youre taking the mick or you are an idiot either way i dont care,0,Attack,A,0,,,
1892,your right,so what is the difference in saying god is nothing and there is no god and god is nonexistent there is no difference all of the above statements have the same meaning,0,Attack,A,0,,,
1048, features that appear vestigial and functionless actually serve a function eg, features that appear vestigial and functionless actually serve a function eg,0,Attack,A,0,,,
2659,the only good thing in this movie was dr schultz after that it was a yawn fest,you must have bad taste in movies,0,Attack,A,0,,,
2191,i know an atheist who is far more logical than anyone else i have heard to date,well one can not be truly logical and not be an atheist or at least agnostic as any religion simply flys in the face of logic,1,Support,A,1,,,
62,If UKIP is really the best our country can do for an alternative then we are all doomed.,"Lord Alexander Hesketh said he had been greatly angered by the prime minister's position, adding that UKIP's views chimed with his own.",0,Attack,A,0,,,
30,Cameron had it right and UKIP could tip the balance towards Labour in the crucial marginal seats in the GE where the battle will take place .,"UKIP would seek to make the 2014 elections to the European Parliament a referendum on open borders, he said.",1,Support,A,0,,,
2117,they sneer down at anyone like me who does not agree with them instead of debating the facts evolutionists will often resort to attacking the intelligence or lack of it in their opponent,actually i do not sneer at you i laugh at you and i do not attack your intelligence but your knowledge,0,Attack,A,1,,,
1613,i actively attend the origins conferences hosted by a variety of different organizations including christian universities reasons to believe and most recently the skeptic society,have you been to the icr facility to watch their presentationicr teaches hilarious nonsense,1,Support,A,1,,,
2344,when you are in your user profile and you select go to question it does not show the entire question tree,thank you for your feedback it will be fixed in the next update,1,Support,A,0,,,
230,"Despite their best efforts at pretending otherwise, UKIP are still widely disliked and untrusted by the majority of the population.","Now, out there on main street, people realise that Europe is effecting their everyday lives and they like what UKIP are saying.",0,Attack,A,1,,,
1251,you have such books written as the consipiracy of ignorance by martin gross,it should readtruth is probably the best factor in determining intelligence and one cannot have it without gd,1,Support,A,0,,,
2464,We should promote democratisation,Democracies are more peaceful countries both domestically and internationally and so it is in our interests to promote it worldwide,1,Support,A,0,,,
2371,friends best comedy series ever nothing comes close to that,friends is my favourite television series it has a great sense of humor and very entertaining,1,Support,A,0,,,
1264,hello richardi admire your wealth in cash funds,no id does not claim the designer is human like but since humans are the only known intelligence that is the only thing they have to compare id to,0,Attack,A,0,,,
463,"UKIP is not at all taking into account the financial effects of their only real policy, leaving the EU.","The charge put by its deputy leader David Campbell Bannerman when he defected to the Conservatives in the wake of the May elections was that UKIP remained, at heart, a single issue pressure group.",1,Support,A,0,,,
2470,We should promote democratisation,The immense cost and effort involved in sustaining democracy across the world in countries that are not prepared to fully accept responsibility themselves does not equal the benefits,0,Attack,A,1,,,
38,"Even a UKIP European candidate, Janice Atkinson, another ex-Tory, admits leaving the EU would be problematic.","In his weekly phone-in show on LBC radio last week, Mr Clegg described the Lib Dems as the party of 'in', meaning it was the most pro-European of the major parties at Westminster.",1,Support,A,0,,,
847,"Ukip is the only party advocating withdrawal from the failing EU, a sensible idea for a lot of people!",The Lib Dem leader also argued that being in the EU meant that we keep ourselves safer because we can go after cross-border crime and terrorism and that we can look after the environment in a way which we can't on our own.,0,Attack,A,1,,,
2255,i think that cancer research uk cafod and action aid are the best charities,can you please explain why you chose those ones,0,Attack,A,0,,,
797,"Even a UKIP European candidate, Janice Atkinson, another ex-Tory, admits leaving the EU would be problematic.","He debated with journalist and historian Sir Max Hastings who said Britain can't stay in Europe on any terms, but said leaving could mean the UK could find a very tough time out there.",1,Support,A,0,,,
2447,The voting age should be lowered to sixteen years,No taxation without representation,1,Support,A,0,,,
366,Ukip are doing well for the very simple reason folk have at last realized that they are being lied to by LibLabCon and now have somewhere else to go.,They (the Conservatives) know they have lost the argument on jobs and immigration and UKIP have stolen a march on them.,1,Support,A,0,,,
935,highlanderthe exact same is true when modern science reveals an ic structure such as the flagellar motor  assembly,highlanderi am sure that highlander is familiar with the  foundational works of behe and dembskiboth rely on the absence of science being  able to explain a particular feature to infer design,1,Support,A,1,,,
1989, evolution is a theory that is supported at the micro level, this is pure ignorance,1,Support,A,1,,,
2290,samsung note  it has a bigger screen and a somewhat faster processor,the bigger screen does not fit my pocket though unless it is in my back pocket but then i might sit and break it or someone might steal it,0,Attack,A,1,,,
1197,richard dawkins and victor stenger argue that the existence of a creative superintelligence or god are scientific questions,the first point stressed in my college biology class was in fact that we as scientists cannot ascribe purpose to chemical and biological functions,0,Attack,A,1,,,
2417,We should grant politicians immunity from prosecution,Prosecutions of politicians are often motivated by partisan concerns,1,Support,A,1,,,
1047,ufcarazy although it is clear that id has led to some successful predictionsreally  what predictions has id made  and along those lines how exactly would id be falsifiable  without valid answers to these two questions it does not even begin to qualify as   science  , features that appear vestigial and functionless actually serve a function eg,0,Attack,A,1,,,
890, allowing creationism in schools would violate the separation of church and state a separation of church and state necessitates that public schools not be a forum for upholding the validity or truth of certain faiths,evolution has no implications for morality it describes what has happened making no judgement about whether what has happened is good nonreligious ethicists are perfectly capable of making moral judgements and they regularly do so,1,Support,A,0,,,
469,UKIP are blatantly disregarding the possibility of man made climate change.,"And when married to the Europhobia innate to parts of the Conservative party, you have a diabolical cocktail that threatens the whole long-term structure of UK climate change and energy policy.",1,Support,A,1,,,
2031, if you wanted to start an actual debate you should have said there is no convincing evidence, wow,1,Support,A,0,,,
107,"I sense that Farage is a total megalomaniac, a charlatan, someone who is in it for the attention and the glory and that in a strange way, that many UKIP voters know this but don't seem to mind.",There's an attitude that either you keep silent about everything that's been going on in UKIP and wit Farage or suffer the consequences.,1,Support,A,1,,,
1002,i think this comes down to an irreducible complexity argument,i think this comes down to an irreducible complexity argument,0,Attack,A,0,,,
2051,i read it in the text,well as we can see from other recent posts your reading comprehension is below high school level,0,Attack,A,1,,,
583,"UKIP’s popularity is mainly founded on the likeability of its leader Nigel Farage, who manages to obscure its racist policies in clever rhetoric.",The party's leader Nigel Farage has promised to cause a political earthquake at next year's polls after a strong showing in local elections.,0,Attack,A,1,,,
1606,there is no proof that there even exists a god to begin with so in that case you cant really use that either,read romans chapter ,0,Attack,A,1,,,
1757,i really feel sorry for you,the history of the bible including its compilation by the early church is quite well known,1,Support,A,0,,,
1019,your argument is compelling until we expand the question of how did we get here to encompass the divine,with belief,0,Attack,A,1,,,
1579,which one is it,k ,0,Attack,A,0,,,
701,"The sooner we are out of the EU, the sooner we can start making this country great again.",Lord Pearson said he hoped the results would increase pressure for a referendum on EU membership.,1,Support,A,0,,,
1067,the problem with your argument is that it simply depends on a certain kind of fossil not being foundthats part of the equation it also relies on changes or progressions between fossils happening to quickly or too sudden in order for it to be accounted for by chance and necessity,for starters   httpwww,0,Attack,A,0,,,
660,"If UKIP want to retain these voters and attract more in a general election then they need to come up with policies other than ""leave the EU"" and ""its all the immigrants fault"".",UKIP has evolved over the two decades since it was created from an anti-EU pressure group into a fully fledged party which has now proved that it can succeed beyond European elections.,0,Attack,A,1,,,
1453,or that evolution is a process involving randomness and natural selection,you give interesting and complex answers,0,Attack,A,0,,,
2644,i cant believe that a great film like this can receive such a low rating while the likes of shawshank redemption and batman sit comfortably in the top  list of the entire website,i understood the film just thought it was poorly done,0,Attack,A,0,,,
683,"I don't necessarily think Nigel Farage is worthy of PM, I think they need a new leader.",For Nigel Farage convincing his fiercest critics among UKIP's members and its estranged onetime supporters that he remains the right man to lead the party may be difficult.,1,Support,A,0,,,
6,"Much of UKIP's meteoric rise has to do with political correctness, and the fact that ordinary people are sick of it.",Tim Loughton believes UKIP are here to stay.,1,Support,A,0,,,
487,It is because of UKIP that we are finally discussing the European question and about immigration and thank goodness for that.,"Over three million jobs in this country, directly or indirectly, depend on us being in the EU, so that is a big choice.",0,Attack,A,1,,,
2478,We should create a United Nations standing army,A United Nations standing army is unnecessary,0,Attack,A,1,,,
1395,but they do,how do public schools support hate of   religion  ,0,Attack,A,1,,,
39,I'm no fan of UKIP but well done to them for initiating a much needed shake up of British politics.,"He told the BBC that UKIP, which wants Britain to leave the EU, was making its cause more mainstream among Labour and Tory MPs via its campaigning.",1,Support,A,0,,,
450,"I think Farage makes a much better leader than any of the other parties, he's full of enthusiasm and is not a PR man like the current leaders of the 3 main parties.",But Dr North does have other reservations about Nigel Farage - including what he sees as his lack of political acumen.,0,Attack,A,1,,,
2111,i have not studied evolution according to your way of thinking,really what a surprise so tell me if you do not know what it is or how it works how do you know that you are opposed to it,0,Attack,A,1,,,
2134,gay marriage does have a drastic affect on our society,prove it got any credible scientific or sociological studies,0,Attack,A,1,,,
2541,We should force think tanks to reveal all of their sources for resource funding,People have a right to know where their information comes from,1,Support,A,0,,,
2347,absolutely everybody knows about foursquare but nobody remembers gowalla they offered identical features and also launched on the same day same conference,well said,1,Support,A,0,,,
807,"Ukip is the only party advocating withdrawal from the failing EU, a sensible idea for a lot of people!",UKIP said leaving the EU was the only way to fully take control of the UK's borders.,1,Support,A,0,,,
236,If UKIP is really the best our country can do for an alternative then we are all doomed.,"UKIP better represents the views of Conservative voters than David Cameron's Conservative Party, he said, on a wide range of issues.",0,Attack,A,1,,,
163,"I would say it's the anti-ukip brigade who have no substance to their argument (or facts), they simply shout ""racist"" with nothing to substantiate this slur, or become crude and insulting.","The 2009 poll saw UKIP's total grow to 13 seats, pushing Labour into third place with 16% of the vote.",1,Support,A,0,,,
1232,contribution from joe gjoe ggeez pvm your position that everything comes down to sheer dumb luck is totally vacuous,intelligent design is an idea not a theory,1,Support,A,0,,,
2268,suits is the best,suits is good but certainly not the best characters are pretty cool but plot and dialogue can be a bit cheesy sometimes unless dwight is a senior partner,0,Attack,A,1,,,
1615,are they any less a scientist because they use   science   and their   education   to prove that evolution is falsethey are not scientists because their evidence is false,god is not physical except as christ  a christian true believers,0,Attack,A,0,,,
1062,discovery institute quote mines mayrwhat one actually found was nothing but discontinuities,i was going to post a long reply discussing each quote in detail but i decided this was so much simpler,1,Support,A,0,,,
1447, it seems to me that luskin is being more scientific in that he talks about a method for testing idthats ironic because luskin presents no testable id,in answering your questions i will try to keep on point,0,Attack,A,0,,,
869,People are not voting for UKIP because of immigration propaganda but because of their direct experience of immigration.,"UKIP's local election manifesto, concentrates on its flagship policy of ending open door immigration and putting pressure on the government not to lift restrictions on workers from Bulgaria and Romania on 1 January, which proved a successful formula in Eastleigh.",1,Support,A,0,,,
2038, the evidence that supports evolution is not only significantly abundant but predominately irrefutable, who enters into a scientific debate about evolution asking only for opinions are you serious forget opinions,1,Support,A,1,,,
2446,The voting age should be lowered to sixteen years,Sixteen year olds are mature enough to vote,1,Support,A,0,,,
966,jumpstartwhen materialist impose the supernatural all they are doing is saying somethings are beyond being explained through nature and by science, pvm why would materialists impose the supernatural this just does not make sense,0,Attack,A,1,,,
2228,so why is population control a good arguement for abortion why do not we kill old people too,i am with you here,1,Support,A,0,,,
2123,creation scientists read the sedimentary record of the placement of strata as evidence of the great flood while evo scientists read the same evidence very differently as evidence of an old earth,and creationists who can not tell the difference between cats and nuclear reactors do not understand fluid mechanics,0,Attack,A,1,,,
1164,and minimize the ad hominems and iders will listen,i believe arguments from the opposing camps that say it looks like it was designed so it must have been designed and natural selection could have produced it so we believe natural selection did produce it are not going to lead to resolution of this issue,1,Support,A,0,,,
779,It is more likely that Tory voters would vote tactically for UKIP to keep Labour out and that means Labour are at a real disadvantage. ,"Labour has declined to say how it expects to do, but experts have said it will be looking to retake control of councils such as Derbyshire and make inroads across the south of England at the very least.",0,Attack,A,1,,,
1038,i appreciate your contributions as they provide an independent view into why so many have come to accept the scientific vacuity of id,i am curious about one thing  luskin statesid investigations thus begin with observations about how intelligent agents operate and then proceed to convert those observations into positive predictions of what scientists should find in nature if intelligent design was involved in the origin of a given natural object,1,Support,A,0,,,
2527,US intervention in Libya lacking congressional approval was illegal,The United States engaged in hostilities under War Powers,1,Support,A,1,,,
489,"UKIP are a two trick pony, Europe and immigration that's it.",UKIP has evolved over the two decades since it was created from an anti-EU pressure group into a fully fledged party which has now proved that it can succeed beyond European elections.,0,Attack,A,1,,,
36,"I don't necessarily think Nigel Farage is worthy of PM, I think they need a new leader.","Mr Campbell-Bannerman, who wrote the party's 2010 election manifesto, came third behind Mr Farage, who is widely supported, in 2006.",0,Attack,A,1,,,
2520,We should negotiate with terrorists,Negotiation is the only way to solve the underlying problem,1,Support,A,0,,,
621,UKIP doesn't need to win power to force the changes people want.,"David Cameron should consider a pact with UKIP, his elections adviser has said.",1,Support,A,1,,,
567,UKIP and the Greens are the only parties to date that haven't screwed us all over.,"The Tory leadership is running scared of its backbenchers by offering to renegotiate the UK's relationship with Brussels, he said in the Observer.",1,Support,A,0,,,
209,The only reason we are even having a sensible debate about Europe are UKIP.,"Isolating Britain and damaging Britain's reputation is not the right history to write, he said.",0,Attack,A,0,,,
1881,why couldnt god have created everything through evolution,intelligent design is the conclusion of deductive reasoning,1,Support,A,0,,,
92,UKIP are blatantly disregarding the possibility of man made climate change.,And he dismissed wind power and other renewables as playground technology.,1,Support,A,0,,,
1125,so are we asking if a telic force exists or are we trying to psychoanalyze the intentions behind itwhy are these two questions always independent  i would think that any theory of id that made no attempt to identify and analyze the designer was an incomplete theory,why are these two questions always independentbecause   science   as we know it today can only answer one of them,0,Attack,A,1,,,
1599,so god is not omniscient,is god all powerful no because he gave that up when he gave mankind free will,1,Support,A,0,,,
1244,funny how being completely wrong about the earth revolving around the sun can make the catholic church a bit gun shy about claiming that   science   is incorrect without evidence to back it up,in the th century fundamentalist supported the idea that new species appear abruptly catastrophism,0,Attack,A,0,,,
1580,k ,why do we even ask this question  people evolution is a fact   science   measures facts,0,Attack,A,1,,,
335,Big business will not support UKIP given the devastation that withdrawal from the EU would cause.,"We simply cannot go to the British people and say to them support the European Union, we are going to reform it in the future.",0,Attack,A,0,,,
697,If there are enough Ukip votes it should frighten all the parties sufficiently to make them realise they can't just ignore the electorate.,"But Mr Farage said Mr Barroso was very very frightened of UKIP and the UKIP argument in the UK, and similar movements in other EU nations.",1,Support,A,0,,,
1393,and seeing that pvm doesnt care about the truth why is he a scientiston the contrary i have been asking you several times now how does id explains the bacterial flagella,joe gi never said anything about einsteins religious convictions,1,Support,A,0,,,
1530,your friend pvm gave out in this discussion  httpwww,um this thread is months old and no one is reading it,0,Attack,A,0,,,
2402,We should ban religious symbols in public buildings,If you ban one thing you have to ban lots of things,0,Attack,A,1,,,
1219,the argument always had intuitive plausibility,you gave  claims of intelligent design intelligent agents sometimes leave traces of their activity behind like fingerprints on evidence,0,Attack,A,0,,,
2185,to travel along the logic of the singularity expanding it is obvious that the singularity is what we have today,yes in a way we are in the same thing that existed way back then it has just expanded since then so its much bigger now,1,Support,A,0,,,
1472,i appreciate he way you have taken time to methodically object,but most of it seems to be in the responsesuch as  because the ncse thinks science should be a voting contestthats just plain silly its the dissent from darwinism which attempts to create a controversy where there is none,0,Attack,A,1,,,
2197,surely the theory of evolution cannot predict whether a species is extinct or not,you are correct that fossil species have gone extinct is an observation,1,Support,A,0,,,
294,People are not voting for UKIP because of immigration propaganda but because of their direct experience of immigration.,"And with the UKIP riding high in national opinion polls, Mr Farage has predicted it will win seats in each of the 34 councils where elections are being held.",1,Support,A,0,,,
2233,the age of  is an arbitrary designation,that is the premise of my question,1,Support,A,1,,,
788,The hate campaign against Eastern Europeans that was and is run by UKIP legitimises anything said against them.,"The Conservatives, the Lib Dems and Labour have all been reconsidering their policies in light of this change and widespread criticism of the last government's failure to anticipate the large number of migrants from eastern Europe who came to the UK after EU enlargement in 2004.",0,Attack,A,0,,,
1788,correction its an ancestor of both chimpanzees and humans,oh boy here we go again,1,Support,A,0,,,
1766,in a literal translation genesis  and  state that god created the heavens and the earth in six days,as has already been covered,0,Attack,A,0,,,
1255,just when you think you have seen and heard it all the landons  eonic effect pops up again,may as well get to work on it,1,Support,A,0,,,
1373,here is irons response to the so called rebuttalreply to rebuttalby peter ironsthe pages of a respected law review are rarely filled with such pejorative terms as smear and innuendo poisoning the well and personal attacks,you lost the case  get over it,0,Attack,A,1,,,
241,"I agree with UKIP on the EU, but the rest of their policies are dangerous right wing bile.",Some have also suggested that UKIP may appeal to disaffected BNP voters.,1,Support,A,0,,,
468,UKIP actually wants to repeal the Human Rights act which is in place to guarantee basic human rights and would be disastrous if they ever were successful with this.,"I believe that what UKIP is doing is vital for this country, and of course the party's financial management is crucial.",0,Attack,A,1,,,
1528,so luskin is accusing ncse of being both antireligion and proreligion,after all he is just trying to compete with your legacy nick,1,Support,A,1,,,
1814,no thats incorrect,no that is also incorrect,0,Attack,A,0,,,
1070,but i think you dont realize the importance of your concession that the di is correct to point out that a lack of merit of id should not be confused with its religious implications,intelligent design if true would indeed have amazing implications,1,Support,A,0,,,
1036,when held to the standards of proof required for all other scientific theories id fails,i grant your point sir,1,Support,A,0,,,
2350,suits is good but certainly not the best characters are pretty cool but plot and dialogue can be a bit cheesy sometimes unless dwight is a senior partner,and also bad acting,1,Support,A,0,,,
1346,after some diversions to point out that augustine himself held some inconsistent positions tj finally comes to the quote i providedtji understand what he is saying but for this to be valid the unbeliever has to accurate in what he believes,so tj you seem to have made quite a few foolish arguments how familiar are you with augustinetj  well i know that he believed the earth was created instantaneously not progressively and was according to scripture less than  years old,0,Attack,A,1,,,
1958, did you really just say that no scientist can support evolution  the theory of evolution came about from scientific discovery so your statement makes hardly any sense, evolution is the real deal,1,Support,A,0,,,
2405,I prefer trade to aid,Trade provides developing countries with an important basis for their own improvement,1,Support,A,0,,,
923,i understand why id proponents would like to embrace newton and others as relevant to id,archfilejockey quoted kent hovind as saying asking an atheist why he cant find god is like asking a thief why he cant find a police officer,1,Support,A,0,,,
2054,what is a repeatable experiment is made meaningless,what does this have to do with what you started out with can you not at least pick a topic and stick with it,0,Attack,A,1,,,
1503,in pandas we read creation means that the various forms of life began abruptly through the agency of an intelligent creator with their distinctive features already intact,   httpwww,0,Attack,A,0,,,
1925, no we were put here by aliens as an alternative food source, i do not believe that we evolved from monkeys or any other animal i believe that god created us in his own image,1,Support,A,1,,,
1740,you said tentacles could become legs,because you cant imagine a reason why both chimps and humans have a chunk of dna that has the same viral code doesnt mean its   evolution  ,1,Support,A,1,,,
1288,because i hate to break it to you but   christians   believe that the world is round so does that mean you disagreebut is a round earth inherently a christian positionalso pagans believe that the earth is round as well,i recommend this bookgod in the foxhole by charles sasser not that youll read it but hey its worth a try,0,Attack,A,0,,,
1184,the actual limitations that creationists try to bring to light are nonsense,from a review of explore evolutioncounterclaims follow that seek to undermine the earlier conclusions including the circular reasoning of the molecular clock the potential fabrications of haeckels ontogeny recapitulates phylogeny how differing family trees are created via anatomical and molecular patterns of relationships and the meaning of gaps in fossil evidence,0,Attack,A,1,,,
2623,although the production was executed competently this dark fantasy did not suit my taste at all it felt as if a lot of effort was put into telling a story that wasnt worth telling,it a very good horror story to me i like the fantasy story more than the fascist story telling but fusing the two allows us to remember history,0,Attack,A,0,,,
1884,evolution has actually never been observed,your definition of faith is atheistic it actually denotes the essence of the term foolish,1,Support,A,0,,,
389,"Despite their best efforts at pretending otherwise, UKIP are still widely disliked and untrusted by the majority of the population.","Opinion polls come and go, but while any by election is just a tiny slice of the electorate in one of 650 seats across the UK, it does involve real votes in real ballot boxes, and UKIP have performed marvellously.",0,Attack,A,1,,,
1560,creationist want god to be both all powerful and outside the physical forces he supposedly created,genesis is very clear that the evening and the morning were the first day,0,Attack,A,1,,,
459,"Arguably, UKIP & co. aspire to destroy the culture created in Europe after WWII, which has been based on openness, free travel, migration and cross-geographic access to goods and labour markets.",You all think euroscepticism is a right-wing view - it is not.,0,Attack,A,0,,,
2460,All nations have a right to nuclear weapons,Humanitarian intervention becomes impossible in states that possess nuclear weapons,0,Attack,A,1,,,
22,Cameron had it right and UKIP could tip the balance towards Labour in the crucial marginal seats in the GE where the battle will take place .,"But the Conservative leader's strategy has angered senior EU officials including Mr Barroso, who accused Conservative leader in the European Parliament, Martin Callanan, of not being a genuine Eurosceptic.",0,Attack,A,1,,,
2340,lots and lots of things to see i loved the kitchens at the royal palace the egyptian museum and the museum of cinema such a variety of things to see,sounds lovely,1,Support,A,0,,,
1896, god does exist he created evolution, what i feel in this context is creationism is nothing but a wrong assumption,1,Support,A,1,,,
762,"I don't necessarily think Nigel Farage is worthy of PM, I think they need a new leader.",One stall is fronted by Marta Andreasen - a sitting UKIP MEP - who has called for the leader Nigel Farage to resign.,1,Support,A,0,,,
2082,however the bible does say i create you before i placed you in the womb this would imply that god created you before you are even conceived,so god also says he made you out of dirt and then supernaturally lifting the dirt from the ground into the womans uterus oh well i suppose it is all beliefs no matter how silly it sounds,0,Attack,A,1,,,
1209,quite well i am sure,islandcontrary to modern and variant interpretations the anthropic principle was originally formalized by carter as an ideological statement against the dogmatic nonscientific prejudices that scientists commonly harbor that cause them to consciously deny anthropic relevance in the physics so they instead tend to be willfully ignorant of just enough pertinent facts to maintain an irrational cosmological bias that leads to absurd copernicanlike projections of mediocrity that contradict what is actually observed,1,Support,A,0,,,
2512,I believe that opinion polls harm the democratic process,Opinion polls are a forum for public expression and should be protected,0,Attack,A,1,,,
554,"Whatever you think of UKIP, you've got to admit that Farage is a superb speaker.","He's very outspoken - even the people who don't share his message think that he's a great speaker and fun to listen to, says Soini.",1,Support,A,0,,,
2345,no joined is the date a user registered to the website and visited is the date of his or her last visit do you think the names are not clear,yes they are for some reason they used to be the same for a few days it is ok now,1,Support,A,0,,,
736,It is because of UKIP that we are finally discussing the European question and about immigration and thank goodness for that.,Sir Menzies Campbell suggested the government was worried about a political backlash amid public concerns about immigration levels in general.,1,Support,A,1,,,
2000, there are documented cases of specific species adapting over time, i think  the case against evolution is wrong and misinformed,1,Support,A,0,,,
1573,today july nd  the best solar eclipse of the century took place from india to japan,this is open your interpretation of the bible,0,Attack,A,1,,,
95,Hopefully we will see our first UKIP MP before the general elections next year.,UKIP leader Nigel Farage said the party had made had made ''good steady progress''.,1,Support,A,0,,,
1258,the eonic website claims erroneouslythe one thing darwinists dont want to find is such a nonrandom pattern anywhere,secrets of the genome january   by john c,1,Support,A,0,,,
1784,i agree totally with what you said cerin,the theory behind evolution is not that an organism evolves during its lifetime but that the species evolves over thousands if not millions of years or generations,0,Attack,A,0,,,
2398,We should ban religious symbols in public buildings,A ban would be simple to enforce,1,Support,A,0,,,
1712,i am a strong believer in the authority and inspiration of the word of god,the fact that we do not know i believe only gives more power to godyes  our ignorance proves that there is a god  or maybe not,0,Attack,A,1,,,
1666,why does any one think god is limited to time,does the bible state that the world was created in six days,0,Attack,A,0,,,
1443,creationism has more solid evidence than   evolution   does, we can observe it occuring  the fossil record shows changes in lifeforms separated by time  genetic analysis shows similarities at the dna level between similar lifeforms,0,Attack,A,1,,,
424,"UKIP's position is not reasonable, but racists and proto-fascist, considering they have nothing to say about the finance capital bombing of the economy, but to put all the blame for Europe's woes onto immigration.","He debated with journalist and historian Sir Max Hastings who said Britain can't stay in Europe on any terms, but said leaving could mean the UK could find a very tough time out there.",1,Support,A,0,,,
289,The success Ukip had in the european elections will be sufficient to galvanise one or preferably all the other parties to rid us of the EU's political influence.,"But UKIP has a mountain to climb compared with its larger rivals and still lacks the strength on the ground that the Lib Dems, Conservatives and Labour can command.",0,Attack,A,1,,,
1787,i have never seen an ape evolve into a human and although i have never seen god that makes more sense than evolution,correction its an ancestor of both chimpanzees and humans,1,Support,A,1,,,
559,"ukip's policies on health, education, taxation and all the things that affect peoples lives are non-existent.","Here is how I see it - immigration, welfare and education are totally linked.",0,Attack,A,1,,,
1205,science of course has tested the principle even though for a long time it stood as an assumption,this rather poorly phrased term suggests that there may be an enigma but lets look at the apparent correlation between habitability and our existence as observers,1,Support,A,0,,,
208,"The momentum is definitely with UKIP at the moment, hopefully that will continue with the up and coming by-elections.","Talking of the EU, Godfrey Bloom said UKIP was the only game in town, the only party that is going to get us out.",1,Support,A,0,,,
1659,intelligent design might be a seasoned exercise in rationalization but the claim that it is a science cannot be supported,the author seems to thing there is no extrabiblical evidence of a young earth,0,Attack,A,1,,,
323,UKIP are in no way a single issue party and if Labour or the Conservatives were to give us a referendum UKIP would still have a full manifesto that would attract many voters.,"UKIP enjoyed its best-ever results in May's English council elections, gaining more than 140 seats.",1,Support,A,0,,,
961,while that is an interesting question it is hardly a scientific one,the the myths and stories of the bible were never meant to be taken as history in our sense of the word and certainly not   science  ,1,Support,A,0,,,
1449,jim,jim,1,Support,A,0,,,
368,"The UKIP mainstay vote is in normal working people because they never voted for 4 million immigrants, they never voted for Multiculturalism.",UKIP leader Nigel Farage said the UK had no real control over either the number or the type of migrants that were settling from elsewhere in the EU.,1,Support,A,1,,,
43,The current smear strategy against UKIP is not pulling people back but pushing them towards UKIP and if this carries on then things are going to be a lot tighter by the time the general election comes.,"Many opinion polls suggest UKIP opinions are mainstream, at just the same time that UKIP's big beef, the EU, and it's take on it, getting out, has arguably never been more prominent or more fashionable.",1,Support,A,0,,,
2052,i do not hate america i hate stupid people that occupy american territory,but you protest and get all hysterical when someone suggests restricting terrorists from buying guns,0,Attack,A,1,,,
868,"The sooner we are out of the EU, the sooner we can start making this country great again.",UKIP leader Nigel Farage said the UK had no real control over either the number or the type of migrants that were settling from elsewhere in the EU.,1,Support,A,1,,,
2248,jogging is just as good as walking but it is done at a faster pace which results in higher impact on your knees hips and other joints,walking can be a wonderfully leisurely pastime but the burn is not as significant as running for the same period of time,0,Attack,A,0,,,
1409,agreed that religious belief should not necessarily compel the rejection of wellestablished results from welldeveloped scientific fields,tjopen debate is all we are asking for,0,Attack,A,0,,,
987,that one is from isaiah ,yes god is by his nature  supernatural,0,Attack,A,0,,,
2100,i also think it is noteworthy that the pro life movement is really making a difference if anything to hit the polls in elections and send the message that we are tired of a cheap view of life in this nation,funny did not hear them complaining about the iraqis dying in the street also they did not seem to mind that the abortion rate which was declining under clinton has been rising under bush,0,Attack,A,1,,,
181,A vote for UKIP is a vote to leave the EU and recover power over our national life.,UKIP averaged 25% of the vote and won more than 140 seats in the polls.,1,Support,A,1,,,
1063,i was going to post a long reply discussing each quote in detail but i decided this was so much simpler,in fact the history of life shows a pattern of explosions where new fossil forms come into existence without any clear evolutionary precursors concurring with design theory that predicts that species might appear abruptly,1,Support,A,0,,,
1961, we have similar dna to a cabbage is that just because god was having a good joke with his angel mates, evolution is true im a christian but im not in denial adam and eve is a load of sh   its probably meant to be symbolic and easy to understand for the people of the day remember that was over  years ago,1,Support,A,0,,,
1629,now the trick is to prove that all of the authors were free of stray thoughts and theological spin,my answers to your questions are ,1,Support,A,0,,,
139,The only reason we are even having a sensible debate about Europe are UKIP.,The UKIP MEP reckoned a number of Conservatives who want a referendum on the EU in the current Parliament need to grow a backbone and do something about it.,1,Support,A,0,,,
1936, you cant make nothing out of nothing, i believe evolution did occur but god created it,1,Support,A,0,,,
1917, all animals share the same dna so we must be related if you look at the evidence something religious people dont do you will see that there is more evidence for it than against it, you dont have to believe anything,1,Support,A,1,,,
950,as i said earlier experience demonstrates that it matters a great deal to an investigation whether or not that which is being investigated occurred via agency involvement or by nature operating freely,we dont know but we do know a designer wasnt involved,0,Attack,A,1,,,
1315,the ayn rand center and i agree for once about the fact that id is nothing more than bait and switch and that id at best is a religiously motivated attack on science as the di seems to admit in their own wedge document,if id is bait and switch then so is   evolution   considering that its proponents tend to sell it off starting with the least extreme definition and just move on up from there  httpintelligentdesign,0,Attack,A,1,,,
1364,ids designer wink wink is just an evolved concept just like creationist became cdesign proponentist to design proponent,judge jonesalthough we have found that defendants conduct conveys a strong message of endorsement of the board members par ticular religious view pursuant to the endorsement test the better practice in this circuit is for this court to also evaluate the challenged conduct separately under the lemon test,0,Attack,A,0,,,
946,joewe look at the options,joewe look at the options,0,Attack,A,0,,,
2353,among the best for sure,yes i agree on that,1,Support,A,0,,,
994,saying there are experts on intelligent design is like saying there are experts on astrology,what always gets me with the intelligent design crowd is that in their aim of inserting an external designer into the mix of biological science they seem to miss or deliberately avoid one glaring fact  once life exists with varying degrees of success life designs itself according to the rules established by its environment and its own specific nature,1,Support,A,1,,,
1371,instead this appears to be an abuse of copyright without an argument on crowthers part,the u,1,Support,A,0,,,
1610,this is so because it has been proven,at their very foundation theorems are based on a set of assumptions known as axioms,1,Support,A,1,,,
1394,joe gi never said anything about einsteins religious convictions,but they do,0,Attack,A,1,,,
2175,i apologise if i have offended you jason furthermore i must admit that i do not actually own a camel,apology accepted i kind of figured you did not,1,Support,A,0,,,
484,"UKIP's position is not reasonable, but racists and proto-fascist, considering they have nothing to say about the finance capital bombing of the economy, but to put all the blame for Europe's woes onto immigration.",UKIP say their message is cutting through regularly.,0,Attack,A,1,,,
1045,all human design and resulting construction starts with what exists a designer and things entities,theories are not supported by finding confirming evidence only,0,Attack,A,0,,,
1570,yes im fully aware what a solar eclipse is,yes im fully aware what a solar eclipse is,0,Attack,A,0,,,
1828,evolution has never been proven and will never be proven because it never happened,although i firmly believe in evolution it is only a theory and even though theories have evidence and are backed up with facts they are not  true and can probably never really be proven like the big bang theory,1,Support,A,0,,,
1860,and i guess those differences bring us right back to the atheist vs,aristotle socrates and plato,1,Support,A,0,,,
2588,movies should be fun entertaining this movie is not waste of my time ,a candle shines brightest in the darkness corny but its true all the horrible events and surroundings only highlight the beauty of hope love humankind etc i find this film so inspirational only film to ever make me cry from happiness,0,Attack,A,0,,,
2053,i can appreciate this slant however i think that a true feminist approach would be to support women who want their pregnancies by finding solutions to the reasons they feel an abortion would be their best choice,that is not something you can really blame on the pro life movement in fact a lot of effort in the pro life movement does go into helping single mothers,0,Attack,A,1,,,
919,you are missing the point the ad hominem is not that i did not understand your argument i can see why given your limited exposure to id you may have come to that conclusion,i wrote a good philosophical question and i think you and i would agree that this adaptation could have been guided by some higher agency of course by using a fully natural mechanism such questions remain scientifically vacuous,1,Support,A,0,,,
712,Young people have the most to lose by the UK leaving the EU yet UKIP have the nerve to believe that their view should prevail.,"Mr Farage had an upbeat message for activists at his local elections campaign launch on Wednesday, saying UKIP was attracting more young members - the party says more than 100 of its candidates are under 25.",0,Attack,A,1,,,
1519,it is entirely misleading to imply that academic freedom is gives license to present nonscience like idthese academic freedom bills which typically work in conjunction with the science standards are written to strictly prohibit the teaching of religion creationism creation science creation facts and id,islandno as i said they are typically by law strictly prohibitive of id creationism which is a huge difference that you dont want to willingly acknowledge,1,Support,A,1,,,
1609,the argument youre making would make sense if we could all just go up to god and ask hey is this true and god could give his answer directly to anyone who asked,this is so because it has been proven,1,Support,A,1,,,
1321,this objection highlights one of the problems with public education the government should not be in the position of deciding what people ought to believe about science anymore than they should decide what people ought to believe about religion,your half right ,0,Attack,A,0,,,
295,I suspect when people do start to focus and the election is close UKIPs incoherent policies will be exposed.,"UKIP appears to have struck a chord with many voters on the issue of immigration, campaigning against the relaxation of working restrictions on Bulgarians and Romanians due to come into force in January.",0,Attack,A,1,,,
1498,nothing in the early drafts state that the creator was specifically god or anything supernatural something the di is already emphasizing on this site,the term creation and creationists have very clear and religious meanings,0,Attack,A,1,,,
632,UKIP is a vessel through which a protest is being delivered. ,He argued that his party was on a journey from a party of protest to a party of government.,0,Attack,A,1,,,
2431,European Parliament elections should involve only one voting district all of Europe and not separate country seats,This avoids the real questions about the European Parliament,0,Attack,A,1,,,
2046, how com everyone here is bickering try the flood, two darwinists spent hours standing at a flag pole trying to find the height of it,1,Support,A,0,,,
771,"UKIP is a party stronger for its diverse opinions and sometimes anarchic views; much better than the automatons in the Establishment parties, who just say what they think the public wants to hear, except when the mask slips.",And they also seemed very thankful to have the colourful Nigel Farage back as party leader.,1,Support,A,0,,,
2468,We should promote democratisation,Developing countries are generally not altruistic enough to fully support countries and as a result they achieve a useless halfway state,0,Attack,A,1,,,
1943, i feel the need to distinguish between microevolution and macroevolution, yes i believe the theory of evolution is wrong as there are no scientific facts about that,1,Support,A,1,,,
1000,i read the entire article,first and foremost  how does an animal without an immune system survive to acquire one,0,Attack,A,0,,,
381,"If you want an insight into just how mad and bad UKIP are, go and read what their members, candidates and supporters write on the Telegraph.","The UK Independent Party says it is the only party which will pull the UK out of the European Union, a vital process according to them.",0,Attack,A,1,,,
1348,i will address the post by americans united for separation of church and state here and then address the question of constitutionality in another post,in my previous post i discussed by the auscss arguments were flawedboth factually and logically,1,Support,A,0,,,
1638,i dont see what is so hard about it,your stating what you believe not what can be demonstrated scientifically,0,Attack,A,1,,,
220,"Any of the ""working class"" who believe UKIP will represent them have not read a UKIP manifesto!",UKIP says it is campaigning on a pro democracy message - aiming to rejuvenate local politics.,0,Attack,A,1,,,
933,naming two well known id proponents does not a citation make to support pvms twisted version of id arguments,seems highlander was somewhat quick in his response as i am more than willing to support my claims,0,Attack,A,0,,,
2504,The International Criminal Court should be recognised,It may be in the best interests of victims and their state for war criminals not to be brought to trial,0,Attack,A,1,,,
449,"The sooner we are out of the EU, the sooner we can start making this country great again.","He said the UK should quit the EU, with the referendum being moved forward.",1,Support,A,0,,,
1029,satan is sure behind all of these things,thats classy,1,Support,A,0,,,
1754,you skewed whatever argument you were wishing to present by quoting from the cathoic catechism,any sincere new testament bible studdent knows that there is only one one reliable and true book the bible,0,Attack,A,1,,,
841,"If we leave the EU we will save billions of pounds which can then be invested in our ailing national infrastructure, notably the NHS.","Over three million jobs in this country, directly or indirectly, depend on us being in the EU, so that is a big choice.",0,Attack,A,1,,,
570,UKIP is not at all taking into account the financial effects of leaving the EU: Europe is the main market for the UK. ,UKIP has evolved over the two decades since it was created from an anti-EU pressure group into a fully fledged party which has now proved that it can succeed beyond European elections.,0,Attack,A,1,,,
1817,actually im not sure its been proven,prove it my good fellowdont proven itby the way,1,Support,A,1,,,
1008,that reply was to allogic,and i was just the reverse,1,Support,A,0,,,
2073,with all the debt obama has generated for our nation he deserves to be filibustered into the ground ,which planet in your parallel uni haverse did this happen on you should stick to topics on which you know something,0,Attack,A,1,,,
2620,so im warning all of you guys whos expecting an epic tale beautiful cinematography and lots of action this was one of the most boring films ever made and nothing like other war movies,people who do not like a particular film but never refer to the actual themes expressed in it and instead just say that its boring basically says that they are idiots,0,Attack,A,0,,,
56,"If UKIP want to retain these voters and attract more in a general election then they need to come up with policies other than ""leave the EU"" and ""its all the immigrants fault"".",Mr Farage - who was re-elected leader last year - has made improving the party's performance in local elections and broadening their policies a priority.,0,Attack,A,1,,,
1178,but we are not arguing that it is wrong,the theory of   intelligent design   holds that certain features of the universe and of living things are best explained by an intelligent causefine,0,Attack,A,0,,,
1739,  science   always wants to separate that messy first cell from   evolution   theory,you said tentacles could become legs,0,Attack,A,0,,,
2085,read what i actually wrote for a change,this is what socially inept losers do when they know their argument is deny they ever made one,0,Attack,A,0,,,
1908, creationism is not out of the picture, i do believe in creationism,1,Support,A,0,,,
325,"The momentum is with UKIP; Labour, Conservative and Liberal areas are all now vulnerable to them. ",I want to campaign for Britain to break free from the EU and UKIP are the party to do it.,1,Support,A,0,,,
857,"Despite you best efforts at pretending otherwise, UKIP are still widely disliked and untrusted by the majority of the population.","Mr Cameron once described UKIP as a party of fruitcakes, loonies and closet racists.",1,Support,A,0,,,
1120,every time i hear a single word mentioned about the ttss and that it somehow gives flagellar   evolution   some credibility i lose a few months off my life span,i am debating it mainly to create a faq sheet for ithilarious,0,Attack,A,1,,,
2188,japan and the former soviet union had very high rates of abortion because of the lack of birth control neither country made such a decision because of religion,that was the past i am speaking of now,1,Support,A,1,,,
2452,The voting age should be lowered to sixteen years,Young people would be more likely to misuse their vote,0,Attack,A,1,,,
1024,the response to my comment id contradicts itself is a series of peculiarly unclear assertions,the response to my comment id contradicts itself is a series of peculiarly unclear assertions,0,Attack,A,0,,,
1708,i am not disputing god and i hardly think the difference between a day and a billion years or so is splitting hairs,mike my apologies to you but i am surprised at the numbers of people here who appear to be somewhat hostile towards the existence of a supreme being namely god yahweh yahwah yhwh the i am that i am and so forth,0,Attack,A,0,,,
2080,all organisms tend to produce more offspring than can possibly survive,false and that does not invalidate evolution given how it is a misrepresentation of one of the statements in the theory ,0,Attack,A,1,,,
968,jumpstarti reckon well have to take your word on your christianity,if youre tired of debating pandas fine,0,Attack,A,0,,,
854,"Ukip has British values, wants to get British industry kick started back to the fore front again, become more self-sufficient.","That said, Lord Davies told peers the bill was an excellent idea, because he was quite confident that any such inquiry would decide that the benefits of EU membership outweigh the costs.",0,Attack,A,1,,,
218,A vote for UKIP would be a vote for a Tory-UKIP alliance that would be more right-wing than a Tory government.,"The Conservative leadership was more committed to membership of the EU and more committed to denying us a referendum than ever before, Farage said.",0,Attack,A,1,,,
413,For what its worth I think UKIP is a one trick pony and is unelectable in a general election.,"UKIP meets just days after one of its ex-deputy leaders quit the party, frustrated by its totalitarian leadership and narrow policies.",1,Support,A,0,,,
556,UKIP is leveraging on the frustration of a certain stratum of society (white working class and male) in order to gain power.,"It is not just about UKIP it's that the British people are as interested and concerned about Europe, as they are about the economy, as they are about immigration.",0,Attack,A,0,,,
2184,it is helpful if one understands evolution before one attempts to debunk it,i know what you mean you should see some of the other books he has at his site as well,1,Support,A,0,,,
505,If there are enough Ukip votes it should frighten all the parties sufficiently to make them realise they can't just ignore the electorate.,He said the level of interest showed rivals and the media were scared witless of UKIP's recent successes.,1,Support,A,0,,,
1815,contra the evolutionary theory which is the selection of the fittestis the antievolutionary theory which is the antiselection of the unfittest,charles darwin wrote about the theory of biological evolution not antievolution just because the word anti is in front of something it does not make it correct mate,0,Attack,A,1,,,
2508,I believe that opinion polls harm the democratic process,Opinion polls are harmful to the democratic process because they stifle debate,1,Support,A,0,,,
2648,i really liked this movie a lot loved the performances of all the actors and even the story but was not quite convinced with the ending,i agree as i wanted to see him get his also charlie should have killed stanley and not his brother they could have gone their separate ways but that would have been too predictable i suppose,1,Support,A,0,,,
708,UKIP getting a large chunk of the vote in the EU elections sends a message to Europe that they cannot take the UK membership for granted.,"It is a simple, understandable message, which has led to the party gaining bigger shares of the votes in European elections.",1,Support,A,0,,,
1963, evolution is completely true darwin hit the nail right on the head when he defined the theory of evolution and the survival of the fittest understanding, evolution is simply the genetic change in populations of organisms over successive generations,1,Support,A,0,,,
1489,you still have yet to provide any passages within pandas which state that god is directly implicated saying that the fte is religious therefore so is pandas,you still have yet to provide any passages within pandas which state that god is directly implicated saying that the fte is religious therefore so is pandas,0,Attack,A,0,,,
2622,although the production was executed competently this dark fantasy did not suit my taste at all it felt as if a lot of effort was put into telling a story that wasnt worth telling ,yeah it is a dark story but i do think the story is worth telling i was fascinated how the fantasy was told in backdrop of a fight against fascism,0,Attack,A,1,,,
353,"I don't necessarily think Nigel Farage is worthy of PM, I think they need a new leader.",Mention Farage and the facial expression you're met with is one of crumpled disgust.,1,Support,A,0,,,
2352,not london for sure,yes it is vienna,1,Support,A,1,,,
2275,too thin it will not be very durable,but the used material is strong so two centimeter seems to be a good choice,0,Attack,A,1,,,
1797,this isnt the debate about which makes more sense over a seven day creation or evolution it is one of belief in evolution,that is your opinion,1,Support,A,0,,,
2304,no what makes economics tick is unfairness of trade you do not need to fix something that is still not broken,on the other hand prices in usa are much lower for example for electronic devices that could be a way to reduce prices in europe,0,Attack,A,1,,,
1149,icdesignwhat is a intelligent design and why is your example an intelligent design simple straight forward question,if something can arise spontaneously then a designer certainly isnt provenwhat is proven is that a designer is unnecessary,1,Support,A,1,,,
268,"My observation is that UKIP often are reluctant to directly answer any questions of substance, which can be accounted for by the fact that they really have no policies.","UKIP have pledged to do more to help with the cost of living, more to turn the economy round, more to get immigration down, to sort out the welfare system.",0,Attack,A,1,,,
512,"UKIP doesn't understand that young people are, by and large, progressive.","The UKIP leader also stated that the priority for Britain should be to have more united communities and better job prospects for young people, rather than the economic benefits that some believe immigration can bring.",0,Attack,A,1,,,
1968, can we get one thing straight, the simplest way to prove it is this,1,Support,A,0,,,
2315,great i loved him a fantastic actor,indeed he was amazing,1,Support,A,0,,,
228,"If UKIP don't like being smeared, then they need to stop smearing, stigmatising, and fear mongering about others.","But UKIP, whose conference takes place at Eastbourne's Congress Theatre and Winter Gardens, is keen to be seen as more than a single-issue party and other issues on the agenda include defence, education and housing.",0,Attack,A,1,,,
1267,if intelligent design says nothing about the supposed designer then of what value is it if the designer created life millions or billions of years ago what was his purpose in doing so what iswas the designer like did the designer give specific instructions to his creations as most religions teach the id promoters delibrately leave such questions unanswered in their official pronouncements about id,discovery institute writes ,1,Support,A,0,,,
393,The only reason we are even having a sensible debate about Europe are UKIP.,"The whole political scene is changing; it's changing because of the strength of UKIP, and I'm pleased about that.",1,Support,A,0,,,
1147,icdesig,we absolutely exclude natural selection as a designerthe real trick is convincing the public that macroevolution is a scientific fact when it has never been observed which is a requirement for sciencei dont know where you get your information but i dont know any id people who include nonid as part of their belief systemlets do this sir lets bring it home to where we live if the human body is not an intelligent design then you tell me what is the definition for an intelligent designwhat is a intelligent design and why is your example an intelligent design   simple straight forward questionwhat is your simple straight forward answer                   bet you cant do it,0,Attack,A,1,,,
1074,i dont agree with the very first statement that id limits its claims to what can be scientifically inferred from the empirical domain,sharky has pointed out the problem with id namely the flawed concept that ordinary and rarefied design can be detected reliably based on the same approach,1,Support,A,0,,,
1743,yes i understand we didnt evolve from chimps from the position of   evolution   theory  and im sorry for saying it that way considering i truly dont want to encourage the misinformation and typical uninformed view,it is only the closest science can come to explaining the origin of human existence and how things developed over timeyes,0,Attack,A,0,,,
988,yes god is by his nature  supernatural,first of all the bible is not a   science   book,1,Support,A,0,,,
775,"The sooner we are out of the EU, the sooner we can start making this country great again.","In a separate interview with BBC Radio 5 live, he warned of the possible consequences of an in-out referendum on the UK's relationship with the EU.",0,Attack,A,1,,,
1713,the fact that we do not know i believe only gives more power to godyes  our ignorance proves that there is a god  or maybe not,imagine you found a grain of rice and you wanted to measure its length,1,Support,A,0,,,
971,i recently read that after careful study the backwards wiring is essential,if you are going to comment on something in   science   you need to back it up with actual data,0,Attack,A,1,,,
2498,I support the truth and reconciliation commission,Reconciliation can be used to conceal political corruption and patrimony,0,Attack,A,1,,,
979,i dont really care  ,currently   science   feels its accelerating,1,Support,A,0,,,
2133,do you understand something like sociobiology counts as good science if it consists of a body of work produced by people applying scientific methods rigorously,and if id consists of a body of work that you and an established special interest do not like then its not good science,0,Attack,A,1,,,
827,UKIP is the only party that has understood the damage immigration does to the UK and its policies aim at repairing this.,"His comments come as a poll suggests that 56% of people want major curbs on immigration,",1,Support,A,1,,,
2022, people like you should be banned from this website, there is positive evidence against macroevolution,0,Attack,A,0,,,
2657,the only good thing in this movie was dr schultz after that it was a yawn fest,it won  oscars and got great reviews so a lot of people disagree with you it was a really entertaining movie with a great cast definitely not one of the worst movies,0,Attack,A,1,,,
2660,after all the attention and awards etc and an imdb rating of  i was so shocked to finally see this film and have it be so bad,i loved the film and its your opinion if you didnt like it i respect your opinion and no you are not the only person that didnt like this film some other people did too,0,Attack,A,1,,,
1670,one day we all will know the truth,but who could it be  is it you or me  or maybe the buddhists,0,Attack,A,0,,,
906,schools should not teach theories that are completely at odds with each other,because students are impressionable if you teach them the literal truth of genesis as science they may well believe you,1,Support,A,0,,,
915,ken ham,richard dawkins,0,Attack,A,0,,,
830,It is because of UKIP that we are finally discussing the European question and about immigration and thank goodness for that.,UKIP has evolved over the two decades since it was created from an anti-EU pressure group into a fully fledged party which has now proved that it can succeed beyond European elections.,1,Support,A,0,,,
1792,therefore evolution has not been scientifically proven,i agreed with you up until reasonable doubt,0,Attack,A,0,,,
983,the expansion of the universe is biblically supported,so if the bible can be used as a source for scientific discovery or guidance then what else in there can be demonstrated to be true scientifically  by what process did god stretch out the heavens where does god get the   energy   to do so,0,Attack,A,1,,,
1831,its all a theory,if man evolved from apes then why is there still apes to evolve is to change and the ape didnt,1,Support,A,1,,,
2562,Governments should be allowed to disrupt Internet service on grounds of national security,The right to internet access as a fundamental right,0,Attack,A,1,,,
1153,icdesigni think behe has made the case for obvious design within the cell and i dont think you will findanyone who could put it any more clear,hi pvm they finally got things straightened out,0,Attack,A,0,,,
1148,we absolutely exclude natural selection as a designerthe real trick is convincing the public that macroevolution is a scientific fact when it has never been observed which is a requirement for sciencei dont know where you get your information but i dont know any id people who include nonid as part of their belief systemlets do this sir lets bring it home to where we live if the human body is not an intelligent design then you tell me what is the definition for an intelligent designwhat is a intelligent design and why is your example an intelligent design   simple straight forward questionwhat is your simple straight forward answer                   bet you cant do it,icdesignwhat is a intelligent design and why is your example an intelligent design simple straight forward question,0,Attack,A,0,,,
2050, i take issue only with the word no in this title though without it there wouldnt be much debate so fair play, devils advocate creationism is true because creation the world exists and the bible exists in it and the bible confirms creationism,1,Support,A,1,,,
42,Cameron had it right and UKIP could tip the balance towards Labour in the crucial marginal seats in the GE where the battle will take place .,"But it caused tensions in the Tory ranks, with Mr Cameron accused of being out of touch with his grassroots.",0,Attack,A,0,,,
2336,or cycle,what about a swim,1,Support,A,0,,,
653,UKIP doesn't need to win power to force the changes people want.,Their debate followed a Daily Politics flim looking at a possible pact between UKIP and the Tories.,1,Support,A,0,,,
1500,you argue based on the ftes claims that the term creation and creationism had nothing to do with religion,you argue based on the ftes claims that the term creation and creationism had nothing to do with religion,0,Attack,A,0,,,
2556,Transparency is necessary for security,In security too much transparency endangers lives,0,Attack,A,1,,,
1810,evolution is basically common sense once you put down your bible and get out of the church,evolution really is true but as we all know the main reason of how we evolve is because of god our lord,1,Support,A,1,,,
2618,did anybody else find the twist a bit silly i did it was shocking and unexpected alright but also so random ,i heard great things about old boy but when i finally finished watching it the ending just seemed like a forced plot twist to make the movie dark and edgy,1,Support,A,0,,,
1403,good arguments are worth far more than vehement objections,liberals will loose this battle,0,Attack,A,0,,,
2594,i read the book which is subtle philosophical and nuanced at the beginning of the year and last night i watched the dvd of this film what utter rubbish the film is a boring sweary standard thriller,sadly yes it just became a standard thriller,1,Support,A,0,,,
1450,jim,jimfinally i just want to say that it appears to me that statements made against id and their proponents  made by others not you  regarding id has been so emotionally charged it makes me feel their judgment is affected,1,Support,A,0,,,
1608,you cant use the bible to prove the bible thus that is an invalid argument,the argument youre making would make sense if we could all just go up to god and ask hey is this true and god could give his answer directly to anyone who asked,1,Support,A,1,,,
1604,i dont care how many times you say it,you cant prove anything using that same thing you have to use evidences outside of that,0,Attack,A,1,,,
1109,the following is a quote from your points quote the more parts that appear to be arranged for a purpose and the more precisely they fit each other to achieve that purpose the more and more confident we can be in our conclusion of design,behe says intelligent agents can plan ahead and act on their plans,0,Attack,A,0,,,
1866,evolution has basically been proven there is no evidence for the biblical story common claims made by evolutionists,ok,0,Attack,A,0,,,
1974, theres really no way yet to prove it but the precedence of the evolution of all other species including our own has led to a conclusion that we most likely came from something else, as far as evolution god and the creation of man is concerned maybe evolution is an explanation of how and not why,1,Support,A,1,,,
191,I think it's far too simplistic to argue all UKIP supporters are racist - there is a real groundswell against the political establishment which over the past 20 years or so has started to converge in terms of image and policies.,"The UKIP candidate Richard Elvin came second with 5,988 votes, marking an impressive result for the party.",1,Support,A,0,,,
2296,you can get any other tablet for much less that has the same features ,one may argue that there are enough apple only apps justify the apple price,0,Attack,A,1,,,
1133,i apologize for using misleading wording,prototypic should read phenotypic,1,Support,A,0,,,
1522,perhaps what is needed is to distinguish between academic freedom and peer review,the debate here is false because both id and darwiniannatural selection theory are inadequate,1,Support,A,1,,,
458,A strong UKIP vote suggests there's a lot of the British public who aren't on board with the current set-up.,"The voters have understood that EU membership is making us poorer and less democratic and less free, he said.",1,Support,A,0,,,
1922, the one that suits its current environment surveys and grow up to breed, evolution is an embarrassment to science,0,Attack,A,1,,,
416,The reason why UKIP has gained so many votes is because the main parties refuse to deal with immigration and the EU.,"Farage's outspoken speeches in Brussels against what he perceives as euro-nonsense are legendary, both for their wit and passion.",1,Support,A,0,,,
1650,aig argues that pretexts brought by the reader are to blame for difficulties accepting the bible as literal truth,the bible is true because the bible says so is incredibly juvenile logic,1,Support,A,1,,,
930,okay lets start with how id tries to infer design namely by using the design inference,pvm i am sure that highlander is familiar with the  foundational works of behe and dembski  both rely on the absence of science being  able to explain a particular feature to infer design,0,Attack,A,0,,,
562,UKIP are in no way a single issue party and if Labour or the Conservatives were to give us a referendum UKIP would still have a full manifesto that would attract many voters.,UKIP has evolved over the two decades since it was created from an anti-EU pressure group into a fully fledged party which has now proved that it can succeed beyond European elections.,1,Support,A,0,,,
764,"The sooner we are out of the EU, the sooner we can start making this country great again.","Mr Cameron also said he did not think it would be right for Britain - or in the national interest - to leave the EU entirely, pointing out that some 50% of nation's trade was with the EU.",0,Attack,A,1,,,
1991, i really do not know where to start with this one at the time of writing this response apparently evolution is incorrect, has anyone got a more rational explanation,1,Support,A,1,,,
101,"I voted Tory for 30 years and started supporting UKIP because I want a sovereign, democratic , well governed Britain with Britain put first and its getting clearer by the day that the old Liblabcon parties will not do that.",A shrinking economy in the final three months of 2012 meant that the Conservatives faced the prospect of a triple dip recession at the start of the year.,1,Support,A,0,,,
1280,the random comes in when particles of rna that came out of the primordial ooze aligned by chance in such a way to produce a singlecelled organism,intelligent design is in fact religiously basedso  ,0,Attack,A,1,,,
1836,evolution has not ceased in any animal,again we hit walls of diction but its a great debate and im on your side evolutionists,1,Support,A,0,,,
578,Labour won't have anything to do with UKIP as they are more right-wing than the Tories. ,He said UKIP was clearly taking a very right wing position which pandered to an obvious anti-Europeanism.,1,Support,A,1,,,
811,Plenty of survey's have shown UKIP to be the most hated of the main parties.,"Explaining his decision to swap sides, Mr Campbell Bannerman - MEP for the East of England - said UKIP had become obsessed with single issue politics, internal fighting and shouting from the sidelines.",1,Support,A,0,,,
1171,meaningless nonsense of course,its funny because i already named some provided resources to find them and yet you seemed to dodge the argument altogetherfollowed by the usual nonsense,0,Attack,A,1,,,
645,UKIP are a joke outfit full of small-minded Neanderthals who think the 1950s are the future.,"I believe that what UKIP is doing is vital for this country, and of course the party's financial management is crucial.",0,Attack,A,1,,,
2495,I support the truth and reconciliation commission,The reconciliation process provides access to justice in post conflict states,1,Support,A,0,,,
656,UKIP are the only party willing to have a sensible open debate on the key issues affecting the country. ,"I believe that what UKIP is doing is vital for this country, and of course the party's financial management is crucial.",1,Support,A,1,,,
200,UKIP are not rabid racist and not another incarnation of the BNP.,"He also suggested that his party might get its first seats in the UK Parliament at the general election in 2015, and argued it was not just taking votes from the right wing of British politics.",1,Support,A,1,,,
1376,just what if there is a creator  isnt science after truth  has science proven that there is no creator why is recognizing the possibility that there was intelligence behind the emergence of life a nonscientific idea  basically what you are saying is that if there was a creator or intelligence behind the emergence of life science will never be able to come up with the right answer rightso your whole premise for id being nonscientific is the unproven worldview of naturalismyou start off right from the get go with the assumption that there is no creator or any intelligence involved in the emergence of life and go and try and prove your idea with science,they simply want to show that there is good scientific evidence for considering the role of intelligence in the emergence of life,0,Attack,A,1,,,
1637,one of the major problems that we all have in fact its the same problem adam and eve had in the garden of eden is that we tend to start from outside gods word and then go to what god has written in the bible orin adams casewhat god forbade him to do to try to interpret it on the basis of our own preset ideas,i dont see what is so hard about it,0,Attack,A,1,,,
842,UKIP want to get us out of the EU to make the British people much worse off then they already are.,"In their leaflets, UKIP says that 29 million Bulgarian and Romanians will have the right to live, work and draw benefits in the UK and while many will be fine, hard-working people, suggests the country may struggle to cope with another influx of people needing jobs, housing schools, hospitals and benefits.",0,Attack,A,0,,,
422,"I sense that Farage is a total megalomaniac, a charlatan, someone who is in it for the attention and the glory and that in a strange way, that many UKIP voters know this but don't seem to mind.","UKIP's call for withdrawal from the EU remains popular at European elections, and Farage's party has a known political brand.",0,Attack,A,1,,,
546,"The ratio of nutters in UKIP is far higher than in other parties, especially so since they seem determined to take all the Tories' fruitcakes off them.",Farage admitted the party had not had time to properly vet all of its new recruits and he was forced to suspend a handful of them following newspaper reports of alleged racist comments.,1,Support,A,1,,,
932,highlanderpvm seems unaware randomness and design are mutually exclusive concepts,naming two well known id proponents does not a citation make to support pvms twisted version of id arguments,0,Attack,A,1,,,
180,If there are enough Ukip votes it should frighten all the parties sufficiently to make them realise they can't just ignore the electorate.,UK Independence Party leader Nigel Farage has urged MPs to vote in favour of further debate on Europe.,1,Support,A,0,,,
2125,the medical establishment has convinced people that we are what we are because what our genes say we are,which is why the medical establishment endorses smoking drinking heavily and a fatty diet with no excercise because they believe we are predestined by our genes right why do you persist with these blatant lies,0,Attack,A,1,,,
1847,contrary to some belief evolution doesnt conflict with creationismyou just have to read the first story of the bible adam and eve in a less literal sense,evolution has been basically proven,1,Support,A,1,,,
2092,okay well i think that you are just finding reasons to go against him i think that you had some bad experiences when you were younger or a while ago that made you turn on god,here come the christians thinking they can know everything by guessing and commiting the genetic fallacy left and right,0,Attack,A,0,,,
875,UKIP are not a single issue party anymore; UK Sovereignty is the crux of their party political platform but they've certainly expanded from that singular issue in recent years.,Mr Farage has successfully broadened UKIP's appeal away from Europe.,1,Support,A,0,,,
492,UKIP seems overwhelmingly to be staffed by racists who want to keep people not born in this country outside this country.,Conservative MEP Daniel Hannan said the Tories and UKIP should start having conversations and stop calling each other names.,0,Attack,A,1,,,
2277,limited range,that will change over time once there are more charging stations,0,Attack,A,0,,,
1771,no but the point remains the same,so how is that not stupid if you can see the evidence for something and you continue to believe something else based on no evidence that is stupid,0,Attack,A,1,,,
382,"In fact, all UKIP seems to talk about now is withdrawl from the EU without any genuine policy around UK's domestic economy.",He said many people were beginning to prefer what UKIP was offering - which he called the politics of the common ground.,0,Attack,A,1,,,
2150,do you believe that you will hear an understanding of god that you have not heard before or are you of the belief you are openminded on the subject and might well have an epiphany,what possible concern is any of that to you some actually search for knowledge through debate this is a debate forum if you recall do not play if you are not so inclined but to post warnings not to fall in this trap come on,0,Attack,A,1,,,
513,Labour won't have anything to do with UKIP as they are more right-wing than the Tories. ,UKIP leader Nigel Farage said any members proven to have extreme right wing views would be expelled.,0,Attack,A,0,,,
10,If anyone seriously thinks that UKIP will offer some kind of answer to our current problems then I think that they are going to be sadly disappointed.,"In an interview with the Guardian, Mr Farage defended UKIP as a party where we've got some eccentrics, but we are addressing the people's real worries.",0,Attack,A,1,,,
350,"In UKIP, we have a new political force which looks likely to poll very well in a national election.",He also insisted his party was not a pressure group anymore andhas a fully fledged manifesto.,1,Support,A,0,,,
175,Hopefully we will see our first UKIP MP before the general elections next year.,He said UKIP was the real party of law and order and he vowed to continue campaigning for them.,1,Support,A,0,,,
2608,this movie absolutely fell flat after the discovery at the crash site was made,one million voters disagree with you what do you think they saw in this movie that you did not,0,Attack,A,1,,,
1319,there is nothing wrong with asking someone to disprove a negative that is with asking someone to provide evidence contrary to a claim,casey luskinfirst the ayn rand institutes arguments offend the first amendments protections on religious freedom scientists have freedom of religion and their scientific views should not be disqualified due to their alleged religious motives or beliefs,0,Attack,A,0,,,
2531,US intervention in Libya lacking congressional approval was illegal,Congress was appropriately and openly consulted,0,Attack,A,1,,,
1411,some places do seem more open to honest debate over evolution rather than just trying to brainwash kids,you are confusing mn with is a methodology with a worldview again,0,Attack,A,1,,,
2486,The US should ban cluster bombs,Cluster Bombs Are Inconsistent With International Law,1,Support,A,0,,,
1126,why are these two questions always independentbecause   science   as we know it today can only answer one of them,because   science   as we know it today can only answer one of them,0,Attack,A,0,,,
2410,I prefer trade to aid,Free trade is dangerous,0,Attack,A,1,,,
214,"I and many others will be voting UKIP not because of a handful of people that have said stupid things, it will be because I identify and agree with their overarching principles.",Shadow minister Diane Abbott does not see UKIP as a real threat at the next election.,0,Attack,A,0,,,
985,im hardly the authority for all the great questions in life,im hardly the authority for all the great questions in life,0,Attack,A,0,,,
1252,it should readtruth is probably the best factor in determining intelligence and one cannot have it without gd,i think that is what is called a freudian slip,0,Attack,A,1,,,
941,pvm is confused,joethe design inference reached based on our knowledge of what nature operating freely can  cannot do coupled with our knowledge of what designing agencies can do,0,Attack,A,1,,,
675,"If UKIP took all their anti-establishment guff and turned it on the banks and financial institutions then they would have more legitimacy, but instead they turn on Polish and Roma fruit pickers who do unskilled work for minimum wage.","On Friday the Advertising Standards Authority (ASA) announced that it was investigating, following 60 complaints, a scheme which saw vans drive through London calling on illegal immigrants to go home or face arrest.",1,Support,A,0,,,
1954, hahaha theres always one that slips through the net, i remember bumping into a jehovahs witness and he was blabbing on about some bullshit that the earth is in a stage called its last days,1,Support,A,0,,,
590,"UKIP is a not a real party, with a clear global ideology and vision addressing all aspects of society: it is focusing on a handful of issues (all centered around membership in the EU and migrants), mostly ignoring global financial issues, health, education, security etc.","UKIP are certainly trying to professionalise, to move away from its more amateurish origins, but they seem to fail to do so.",1,Support,A,0,,,
1032,how does science explain information in life versus intelligent design proponents and why do id proponents misrepresent science when describing for instance neodarwinismcasey luskin writesproponents of neodarwinism contend that the information in life arose via purposeless blind and unguided processes,taxiboundi must say that pvm has a way with words,1,Support,A,0,,,
1027,just look around,intelligent design is a dishonest way for   creationism   to try to appear scientific,0,Attack,A,1,,,
219,"My observation is that UKIP often are reluctant to directly answer any questions of substance, which can be accounted for by the fact that they really have no policies.","Mr Farage has abjectly failed to develop coherent policies and is not leading the party on the course to victory, she said.",1,Support,A,0,,,
2459,All nations have a right to nuclear weapons,The threat of nuclear weapons falling into the hands of rogue states and terrorists increases as more countries possess them,0,Attack,A,1,,,
90,Beyond leaving the EU and migration what ukip have no policies!,"UKIP made no net gains despite Mr Farage suggesting beforehand that it could double its 19 councillors, and some have dismissed it as a single issue party.",1,Support,A,0,,,
936,highlanderi am sure that highlander is familiar with the  foundational works of behe and dembskiboth rely on the absence of science being  able to explain a particular feature to infer design,your cites are worthless as defenses of your claims behe  dembski define id as an absence of science  what pages  what wordsdo you really think thats a clever proof of anything  you are not being very honest here pvm,0,Attack,A,1,,,
172,A strong UKIP vote suggests there's a lot of the British public who aren't on board with the current set-up.,Shadow minister Diane Abbott acknowledged Labour had been squeezed by UKIP but said she did not see the party as a real threat at the next election.,0,Attack,A,1,,,
68,"On voting day, this week the vast majority of the British public will not vote for UKIP.","Mr Wheeler, who has criticised David Cameron's attitude to the EU, said UKIP's success was vital.",0,Attack,A,1,,,
211,"I and many others will be voting UKIP not because of a handful of people that have said stupid things, it will be because I identify and agree with their overarching principles.","UKIP used to be a protest vote, he explained, but now we are now talking about how Britain should be governed just to say that we are a protest vote simply isn't right.",1,Support,A,1,,,
2652,i turned this movie off halfway through because i was bored out of my skull then i come here and its got a high rating granted its got a good storyline good acting nice cinematography but somehow still managed to bore me to tears,im with you on this one brian both my husband and i sat there tempted to turn it off though there was nothing better on at the time so we sat it out,1,Support,A,0,,,
1130,the only thing i take issue with in this argument is the comments about lenskis work with e,mr,1,Support,A,0,,,
2231,i do not know if it will be found unconstitutional but there is an effort to simply get it repealed same effect in the end,well it is being challenged in the courts so the only way to overturn it would be to deem it no longer constitutional,1,Support,A,1,,,
445,"UKIP doesn't understand that young people are, by and large, progressive.","Mr Farage had an upbeat message for activists at his local elections campaign launch on Wednesday, saying UKIP was attracting more young members - the party says more than 100 of its candidates are under 25.",0,Attack,A,1,,,
2036, i think youll find there is, anyone who thinks there is no evidence for evolution is either blind stupid or both,1,Support,A,0,,,
1830,why is it more reasonable to conclude common descent rather than common design from the similarity we see among species,its all a theory,1,Support,A,1,,,
2041, if your trying to find evidence in the bible your right, god is just an imaginary friend for adults,1,Support,A,0,,,
1215,whats there left to do,you mean ones like wmap shows that we are at the center of the universe or the quote of carterwell i realize that one does remain the goldilocks enigma is a falsifiable observation that makes testable predictionsas i already explained though observations are seldomly falsified as they are based on observed data,1,Support,A,1,,,
152,"I and many others will be voting UKIP not because of a handful of people that have said stupid things, it will be because I identify and agree with their overarching principles.",Nigel Farage and UKIP are the last best hope for Britain.,1,Support,A,0,,,
1104,yes when one sees a flower garden or mount rushmore for the first time one assumes the object was created by an intelligent being,mjhowever people do not do such things as design eyes or flagelli,1,Support,A,1,,,
522,It is more likely that Tory voters would vote tactically for UKIP to keep Labour out and that means Labour are at a real disadvantage. ,"Labour leader Ed Miliband said the victory of the party's candidate Dan Jarvis, a 38-year-old former soldier who served in Afghanistan and Iraq, was fantastic and accused the Lib Dem leader of complacency.",0,Attack,A,0,,,
261,"Arguably, UKIP & co. aspire to destroy the culture created in Europe after WWII, which has been based on openness, free travel, migration and cross-geographic access to goods and labour markets.","But judging from recent opinion polls UKIP's wider policies - grammar schools, curbing immigration and opposing gay marriage - seem to have struck a chord with disenchanted voters from the big three.",0,Attack,A,1,,,
1425,some kind of entity capable of guiding ends to means and preplanning events or features before they happen or come into   existence   ,a non living entity possibly though it depends on you definition,0,Attack,A,1,,,
2522,We should negotiate with terrorists,Negotiations cannot take place while innocents are being threatened,0,Attack,A,1,,,
460,"The sooner we are out of the EU, the sooner we can start making this country great again.","The voters have understood that EU membership is making us poorer and less democratic and less free, he said.",1,Support,A,0,,,
972,if you are going to comment on something in   science   you need to back it up with actual data,first i believe that religion is manmade as are christ buddha mohammed et al,0,Attack,A,1,,,
296,"I think Farage makes a much better leader than any of the other parties, he's full of enthusiasm and is not a PR man like the current leaders of the 3 main parties.","Farage went on to say that the people who voted UKIP had to be listened to, adding that we get it.",1,Support,A,0,,,
511,"The problem with popularism but no substance, like UKIP represent, is that it just results in things getting worse and worse.",The group suggest that within five years UKIP will have more members than the Tories at the current rate of attrition.,0,Attack,A,0,,,
647,UKIP seems overwhelmingly to be staffed by racists who want to keep people not born in this country outside this country.,"Meanwhile, the Bulgarian President Rosen Plevneliev has warned that Britain's immigration policy could harm its image as a great global power that pioneered integration.",1,Support,A,0,,,
560,"UKIP will lead the UK to independence from the oppressive EU, which is the only chance Britain has at restoring its former glory.",UKIP says it is campaigning on a pro democracy message - aiming to rejuvenate local politics.,1,Support,A,1,,,
1075,the di agrees that methodological naturalism simply requires that in trying to explain any particular observation or experimental result an investigator may not resort to miracles,when i grew up science was a useful tool for discovering things about the world around us,0,Attack,A,0,,,
304,I think a lot of UKIP supporters would be outraged if one of the consequences of leaving the EU was to price them out of buying virtually any of today's niceties.,Mr Farage said his party was making huge progress towards achieving that goal going in one year from 4.5% in the polls to a high of 16%.,0,Attack,A,1,,,
572,"If UKIP don't like being smeared, then they need to stop smearing, stigmatising, and fear mongering about others.","In their leaflets, UKIP says that 29 million Bulgarian and Romanians will have the right to live, work and draw benefits in the UK and while many will be fine, hard-working people, suggests the country may struggle to cope with another influx of people needing jobs, housing schools, hospitals and benefits.",1,Support,A,1,,,
1413,who the designer is has nothing to do with it and everyone knows that,tjwho the designer is has nothing to do with id theory and everyone knows that,0,Attack,A,0,,,
2453,The voting age should be lowered to sixteen years,There needs to be a cut off,0,Attack,A,0,,,
1059,in fact the history of life shows a pattern of explosions where new fossil forms come into existence without any clear evolutionary precursors concurring with design theory that predicts that species might appear abruptly, jay intelligent design id has scientific merit in paleontology because in many instances it can be applied to the fossil record to detect where design has occurred in the history of life by finding the rapid introduction of large amounts of complex and specified information csi,1,Support,A,0,,,
1711,abraham isaac and jacob belonged to different tribes and were not related but the stories grew together into a collection and the persons were tied together as members of the same family,i am a strong believer in the authority and inspiration of the word of god,0,Attack,A,1,,,
940,these two moves ruling out regularity and then ruling out chance  constitute the design inference,pvm is confused,0,Attack,A,1,,,
2619,did anybody else find the twist a bit silly i did it was shocking and unexpected alright but also so random ,you are right on all points a very moronic idea for revenge added to this there was no for sure that the guy would even sleep with his kid,1,Support,A,0,,,
682,"I think Farage makes a much better leader than any of the other parties, he's full of enthusiasm and is not a PR man like the current leaders of the 3 main parties.",But the peer said the choice for British voters at a general election was between David Cameron and Ed Miliband as prime minister.,0,Attack,A,1,,,
2456,All nations have a right to nuclear weapons,Nuclear weapons serve to defuse international conflicts and force compromise,1,Support,A,0,,,
2406,I prefer trade to aid,Trade is a longterm basis for international cooperation,1,Support,A,0,,,
1730,i do believe the world was created in  days,are we really arrogant enough to think that a day to us equals a day to god the thing is the bible never says how long a day is,0,Attack,A,1,,,
1357, we focus only on the constitutional aspects to this issue,lets just cut to the chase id does not perform any empirical and statistical verifications at best they could perform statistical falsifications of a particular scientific hypothesis but even the simplest hypotheses are not easily captured in statistics and thus id has found that most examples of supposedly designed systems cannot really be tested using id methodology,0,Attack,A,1,,,
2045, youre right there isnt a shred of positive evidence for creationism and creationists dont even try, how com everyone here is bickering try the flood,0,Attack,A,0,,,
1115,and one still wonders why id is considered to be scientifically vacuous by so many people including many christians,behe claims that that is not the sort of process one needs to build complex molecular systems,0,Attack,A,1,,,
1009,and i was just the reverse,i find much more animosity spouted by the atheist,0,Attack,A,0,,,
517,UKIP are not a single issue party anymore; UK Sovereignty is the crux of their party political platform but they've certainly expanded from that singular issue in recent years.,UKIP has evolved over the two decades since it was created from an anti-EU pressure group into a fully fledged party which has now proved that it can succeed beyond European elections.,1,Support,A,0,,,
1287,could it be that you are biased against   religion   because i hate to break it to you but   christians   believe that the world is round so does that mean you disagree your foundation should be on whether or not your point of view is provable and truthful,because i hate to break it to you but   christians   believe that the world is round so does that mean you disagreebut is a round earth inherently a christian positionalso pagans believe that the earth is round as well,0,Attack,A,1,,,
566,UKIP are not a single issue party anymore; UK Sovereignty is the crux of their party political platform but they've certainly expanded from that singular issue in recent years.,"But it is also one which means people often dismiss it as a single issue party, unlikely to become a force in Westminster politics.",0,Attack,A,1,,,
87,For what its worth I think UKIP is a one trick pony and is unelectable in a general election.,"Alongside that central desire to get out of the European Union, the party is now pushing a broader range of ideas, from being anti-gay marriage to pro-grammar school.",0,Attack,A,1,,,
251,I'm no fan of UKIP but well done to them for initiating a much needed shake up of British politics.,"Mr Wheeler previously made a donation to UKIP - which wants the UK to leave the European Union - in the run-up to the 2009 European elections, saying that they are driving needed change.",1,Support,A,0,,,
1566,people tend to focus on the trees,i agree he didnt want to confuse us,0,Attack,A,0,,,
658,"I think Farage makes a much better leader than any of the other parties, he's full of enthusiasm and is not a PR man like the current leaders of the 3 main parties.","They will each have plenty of opportunities to publicly debate the party's performance, and to make the case against the return of Nigel Farage.",0,Attack,A,1,,,
1634,obviously you havent done much reading on the aig website,first of all you are sriritualy diserned from understanding until god moves upon your heart mind  core being,0,Attack,A,1,,,
759,"UKIP will lead the UK to independence from the oppressive EU, which is the only chance Britain has at restoring its former glory.","UKIP defied the odds again at last year's European elections, beating Labour into third place, much to the dismay of those, on the left and right, who had written the party off as a busted flush.",1,Support,A,0,,,
16,A forensic examination of UKIP's policies would nail once and for all the Establishment lie that they're a bunch of swivel-eyed racists.,They have a remarkably bad track record of keeping their word.,0,Attack,A,1,,,
2163,sounds great it is this aspect of our lives that the conservatives will not see but anyway more power to you and i hope that you and your partner have many long and happy years together,thank you i think we will,1,Support,A,0,,,
2074,because there is evidence against kerry,yet there is evidence against bush and you have a double standard on applying your attacks on kerry to bush even when the same circumstances apply,0,Attack,A,1,,,
197,I'm no fan of UKIP but well done to them for initiating a much needed shake up of British politics.,Some earlier polls have had UKIP snapping at the heels of the Liberal Democrats - and leader Nigel Farage has said its aim must be to overtake Nick Clegg's Liberal Democrats to become the third force in British politics.,1,Support,A,0,,,
1033,taxiboundi must say that pvm has a way with words,from mr,1,Support,A,0,,,
293,"If UKIP do hold the balance of power and get into government, their only condition will be an in/out EU referendum.",Chancellor George Osborne has pledged to fight UKIP's unacceptable proposal on an EU referndum.,0,Attack,A,1,,,
1241,if the catholic church says it it has just gotta be true,the fact that the   evolution   lobby is trying to cite statements by ucc ministers to bolster support against id shows just how out of touch they really are,1,Support,A,0,,,
194,"If UKIP don't like being smeared, then they need to stop smearing, stigmatising, and fear mongering about others.","In Barnsley Central last month, UKIP came an impressive second to Labour - on the back of a locally focused campaign, which argued that money going to Europe should be spent on the town instead.",0,Attack,A,1,,,
1021,my other comment focused more on my atheist background but i wanted to respond to your scientific misconceptions,the name intelligent design is itself a hoax,1,Support,A,1,,,
73,"In fact, all UKIP seems to talk about now is withdrawl from the EU without any genuine policy around UK's domestic economy.","UKIP has reached unprecedented heights in the opinion polls under Mr Farage, prospering in May's local elections.",0,Attack,A,1,,,
1611,on the origin of species is out of date,which do you believe they are after all both based on books written by men,1,Support,A,1,,,
601,"UKIP doesn't understand that young people are, by and large, progressive.",But UKIP claims to be winning support among younger voters and students.,0,Attack,A,1,,,
332,"It's true that UKIP dont have ideas to suit everyone, but at the moment they are heads above the pillocks at No 10 today.","He was speaking at UKIP's spring conference in Scarborough, buoyed by the party's strong showing in the Barnsley Central by-election this week.",1,Support,A,0,,,
1684,i am not an atheist and have no reason to debate with anyone concerning an eternal being who is greater than any of us,aig doesnt believe the geological data,0,Attack,A,0,,,
883,the theory of evolution is not falsifiable, teaching creationism is dangerous to science and reason  if a theory that does not follow the scientific method is taught in schools as science science and reasoning will be undermined,0,Attack,A,0,,,
372,"The UKIP mainstay vote is in normal working people because they never voted for 4 million immigrants, they never voted for Multiculturalism.","They support us working class folks, so I was delighted to cast my vote for [UKIP leader] Nigel Farage's team in Sussex, where I live, said Lynam.",1,Support,A,0,,,
2194,i do not care much either way as long as he never walks around loose again but life in prison is going to cost the taxpayers hundreds of thousands of dollars that money could be better spent in the war on terror,that is why i say kill the bastard,1,Support,A,1,,,
1385,as you have been told already what phil says is irrelevant to id,i guess this means that what id proponents say about id is irrelevant even though said proponents are the ones who started idfascinating indeed,0,Attack,A,0,,,
914,the dangers of creationism in education,ken ham,0,Attack,A,0,,,
1437,common descent neither supports nor refutes id,because of course id really does not mean anything significant,0,Attack,A,1,,,
124,Cameron had it right and UKIP could tip the balance towards Labour in the crucial marginal seats in the GE where the battle will take place .,"In the end, I think it will strengthen our role in Europe and our continued membership and the opportunities it gives Britain as a country.",1,Support,A,1,,,
2314,i believe he overused the hero type of comic movies,i totally agree but do you not think that this is a characteristic that distinguishes all of tarantinos characters the exaggerated behavior,1,Support,A,0,,,
2367,the nexus  has everything fast processor big screen and the latest version of android,indeed i think is the better one and cheaper as well ,1,Support,A,0,,,
263,Many racists and especially xenophobes find the UKIP message appealing.,"He was a UKIP supporter, he said, because he wanted the UK to withdraw from the European Union, which is by no means a xeniphobic sentiment.",0,Attack,A,1,,,
2485,The US should ban cluster bombs,Cluster Bombs Cause Unacceptable Harm to Civilians,1,Support,A,0,,,
1392,i never said anything about einsteins religious convictions,and seeing that pvm doesnt care about the truth why is he a scientiston the contrary i have been asking you several times now how does id explains the bacterial flagella,0,Attack,A,1,,,
1494,i take it your also a closet fan of hugh ross am i right dnot really he tries hard but fails,while i did feel for some time that id had merit i also must admit that i believed for some time that it was religious due to those early pandas drafts,0,Attack,A,0,,,
2069,the story of the literal genesis is only rejected by those who are not looking to the absolute truth found in god almighty,a literal reading of genesis is rejected by every major sect of christianity what kind of a looks at a bat and then claims that it is a bird because it says so in the holy bible,0,Attack,A,1,,,
2109,it is up to you argue with me or argue with the person you want me to be,it is up to you stop bringing up red herrings or arguing by personal attack or do not expect me to treat your posts with any less contempt than i have for most of what has been posted to this board,0,Attack,A,1,,,
574,UKIP getting a large chunk of the vote in the EU elections sends a message to Europe that they cannot take the UK membership for granted.,"More people were considering voting for UKIP at a general election than ever before, he suggested, and this current poll surge was different from previous spikes in support which were linked to European elections.",1,Support,A,1,,,
1663,kent hovind is where he belongs  both of his ministries creation science evangelism and his dinosaur theme park were forprofit organizations,as a prisoner,1,Support,A,0,,,
1179,the theory of   intelligent design   holds that certain features of the universe and of living things are best explained by an intelligent causefine,fine,0,Attack,A,0,,,
871,"If UKIP took all their anti-establishment guff and turned it on the banks and financial institutions then they would have more legitimacy, but instead they turn on Polish and Roma fruit pickers who do unskilled work for minimum wage.","Speaking on Wednesday, the deputy prime minister said he was very surprised to see vans driving aimlessly around north London telling illegal immigrants to go home, and that they were not a very clever way of tackling the issue.",1,Support,A,0,,,
1230,joe gbtw christianity does not maintain that god created everything as it is today,that figures,0,Attack,A,0,,,
1823,no but i do call into question the nature of your uncertainty,if what you say is true then nothing at all is scientific fact,0,Attack,A,1,,,
2026, there is absolutely no proof for evolution, i didnt see it so it cant be true,1,Support,A,1,,,
322,The momentum is with UKIP; Conservative areas are all now vulnerable to them. ,"Peter Kellner, president of survey organisation YouGov, said he expects UKIP to worry the Tories by potentially wrecking their chances of winning an overall majority.",1,Support,A,0,,,
2023, there is positive evidence against macroevolution, there is eye witness reproducable evidence for micro evolution or change within a species which is irrefutable,1,Support,A,1,,,
279,"Any of the ""working class"" who believe UKIP will represent them have not read a UKIP manifesto!",The party's leader Nigel Farage has promised to cause a political earthquake at next year's polls after a strong showing in local elections.,0,Attack,A,1,,,
595,"UKIP will lead the UK to independence from the oppressive EU, which is the only chance Britain has at restoring its former glory.",UKIP says it is campaigning on a pro democracy message - aiming to rejuvenate local politics.,1,Support,A,1,,,
561,UKIP are the only party willing to have a sensible open debate on the key issues affecting the country. ,The group suggest that within five years UKIP will have more members than the Tories at the current rate of attrition.,1,Support,A,0,,,
2152,she is just starting to grow and mature and its not healthy natural or right to have a pregnancy at that age she could cause alot of damage being that young,at this point i would assume other members to say good she deserves to have that damage done to her white i agree with you  percent it would be dangerous to her and the baby either way ,1,Support,A,0,,,
2360,go by bike,great idea,1,Support,A,0,,,
732,"In UKIP, we have a new political force which looks likely to poll very well in a national election on thursday.","The Green Party, so often the fourth contender in local election races, now faces a very serious rival for that spot in UKIP.",1,Support,A,0,,,
704,"UKIP specifically targets and stigmatises people from specific nations, mostly eastern Europeans, arguing these comments are ‚Äúfine‚Äù because they only represent national not racial stereotypes. They are being extremely racist with their political approach in a way that may be borderline legal, but definitely not okay.","Mr Dimitrov said UKIP leader Nigel Farage was usually very feeble in presenting solid arguments, suggesting he preferred to engage in propaganda which deviates markedly from the essence of the debate.",1,Support,A,0,,,
2328,i think that evolution now should be considered as a fact rather than a belief we have a large amount of evidence that proves the evolution of the species,well said,1,Support,A,0,,,
110,"UKIP are a fairly right wing group as I'm sure will become clear when they actually produce some policies other than the ""its all the eu's"" fault.","With UKIP keen to be seen as more than a party which just campaigns on leaving the EU, the conference will also discuss defence, education and housing.",0,Attack,A,1,,,
629,A strong UKIP vote suggests there's a lot of the British public who aren't on board with the current set-up.,UKIP leader Nigel Farage said the UK had no real control over either the number or the type of migrants that were settling from elsewhere in the EU.,1,Support,A,0,,,
2351,game of thrones is one of the best,i like it a lot,1,Support,A,0,,,
2625,the themes and the dark tragedy to life wrapped around a child is so realistic to how kids are raised now it is truly amazing and a feat to behold to see,i would never have thought pans labyrinth would be my sort of film but i was overwhelmed by it and i cant stop thinking about it it brought a tear to my eye on several occasions i agree one of my new favourite films of all time,1,Support,A,0,,,
913,proof why creationism should be taught in schools,the dangers of creationism in education,0,Attack,A,1,,,
1401,the  commandments are not the sole source of morality,what i am saying is if we teach laws,0,Attack,A,0,,,
1515,that luskin accuses the ncse of rewriting history and law when both clearly established the evolution of creationists via cdesign proponentsists to design proponents,whats a darwinist can someone who says that the other side is mishandling terms really afford to label someone as darwinist i neither worship darwin nor accept his writings as absolute truth,1,Support,A,0,,,
2370,perhaps the most quality consistent series with a stellar character development,no dropoff in quality as the show progresses unlike shows such as dexter californication etc,1,Support,A,0,,,
691,UKIP will continue to grow as will the arrogance of the other parties.,The group suggest that within five years UKIP will have more members than the Tories at the current rate of attrition.,1,Support,A,0,,,
376,Hopefully we will see our first UKIP MP before the general elections next year.,"But Mr Cameron described UKIP's members as fruitcakes, loonies and closet racists, mostly.",0,Attack,A,1,,,
167,I think a lot of UKIP supporters would be outraged if one of the consequences of leaving the EU was to price them out of buying virtually any of today's niceties.,"If you want to have a managed migration policy, you cannot remain a member of the European Union.",0,Attack,A,1,,,
549,"The People's Army is on the march and UKIP will get Britain back from the Liblabcon, Establishment and MSM political abusers of our country.",UKIP has won 42 seats so far and is averaging 26 per cent of the vote in the wards where it is standing.,1,Support,A,0,,,
2506,The International Criminal Court should be recognised,The novel crime of aggression leads to the prosecution of those seeking to protect human rights,0,Attack,A,0,,,
1266,science is testable,if intelligent design says nothing about the supposed designer then of what value is it if the designer created life millions or billions of years ago what was his purpose in doing so what iswas the designer like did the designer give specific instructions to his creations as most religions teach the id promoters delibrately leave such questions unanswered in their official pronouncements about id,1,Support,A,1,,,
2079,science has managed to show that life and non life are not distinct and are indeed simply a continuium of molecular complexity and function,you have got to be kidding me this has got to be one of the absolute dumbest things i have heard you are truly one confused individual if you can not tell there is a distinct difference between a living thing and a non living thing that nonliving things are missing something that living things have,0,Attack,A,1,,,
9,A vote for UKIP would be a vote for a Tory-UKIP alliance that would be more right-wing than a Tory government.,"UKIP also backed a flat rate tax, favouring the well off, although they admitted that the party was having an internal debate about whether this should have two-tiers.",1,Support,A,0,,,
2014, i agree that it is slowly falling apart, you know a debate like this can be put up to get intelligent information exchange,1,Support,A,0,,,
1702,evolutionary theories the big bang hypothesis for instancethe big bang theory is not an evolutionary theory,i think you hit the nail on the head here,0,Attack,A,0,,,
290,People are not voting for UKIP because of immigration propaganda but because of their direct experience of immigration.,I am very confident UKIP is going to get a bigger percentage share of the vote than anybody can yet quite believe here in the Westminster village.,1,Support,A,0,,,
2018, this sounds like religious faith speaking, evolution is one of the most strongly supported theories in all of science,1,Support,A,1,,,
2324,i think he can take a flight but his parents have to check him in and hand him over to the flying company just by himself no,and also have somebody pick him up when he or she lands,1,Support,A,0,,,
2183,see here you have seperated mind spirit soul the bible did not do this unless zechariah is being misinterpreted it basically said in your interpretation that the spirit and the soul are the same thing,yes it is very hard even for theologians to explain,1,Support,A,0,,,
399,"I sense that Farage is a total megalomaniac, a charlatan, someone who is in it for the attention and the glory and that in a strange way, that many UKIP voters know this but don't seem to mind.",There is only one party in this country that can guarantee the people in this country will get a referendum on the EU and that is UKIP.,0,Attack,A,1,,,
1239,as a final blow to the discovery institutes attempts to get intelligent design into the catholic door the church announced an evolution congress which failed to invited creationists and intelligent design   httpwww,for years now the intelligent design proponents and the discovery institute have been working the catholic angle getting some of its cardinals into trouble,1,Support,A,0,,,
2245,any state of the art pc with a game pad,i think that the best consoles by far are either the xbox or the ps,0,Attack,A,0,,,
2542,We should force think tanks to reveal all of their sources for resource funding,Think tanks??? power of objectivity is the best form of marketing for biased views,1,Support,A,0,,,
2220,fearmongering is what that is called,uh yeah that was their intent under color of law no less,1,Support,A,0,,,
2235,carefully think about this statement christianity is based upon the essential beliefs that god is allpowerful man is fallen and in need of redemption,well there is a little more to it than that but agreed,1,Support,B,0,1,,
1531,um this thread is months old and no one is reading it,i know this sounds crazy but in a weird way im honored to get a response from you,0,Attack,B,0,1,,
912, public opinion is unimportant to whether creationism belongs in science classes  public opinion does not determine whether creationism qualifies as science,proof why creationism should be taught in schools,0,Attack,B,1,0,,
1360,bowmanmore on the aclus rubber stamped ruling by a practicing attorneynothing wrong with quoting from a well argued submission by the aclubowmanthat said none of this relates to the id ruling since the board members were not id advocates except perhaps superficially,nothing wrong with quoting from a well argued submission by the aclu,0,Attack,B,0,1,,
1722,the young earth creationist dogma demands that the obvious features of the earths geology can not exist,you didnt read this  creation ex nihilo and the earth  did you,0,Attack,B,1,0,,
106,"I voted Tory for 30 years and started supporting UKIP because I want a sovereign, democratic , well governed Britain with Britain put first and its getting clearer by the day that the old Liblabcon parties will not do that.","Former UKIP deputy leader David Campbell Bannerman defected to the Tories soon after, expressing concerns about the party's direction.",0,Attack,B,1,0,,
1223,and again the design inference is based on our current knowledge that being we have an understanding of what nature operating freely is capable of and we couple that with our knowledge of what designing agencies are capable of,if we dont know then no one can say that a designer was not involved or not required,0,Attack,B,0,1,,
1737,i wish my education in biology was better im reluctant to engage creationists on   evolution   because i just dont have the knowledge,  science   always wants to separate that messy first cell from   evolution   theory,0,Attack,B,0,1,,
1709,mike my apologies to you but i am surprised at the numbers of people here who appear to be somewhat hostile towards the existence of a supreme being namely god yahweh yahwah yhwh the i am that i am and so forth,we have two different literal interpretations,0,Attack,B,0,1,,
2487,The US should ban cluster bombs,Rejecting the Ban on Cluster Bombs Hurts the international image of the US,1,Support,B,1,0,,
879,The success Ukip had in the european elections will be sufficient to galvanise one or preferably all the other parties to rid us of the EU's political influence.,I believe that what UKIP is doing is vital for this country.,1,Support,B,0,1,,
396,"If you want an insight into just how mad and bad UKIP are, go and read what their members, candidates and supporters write on the Telegraph.",Marta Andreasen said Mr Farage had abjectly failed and should go.,1,Support,B,0,1,,
1597,you havent made a point at all,and i understand that god knows every future event before it ever occurs,0,Attack,B,1,0,,
2271,not london for sure,why not london has it all culture fun exhibitions parks what more do you want,0,Attack,B,1,0,,
1175,jaythat means that anyone who dares speak of purpose or design within science or when discussing scientific evidence ceases to be a scientist,months later and i think we can agree pandas did not advocate religion,0,Attack,B,1,0,,
298,"The momentum is definitely with UKIP at the moment, hopefully that will continue with the up and coming by-elections.","The UK Independence Party had its best ever local election night with a 14% share of the vote where they had candidates, although they have won few extra councillors.",1,Support,B,0,1,,
2043, creation is fantasy and you cant prove a fantasy, it is only belief,1,Support,B,0,1,,
126,"If you want an insight into just how disorganised UKIP are, go and read what their members, candidates and supporters write on the Telegraph.",The party's campaigning effort has become far more professional and well-funded in the past two years as a result.,0,Attack,B,1,0,,
1662,it is unfortuanate that creationists cannot be persuaded by facts,kent hovind is where he belongs  both of his ministries creation science evangelism and his dinosaur theme park were forprofit organizations,1,Support,B,0,1,,
13,The reason why UKIP has gained so many votes is because the main parties refuse to deal with immigration and the EU.,"It is doing the country serious damage because there are large numbers of potential investors in the UK who would bring employment here, who are being warned off because of the uncertainty all of this is creating.",0,Attack,B,0,1,,
1623,some foolish men declare that a creator made the world,what is it with people like you  was the bible the first book you read and then you quit reading anything else can you defend your position without reference to the bible do you have any evidence yes evidence from another source that shows the bible is the word of god and not just a collection of books selected by the vatican to support a particular viewpoint why do you find it easier to believe in some all powerful supernatural creator that is eternal than a natural universe that is eternal is it possible to prove without reference to your book that god exists or does not exist  probably not,0,Attack,B,1,0,,
2514,I believe that opinion polls harm the democratic process,Citizens have a fundamental right to vote on whatever the basis they choose,0,Attack,B,1,0,,
222,"On voting day, this week the vast majority of the British public will not vote for UKIP.","At the 2010 general election,  support dwindled to 3.1% and UKIP did not win a Westminster seat.",1,Support,B,0,1,,
655,"UKIP is not an isolated phenomenon: France has Le Pen, Germany has AfD, and all of these have in common that they are nationalist, anti-European, and more right than mainstream conservative parties.","Of course it is racist, the language, the rhetoric, the membership, who doubts it?",1,Support,B,0,1,,
1867,ok,wow,1,Support,B,0,1,,
64,The reason why UKIP has gained so many votes is because the main parties refuse to deal with immigration and the EU.,"Isolating Britain and damaging Britain's reputation is not the right history to write, he said.",0,Attack,B,1,0,,
309,"The UKIP mainstay vote is in normal working people because they never voted for 4 million immigrants, they never voted for Multiculturalism.",But Labour is expected to claw back ground among working class folks in the Midlands and north of England lost in 2009 when it had the worst night at the polls in its history.,0,Attack,B,1,0,,
19,"If UKIP want to retain these voters and attract more in a general election then they need to come up with policies other than ""leave the EU"" and ""its all the immigrants fault"".","The Eurosceptic party is aiming to show broader appeal by capitalising on concerns over immigration, HS2 rail and wind farms.",0,Attack,B,0,1,,
7,"I would say it's the anti-ukip brigade who have no substance to their argument (or facts), they simply shout ""racist"" with nothing to substantiate this slur, or become crude and insulting.","Mr Cameron once described UKIP as a party of fruitcakes, loonies and closet racists.",0,Attack,B,1,0,,
2332,how about a second hand clothing fashion parade and sale,maybe you could have a cake sale,1,Support,B,1,0,,
1077, and this site says it better than i could,should we just reject the bigbang as being unscientific since it would require a supernatural cause according to the nd premise you list is the best you can really come up with is who designed the designer,1,Support,B,1,0,,
1333,ok you are right on this point as well,tjok you are right on this point as well,0,Attack,B,0,1,,
2281,hybrid electric vehicle,cost will reduce with scale,0,Attack,B,0,1,,
1648,many people claim that certain writings are the word of god,after the entire cain and able thing the brother left to another group of people to find a wife,1,Support,B,0,1,,
2040, wrong  evolution is probably the most supported theory in biology  its withstood considerable scrutiny for the past  years and is as strong as ever, if your trying to find evidence in the bible your right,1,Support,B,1,0,,
2204,is it possible that the rigidity of many evangelical churches is and what they expect of their members drives couples to divorce when one partner is not as on board as the other,i think you nailed it i also think that if you are willing to give up your relationship over religion you could be on the border of addiction not faith not you personally but rhetorically,1,Support,B,0,1,,
876,"I think Farage makes a much better leader than any of the other parties, he's full of enthusiasm and is not a PR man like the current leaders of the 3 main parties.","Despite the strong performances at the recent by-elections, it is true that Nigel Farage, in terms of electoral success, remains a political minnow.",0,Attack,B,1,0,,
1534,heres some links to actual passages something nick failed to provide as requested,debates like this do nothing more but cause problems for people who are trying to pursue legitimate alternatives to neodarwinian theory,0,Attack,B,1,0,,
588,A strong UKIP vote suggests there's a lot of the British public who aren't on board with the current set-up.,"Nobody below the age of 60 has ever had a chance to have a say on this issue, he said.",1,Support,B,0,1,,
1389,id explains the genetic code the same way we explain a computer code,joe gnow you are just lying,1,Support,B,1,0,,
2587,movies should be fun entertaining this movie is not waste of my time ,art is supposed to probe dark subject matter most of the greatest films do just that,0,Attack,B,1,0,,
2455,All nations have a right to nuclear weapons,Nuclear weapons give states valuable agendasetting power on the international stage,1,Support,B,0,1,,
713,"UKIP will lead the UK to independence from the oppressive EU, which is the only chance Britain has at restoring its former glory.","Deputy Prime Minister Nick Clegg, whose Liberal Democrats oppose a referendum, said leaving altogether would make us less safe because we co-operate in the European Union to go after criminal gangs that cross borders.",0,Attack,B,1,0,,
2384,paper and preferably yellow post it notes for important reminders in app lists tend to be forgotten about,paper is much better and allows you to make more personal notes,1,Support,B,0,1,,
155,"I would say it's the anti-ukip brigade who have no substance to their argument (or facts), they simply shout ""racist"" with nothing to substantiate this slur, or become crude and insulting.","Former deputy leader David Campbell Bannerman defected to the Tories soon after, expressing concerns about UKIP's direction, drifting further to the right.",0,Attack,B,0,1,,
1773,not stupid but ignorant and perhaps even foolish,i agree with your definition of ignorance but i feel that ignorance crosses into stupidity when those who are ignorant but have the means to inform themselves fail to do so,0,Attack,B,0,1,,
2621,in my opinion full metal jacket was way better full metal jacket was at least fair i spoke to a lot of guys that told me thats the way it was,no platoon was the better movie,0,Attack,B,1,0,,
88,"The sooner we are out of the EU, the sooner we can start making this country great again.","Isolating Britain and damaging Britain's reputation is not the right history to write, he said.",0,Attack,B,1,0,,
1628,for the bible to be divinely inspired all the persons writing the bible or translating the bible had to be listening to god all the time,now the trick is to prove that all of the authors were free of stray thoughts and theological spin,1,Support,B,1,0,,
2076,an example where both natural selection and mutations work together to enable a creature to survi have also results in a loss of genetic information consider that flightless bird in the galapagos islands,oh goody some more of your well informed opinion based on wishful thinking no research and even less actual thought,0,Attack,B,1,0,,
1848,evolution has been basically proven,i think evolution is an actual truth since we are able to prove it and all,1,Support,B,0,1,,
75,It is because of UKIP that we are finally discussing the European question and about immigration and thank goodness for that.,The anti-EU party also came second in the last European elections in 2009.,1,Support,B,0,1,,
1342,tj again only valid if you trust judge jones and judge jones is really only the aclu in disguise because of how much he copied from them,tji dont believe the  similarity in the aclus submission and the judges analysis was a lucky or freak coincidence im illinformed because i think he copied it rightyou seem to be ill informed about both the extent as well as the relevance of this so called copying,0,Attack,B,1,0,,
2236,sometimes the state of the education system in the usa makes me cry,sometimes the state of the public education system in the us is downright criminally neglectful,1,Support,B,0,1,,
1416,the writer of this piece is working for a salary,idnetthe writer of this piece is working for a salary,0,Attack,B,0,1,,
2547,We should force think tanks to reveal all of their sources for resource funding,Overregulating think tanks sets a dangerous precedent,0,Attack,B,1,0,,
2432,European Parliament elections should involve only one voting district all of Europe and not separate country seats,Some countries may be left without representation,0,Attack,B,1,0,,
2130,the no brainers gun nuts have a modicum of brain though enough to show them that without guns there can be no shootings,and without a limited lifespan there would be no death but we do not live in such a world so shut up and get onto a more relevant topic,0,Attack,B,1,0,,
398,For what its worth I think UKIP is a one trick pony and is unelectable in a general election.,"But judging from recent opinion polls UKIP's wider policies - grammar schools, curbing immigration and opposing gay marriage - seem to have struck a chord with disenchanted voters from the big three.",0,Attack,B,1,0,,
360,UKIP are a joke outfit full of small-minded Neanderthals who think the 1950s are the future.,"There are those, UKIP, thinking backwardly, saying we should turn our backs on the world and on our wider obligations, that we should cut ourselves off from influential organisations in the belief that we can go it alone.",1,Support,B,0,1,,
1150,im not a cell expert but lets expand out to the human body,im not a cell expert either and understanding what behe wrote in his argument doesnt require it because he didnt say anything except cellular machinery is complex therefore it must be designed,0,Attack,B,0,1,,
270,UKIP are asking the questions that haven't been asked by the opposition or the media.,"Europe had in the last few years become a huge issue due to the euro crisis and the bailouts, and UKIP was the only party addressing this problem head on.",1,Support,B,0,1,,
1502,in other words the terms as defined clearly mirrored what we know as creationism and that it was an inherently religious concept,in pandas we read creation means that the various forms of life began abruptly through the agency of an intelligent creator with their distinctive features already intact,0,Attack,B,0,1,,
33,"If you think that the Tories are nasty, heaven help us if UKIP get in because they would be nastier, more cruel, and more bigoted.","Ms Andreasen had been UKIP's sole remaining female MEP, after Nikki Sinclaire was expelled from the party in 2010, hinting what a terrible standing women have in the party.",1,Support,B,0,1,,
1947, i am going to borrow from churchill, i believe evolution is correct and whats up with this lack of understanding that evolution is a sloooooooow process       with the making everything is  days and resting on the seventh  which conveniently happens to be a week,1,Support,B,1,0,,
240,"If UKIP want to retain these voters and attract more in a general election then they need to come up with policies other than ""leave the EU"" and ""its all the immigrants fault"".","Natalie Bennett spoke about UKIP polices for the Green Belt, Trident, defence the and economy, with Andrew Neil on the Daily Politics while campaigning in the West Midlands.",0,Attack,B,1,0,,
1878,evolution has never been witnessed,the aftermath of evolution has been witnessed but never the actual process itself,0,Attack,B,0,1,,
390,"If UKIP don't like being smeared, then they need to stop smearing, stigmatising, and fear mongering about others.","His team sell a rather low-grade tea towel bearing the face of Herman Van Rompuy, the president of the EU council, with the slogan genuine Belgian damp rag.",1,Support,B,0,1,,
116,The hate campaign against Eastern Europeans that was and is run by UKIP legitimises anything said against them.,But there are signs UKIP is starting to pick up the sort of protest votes that traditionally go to the Liberal Democrats.,0,Attack,B,0,1,,
256,"If UKIP have a good general election and manage to take a few seats then that can only benefit Labour, because all of the seats that UKIP can possibly, conceivably win - well they are all Tory seats.",Mr Farage's pitch is attractive to voters.,1,Support,B,0,1,,
2061,it is just feeding off of the mother,just spoken like a true man,0,Attack,B,1,0,,
2633,once you know all the in and outs or all the magic tricks of the movie i dosnt seem as good,i think it gets better you notice little things you get more into looking at the picture not just fitting the pieces,0,Attack,B,1,0,,
2561,Governments should be allowed to disrupt Internet service on grounds of national security,The internet is a threat to public safety,1,Support,B,0,1,,
529,A strong UKIP vote suggests there's a lot of the British public who aren't on board with the current set-up.,"Britain would prosper outside the EU, he argued, and talk of its losing trade was not credible.",1,Support,B,0,1,,
1969, the simplest way to prove it is this, i am a christian and i do believe in evolution because there are quite an amount of amazing proofs for it,1,Support,B,1,0,,
1313,id without a designer the cause of the big bang is unknown,the cause of the big bang is currently unknown but it is also undergoing investigation,0,Attack,B,0,1,,
1151,im not a cell expert either and understanding what behe wrote in his argument doesnt require it because he didnt say anything except cellular machinery is complex therefore it must be designed,but dont try to lead me astayi wanted to try and lead to the truth from being astrayactually,0,Attack,B,1,0,,
1262,to sneer at aynrandinstitute and ayn rands philosophy is to fail to address the growing primary reason why people are deciding god is not an explanation of anything,youre lucky not enough people know or care enough about your religion to throw out opinions based on it presented as science philosophy logic or fact on the spot,0,Attack,B,0,1,,
1391,einsteinit was of course a lie what you read about my religious convictions a lie which is being systematically repeated,i never said anything about einsteins religious convictions,0,Attack,B,1,0,,
2615,i actually really loved moon i was invested the entire way through,for some reason i was bored endlessly by moon i found myself uninterested and disorientated from the central character who could not connect with and had zero interest in,0,Attack,B,1,0,,
589,UKIP doesn't need to win power to force the changes people want.,UKIP leader Nigel Farage has demanded a written in blood guarantee of a referendum on EU membership before entering any pact with another party.,1,Support,B,1,0,,
2002, there are plenty of examples of species evolving in present times, actually most leading scientists nowadays support evolution and of course its going to have massive holes in it thats what makes it a theory,1,Support,B,1,0,,
2509,I believe that opinion polls harm the democratic process,Opinion polls are subject to bias and often produce faulty information on which decision are made,1,Support,B,0,1,,
1752,what does random premarital sex lead toa number of possible outcomes based on a number of factors,i believe that the first chapters of genesis including the ancient history of the hebrew people should be understood within the context of covenant,1,Support,B,1,0,,
1582,is often confused for rhetoric,the point of the debate is to set up a straw man that the world was created in six days that antichristians can knock down,1,Support,B,0,1,,
2553,Transparency is necessary for security,Transparency helps reduce international tension,1,Support,B,0,1,,
1690,you are ignoring centuries of good scholarship including that in the last century specifically engaging the arguments of historical criticism and socalled higher reasoning,the scripture is silent as to which locale in the spacetime continuum the author of the account was measuring time from on the first day of creation,1,Support,B,1,0,,
2257,maybe it is a bit too industrialised,but there are very nice beaches nearby,0,Attack,B,1,0,,
121,Ukip are doing well for the very simple reason folk have at last realized that they are being lied to by LibLabCon and now have somewhere else to go.,"Voters appear restive, often reluctant to support the larger parties.",1,Support,B,0,1,,
1007,very well said,that reply was to allogic,1,Support,B,1,0,,
942,the design inference reached based on our knowledge of what nature operating freely can  cannot do coupled with our knowledge of what designing agencies can do,joe argues that the design inference is disallowed and we agree to the extent that it fails to be scientifically relevant a posteriori but of course it is never disallowed a priori,0,Attack,B,0,1,,
1491,why should god be directly implicated when it looks like a duck smells like a duck walks like a duck,fxl insists that just because god is absent from the book that it therefor could not have been based on creationism even though it defined creationism to be in line with its predecessors and later renamed the term to read design,0,Attack,B,1,0,,
1476,there is more than naturalism can engage,there is more than naturalism can engage,0,Attack,B,0,1,,
1957, you shouldnt just blindly repeat things you hear, did you really just say that no scientist can support evolution  the theory of evolution came about from scientific discovery so your statement makes hardly any sense,1,Support,B,1,0,,
1733,in genesis we have no reason to believe that one day meant any more than one day today,if scientific inquiry has shown conclusively that genesis is at best allegorical then christians should reconsider beliefs that presume a historical interpretation of eden,1,Support,B,0,1,,
2642,i cant believe that a great film like this can receive such a low rating while the likes of shawshank redemption and batman sit comfortably in the top  list of the entire website,this film is very underrated especially by critics why this film is a big twist even better than sixth sense and that crap memento,1,Support,B,0,1,,
50,"Even a UKIP European candidate, Janice Atkinson, another ex-Tory, admits leaving the EU would be problematic.",But immigration has also been an issue and UKIP sees the EU question being at the heart of it.,0,Attack,B,0,1,,
1428,so would you like to give a better explanation on what current ool theories exist this is definitely a subject in origins debate that interests me most,instead of a bolt of lightning hitting a pool of   chemicals   and making a cell pop outwhere did i say thatit was most likely a slow process taking place along the ancient shores,0,Attack,B,0,1,,
991,  intelligent design does have merit,jumpstart helps us understand the eliminative nature of idit is difficult even improbable to imagine how such a process could happen without being jump started,0,Attack,B,0,1,,
2576,animal kingdom is better than the town and winters bonei have just seen animal kingdom and wow what an awesome movie it was,i totally agree animal kingdom to me was the best movie of the year,1,Support,B,0,1,,
2097,you consider this refuting my evidence what amazes me is that you all scoff at creationism yet this is the best most of you can offer to refute scientific evidence which supports the flood,you ask someone to explain polystrate fossils three people do you plug your ears and go i can not hear you then demand that someone explain polystrate fossils,0,Attack,B,0,1,,
427,"It feels like UKIP is anti most things and base their politics on this: Anti-aid, Anti-immigrant ‚Äì at times even anti-politics; it is therefore difficult to understand what they actually stand for and want to work towards.","He also warned that if a proposed referendum led to the UK leaving the EU, there would be dire consequences for the country's global influence.",1,Support,B,0,1,,
822,UKIP's proposals on membership in the EU and migrants are at best purely demagogic: they do not take into account facts and more general issues.,"Mr Cameron once described UKIP as a party of fruitcakes, loonies and closet racists.",1,Support,B,0,1,,
2167,this is where the competition really occurs this is why natural selection the ability to go on to breed on the level of the population is actually nonrandom,wow supersport got something right,1,Support,B,0,1,,
2545,We should force think tanks to reveal all of their sources for resource funding,Think tanks may become smoke screens for criminal groups,1,Support,B,0,1,,
2154,murder is always illegal,we agree on something,1,Support,B,0,1,,
1166,behe assertsdesign is recognized in the purposeful arrangement of partswho decides if an arrangement of parts is purposeful  what does purposeful really mean in that statement  do the parts have purpose  does the arrangement have purpose  did the designer have purpose  if i take an old wristwatch and remove all the springs and gears and arrange them in a circle is the circle designed  if i throw them in a heap are all of the parts of the watch no longer designed  if i pick up some metal shavings off of the floor from under the lathe in the machine shop and arrange them into a complicated mathematical pattern that i generated using a computer program can you tell if this is a purposeful design or just a random designis a virus designed  a prion  a fragment of rna a benzene molecule  how can you tellwaving your hands and saying i know design when i see it and all life was obviously designed just wont cut it,who decides if an arrangement of parts is purposeful what does purposeful really mean in that statement do the parts have purposeif there is some form of synergy in the arrangement then yes that would be purposeful,0,Attack,B,0,1,,
1779,theres no point arguing against evolution when you dont understand it in the first place,now creationism to me makes much more sense,0,Attack,B,1,0,,
2658,the only good thing in this movie was dr schultz after that it was a yawn fest,very true its as unpleasant as can be and not entertaining in the least this has to be the most overrated film of the past two years,1,Support,B,0,1,,
2210,aikido judo and karate wado ryu would constitute a good combination,some of these martial arts videos are remarkable,1,Support,B,0,1,,
2591,movies should be fun entertaining this movie is not waste of my time,then dont watch it its that simple but dont say that movies should be one thing have you not read depressing literature or stared at melancholic paintings before,0,Attack,B,1,0,,
902,schools should teach competing theories the idea that creationists reject mutation or natural selection is ridiculous,teaching creationism is in no way akin to child abuse,1,Support,B,0,1,,
273,The only reason we are even having a sensible debate about Europe are UKIP.,"It is doing the country serious damage because there are large numbers of potential investors in the UK who would bring employment here, who are being warned off because of the uncertainty all of this is creating.",0,Attack,B,0,1,,
1727,dr,a six day creation is a literal interpretation of genesis but it is not the only literal interpretation,1,Support,B,0,1,,
1173,not all this link was identified in my last reply    httpwww,actually the construction of the cell rather suggests chance,0,Attack,B,0,1,,
1174,actually the construction of the cell rather suggests chance,jaythat means that anyone who dares speak of purpose or design within science or when discussing scientific evidence ceases to be a scientist,1,Support,B,0,1,,
1135,as much as behes somewhat misleadingyet when lenski tracked down the mutations they tended to be degradative changes ones which destroyed genes or made them less efficient,for example humans have acquired a number of helpful genetic changes in our battle with the malarial parasite over the past ten thousand years,1,Support,B,1,0,,
1448,in answering your questions i will try to keep on point,jim,0,Attack,B,0,1,,
12,"The greens and ukip provide encouragement for labour and conservatives alike to address some issues people care about, albeit only lip service to retain votes mainly.",The UK Independence Party had its best ever local election night with a 14% share of the vote where they had candidates.,1,Support,B,0,1,,
1412,you are confusing mn with is a methodology with a worldview again,who the designer is has nothing to do with it and everyone knows that,1,Support,B,1,0,,
213,"As far as immigration is concerned all Ukip want is a level playing field for non EU migrants and to control the numbers so, if anything, Ukip are too soft on immigration.","There is also a democratic argument about who runs our country,  he added.",1,Support,B,0,1,,
1642,all this is hard to understand,as i stated above i believe neither side,0,Attack,B,0,1,,
525,"In UKIP, we have a new political force which looks likely to poll very well in a national election on thursday.","More people were considering voting for UKIP at a general election than ever before, he suggested, and this current poll surge was different from previous spikes in support which were linked to European elections.",1,Support,B,0,1,,
362,"If UKIP do hold the balance of power and get into government, their only condition will be an in/out EU referendum.",The EU is no longer an academic debate because it's affecting people in their everyday lives.,1,Support,B,0,1,,
307,"I think Farage makes a much better leader than any of the other parties, he's full of enthusiasm and is not a PR man like the current leaders of the 3 main parties.",Mention Farage and the facial expression you're met with is one of crumpled disgust.,0,Attack,B,1,0,,
102,"If UKIP don't like being smeared, then they need to stop smearing, stigmatising, and fear mongering about others.","If UKIP has good cause to think that it should be in the TV debates and it's excluded, we will provide an alternative form of entertainment on the evening.",0,Attack,B,1,0,,
1510,stop eating at creationists heads and settle down a tad,it is not entirely clear to me who you are inditing for being rude so i wont attempt to defend them,0,Attack,B,0,1,,
703,Plenty of survey's have shown UKIP to be the most hated of the main parties.,UKIP says it is campaigning on a pro democracy message - aiming to rejuvenate local politics.,0,Attack,B,1,0,,
1273,i guess i must be old fashioned  but i do believe in real science,intelligent design has been misrepresented as some kackamamy religiously motivated scheme by those who are afraid to challenge what they believe in,1,Support,B,1,0,,
1600,is god all powerful no because he gave that up when he gave mankind free will,so if god is not all powerful and all knowing then god is fallible,1,Support,B,0,1,,
1020,with belief,my other comment focused more on my atheist background but i wanted to respond to your scientific misconceptions,0,Attack,B,0,1,,
1735,doctrines such as original sin substitutionary atonement and the trinity are very well described in the bible,first of all i have no presupposed attitude,0,Attack,B,1,0,,
1046,theories are not supported by finding confirming evidence only,ufcarazy although it is clear that id has led to some successful predictionsreally  what predictions has id made  and along those lines how exactly would id be falsifiable  without valid answers to these two questions it does not even begin to qualify as   science  ,0,Attack,B,0,1,,
1929, god created the world we did not evolve from monkeys its in the good book, the evolution that i believe in is not the kind you think,1,Support,B,1,0,,
520,"Europe is no longer fit for purpose and we'd do better to be out than in, plus save a whole load of cash.",Former Europe Minister Denis MacShane said the EU was Britain's biggest trading partner.,0,Attack,B,1,0,,
973,first i believe that religion is manmade as are christ buddha mohammed et al,ask yourself this if the universe is expanding what happens when that expansion ceases my answer is that it cant be random,0,Attack,B,1,0,,
749,"I don't necessarily think Nigel Farage is worthy of PM, I think they need a new leader.",They seemed very thankful to have the colourful Nigel Farage back as party leader.,0,Attack,B,0,1,,
354,"The momentum is definitely with UKIP at the moment, hopefully that will continue with the up and coming by-elections.",He said the UKIP had never been more important for our freedom as a self-governing democracy and had to go on telling the truth about Europe.,1,Support,B,0,1,,
2140,evolutionists cannot support their theory and expect you to find proof to support yours,i thought you said that you had been following the converstaion i guess you did not understand any of it,0,Attack,B,1,0,,
1386,i guess this means that what id proponents say about id is irrelevant even though said proponents are the ones who started idfascinating indeed,as for scientific evidence for id start with the genetic code,1,Support,B,1,0,,
1514,oopsie,that luskin accuses the ncse of rewriting history and law when both clearly established the evolution of creationists via cdesign proponentsists to design proponents,0,Attack,B,1,0,,
1844,actully uncomplext compunds bonded to geather to create chemicals and very very uncomplect cell fragments that then banded to geather with otherthings for survival and formed the first very simple cells that then became more complext,god was created by people who needed faith in something,1,Support,B,1,0,,
1952, they all kinds of evidence that evolution exists, evolution is just logic,1,Support,B,1,0,,
284,"I sense that Farage is a total megalomaniac, a charlatan, someone who is in it for the attention and the glory and that in a strange way, that many UKIP voters know this but don't seem to mind.","The UK Independent Party says it is the only party which will pull the UK out of the European Union and, with Nigel Farage at the helm, will put us back on track.",0,Attack,B,1,0,,
763,"In UKIP, we have a new political force which looks likely to poll very well in a national election on thursday.","UKIP candidate Diane James came second with 11,571 votes, her 28% the party's best-ever showing in a Westminster election.",1,Support,B,0,1,,
186,UKIP and the Greens are the only parties to date that haven't screwed us all over.,"Some recent polls have placed UKIP, which wants the UK to leave the EU, in third place ahead of the Liberal Democrats.",1,Support,B,0,1,,
2497,I support the truth and reconciliation commission,International and intergovernmental bodies are better able to secure justice for the victims of war crimes,0,Attack,B,0,1,,
2638,this film is easily one of the best movies ive ever seen yes it is pretty easy to guess the ending but it still wasnt ruined by that fact it is a work of art it is rewatchable,completely agree with the original post just watched it for a second time after i saw it years ago and i am completely blown away,1,Support,B,0,1,,
2647,i really liked this movie a lot loved the performances of all the actors and even the story but was not quite convinced with the ending,i liked the ending as well sort of like the ending of the graduate no point in adding a coda it is best left with loose ends,0,Attack,B,0,1,,
761,It is because of UKIP that we are finally discussing the European question and about immigration and thank goodness for that.,Sir Menzies Campbell suggested the government was worried about a political backlash amid public concerns about immigration levels in general.,1,Support,B,1,0,,
1605,you cant prove anything using that same thing you have to use evidences outside of that,there is no proof that there even exists a god to begin with so in that case you cant really use that either,0,Attack,B,0,1,,
1355,he was a judge,as explained on that page some of the scientific journals and other prestigious academic sources that have published peerreviewed scientific publications by id proponents supporting core id arguments includeand then the discovery institute continues to claim some journals without providing much of any reference to the actual papers,0,Attack,B,0,1,,
2419,We should grant politicians immunity from prosecution,Politicians who commit crimes are likely unfit to serve,0,Attack,B,1,0,,
679,"I don't necessarily think Nigel Farage is worthy of PM, I think they need a new leader.","In 2006, the lower-key Knapman retired, to be replaced by Nigel Farage, an eye-catching media performer who pledged to make UKIP a truly representative party, ending its image as a single-issue pressure group.",0,Attack,B,0,1,,
784,People are not voting for UKIP because of immigration propaganda but because of their direct experience of immigration.,"Meanwhile, the Bulgarian President Rosen Plevneliev has warned that Britain's immigration policy could harm its image as a great global power that pioneered integration.",0,Attack,B,0,1,,
2463,We should promote democratisation,Democracies are more peaceful countries both domestically and internationally and so it is in our interests to promote it worldwide,1,Support,B,0,1,,
291,A strong UKIP vote suggests there's a lot of the British public who aren't on board with the current set-up.,"UKIP has reached unprecedented heights in the opinion polls under Mr Farage, coming second in the European elections in 2009 and winning hundreds of seats in May's local elections.",1,Support,B,0,1,,
2006, i see the creation story as one perspective from one group of people, i interpret the creation story as a metaphor with science as how god made humans,1,Support,B,0,1,,
1139,science was able to intelligently design flagellar function,science did not design the functionality scientists observed the functionality and developed theories on how it function  how that function came about,0,Attack,B,1,0,,
1441,its not about believing in id many people have come to accept by faith the existence of a god but rather that scientists do not believe that id has much of anything to offer scientifically speaking,creationism has more solid evidence than   evolution   does,0,Attack,B,1,0,,
431,UKIP are a joke outfit full of small-minded Neanderthals who think the 1950s are the future.,It comes two weeks after she accused the UKIP leader of bullying and being anti-women and a Stalinist and threatened to leave the party.,1,Support,B,0,1,,
2177,did a famous gangster not once escape from jail using a gun he carved from soap maybe oz should ban bars of soap,yea that was uncle john,1,Support,B,0,1,,
538,UKIP's sole aim at the general election is to get a smallish number of MPs elected but enough to hold the balance of power and do a deal with the Tories.,One Conservative MP has suggested his party consider a pact with UKIP at the next election.,1,Support,B,0,1,,
2087,how can it get anymore embarrassing for science that they got the premise wrong for all these years,do you actually have any idea how science works why are you not embarrassed for creationism,0,Attack,B,1,0,,
739,UKIP is a vessel through which a protest is being delivered. ,"It is a disappointing result for the Conservative Party, but it is clear that, in mid-term by-elections, people want to register a protest.",1,Support,B,0,1,,
2440,We should fear the power of government over the internet,Regulating the Internet is a means for governments to spy on their citizens,1,Support,B,0,1,,
719,UKIP is the only party that has understood the damage immigration does to the UK and its policies aim at repairing this.,The Bulgarian President Rosen Plevneliev has warned that Britain's immigration policy could harm its image as a great global power that pioneered integration.,0,Attack,B,1,0,,
2284,nothing is more important than my research time and i just think this is a distraction,no my research time is more important than your research time,0,Attack,B,1,0,,
840,"I don't think most people realise the benefits of free trade at all, and UKIP capitalise on peoples ignorance of the benefits of free trade as much as they can.","They say it would lead to legislative gridlock, a failure of the single market and an end to free trade as national parliaments adopted protectionist policies across the union.",1,Support,B,0,1,,
1583,the point of the debate is to set up a straw man that the world was created in six days that antichristians can knock down,then why does this argument always seem to come from the creationists  aig was not founded and is not funded by the scientific community,1,Support,B,1,0,,
1361,nothing wrong with quoting from a well argued submission by the aclu,bowman arguesthe board members werent even aware of the wedge document a dated ten years internal document of di and neither relevant to dover v kitzmiller nor to the id hypothesis,0,Attack,B,1,0,,
60,"I and many others will be voting UKIP not because of a handful of people that have said stupid things, it will be because I identify and agree with their overarching principles.","I think that it's a misjudgement frankly to equate the leadership of a party which is part of government with a protest group, particularly a protest group which frankly is more about immigration than it is about Europe.",0,Attack,B,1,0,,
1721,the young earth creationist dogma demands that the obvious features of the earths geology can not exist,the young earth creationist dogma demands that the obvious features of the earths geology can not exist,0,Attack,B,0,1,,
1509,oneinbillion observes that luskins claim id makes reliable inferences,stop eating at creationists heads and settle down a tad,0,Attack,B,1,0,,
383,Many racists and especially xenophobes find the UKIP message appealing.,It is thought to have been one of the factors behind a mass defection of grassroots members to the UK Independence Party (UKIP) in some parts of the country.,1,Support,B,0,1,,
1562,carbon  is not the only method of dating used to determine the age of the universe,to the  currently   voting   yes that raises six immediate questions i assume this means the sun was created first how many days did that take to even have a day how long did creating the rest of the universe take or if it took six whole days to create the earth would the creator have had time to create all the rest i mean some of these galaxies are awfully huge and with a lot of intricatekly moving interstellar dust and radiation that had to be started off precesly right to fool modern astronomers why did the creator go to all this trouble to conceal the evidence behind a massive coverup of radiological datings cosmic radiation and well essentially the entire findings of geology and astronomy as supported by chemistry and physics why create all the kinds of   animals   during these days and then conceal this astounding fact behind what to evolutionary biologists and paleontologists seem an amazingly consistent set of interlocking facts from genetics behaviour morphology biogeography extinctions speciations fossils records epidemiology and immunology that fits with life evolving according to rather well understood processes why were so much of this omitted from the bible i mean a few hints about geology to predict earthquakes or the germ theory of disease would have been rather handy to thwart the devils work and a description of relativity would have been impressive,1,Support,B,1,0,,
1949, i believe its right, if we werent continually evolving most of us  wouldnt be offended by the way the rest are degenerating,1,Support,B,0,1,,
151,UKIP and the Greens are the only parties to date that haven't screwed us all over.,A poll showed that only 26% said the PM was in touch with the lives of ordinary voters.,1,Support,B,0,1,,
1970, i am a christian and i do believe in evolution because there are quite an amount of amazing proofs for it, well to begin with there is a lot of strong evidence to support evolution the discovery of dna the discovery of fossils and primitive primates etc,1,Support,B,0,1,,
702,"I think Farage makes a much better leader than any of the other parties, he's full of enthusiasm and is not a PR man like the current leaders of the 3 main parties.","Oh and if the last few minutes of reading this article has felt like the Nigel Farage Show, he still dominates this political party.",1,Support,B,0,1,,
1647,tell me have you ever read the origin of the species i have and i find it to be a pretty far stretch,many people claim that certain writings are the word of god,1,Support,B,1,0,,
2539,We should allow voting at 16 in European Parliament elections,This would complicate elections,0,Attack,B,1,0,,
576,"UKIP are a fairly right wing group as I'm sure will become clear when they actually produce some policies other than the ""its all the eu's"" fault.",UKIP leader Nigel Farage said any members proven to have extreme right wing views would be expelled.,0,Attack,B,1,0,,
235,"It's true that UKIP dont have ideas to suit everyone, but at the moment they are heads above the pillocks at No 10 today.",UKIP's Nigel Farage said the PM was a problem for Tories and some Tory MPs said there were lessons for the party.,1,Support,B,0,1,,
1377,they simply want to show that there is good scientific evidence for considering the role of intelligence in the emergence of life,unfortunately for them they have failed,0,Attack,B,1,0,,
2322,usually the best city in every country is the capital so i would go for madrid ,i would love to go there as well,1,Support,B,0,1,,
1087,id has legal and educational merit because it is a bona fide scientific theory ,none of these promises have much relevance to id as a concept nor have few if any come to fruition,1,Support,B,1,0,,
2186,so what congress can pass any law it wants does not mean it will stand up in court,yes because congresses powers are actually pretty limited i think it will be interesting to see how the two upcoming supreme court cases one has already been accepted the other is pretty much a shoe in regarding the commerce clause will be handled since the majority of the laws that congress passes are tied to it,1,Support,B,0,1,,
2225,the only difference is that the gene for making short hair has been eradicated from the population by natural selection that is it,right the frenquecy of the alles ,1,Support,B,0,1,,
1051,id simply predicted that the appendix would have a function,if it cannot make predictions then it is not a viable theory,0,Attack,B,1,0,,
838,The people and media that are criticising UKIP are highlighting the genuine concerns about UKIP and their policies towards immigrants.,"UKIP, which has called for withdrawal from the European Union and greater restrictions on immigration, has seen improved poll ratings this year.",0,Attack,B,1,0,,
29,Intellectually I rate Farage much higher than Cameron; he has a very sharp and quick wit and is an excellent public speaker.,"Natalie Bennett gave him a name check in her speech, dismissing Mr Farage as just waving a pint and a cigarette and grinning.",0,Attack,B,1,0,,
743,UKIP are in no way a single issue party and if Labour or the Conservatives were to give us a referendum UKIP would still have a full manifesto that would attract many voters.,"The charge put by its deputy leader David Campbell Bannerman when he defected to the Conservatives in the wake of the May elections was that UKIP remained, at heart, a single issue pressure group.",0,Attack,B,1,0,,
844,UKIP are a joke outfit full of small-minded Neanderthals who think the 1950s are the future.,"UKIP are certainly trying to professionalise, to move away from its more amateurish origins, but they seem to fail to do so.",1,Support,B,1,0,,
1760,i wish i could express my support for your comment more fully,not only do i think the young earth creationists are wrong in their opinions i think their teachings should be regarded as blasphemous to god himself,1,Support,B,0,1,,
1640,there is much scientific evidence to proof it its just that you wouldnt believe it anyway,i do not believe in science,0,Attack,B,1,0,,
1055,so what using   intelligent design    is the purpose of the appendixid simply predicted that the appendix would have a function,do you know that there is a god youre  on this,0,Attack,B,1,0,,
2139,i think the bible is a great book its teachings are great but so are just about every other religion,oh really so blowing yourself and a bunch of other innocent people up in the name of allah is a great teaching,0,Attack,B,1,0,,
2027, i didnt see it so it cant be true, i have repeatedly asked for proof on this site and have yet to be supplied with any real proof,1,Support,B,1,0,,
628,If anyone seriously thinks that UKIP will offer some kind of answer to our current problems then I think that they are going to be sadly disappointed.,Mr Farage has successfully broadened UKIP's appeal away from Europe.,0,Attack,B,1,0,,
969,if youre tired of debating pandas fine,if intelligent design is a valid scientific concept why is it that we have examples of idiotic design in so many organism including vertbrates all their eyes are wired backwards making their retinas vulnerable to damage,0,Attack,B,1,0,,
1692,one thing for sure time was and continues to be passing differently in different parts of the universe,but what have ancient scriptures ultimately proven,1,Support,B,1,0,,
2070,no its not that is a strawman i have never stated anything of the sort,strawman argument obviously you never said it your inferior intellect cannot articulate what you really mean it requires articulation by a superior being such as i ,0,Attack,B,1,0,,
347,I'm no fan of UKIP but well done to them for initiating a much needed shake up of British politics.,Labour are not going to win - they have said so themselves - and UKIP are running a very colourful campaign but they are not going to win.,1,Support,B,0,1,,
1518,just because id claims that it is scientifically relevant and in fact can lead to affect research directions does not mean that their claims are accurate and truthful especially given the simple fact that in the last  years id has failed to show much of any example that supports their claims,it is entirely misleading to imply that academic freedom is gives license to present nonscience like idthese academic freedom bills which typically work in conjunction with the science standards are written to strictly prohibit the teaching of religion creationism creation science creation facts and id,1,Support,B,0,1,,
352,"I voted Tory for 30 years and started supporting UKIP because I want a sovereign, democratic , well governed Britain with Britain put first and its getting clearer by the day that the old Liblabcon parties will not do that.",He added that he was very fortunate to have been backed by UKIP at the 2010 general election.,1,Support,B,0,1,,
1529,after all he is just trying to compete with your legacy nick,your friend pvm gave out in this discussion  httpwww,0,Attack,B,1,0,,
378,UKIP are not a single issue party anymore; UK Sovereignty is the crux of their party political platform but they've certainly expanded from that singular issue in recent years.,And on a broader platform UKIP claims to be winning support among younger voters and students.,1,Support,B,0,1,,
1214,islandpvm sayslets see what we can track down via wikipedia which is always a good start for any researchnot where this subject is concerned,whats there left to do,1,Support,B,0,1,,
2443,We should fear the power of government over the internet,Internet regulation is necessary to ensure a safe internet,0,Attack,B,1,0,,
892,creationism makes a false historicalscientific claim that is detached from the broader precepts of belief in god,the bible is simply wrong if a literal interpretation is taken on this question the bible just is wrong and if you insist on holding a literalistic approach to scripture then the implications you claim do indeed follow,1,Support,B,0,1,,
2555,Transparency is necessary for security,Transparency prevents public relations disasters,1,Support,B,0,1,,
796,"In UKIP, we have a new political force which looks likely to poll very well in a national election on thursday.",Mr Farage says he will give up as leader if UKIP doesn't win seats at Westminster at next year's general election.,1,Support,B,1,0,,
410,"I and many others will be voting UKIP not because of a handful of people that have said stupid things, it will be because I identify and agree with their overarching principles.","Asked if this meant he was calling UKIP racist, he replied of course it is racist, of course, who doubts that?",0,Attack,B,1,0,,
2195,unfortunately it is funny because its true,oh boy you said it,1,Support,B,0,1,,
2113,well at least your name is right on,your ignorance is showing concerning both history and anthropology,0,Attack,B,1,0,,
283,"In fact, all UKIP seems to talk about now is withdrawl from the EU without any genuine policy around UK's domestic economy.",There's more to UKIP than our policy of wanting to withdraw from the European Union and we will show that.,0,Attack,B,1,0,,
2627,as far as acting and cinematography go this film was great but the content and plot were horrible,yes this movie was pretty bad,1,Support,B,0,1,,
1520,islandno as i said they are typically by law strictly prohibitive of id creationism which is a huge difference that you dont want to willingly acknowledge,the national center for science education has a good reason to be concerned about intelligent design,1,Support,B,1,0,,
2106,although much younger than the dinosaur bones we had been collecting these fossils were still thousands of years old dating back to a time when the sahara was much wetter than today,really if this is another one of your fresh organic sample age of decades of time capsule because they were both on top of the ground you are officially delusional,0,Attack,B,1,0,,
1317,in science testing a hypothesis or theory means deriving predictions from them,you are using the common tactic of forcing someone to disprove a negative,0,Attack,B,1,0,,
2034, sorry but this is not an opinion, darwin observed species and wrote it down  evidence,1,Support,B,0,1,,
69,If UKIP is really the best our country can do for an alternative then we are all doomed.,"Europe had in the last few years become a huge issue due to the euro crisis and the bailouts, said Mr Helmer, and UKIP is making people aware of this.",0,Attack,B,0,1,,
584,"The problem with popularism but no substance, like UKIP represent, is that it just results in things getting worse and worse.","The responsibility of politicians in this situation when people are getting anxious is to try to reassure them and give the facts, not panic and resort to populist measures that do harm.",1,Support,B,1,0,,
79,"I don't necessarily think Nigel Farage is worthy of PM, I think they need a new leader.","The party's leader, Nigel Farage, has hailed early gains in council elections across England as remarkable for the party; UKIP has won 42 seats so far and is averaging 26% of the vote in the wards where it is standing.",0,Attack,B,0,1,,
2,"The greens and ukip provide encouragement for labour and conservatives alike to address some issues people care about, albeit only lip service to retain votes mainly.","Mr Miliband has not ruled out a referendum, which may be counter as a UKIP success.",1,Support,B,0,1,,
2071,heller represents a triumph for conservati have lawyers but it also represents a failure the courts failure to adhere to a conservati have judicial methodology in reaching its decision,when we brought the heller case before the supreme court we wanted them to determine whether or not dcs handgun laws which were not voted on but rather just passed without debate were constitutional or not that is the job of the supreme court to determine if a law is unconstitutional or if it may be allowed to remain as law,0,Attack,B,1,0,,
1764,first even as a biblebelieving creationist i want to say thanks for bring attention to genesis ,the study of science is intriguing but it shouldnt get in the way of ruling out the creator,0,Attack,B,1,0,,
1180,fine,your intelligent cause is completely undefined,0,Attack,B,1,0,,
1612,which do you believe they are after all both based on books written by men,i actively attend the origins conferences hosted by a variety of different organizations including christian universities reasons to believe and most recently the skeptic society,1,Support,B,0,1,,
1656,the notion that science assumes that theirsic is no creator and then prove it is plainly ridiculous,it is consistent but,1,Support,B,1,0,,
519,"The sooner we are out of the EU, the sooner we can start making this country great again.",The committee said the EU had helped to transform Europe from a continent of war to a continent of peace.,0,Attack,B,1,0,,
502,"The problem with popularism but no substance, like UKIP represent, is that it just results in things getting worse and worse.","UKIP appears to have struck a chord with many voters on the issue of immigration, campaigning against the relaxation of working restrictions on Bulgarians and Romanians due to come into force in January.",0,Attack,B,0,1,,
303,The current smear strategy against UKIP is not pulling people back but pushing them towards UKIP and if this carries on then things are going to be a lot tighter by the time the general election comes.,"There needs to be a clearer narrative on immigration, stressing not only the need to restrict numbers, but also to determine which individuals, with what skills, enter our country, as UKIP proposes.",1,Support,B,0,1,,
581,UKIP's proposals on membership in the EU and migrants are at best purely demagogic: they do not take into account facts and more general issues.,UKIP says it is campaigning on a pro democracy message - aiming to rejuvenate local politics.,0,Attack,B,1,0,,
97,For what its worth I think UKIP is a one trick pony and is unelectable in a general election.,"Meanwhile, the Bulgarian President Rosen Plevneliev has warned that Britain's immigration policy could harm its image as a great global power that pioneered integration.",1,Support,B,0,1,,
374,"It's true that UKIP dont have ideas to suit everyone, but at the moment they are heads above the pillocks at No 10 today.",And there are signs UKIP is starting to pick up the sort of protest votes that traditionally go to the Liberal Democrats - as well as benefiting from a slump in support for the British National Party.,1,Support,B,0,1,,
1801,well personally my second cousin by marriage on my mothers side descends from the archea branch but my bosses boss is an arachnid,fact shmakt,1,Support,B,0,1,,
1768,genesis  and  say and there was evening and there was morning a sixth day,i can see how it would be interpreted as a contradiction,0,Attack,B,1,0,,
1282,the reason we dont teach literature in home economics is because those two subject have seemingly absolutely nothing to do with one another,well since they do not it is a true statement,0,Attack,B,0,1,,
149,Ukip are doing well for the very simple reason folk have at last realized that they are being lied to by LibLabCon and now have somewhere else to go.,"The Conservative Party is bringing in people who want to work in the national interest to sort out Britain's problems, he said.",0,Attack,B,1,0,,
2199,when evidence is interpreted it is interpreted by flawed and failed humans with biases just like everyone elses,right that certainly explains the many many versions of christianity,1,Support,B,0,1,,
518,"In UKIP, we have a new political force which looks likely to poll very well in a national election on thursday.","UKIP recorded their best ever Westminster election performance and brought humiliation to the Conservative candidate, in the process triggering a debate within the party about how to deal with their rivals.",1,Support,B,0,1,,
751,A strong UKIP vote suggests there's a lot of the British public who aren't on board with the current set-up.,"He also warned that if a proposed referendum led to the UK leaving the EU, there would be dire consequences for the country's global influence.",0,Attack,B,0,1,,
164,A forensic examination of UKIP's policies would nail once and for all the Establishment lie that they're a bunch of swivel-eyed racists.,"When initially questioned over his comments, Mr Bloom told BBC News it would be absurd and ridiculous to label UKIP racist.",1,Support,B,0,1,,
2265,not so sure about that after reading about the kidney and brain incident at kfc i do not think i will be going back there anytime soon,but they are delicious,0,Attack,B,1,0,,
2510,I believe that opinion polls harm the democratic process,Opinion polls can lead to tactical voting which may have unintended outcomes,1,Support,B,0,1,,
305,Ukip are doing well for the very simple reason folk have at last realized that they are being lied to by LibLabCon and now have somewhere else to go.,"UKIP backed my candidacy and that was great, Mr Hollobone said.",1,Support,B,0,1,,
2205,five maybe ten sentences lean a direction and you invalidate the whole article good luck finding a news article that is completly objective and balanced,nice succinct summary on the state of affair with liberal journalism today,1,Support,B,0,1,,
1747,the bible is in fact useless,at the risk of sounding like my mother i dont know what happened to you that caused you to hate christianity so but it is evident that you absolutely hate it,1,Support,B,1,0,,
895,openmindedness toward creationism is important,attempts to conceal the creationismevolution controversy from students are dogmatic promotions of evolution,1,Support,B,0,1,,
2116,then a man who needs an artifical heart to survive is a new species of man that is the analogy i gave and you ignored,and well he should have ignored it your analogy is nonsense,0,Attack,B,1,0,,
585,"The sooner we are out of the EU, the sooner we can start making this country great again.","Britain would prosper outside the EU, he argued, and talk of its losing trade was not credible.",1,Support,B,0,1,,
2445,We should fear the power of government over the internet,Internet regulation is necessary to ensure a working economy on the internet,0,Attack,B,1,0,,
204,If anyone seriously thinks that UKIP will offer some kind of answer to our current problems then I think that they are going to be sadly disappointed.,They might be voting for UKIP because they want to have a referendum on Europe.,0,Attack,B,1,0,,
676,"I don't necessarily think Nigel Farage is worthy of PM, I think they need a new leader.","They will each have plenty of opportunities to publicly debate the party's performance, and to make the case against the return of Nigel Farage.",1,Support,B,0,1,,
1574,this is open your interpretation of the bible,and what of those who having studied the bible and the physical world determine that the bible has no basis in fact,0,Attack,B,1,0,,
2596,i read the book which is subtle philosophical and nuanced at the beginning of the year and last night i watched the dvd of this film what utter rubbish the film is a boring sweary standard thriller,this film is a masterpiece it pains me that you consider it a mere simplistic thriller maybe you should watch it again a good five years from now,0,Attack,B,1,0,,
1439,you continue to quote dishonest sources,the ncses response to id is that about  scientist dont believe in id and you shouldnt either,0,Attack,B,0,1,,
2376,as a mediator with as little violence as possible,they should also not veto every single attempt at an un resolution,1,Support,B,0,1,,
301,It is because of UKIP that we are finally discussing the European question and about immigration and thank goodness for that.,"Isolating Britain and damaging Britain's reputation is not the right history to write, he said.",0,Attack,B,1,0,,
144,"I sense that Farage is a total megalomaniac, a charlatan, someone who is in it for the attention and the glory and that in a strange way, that many UKIP voters know this but don't seem to mind.","Mr Farage, who failed in his attempt to become an MP in May, said he was the best man to lead UKIP from the front.",0,Attack,B,1,0,,
1078,should we just reject the bigbang as being unscientific since it would require a supernatural cause according to the nd premise you list is the best you can really come up with is who designed the designer,why would consideration of the designer necessarily introduce religious discussions about theological questions clearly it is because his concept of the designer is a supernatural onewhich was exactly what i was arguing,1,Support,B,1,0,,
183,A strong UKIP vote suggests there's a lot of the British public who aren't on board with the current set-up.,Nigel Farage and UKIP are the last best hope for Britain.,1,Support,B,0,1,,
1227,and one of the reasons why id appears to be lousy theology but what the heck  i am sure iders can find yet another ad hoc explanation for this,yes jim we see objects on a daily basis that were not designed,0,Attack,B,0,1,,
2254,how many goals can you score in an amount of time,that would be very simple unimaginative etc,0,Attack,B,1,0,,
2161,here in new hampshire not known as a bastion of liberalism civil unions passed the state legislature this year i am now covered under my partners state sponsored he is a state worker health insurance we are grateful,oh i hear you i am covered by my partners insurance here as well i would not have been able to get the insurance if we were not legally a union,1,Support,B,0,1,,
1487,the smoking guns are well established,jon buell the president of the foundation for thought and ethics testified in court enjoyby mr,0,Attack,B,0,1,,
14,"UKIP are a fairly right wing group as I'm sure will become clear when they actually produce some policies other than the ""its all the eu's"" fault.","UKIP are probably a flash in the pan and they are a protest vote for disaffected voters who think Tories aren't right wing enough, Green activist Andrew Murray tells me.",1,Support,B,1,0,,
1695,using logic to apply consistent artistry to the mass of creation we may assert the existence of the artist almighty god  if we exercise faith toward god by believing that he exists in the very manner that he says that he does then we may logically apply his consistent character including his artistic signature in creation to all things that god the artist creates,your argument breaks down if your audience rejects the notion that adam was created ex nihilo with the appearance of age,0,Attack,B,1,0,,
2287,but if we get this right we will waste less research time with dodgy students we wish we had rejected at interview,but interviews basically do not work very well,0,Attack,B,1,0,,
2354,london surely is a better city than vienna,i think it depends on the individual,1,Support,B,1,0,,
1352,schenfinally to claim that id has no secular purposes that are not shams is quite a claim to make,when the supreme court formulated valid secular purpose which is not a sham the court unlikely believed that any future unstated secular purpose would be sufficient for something to pass this requirement,1,Support,B,1,0,,
1990, this is pure ignorance, i really do not know where to start with this one at the time of writing this response apparently evolution is incorrect,1,Support,B,1,0,,
2558,Transparency is necessary for security,Provides information to competitors,0,Attack,B,1,0,,
1218,in my discussions with island i have come to the conclusion that i was mistaken in calling island an id supporter,the argument always had intuitive plausibility,1,Support,B,0,1,,
2025, i dont believe in evolution or anything contemporary beyond the dictionary definition of it, there is absolutely no proof for evolution,1,Support,B,0,1,,
205,The more the 'mainstream' parties smear and lie about UKIP the more their support rises.,UKIP has won over 130 seats so far and is averaging 25% of the vote in the wards where it is standing.,1,Support,B,0,1,,
726,It is because of UKIP that we are finally discussing the European question and about immigration and thank goodness for that.,"Over three million jobs in this country, directly or indirectly, depend on us being in the EU, so that is a big choice.",0,Attack,B,1,0,,
47,"Labour should be running scared of UKIP, now the working class are starting to realise that Labour is for middle class socialists and the public sector.",The safest way to protect Britain's interests is to vote Labour.,0,Attack,B,1,0,,
1170,intelligent design works off positive predictions about where experience tells us that   intelligent design   is the cause at work,meaningless nonsense of course,0,Attack,B,1,0,,
331,"If UKIP do hold the balance of power and get into government, their only condition will be an in/out EU referendum.","UKIP's call for an amicable divorce from the EU which had become mainstream, he said, and he urged Tory MPs frustrated with their policy to join his party.",1,Support,B,0,1,,
948,joegbtw pvm the scientific answer to ucd is we dont know,and as with all scientific inferences further research can either confirm or refute that inference,1,Support,B,0,1,,
1329,have you read the original emails based on which the conclusions were madeyou do understand the meaning of a congressional report by the majority party dont you,the congressional report comes from the similar sources that have denied the existence or problems of global warming as well,1,Support,B,0,1,,
266,The more the 'mainstream' parties smear and lie about UKIP the more their support rises.,"UKIP recorded their best ever Westminster election performance and brought humiliation to the Conservative candidate, in the process triggering a debate within the party about how to deal with their rivals.",1,Support,B,0,1,,
2094,in the latter case that is because more fornicators are shacking up rather than getting married which is why there is fewer divorces if a state allows gay marriages their spirituality is in the toilet,good the less moronic spirituality in each state the better lets move out of the dark ages as fast as we can,0,Attack,B,0,1,,
1680,human beings added names to the days of week they were originally and simply numbers,why should we just stop  why not keep trying to understand the universe  i could never imagine being satisfied with a god did it,0,Attack,B,1,0,,
1097,the biologic institutemy my what nonsense,so your argument is by pushing scientists to find more junk dna it is in fact useless to the organism vestigial limbs my tailbone does nothing and has no purpose and i could have it removed with no damage to my functioning and other disproofs of intelligent design id serves the purpose of annoying scientists into progresscouldnt you just advance the cause of science by doing experiments and recording data,1,Support,B,0,1,,
473,"UKIP do not bear scrutiny either as a coherent policy offer or a group of potential ministers , they are an insurgent party of protest with one message.","He said it was proof that UKIP is no longer just a protest party and is broadening its appeal across the country, not just the south of England.",0,Attack,B,1,0,,
2461,All nations have a right to nuclear weapons,Possessing nuclear weapons will be counter to the peaceful interests of states,0,Attack,B,1,0,,
2099,women have been denigrated and made fun of for centuries i have just gotten tired of it and righteously so,both men and women have been denigrated and made fun of for centuries men are just better at denigrating and making fun,0,Attack,B,0,1,,
523,"UKIP's position is not reasonable, but racists and proto-fascist, considering they have nothing to say about the finance capital bombing of the economy, but to put all the blame for Europe's woes onto immigration.","The charge put by its deputy leader David Campbell Bannerman when he defected to the Conservatives in the wake of the May elections was that UKIP remained, at heart, a single issue pressure group.",1,Support,B,1,0,,
1217,having been asked to contribute a discussion of the anthropic principle for a colloquium on cosmology i would start by recalling that although its original formulation  was motivated by a problem of cosmology diracs and although many of its most interesting subsequent applications such as the recent evaluation  of the dark energy density in the universe have also been concerned with large scale global effects the principle for which i introduced the term anthropic is not intrinsically cosmological but just as relevant on small local scales as at a global level,in my discussions with island i have come to the conclusion that i was mistaken in calling island an id supporter,1,Support,B,1,0,,
2020, nope just the opposite, its not falling apart its evolving as new data arrives,1,Support,B,0,1,,
1477,there is more than naturalism can engage,oibopen your mind and your brains will fall out,0,Attack,B,1,0,,
2400,We should ban religious symbols in public buildings,Banning religious symbols is just a way of unfairly targeting people,0,Attack,B,1,0,,
2641,this film is easily one of the best movies ive ever seen yes it is pretty easy to guess the ending but it still wasnt ruined by that fact it is a work of art it is rewatchable,i completely agree with the op i have just seen this movie and was really blown away by the beauty of it i think ill be rewatching it again real soon,1,Support,B,0,1,,
2565,its because you have a low attention span and can only handle films with hyperbolic actingaction and constant fireworksexplosions,seriously when people dont like slow films there are always people that say you are incompetent and only like big explosions and big special effects this film tried too hard to be something it wasnt,0,Attack,B,1,0,,
1899, none of the things that people put forward as evidence of a god are evidence for a specific religion, theres no rational reason to accept creationism its simply empty claims with no evidence it has no predictive powers it cannot explain what we see in nature and it introduces a level of complexity with no explanation requiring mindless faith,1,Support,B,0,1,,
161,"UKIP are just trying to stir up fear, using peoples fears and prejudice to gain votes so that they can get their snouts into the trough.","We can only stir it up because it is already there, red hot and seething against us.",0,Attack,B,1,0,,
2571,wolf creek was awful,yeah i will admit wolf creek is not for everyone but what really clinches it for me is john jarrett he was outstanding,0,Attack,B,0,1,,
800,"UKIP is a not a real party, with a clear global ideology and vision addressing all aspects of society: it is focusing on a handful of issues (all centered around membership in the EU and migrants), mostly ignoring global financial issues, health, education, security etc.",Mr Farage has successfully broadened UKIP's appeal away from Europe.,0,Attack,B,1,0,,
860,"In UKIP, we have a new political force which looks likely to poll very well in a national election on thursday.","UKIP had increased its vote by 50% in the general election and had many exciting plans for the future, he said, but it was time for a younger leader to show how liberating and enriching life would be outside the EU, saying he was confident one would emerge.",1,Support,B,0,1,,
1327,tjthe government report on the issue validates the charges against the smithsonian institute, lets see would these titles copied from the table of contents of the house of representatives report entitled intolerance and the politicization of science at the smithsonian back up you or me  ,0,Attack,B,1,0,,
1871,the bacteria mutated,i think you have some misconceptions about what evolution actually is,0,Attack,B,1,0,,
974,ask yourself this if the universe is expanding what happens when that expansion ceases my answer is that it cant be random,pvm those are merely my opinions,0,Attack,B,1,0,,
1691,the scripture is silent as to which locale in the spacetime continuum the author of the account was measuring time from on the first day of creation,one thing for sure time was and continues to be passing differently in different parts of the universe,1,Support,B,1,0,,
750,UKIP are the only party willing to have a sensible open debate on the key issues affecting the country. ,"UKIP appears to have struck a chord with many voters on the issue of immigration, campaigning against the relaxation of working restrictions on Bulgarians and Romanians due to come into force in January.",1,Support,B,0,1,,
1398,poblic schools are not to promote   religion  ,why dont we   add   those inand believe me those commandments werent invented at that time,0,Attack,B,1,0,,
265,Many racists and especially xenophobes find the UKIP message appealing.,A UKIP spokesman said these kinds of people did not dictate its policy.,0,Attack,B,1,0,,
104,Intellectually I rate Farage much higher than Cameron; he has a very sharp and quick wit and is an excellent public speaker.,"Farage recovered from his injuries and returned to head the party later in the year, in the latest instalment of the colourful story of UKIP's leadership.",1,Support,B,0,1,,
804,"If UKIP want to retain these voters and attract more in a general election then they need to come up with policies other than ""leave the EU"" and ""its all the immigrants fault"".",UKIP says it is campaigning on a pro democracy message - aiming to rejuvenate local politics.,0,Attack,B,1,0,,
967, pvm why would materialists impose the supernatural this just does not make sense,jumpstarti reckon well have to take your word on your christianity,0,Attack,B,1,0,,
2060,the main creationist lie is that people use evolution in our current society as an excuse to do bad things,the comment of someone with an iq of about ,0,Attack,B,1,0,,
1729,an appeal to one narrow religious text isnt very persuasive,i do believe the world was created in  days,0,Attack,B,1,0,,
2196,i seriously doubt he used the word living,so true that was my mistake as i was envisioning lucy as she was when she existe,1,Support,B,0,1,,
1861,aristotle socrates and plato,that if you look into all beliefs and theories you will find a flawthis is very true for almost all theories,1,Support,B,1,0,,
829,I think it's far too simplistic to argue all UKIP supporters are racist - there is a real groundswell against the political establishment which over the past 20 years or so has started to converge in terms of image and policies.,"UKIP appears to have struck a chord with many voters on the issue of immigration, campaigning against the relaxation of working restrictions on Bulgarians and Romanians due to come into force in January.",1,Support,B,0,1,,
1192,theology it says in his profile,theology it says in his profile,0,Attack,B,0,1,,
477,If there are enough Ukip votes it should frighten all the parties sufficiently to make them realise they can't just ignore the electorate.,He told the meeting the policy had been dreamed up by the Conservatives because they were scared of UKIP.,1,Support,B,0,1,,
2272,why not london has it all culture fun exhibitions parks what more do you want,better weather,0,Attack,B,1,0,,
542,"Europe is no longer fit for purpose and we'd do better to be out than in, plus save a whole load of cash.","Over three million jobs in this country, directly or indirectly, depend on us being in the EU, so that is a big choice.",0,Attack,B,1,0,,
1156,i think behe has made the case for obviousdesign within the cell and i dont think you will findanyone who could put it any more clear,ok whatever dude,0,Attack,B,1,0,,
810,"UKIP are a two trick pony, Europe and immigration that's it.","UKIP are certainly trying to professionalise, to move away from its more amateurish origins.",0,Attack,B,1,0,,
1785,the theory behind evolution is not that an organism evolves during its lifetime but that the species evolves over thousands if not millions of years or generations,hey razza for i wanna say thanks for standing up for what u believe in most people want hard evidence that will prove gods existence when really we ourselves are evidence that god exists,0,Attack,B,1,0,,
1720,just curious but what does the types of rock have to with ex nihilo,the young earth creationist dogma demands that the obvious features of the earths geology can not exist,0,Attack,B,0,1,,
1490,you still have yet to provide any passages within pandas which state that god is directly implicated saying that the fte is religious therefore so is pandas,why should god be directly implicated when it looks like a duck smells like a duck walks like a duck,0,Attack,B,0,1,,
442,UKIP's proposals on membership in the EU and migrants are at best purely demagogic: they do not take into account facts and more general issues.,UKIP says it is campaigning on a pro democracy message - aiming to rejuvenate local politics.,0,Attack,B,1,0,,
1122,hilarious,but what about your opinion on idid is ridiculously and obviously not   science  ,0,Attack,B,1,0,,
189,People are not voting for UKIP because of immigration propaganda but because of their direct experience of immigration.,"Isolating Britain and damaging Britain's reputation is not the right history to write, he said.",0,Attack,B,1,0,,
24,I suspect when people do start to focus and the election is close UKIPs incoherent policies will be exposed.,"Mr Farage criticised the decision to delay the vote by five years, he claimed the prime minister's promise showed we have changed the political agenda in this country calling it our proudest achievement to date.",0,Attack,B,1,0,,
1119,it seems that so far id has focused on malaria and on the bacterial flagellum which shares homology with the type three secretory system used by bacteria responsible for the bubonic plague,every time i hear a single word mentioned about the ttss and that it somehow gives flagellar   evolution   some credibility i lose a few months off my life span,0,Attack,B,1,0,,
1365,judge jonesalthough we have found that defendants conduct conveys a strong message of endorsement of the board members par ticular religious view pursuant to the endorsement test the better practice in this circuit is for this court to also evaluate the challenged conduct separately under the lemon test,from the above linked paper by peter irons i quote the followingpeter ironsin an undoubtedly unintentional slip which they may well regret the di authors have effectively given away the store with their concession that under the lemon test all that was necessary for judge jones to determine that an establishment clause violation had occurred was to find that the dover school board members had predominantly religious motivations for enacting their id policy,1,Support,B,0,1,,
1851,intelligent design doesnt refute evolution,evolution may not have been perfect when it was first thought up but it was still pretty damn good,1,Support,B,0,1,,
782,UKIP doesn't need to win power to force the changes people want.,I can categorically rule out any form of electoral pact with UKIP or anyone else.,0,Attack,B,1,0,,
579,"ukip's policies on health, education, taxation and all the things that affect peoples lives are non-existent.","With UKIP keen to be seen as more than a party which just campaigns on leaving the EU, the conference will also discuss defence, education and housing.",0,Attack,B,1,0,,
608,UKIP is not at all taking into account the financial effects of leaving the EU: Europe is the main market for the UK. ,"UKIP appears to have struck a chord with many voters on the issue of immigration, campaigning against the relaxation of working restrictions on Bulgarians and Romanians due to come into force in January.",0,Attack,B,1,0,,
355,Support for UKIP simply indicates that people have noticed that the major parties do not represent their interests.,"Thatcher was wrong then and Cameron is wrong now, neither have ever represented their populace.",1,Support,B,0,1,,
1334,tjok you are right on this point as well,well isnt that what the whole debate here is about,0,Attack,B,0,1,,
612,"UKIP must get used to the idea of being widely criticised for their bullshit just as other parties always have and I find them racist, sexist, homophobic, embarrassing, unpleasant, fake, ill-prepared, trivial, incompetent, barely organised and dull.","The responsibility of politicians in this situation when people are getting anxious is to try to reassure them and give the facts, not panic and resort to populist measures that do harm.",1,Support,B,1,0,,
169,It is because of UKIP that we are finally discussing the European question and about immigration and thank goodness for that.,The committee said the EU had helped to transform Europe from a continent of war to a continent of peace.,0,Attack,B,1,0,,
276,A forensic examination of UKIP's policies would nail once and for all the Establishment lie that they're a bunch of swivel-eyed racists.,UKIP's fortunes have improved and it recorded its best performance in a parliamentary by-election in Rotherham in December.,1,Support,B,0,1,,
2663,after all the attention and awards etc and an imdb rating of  i was so shocked to finally see this film and have it be so bad,i liked it but i did find it quite underwhelming,1,Support,B,0,1,,
1783,i find it immensely amusing when christians require proof before theyll believe in something,i agree totally with what you said cerin,0,Attack,B,0,1,,
1812,that is where you are wrong,the processes of evolution have been observed,0,Attack,B,1,0,,
766,UKIP doesn't need to win power to force the changes people want.,"We're not going to do a pact with UKIP anymore than I'm going to do a pact with the Lib Dems and go into the next election with them, said Mr Shapps.",0,Attack,B,1,0,,
2643,i cant believe that a great film like this can receive such a low rating while the likes of shawshank redemption and batman sit comfortably in the top  list of the entire website,those movies that you mentioned are actually entertaining unlike this pseudointellectual crapfest,0,Attack,B,0,1,,
1790,i could argue the many reasons i dont believe in creationism but i would never be able to end my list,science involves observations theory design testing and predictable outcomes,0,Attack,B,0,1,,
1744,it is only the closest science can come to explaining the origin of human existence and how things developed over timeyes,so would you say that the those in the bible lied about jesus doing miracles and god showing himself through signs or etc,1,Support,B,0,1,,
1593,i had always been taught it was the plants,  httpeesc,1,Support,B,0,1,,
1938, if your with god then there is no debate, yes i believe evolution is wrong,1,Support,B,1,0,,
141,"As far as immigration is concerned all Ukip want is a level playing field for non EU migrants and to control the numbers so, if anything, Ukip are too soft on immigration.",Eurosceptic UKIP's success in the local elections has renewed pressure on David Cameron to hold an in-out referendum.,1,Support,B,0,1,,
2016, yes if what you are saying is true then im for it, no it is not falling apart,0,Attack,B,1,0,,
1468,but its more than we dont understand thus designed,but its more than we dont understand thus designed,0,Attack,B,0,1,,
1997, nothing in biology makes sense except in light of evolution, i definitely agree with evolution,1,Support,B,0,1,,
2471,We should create a United Nations standing army,A United Nations Standing Army would solve the problem of American military hegemony,1,Support,B,0,1,,
2441,We should fear the power of government over the internet,Internet regulation is a euphemism for censorship,1,Support,B,0,1,,
1358,lets just cut to the chase id does not perform any empirical and statistical verifications at best they could perform statistical falsifications of a particular scientific hypothesis but even the simplest hypotheses are not easily captured in statistics and thus id has found that most examples of supposedly designed systems cannot really be tested using id methodology,pvmfirst of all the judge observed that the school board was strongly motivated by religious beliefs and the fact that they believed that id presented a scientific hypothesis and thus a valid secular purpose was their downfall ,0,Attack,B,0,1,,
1216,you mean ones like wmap shows that we are at the center of the universe or the quote of carterwell i realize that one does remain the goldilocks enigma is a falsifiable observation that makes testable predictionsas i already explained though observations are seldomly falsified as they are based on observed data,having been asked to contribute a discussion of the anthropic principle for a colloquium on cosmology i would start by recalling that although its original formulation  was motivated by a problem of cosmology diracs and although many of its most interesting subsequent applications such as the recent evaluation  of the dark energy density in the universe have also been concerned with large scale global effects the principle for which i introduced the term anthropic is not intrinsically cosmological but just as relevant on small local scales as at a global level,1,Support,B,1,0,,
453,"Ukip is the only party advocating withdrawal from the failing EU, a sensible idea for a lot of people!","UKIP's local election manifesto, concentrates on its flagship policy of ending open door immigration and putting pressure on the government not to lift restrictions on workers from Bulgaria and Romania on 1 January, which proved a successful formula in Eastleigh.",1,Support,B,0,1,,
1380,why should i waste more than  seconds attempting to communicate with an ignoramusim asking myself the same thing,of course the disco tute is the discovery of nonsense,0,Attack,B,0,1,,
524,"UKIP is neither left or right wing, it is anti establishment, but it does take some elements from both sides of the spectrum",But Mr Cameron dismissed UKIP's showing as a protest by voters and promised to stay true to his principles.,0,Attack,B,1,0,,
1240,for years now the intelligent design proponents and the discovery institute have been working the catholic angle getting some of its cardinals into trouble,if the catholic church says it it has just gotta be true,0,Attack,B,0,1,,
2212,sadly policy needs no law for justification the va is a law unto themselves as anyone who has delt with them finds out,well then there is grounds for a lawsuit find a group of veterans and get them to sue the va funded by the nra and take the whole organizaton to court on charges of violating federal standards,1,Support,B,1,0,,
1508,in the past the flagellum was supposedly an example of an irreducibly complex biological structure that could not evolve,oneinbillion observes that luskins claim id makes reliable inferences,1,Support,B,1,0,,
1221,also christians concerned about science,to correct pvms confusionforensic detectives have to figure out the means,0,Attack,B,1,0,,
1973, no scientist can give strong evidence to support evolution      your dishonesty and ignorance of science proves you are not fit to even ask the question, theres really no way yet to prove it but the precedence of the evolution of all other species including our own has led to a conclusion that we most likely came from something else,1,Support,B,1,0,,
27,Big business will not support UKIP given the devastation that withdrawal from the EU would cause.,We cannot have any control over who comes to Britain while we are members of the EU.,0,Attack,B,0,1,,
927,grayling explains in his review of fullers latest book quite well how id is doomed to remain scientifically vacuousfuller has written about popper he seems to forget poppers killer point namely a theory that explains everything explains nothing,pvm wrote however this is false and misleading,0,Attack,B,1,0,,
1458,when there was a move to distribute unlocking the mystery of life dvd to australian schools a few worried scientists headed by michael archer from unsw got together and signed a letter on behalf of  scientists and educators,idnetto comment on whether id has merit or not it is minimally necessary that people be properly informed of the arguments involved,0,Attack,B,0,1,,
412,"UKIP advocates for the UK leaving the European Union which would be a bad idea – but they are trying to leverage on the british people’s need to belong and pride to be british, which further sparks their anti-foreigner standpoint.","UKIP, which is fielding a record number of candidates in next month's elections on the back of strong performances in recent Westminster by-elections, said the issue was definitely coming up on doorsteps.",0,Attack,B,1,0,,
2355,i think it depends on the individual,yes i guess it really depends on the preferences if you want smaller but more holidaylike then nice is very nice if you want old i would suggest krakow,1,Support,B,0,1,,
1211,carter points out that the coincidence found by bondi belonged to three classes the traditional kind  without use of the anthropic principle  those which only require the use of a weak anthropic principle and  those which require the invocation of an extended and hence rather more questionable strong anthropic principle,is actually quite simple,1,Support,B,1,0,,
998,id is offered as an explanation for the complexity of life on earth which according to id proponents cannot be explained by random chance and survival of the fittest,on pandasthumb nick matzke whose contributions to dover v kitzmiller were instrumental in the stunning defeat of intelligent design and whose contributions to exposing the fallacies in behes arguments as well as the extent of ignorance of science amongst id proponents has caused much concern amongst id proponents so much that in general they have chosen to pretend in a typical creationist fashion that matzkes arguments do not exist,1,Support,B,1,0,,
2365,the nexus  has everything fast processor big screen and the latest version of android,and it is cheaper than most other smartphones as well,1,Support,B,0,1,,
741,People are not voting for UKIP because of immigration propaganda but because of their direct experience of immigration.,"UKIP appears to have struck a chord with many voters on the issue of immigration, campaigning against the relaxation of working restrictions on Bulgarians and Romanians due to come into force in January.",1,Support,B,0,1,,
1101,i understand that michael behe is one of the participants on this forum and i am looking forward to his contributions addressing matzkes observations,behe claims that they can bring together separate components and place them in relationship to each other to create an effect that may be extremely unlikely to occur by chance,1,Support,B,0,1,,
2454,All nations have a right to nuclear weapons,All countries have a right to defend themselves with nuclear weapons even when they lack the capacity in conventional weapons,1,Support,B,0,1,,
1554,ricardo the bible was definitely written as is,its not that cut and dried,1,Support,B,1,0,,
2218,i find that very interesting that many christians are so loudly against abortion yet their own bible condones it,that is right everyone of the fundamentalists are on the band wagon about abortion being murder the same ones depend on their ministers to hail the words for the biblical scholars,1,Support,B,0,1,,
652,Plenty of survey's have shown UKIP to be the most hated of the main parties.,"UKIP appears to have struck a chord with many voters on the issue of immigration, campaigning against the relaxation of working restrictions on Bulgarians and Romanians due to come into force in January.",0,Attack,B,1,0,,
2059,the father deserves nothing but scorn and derision he is a murderous cretin whose stupidity killed his child,well that is a stupid statement stupid enough that i can not even wrap my head around it and make a proper comparison,0,Attack,B,1,0,,
349,The only reason we are even having a sensible debate about Europe are UKIP.,A UKIP candidate in Somerset has been suspended from the party after photos of him apparently making a Nazi-style salute appeared on his Facebook page.,0,Attack,B,1,0,,
254,"There's an election next month, UKIP are campaigning on the streets right now, and candidate upon candidate keeps churning out ridiculous (often racist, sexist or homophobic) views.",A UKIP candidate in Somerset was suspended from the party on Tuesday after a photo of him apparently making a Nazi-style salute appeared on his Facebook page.,1,Support,B,0,1,,
2395,We should ban religious symbols in public buildings,Many symbols are seen as a symbol of oppression on women,1,Support,B,1,0,,
1906, im against it   ahh i love the arguments in everyone the against it section, you see a building and you have proof there is a builder,1,Support,B,1,0,,
2349,the office,that is what he said,1,Support,B,0,1,,
394,A forensic examination of UKIP's policies would nail once and for all the Establishment lie that they're a bunch of swivel-eyed lunatics.,UKIP Councillor David Silvester said floods had happened after David Cameron acted arrogantly against the gospel.,0,Attack,B,0,1,,
533,"It feels like UKIP is anti most things and base their politics on this: Anti-aid, Anti-immigrant – at times even anti-politics; it is therefore difficult to understand what they actually stand for and want to work towards.","He also warned that if a proposed referendum led to the UK leaving the EU, there would be dire consequences for the country's global influence.",1,Support,B,1,0,,
297,If there are enough Ukip votes it should frighten all the parties sufficiently to make them realise they can't just ignore the electorate.,"Earlier this week, former Conservative peer Lord Stevens joined the party, becoming UKIP's third peer, sitting alongside former party leader Lord Pearson of Rannoch and Lord Willoughby de Broke in Parliament.",1,Support,B,0,1,,
1589,why would god explain this only to a semiliterate group of ancient nomads with no understanding of the cosmos or the world outside of their little   society   why not give an updated version to modern jewish or christian or islamic scholars surely all three groups today include people who understand  geology astronomy and biology on a rather more comprehensive level than the ironage authors of genesisin fact being allpowerful why be limited to the understanding of the writers at least if you can create the world surely you can inspire sentences like and the quickness of light shall be found to be always the same relative to the one who looketh and behold the quickness of the light when multiplied by itself and the true weight of matter equals the amount of force that went into its making,while i have my own reasons for believing he did that my personal opinions regarding   religion   are a bit outside of the mainstream so im not going to discuss them,1,Support,B,1,0,,
2128,if you are this closeminded impervious to logic and show this much delight in ignorance at your tender age can you imagine how much more insufferable you will be when you grow up,you throw personal insults more than i do so when will you grow up,0,Attack,B,1,0,,
1455,take your time id rather have you think about it digest it and respond than give a hasty response which would not help us resolve these issues,the following statement by the employee of ncse is the exact form of inference to the best explanation that id scientists use to demonstrate that there is intelligence behind life,0,Attack,B,1,0,,
193,"The UKIP party is a populist party at the right end of the spectrum, which exploits people's fears of the foreign and unknown.","Then there is UKIP's founder Alan Sked, who wrote to the The Times to say that UKIP has been fooling its voters and members for far too long.",1,Support,B,0,1,,
905,teaching creationism is comparable to teaching flat earthism,schools should not teach theories that are completely at odds with each other,1,Support,B,0,1,,
1875,evolution has been proven many times,evolution has not been proven,0,Attack,B,1,0,,
1140,science did not design the functionality scientists observed the functionality and developed theories on how it function  how that function came about,beheif scientific merit is judged by the correspondence between theory and physical reality then the theory of intelligent design rates very strongly,1,Support,B,1,0,,
1194,anybody that thinks there is currently a healthy scientific debate over intelligent design has missed the history of the last  years,fxl wrote so why arent physicists saying gravity is as well established as the theory of   evolution  it  is obvious isnt it i hope not to be too snarky but the pope finally got around to admitting that  galileo was correct in teaching that the earth revolved around the sun get the gravity connection,0,Attack,B,0,1,,
1446,when i read casey luskins article he made some very good points, it seems to me that luskin is being more scientific in that he talks about a method for testing idthats ironic because luskin presents no testable id,0,Attack,B,1,0,,
1066,the problem with your argument is that it simply depends on a certain kind of fossil not being found and you have been repeatedly proven wrong over the last  or  decades when such a fossil is found,the problem with your argument is that it simply depends on a certain kind of fossil not being foundthats part of the equation it also relies on changes or progressions between fossils happening to quickly or too sudden in order for it to be accounted for by chance and necessity,0,Attack,B,0,1,,
792,"Ukip has British values, wants to get British industry kick started back to the fore front again, become more self-sufficient.",The committee said the EU had helped to transform Europe from a continent of war to a continent of peace.,0,Attack,B,1,0,,
338,A forensic examination of UKIP's policies would nail once and for all the Establishment lie that they're a bunch of swivel-eyed racists.,"Nikki Sinclaire was expelled by UKIP leader Nigel Farage for refusing to sit with the party's allies Liga Nord, a very right wing, borderline racist, party, in the European Parliament.",0,Attack,B,1,0,,
1316,if id is bait and switch then so is   evolution   considering that its proponents tend to sell it off starting with the least extreme definition and just move on up from there  httpintelligentdesign,in science testing a hypothesis or theory means deriving predictions from them,1,Support,B,0,1,,
2592,movies should be fun entertaining this movie is not waste of my time,actually i thought it was very uplifting whenever there is life and hope its no longer depressing,0,Attack,B,0,1,,
821,"If we leave the EU we will save billions of pounds which can then be invested in our ailing national infrastructure, notably the NHS.","He also warned that if a proposed referendum led to the UK leaving the EU, there would be dire consequences for the country's global influence.",0,Attack,B,1,0,,
819,"If we leave the EU we will save billions of pounds which can then be invested in our ailing national infrastructure, notably the NHS.",The Lib Dem leader also argued that being in the EU meant that we keep ourselves safer because we can go after cross-border crime and terrorism and that we can look after the environment in a way which we can't on our own.,0,Attack,B,1,0,,
1904, to me there is no proof of a greater hand other than from the word of believers whose faith is based in belief and not in any form of evidence at all, amusing is all i can really say to cancers response,1,Support,B,0,1,,
614,"The problem with popularism but no substance, like UKIP represent, is that it just results in things getting worse and worse.","UKIP, which has called for withdrawal from the European Union and greater restrictions on immigration, has seen improved poll ratings this year.",0,Attack,B,1,0,,
2636,this film is easily one of the best movies ive ever seen yes it is pretty easy to guess the ending but it still wasnt ruined by that fact it is a work of art it is rewatchable,ok so i thought it was only me but after watching this movie i had a massive headache also i thought the movie was terrible it was all over the damn place and difficult to follow,0,Attack,B,1,0,,
1094,if theres something on    evolution   news its irrelevant to intelligent design andor distorted beyond all scientific recognition,if biology leads to new design if it is viewed in that contextand it never has and never will,0,Attack,B,1,0,,
5,"The People's Army is on the march and UKIP will get Britain back from the Liblabcon, Establishment and MSM political abusers of our country.",He said he had been impressed by David Cameron's leadership while UKIP was beset by internal fighting and was not a credible political force.,0,Attack,B,1,0,,
438,"Europe is no longer fit for purpose and we'd do better to be out than in, plus save a whole load of cash.","Mr Cameron also said he did not think it would be right for Britain - or in the national interest - to leave the EU entirely, pointing out that some 50% of nation's trade was with the EU.",0,Attack,B,1,0,,
1948, i believe evolution is correct and whats up with this lack of understanding that evolution is a sloooooooow process       with the making everything is  days and resting on the seventh  which conveniently happens to be a week, i believe its right,1,Support,B,0,1,,
1643,as i stated above i believe neither side,it has been translated for about six thousand years,0,Attack,B,0,1,,
2101,oh and i see you are still equating atheist with anyone who does not believe as i do,and i see you still flip back and forth from being an atheist to not being an atheist,0,Attack,B,0,1,,
342,I'm no fan of UKIP but well done to them for initiating a much needed shake up of British politics.,I want to free this country from the European Union and then I want us to have a much smaller level of state interference in our lives in this country.,1,Support,B,0,1,,
2181,all of these reasons are way vague some are outright ridiculous,agreed many of the reasons are ridiculous but to some people no restriction on gun ownership is unreasonable,1,Support,B,1,0,,
488,"If UKIP don't like being smeared, then they need to stop smearing, stigmatising, and fear mongering about others.",It comes two weeks after she accused the UKIP leader of bullying and being anti-women and a Stalinist and threatened to leave the party.,1,Support,B,0,1,,
1996, i believe in evolution, nothing in biology makes sense except in light of evolution,1,Support,B,0,1,,
2552,Transparency is necessary for security,Citizens have a right to know what is done in their name,1,Support,B,0,1,,
2044, it is only belief, youre right there isnt a shred of positive evidence for creationism and creationists dont even try,1,Support,B,0,1,,
962,the the myths and stories of the bible were never meant to be taken as history in our sense of the word and certainly not   science  ,  this will and is already descending into a debate about the philosophy of science,0,Attack,B,0,1,,
1068,for starters   httpwww,the di is correct to point out that a lack of merit of id should not be confused with its religious implications however the combinations of its religious foundations with a lack of scientific content provides a strong argument against id having merit scientifically and delegates it to the realm of theology,1,Support,B,0,1,,
1979, evolution is defined in wikipedia as a change in the inherited traits of a population from one generation to the next, well evolution is by far the most logical idea i have heard about where man came from,1,Support,B,0,1,,
2004, well maybe there are some mistakes in the theory but as a whole concept is quite right and logical no, of course theyre nonsense,1,Support,B,1,0,,
2448,The voting age should be lowered to sixteen years,Voting at a lower age would increase participation,1,Support,B,0,1,,
1190,the universe is under no obligation to conform to anyones definition of science,anybody that thinks there is currently a healthy scientific debate over intelligent design has missed the history of the last  years,1,Support,B,0,1,,
2065,it ought but it will not at least not the gun fetishists in this forum who in my humble opinion are prisoners of their ignorance their fears their insecurity,look what is talking about insane immune to reason a prisnor of his own giant ignorance slavery fetishist and one of the comic relief  stooges,0,Attack,B,1,0,,
2389,the best way to protect Scottish interests in the EU is to vote for independence,An independent Scotland would avoid having a referendum on EU membership,1,Support,B,0,1,,
119,"I would say it's the anti-ukip brigade who have no substance to their argument (or facts), they simply shout ""racist"" with nothing to substantiate this slur, or become crude and insulting.",We need to show respect for people who have taken the choice to support UKIP.,1,Support,B,0,1,,
1842,to me this is a simple one evolution all the way,you say the bible is the only proof of creationism,0,Attack,B,1,0,,
2650,i turned this movie off halfway through because i was bored out of my skull then i come here and its got a high rating granted its got a good storyline good acting nice cinematography but somehow still managed to bore me to tears,oh no i have seen the whole movie multiple times definitely a film i will not get tired of any time soon,0,Attack,B,1,0,,
958,the purpose of the spiritual realm has never been to say how but why,science is about how things work,1,Support,B,1,0,,
2256,lucca is lovely and off the tuscan beaten track,it is very hard to reach,0,Attack,B,0,1,,
677,UKIP doesn't need to win power to force the changes people want.,"According to the Daily Telegraph, Mr Farage suggested to Mr Murdoch at the meal that he would form an electoral pact with the Conservatives if David Cameron stood down as leader.",1,Support,B,0,1,,
2415,We should grant politicians immunity from prosecution,In the event of major abuses of power it should be the public that holds politicians to account,1,Support,B,1,0,,
2126,the only obsession i see is the obsession gays have in seeking acceptance for their lifestyles,you keep starting all these threads on gays called obsession,0,Attack,B,1,0,,
850,UKIP and the Greens are the only parties to date that haven't screwed us all over.,"Ahead of May's local elections, Conservative cabinet minister Ken Clarke dismissed UKIP as a protest party and a collection of clowns.",0,Attack,B,1,0,,
2253,nobody buys books anymore,lots of people buy books now a lot of people still prefer the feel of paper,0,Attack,B,1,0,,
327,"There's an election next month, UKIP are campaigning on the streets right now, and candidate upon candidate keeps churning out ridiculous (often racist, sexist or homophobic) views.","And last autumn, MEP Godfrey Bloom embarrassed the party when he used the phrase bongo bongo land and joked that some female activists were sluts.",1,Support,B,0,1,,
720,"UKIP are a fairly right wing group as I'm sure will become clear when they actually produce some policies other than the ""its all the eu's"" fault.",It has been a key part of his strategy to distance the party from the far right - its constitution bans former BNP members from joining.,0,Attack,B,1,0,,
934,seems highlander was somewhat quick in his response as i am more than willing to support my claims,highlanderthe exact same is true when modern science reveals an ic structure such as the flagellar motor  assembly,1,Support,B,0,1,,
2224,as it stands in the uk a father has no sat whatsoever in the welfare of the fetus if his partner wants to terminate he need never even be told,same in the us the father does not have the right to choose,1,Support,B,0,1,,
2011, creationism is mythology and intelligent design is a politically based movement to secure the support of a certain segment of the population, i dont attempt to defend either intelligent design or creationism,1,Support,B,0,1,,
603,UKIP is a vessel through which a protest is being delivered. ,But Mr Cameron dismissed UKIP's showing as a protest by voters and promised to stay true to his principles.,1,Support,B,0,1,,
310,UKIP are a joke outfit full of small-minded Neanderthals who think the 1950s are the future.,A UKIP candidate in Somerset was suspended from the party on Tuesday after a photo of him apparently making a Nazi-style salute appeared on his Facebook page.,1,Support,B,1,0,,
953,id can be scientifically relevant if it were to take the scientific approaches used by real science such as criminology which uses means motives opportunities etc,in a recent article casey luskin addresses the recent findings that changes in a regulatory gene can help explain the morphological differences between the chimpansee and humans,1,Support,B,0,1,,
365,"The momentum is with UKIP; Labour, Conservative and Liberal areas are all now vulnerable to them. ","Explaining his decision to swap sides, Mr Campbell Bannerman - MEP for the East of England - said UKIP had become obsessed with single issue politics, internal fighting and shouting from the sidelines.",0,Attack,B,1,0,,
688,UKIP is the only party that has understood the damage immigration does to the UK and its policies aim at repairing this.,"Mr Farage, speaking to the BBC's Len Tingle, said the election result represented significant progress.",1,Support,B,0,1,,
709,The success Ukip had in the european elections will be sufficient to galvanise one or preferably all the other parties to rid us of the EU's political influence.,"UKIP, which has called for withdrawal from the European Union and greater restrictions on immigration, has seen improved poll ratings this year.",1,Support,B,0,1,,
959,science is about how things work,good point but as an evolutionary biologist i find that not entirely true,0,Attack,B,1,0,,
2333,maybe you could have a cake sale,indeed a cake sale sounds like a good idea,1,Support,B,0,1,,
1354,forrest who has written a history of id was an expert witness in the dover case and her piece recounts the various personal attacks and snide comments she had to endure during the trial,he was a judge,1,Support,B,1,0,,
2476,We should create a United Nations standing army,There are better alternatives to solving the problems of contemporary warfare,0,Attack,B,1,0,,
1404,liberals will loose this battle,is good science a liberal theme if you love true science you must be a liberalyou are in good company but remember that good science including evolutionary science knows no boundaries christians republicans democrats and independents all accept the facts of science of course given the historical link between evangelicals and republicans we do observe a stronger lack of understanding of science amongst some who also happen to be republicans but do not confuse cause and effect here,0,Attack,B,1,0,,
1717,maybe get someone to do your studies who doesnt pay a tithe  someone who perhaps doesnt own a   bible  ,consider reading chance or purposeat any rate chance is an obviously derogatory word to try to bias the argument against   evolution   and purpose is obviously meant to imply that some intelligence is involved,1,Support,B,1,0,,
1065,perhaps the author can explain why of all of the thousands of researchers in geology biology particularly evolutionary biologists and paleontology,the problem with your argument is that it simply depends on a certain kind of fossil not being found and you have been repeatedly proven wrong over the last  or  decades when such a fossil is found,1,Support,B,1,0,,
1669,was the earth created in six days or six thousand years  all evidence points to a accretion of material over the course of millions of years several starting around  billion years ago,one day we all will know the truth,0,Attack,B,1,0,,
23,"UKIP are a two trick pony, Europe and immigration that's it.","UKIP is branching out on its policy focus, currently focusing its local election campaign on fat cat executives who are currently directing cuts at vital front line services while protecting trendy non-jobs.",0,Attack,B,1,0,,
1154,hi pvm they finally got things straightened out,icdesignas far as scientific findings go the numbers of evolution believing scientists is on a major decline,0,Attack,B,1,0,,
1697,with all due respects here is my bottom line though i run the risk of being arrogan and closedminded i only write for the judeochristian world view,therefore i dont have time to explore any other world viewsin other words religion is easy and science is hard,0,Attack,B,0,1,,
1349,in my previous post i discussed by the auscss arguments were flawedboth factually and logically,schen,0,Attack,B,1,0,,
1890,a theory as the word is used by scientists is a detailed description of some aspect of the universes workings that is based on longcontinued observation and where possible experiment that is the result of careful reasoning from those oservations and experiments and that has survived the critical studies of scientists generally,evolution does not neccasarilly contradict intellegent design,0,Attack,B,0,1,,
918,island statesyou pretend like the appearance doesnt beg a real scientific question because you are overreacting to your perceived motivation of idists but not because you are thinking like an honest scientist would,you are missing the point the ad hominem is not that i did not understand your argument i can see why given your limited exposure to id you may have come to that conclusion,1,Support,B,1,0,,
887,teaching creationisms truth is necessary in upholding the truth of the bible,if we are descended from animals then the unique relationship between man and god is undermined,1,Support,B,1,0,,
232,Intellectually I rate Farage much higher than Cameron; he has a very sharp and quick wit and is an excellent public speaker.,"General elections, however, with their first-past-the-post voting systems, have been a very different story and Farage has failed to make the breakthrough he has been hoping for.",0,Attack,B,1,0,,
1645,it has been translated for about six thousand years,you are an intellectual and people like you have the hardest time believing anything let alone trying to intellectualize the bible or god or anything like it,0,Attack,B,1,0,,
803,"In fact, all UKIP seems to talk about now is withdrawl from the EU without any genuine policy around UK's domestic economy.","It is also one which means people often dismiss it as a single issue party, unlikely to become a force in Westminster politics.",1,Support,B,0,1,,
1076,when i grew up science was a useful tool for discovering things about the world around us, and this site says it better than i could,1,Support,B,0,1,,
2502,The International Criminal Court should be recognised,The deterrent effect of the Court ensures widespread and equal adherence to international law,1,Support,B,0,1,,
1699,scientific evidence do you need i mean weve got writing from before  years ago evidence of mankinds making things over  years old,speaking as a nonchristian this argument that the days of creation could not be allegorical simply because the author used an ordinal and the phrase evening and morning is juvenile and unconvincing,1,Support,B,1,0,,
754,UKIP isn't committed exclusively to either right-wing or left-wing ideology and that’s a very good place to be.,UKIP leader Nigel Farage said any members proven to have extreme right wing views would be expelled.,1,Support,B,0,1,,
25,It is because of UKIP that we are finally discussing the European question and about immigration and thank goodness for that.,"And with the UKIP riding high in national opinion polls, Mr Farage has predicted it will win seats in each of the 34 councils where elections are being held.",1,Support,B,0,1,,
417,"If you think that the Tories are nasty, heaven help us if UKIP get in because they would be nastier, more cruel, and more bigoted.","The penny is beginning to drop with the British people and British businesses that we are no longer a self-governing nation, and UKIP are here to remedy this.",0,Attack,B,0,1,,
1185,from a review of explore evolutioncounterclaims follow that seek to undermine the earlier conclusions including the circular reasoning of the molecular clock the potential fabrications of haeckels ontogeny recapitulates phylogeny how differing family trees are created via anatomical and molecular patterns of relationships and the meaning of gaps in fossil evidence,ac grayling responds to steve fullers defence of his book dissent over descent,1,Support,B,0,1,,
2517,We should negotiate with terrorists,Negotiation saves lives,1,Support,B,0,1,,
1620,you are opening the door to a nonliteral explanation of the text,no it means that the word of god is internally consistentnonsense,1,Support,B,1,0,,
351,"The momentum is with UKIP; Labour, Conservative and Liberal areas are all now vulnerable to them. ","The campaign was dominated by a war of words between the Conservatives and the UK Independence Party, which senior Tories fear will take a significant chunk of their votes.",1,Support,B,1,0,,
282,If anyone seriously thinks that UKIP will offer some kind of answer to our current problems then I think that they are going to be sadly disappointed.,"But, at the 2010 general election, support dwindled to 3.1% and UKIP did not win a Westminster seat.",1,Support,B,0,1,,
1657,it is consistent but,science is based on what can be observed  tested,0,Attack,B,1,0,,
188,Cameron had it right and UKIP could tip the balance towards Labour in the crucial marginal seats in the GE where the battle will take place .,UKIP reacted to coming second by saying they were the winners in the poll.,1,Support,B,0,1,,
2528,US intervention in Libya lacking congressional approval was illegal,US intervention is not consistent with other aspects of US law,1,Support,B,1,0,,
1945, yes the theory of evolution is wrong it got popular when darwin wrote the book the origin of species but later on many scientists proved from several experiments that it is an incorrect theory, there is no scientist can give strong evidence to support evolution,0,Attack,B,0,1,,
651,"It feels like UKIP is anti most things and base their politics on this: Anti-aid, Anti-immigrant – at times even anti-politics; it is therefore difficult to understand what they actually stand for and want to work towards.",The announcement comes two weeks after a roll out of Home Office vans with posters warning illegal immigrants to go home or face arrest was cancelled.,1,Support,B,0,1,,
2649,i turned this movie off halfway through because i was bored out of my skull then i come here and its got a high rating granted its got a good storyline good acting nice cinematography but somehow still managed to bore me to tears,too bad you turned it off halfway through because the ending totally rocks,0,Attack,B,1,0,,
2047, two darwinists spent hours standing at a flag pole trying to find the height of it, there is endless evidence what it is evidence for is for each person to decide,1,Support,B,1,0,,
1390,joe gnow you are just lying,einsteinit was of course a lie what you read about my religious convictions a lie which is being systematically repeated,1,Support,B,1,0,,
59,"Any of the ""working class"" who believe UKIP will represent them have not read a UKIP manifesto!","But it caused tensions in the Tory ranks, with Mr Cameron accused of being out of touch with his grassroots.",0,Attack,B,0,1,,
1096,and it never has and never will,the biologic institutemy my what nonsense,0,Attack,B,1,0,,
635,"I think Farage makes a much better leader than any of the other parties, he's full of enthusiasm and is not a PR man like the current leaders of the 3 main parties.",The party's leader Nigel Farage has promised to cause a political earthquake at next year's polls after a strong showing in local elections.,1,Support,B,0,1,,
1220,you gave  claims of intelligent design intelligent agents sometimes leave traces of their activity behind like fingerprints on evidence,also christians concerned about science,0,Attack,B,0,1,,
2223,you are saying it is impossible to take marriage out of the government i have all people currently married a civil union and let people from now on get a civil union from the government and marriage from the church it really would not be that hard,i think we all could live with this,1,Support,B,0,1,,
730,"In UKIP, we have a new political force which looks likely to poll very well in a national election on thursday.","The UK Independence Party, which has long campaigned for the UK to pull out of the European Union, failed to make its hoped-for breakthrough in May's election.",0,Attack,B,1,0,,
1341,tj again only valid if you trust judge jones and judge jones is really only the aclu in disguise because of how much he copied from them,tj again only valid if you trust judge jones and judge jones is really only the aclu in disguise because of how much he copied from them,0,Attack,B,0,1,,
1988, genetic tests have proven that we are very closely related to certain apes a branch on the same family tree, evolution is a theory that is supported at the micro level,1,Support,B,0,1,,
1396,  it sounds like there was an overarching policy limiting students speech on campus for this one, i have been a christian most of my life and the ten years i lived outside the community was hell on earth,0,Attack,B,0,1,,
2611,this movie absolutely fell flat after the discovery at the crash site was made,although it could be argued any form of tension went out of moon after its plot twist half way through it was still compelling seeing the clones of the original sam contemplate their situation and face the truth made for intriguing drama,0,Attack,B,1,0,,
2172,a well regulated militia being necessary to the security of a free state the right of the people to keep and bear arms shall not be infringed the individual right to keep and bear arms shall not be denied or infringed by the state or a political subdivision of the state,other states have made similar revisions i would encourage people in states that have not to push their elected officials to do so,1,Support,B,0,1,,
1407,daveis there credible scientific evidence that life was designed yes,as to the ncse not wanting to discuss somehow i see few id proponents on this group and behe seems to have ignored matzkes excellent critiques,0,Attack,B,0,1,,
557,UKIP are a joke outfit full of small-minded Neanderthals who think the 1950s are the future.,Mr Farage has successfully broadened UKIP's appeal away from Europe.,0,Attack,B,1,0,,
2165,that post was a joy to read,yes great post bradley well written perceptive and insightful,1,Support,B,0,1,,
159,UKIP are in no way a single issue party and if Labour or the Conservatives were to give us a referendum UKIP would still have a full manifesto that would attract many voters.,But immigration is still the issue that opinion polls and focus groups suggest resonates most with UKIP supporters.,0,Attack,B,1,0,,
1870,mutation and natural selection are the two driving forces behind evolution,the bacteria mutated,0,Attack,B,0,1,,
1652,everything i say is correct regardless of logic or evidence that attempts to prove me wrong,while aig tries to defend genesis with the weakest possible argument answers in creation explain genesis i in a way that gives it a literal interpretation that is still in line with   science  ,1,Support,B,1,0,,
2144,you ignore or reject any attempts at explaining the things you clearly do not understand and you later bring up the exact same things that you have had explained to you as if the subject was never broached before,well if i do not get an answer here i will just spread it around the whole internet fine with me,0,Attack,B,1,0,,
1907, you see a building and you have proof there is a builder, creationism is not out of the picture,1,Support,B,0,1,,
575,"UKIP advocates for the UK leaving the European Union which would be a bad idea ‚Äì but they are trying to leverage on the british people‚Äôs need to belong and pride to be british, which further sparks their anti-foreigner standpoint.","UKIP appears to have struck a chord with many voters on the issue of immigration, campaigning against the relaxation of working restrictions on Bulgarians and Romanians due to come into force in January.",0,Attack,B,0,1,,
1585,this thread has been kept going by three people who have voted no to the question of a six day creation,there are two possibilities about the origin of the universe it blinked into existence,1,Support,B,1,0,,
1187,i agree  one of the main purposes of science is to discover truth or should be anyway,seems to me like dawkins and weinberg were claiming that there is no evidence for design at least according to richards,0,Attack,B,0,1,,
128,"Marketing UKIP as ""the people's army"" is a bitter irony.",A UKIP candidate in Somerset was suspended from the party on Tuesday after a photo of him apparently making a Nazi-style salute appeared on his Facebook page.,1,Support,B,1,0,,
1807,for macroevolution theory to be valid laws of nature that are generally accepted as true and standard must be repeatedly denied,st evolution does not require dramatic mutation,0,Attack,B,1,0,,
2348,absolutely everybody knows about foursquare but nobody remembers gowalla they offered identical features and also launched on the same day same conference,nice example,1,Support,B,0,1,,
663,The more the 'mainstream' parties smear and lie about UKIP the more their support rises.,"And with UKIP riding high in national opinion polls and coming second in the recent Eastleigh by-election, Mr Farage predicted his party would win seats in each of the 34 councils where elections are being held.",1,Support,B,0,1,,
2337,or cycle,perhaps a marathon,1,Support,B,0,1,,
130,I'm no fan of UKIP but well done to them for initiating a much needed shake up of British politics.,Voters have often struggled to see what relevance a party that campaigns for Britain's exit from the European Union has to their neighbourhood.,0,Attack,B,1,0,,
1146,all design is intelligent it takes thought to construct any type of design when you see things take place in science they happen because of all the laws that were put into place by an intelligent designergoing back to the idea of a storm and engines when you get in a car and turn the key you have a spontaneous violent storm erupt inside the engine it all takes place because of all the elements of the design working in concert to produce the effect this and all design requireintelligent thought ,icdesig,0,Attack,B,0,1,,
848,UKIP's sole aim at the general election is to get a smallish number of MPs elected but enough to hold the balance of power and do a deal with the Tories.,I can categorically rule out any form of electoral pact with UKIP or anyone else.,0,Attack,B,1,0,,
51,"As far as immigration is concerned all Ukip want is a level playing field for non EU migrants and to control the numbers so, if anything, Ukip are too soft on immigration.",Certainly by the time of the general election UKIP will be the third-highest-membership party in Britain.,1,Support,B,0,1,,
1368,robert crowtherlike modern evolutionary theory there is more than just one side to the debate,here is the response to irons which was also published in the montana law review,0,Attack,B,0,1,,
2013, b tr  tr valigntop , i agree that it is slowly falling apart,1,Support,B,0,1,,
1796,this is not a debate on whether you can disprove it or not this is a debate on if in your mind its been proved,this isnt the debate about which makes more sense over a seven day creation or evolution it is one of belief in evolution,1,Support,B,0,1,,
1229,im aware of that id christians give themselves a huge fudge factor by claiming that the fall of man somehow fouled up nonhuman nature,joe gbtw christianity does not maintain that god created everything as it is today,1,Support,B,1,0,,
2631,this film is the poster child for hollywood greed at work its a depressing plot devoid of compassionate characters i mean they kill a child in this movie who finds that entertaining,i started posting a riposte to your ridiculous message then i stopped and deleted it either youre taking the mick or you are an idiot either way i dont care,0,Attack,B,1,0,,
1892,your right,so what is the difference in saying god is nothing and there is no god and god is nonexistent there is no difference all of the above statements have the same meaning,0,Attack,B,0,1,,
1048, features that appear vestigial and functionless actually serve a function eg, features that appear vestigial and functionless actually serve a function eg,0,Attack,B,0,1,,
2659,the only good thing in this movie was dr schultz after that it was a yawn fest,you must have bad taste in movies,0,Attack,B,1,0,,
2191,i know an atheist who is far more logical than anyone else i have heard to date,well one can not be truly logical and not be an atheist or at least agnostic as any religion simply flys in the face of logic,1,Support,B,0,1,,
62,If UKIP is really the best our country can do for an alternative then we are all doomed.,"Lord Alexander Hesketh said he had been greatly angered by the prime minister's position, adding that UKIP's views chimed with his own.",0,Attack,B,0,1,,
30,Cameron had it right and UKIP could tip the balance towards Labour in the crucial marginal seats in the GE where the battle will take place .,"UKIP would seek to make the 2014 elections to the European Parliament a referendum on open borders, he said.",1,Support,B,0,1,,
2117,they sneer down at anyone like me who does not agree with them instead of debating the facts evolutionists will often resort to attacking the intelligence or lack of it in their opponent,actually i do not sneer at you i laugh at you and i do not attack your intelligence but your knowledge,0,Attack,B,0,1,,
1613,i actively attend the origins conferences hosted by a variety of different organizations including christian universities reasons to believe and most recently the skeptic society,have you been to the icr facility to watch their presentationicr teaches hilarious nonsense,1,Support,B,1,0,,
2344,when you are in your user profile and you select go to question it does not show the entire question tree,thank you for your feedback it will be fixed in the next update,1,Support,B,0,1,,
230,"Despite their best efforts at pretending otherwise, UKIP are still widely disliked and untrusted by the majority of the population.","Now, out there on main street, people realise that Europe is effecting their everyday lives and they like what UKIP are saying.",0,Attack,B,1,0,,
1251,you have such books written as the consipiracy of ignorance by martin gross,it should readtruth is probably the best factor in determining intelligence and one cannot have it without gd,1,Support,B,0,1,,
2464,We should promote democratisation,Democracies are more peaceful countries both domestically and internationally and so it is in our interests to promote it worldwide,1,Support,B,0,1,,
2371,friends best comedy series ever nothing comes close to that,friends is my favourite television series it has a great sense of humor and very entertaining,1,Support,B,0,1,,
1264,hello richardi admire your wealth in cash funds,no id does not claim the designer is human like but since humans are the only known intelligence that is the only thing they have to compare id to,0,Attack,B,0,1,,
463,"UKIP is not at all taking into account the financial effects of their only real policy, leaving the EU.","The charge put by its deputy leader David Campbell Bannerman when he defected to the Conservatives in the wake of the May elections was that UKIP remained, at heart, a single issue pressure group.",1,Support,B,0,1,,
2470,We should promote democratisation,The immense cost and effort involved in sustaining democracy across the world in countries that are not prepared to fully accept responsibility themselves does not equal the benefits,0,Attack,B,1,0,,
38,"Even a UKIP European candidate, Janice Atkinson, another ex-Tory, admits leaving the EU would be problematic.","In his weekly phone-in show on LBC radio last week, Mr Clegg described the Lib Dems as the party of 'in', meaning it was the most pro-European of the major parties at Westminster.",1,Support,B,0,1,,
847,"Ukip is the only party advocating withdrawal from the failing EU, a sensible idea for a lot of people!",The Lib Dem leader also argued that being in the EU meant that we keep ourselves safer because we can go after cross-border crime and terrorism and that we can look after the environment in a way which we can't on our own.,0,Attack,B,1,0,,
2255,i think that cancer research uk cafod and action aid are the best charities,can you please explain why you chose those ones,0,Attack,B,0,1,,
797,"Even a UKIP European candidate, Janice Atkinson, another ex-Tory, admits leaving the EU would be problematic.","He debated with journalist and historian Sir Max Hastings who said Britain can't stay in Europe on any terms, but said leaving could mean the UK could find a very tough time out there.",1,Support,B,1,0,,
2447,The voting age should be lowered to sixteen years,No taxation without representation,1,Support,B,1,0,,
366,Ukip are doing well for the very simple reason folk have at last realized that they are being lied to by LibLabCon and now have somewhere else to go.,They (the Conservatives) know they have lost the argument on jobs and immigration and UKIP have stolen a march on them.,1,Support,B,0,1,,
935,highlanderthe exact same is true when modern science reveals an ic structure such as the flagellar motor  assembly,highlanderi am sure that highlander is familiar with the  foundational works of behe and dembskiboth rely on the absence of science being  able to explain a particular feature to infer design,1,Support,B,1,0,,
1989, evolution is a theory that is supported at the micro level, this is pure ignorance,1,Support,B,1,0,,
2290,samsung note  it has a bigger screen and a somewhat faster processor,the bigger screen does not fit my pocket though unless it is in my back pocket but then i might sit and break it or someone might steal it,0,Attack,B,1,0,,
1197,richard dawkins and victor stenger argue that the existence of a creative superintelligence or god are scientific questions,the first point stressed in my college biology class was in fact that we as scientists cannot ascribe purpose to chemical and biological functions,0,Attack,B,1,0,,
2417,We should grant politicians immunity from prosecution,Prosecutions of politicians are often motivated by partisan concerns,1,Support,B,1,0,,
1047,ufcarazy although it is clear that id has led to some successful predictionsreally  what predictions has id made  and along those lines how exactly would id be falsifiable  without valid answers to these two questions it does not even begin to qualify as   science  , features that appear vestigial and functionless actually serve a function eg,0,Attack,B,1,0,,
890, allowing creationism in schools would violate the separation of church and state a separation of church and state necessitates that public schools not be a forum for upholding the validity or truth of certain faiths,evolution has no implications for morality it describes what has happened making no judgement about whether what has happened is good nonreligious ethicists are perfectly capable of making moral judgements and they regularly do so,1,Support,B,0,1,,
469,UKIP are blatantly disregarding the possibility of man made climate change.,"And when married to the Europhobia innate to parts of the Conservative party, you have a diabolical cocktail that threatens the whole long-term structure of UK climate change and energy policy.",1,Support,B,0,1,,
2031, if you wanted to start an actual debate you should have said there is no convincing evidence, wow,1,Support,B,1,0,,
107,"I sense that Farage is a total megalomaniac, a charlatan, someone who is in it for the attention and the glory and that in a strange way, that many UKIP voters know this but don't seem to mind.",There's an attitude that either you keep silent about everything that's been going on in UKIP and wit Farage or suffer the consequences.,1,Support,B,0,1,,
1002,i think this comes down to an irreducible complexity argument,i think this comes down to an irreducible complexity argument,0,Attack,B,0,1,,
2051,i read it in the text,well as we can see from other recent posts your reading comprehension is below high school level,0,Attack,B,1,0,,
583,"UKIP’s popularity is mainly founded on the likeability of its leader Nigel Farage, who manages to obscure its racist policies in clever rhetoric.",The party's leader Nigel Farage has promised to cause a political earthquake at next year's polls after a strong showing in local elections.,0,Attack,B,0,1,,
1606,there is no proof that there even exists a god to begin with so in that case you cant really use that either,read romans chapter ,0,Attack,B,1,0,,
1757,i really feel sorry for you,the history of the bible including its compilation by the early church is quite well known,1,Support,B,1,0,,
1019,your argument is compelling until we expand the question of how did we get here to encompass the divine,with belief,0,Attack,B,0,1,,
701,"The sooner we are out of the EU, the sooner we can start making this country great again.",Lord Pearson said he hoped the results would increase pressure for a referendum on EU membership.,1,Support,B,0,1,,
1067,the problem with your argument is that it simply depends on a certain kind of fossil not being foundthats part of the equation it also relies on changes or progressions between fossils happening to quickly or too sudden in order for it to be accounted for by chance and necessity,for starters   httpwww,0,Attack,B,1,0,,
660,"If UKIP want to retain these voters and attract more in a general election then they need to come up with policies other than ""leave the EU"" and ""its all the immigrants fault"".",UKIP has evolved over the two decades since it was created from an anti-EU pressure group into a fully fledged party which has now proved that it can succeed beyond European elections.,0,Attack,B,1,0,,
1453,or that evolution is a process involving randomness and natural selection,you give interesting and complex answers,0,Attack,B,0,1,,
2644,i cant believe that a great film like this can receive such a low rating while the likes of shawshank redemption and batman sit comfortably in the top  list of the entire website,i understood the film just thought it was poorly done,0,Attack,B,0,1,,
683,"I don't necessarily think Nigel Farage is worthy of PM, I think they need a new leader.",For Nigel Farage convincing his fiercest critics among UKIP's members and its estranged onetime supporters that he remains the right man to lead the party may be difficult.,1,Support,B,0,1,,
6,"Much of UKIP's meteoric rise has to do with political correctness, and the fact that ordinary people are sick of it.",Tim Loughton believes UKIP are here to stay.,1,Support,B,0,1,,
487,It is because of UKIP that we are finally discussing the European question and about immigration and thank goodness for that.,"Over three million jobs in this country, directly or indirectly, depend on us being in the EU, so that is a big choice.",0,Attack,B,1,0,,
2478,We should create a United Nations standing army,A United Nations standing army is unnecessary,0,Attack,B,1,0,,
1395,but they do,how do public schools support hate of   religion  ,0,Attack,B,1,0,,
39,I'm no fan of UKIP but well done to them for initiating a much needed shake up of British politics.,"He told the BBC that UKIP, which wants Britain to leave the EU, was making its cause more mainstream among Labour and Tory MPs via its campaigning.",1,Support,B,0,1,,
450,"I think Farage makes a much better leader than any of the other parties, he's full of enthusiasm and is not a PR man like the current leaders of the 3 main parties.",But Dr North does have other reservations about Nigel Farage - including what he sees as his lack of political acumen.,0,Attack,B,1,0,,
2111,i have not studied evolution according to your way of thinking,really what a surprise so tell me if you do not know what it is or how it works how do you know that you are opposed to it,0,Attack,B,1,0,,
2134,gay marriage does have a drastic affect on our society,prove it got any credible scientific or sociological studies,0,Attack,B,1,0,,
2541,We should force think tanks to reveal all of their sources for resource funding,People have a right to know where their information comes from,1,Support,B,0,1,,
2347,absolutely everybody knows about foursquare but nobody remembers gowalla they offered identical features and also launched on the same day same conference,well said,1,Support,B,0,1,,
807,"Ukip is the only party advocating withdrawal from the failing EU, a sensible idea for a lot of people!",UKIP said leaving the EU was the only way to fully take control of the UK's borders.,1,Support,B,0,1,,
236,If UKIP is really the best our country can do for an alternative then we are all doomed.,"UKIP better represents the views of Conservative voters than David Cameron's Conservative Party, he said, on a wide range of issues.",0,Attack,B,0,1,,
163,"I would say it's the anti-ukip brigade who have no substance to their argument (or facts), they simply shout ""racist"" with nothing to substantiate this slur, or become crude and insulting.","The 2009 poll saw UKIP's total grow to 13 seats, pushing Labour into third place with 16% of the vote.",1,Support,B,0,1,,
1232,contribution from joe gjoe ggeez pvm your position that everything comes down to sheer dumb luck is totally vacuous,intelligent design is an idea not a theory,1,Support,B,0,1,,
2268,suits is the best,suits is good but certainly not the best characters are pretty cool but plot and dialogue can be a bit cheesy sometimes unless dwight is a senior partner,0,Attack,B,1,0,,
1615,are they any less a scientist because they use   science   and their   education   to prove that evolution is falsethey are not scientists because their evidence is false,god is not physical except as christ  a christian true believers,0,Attack,B,1,0,,
1062,discovery institute quote mines mayrwhat one actually found was nothing but discontinuities,i was going to post a long reply discussing each quote in detail but i decided this was so much simpler,1,Support,B,0,1,,
1447, it seems to me that luskin is being more scientific in that he talks about a method for testing idthats ironic because luskin presents no testable id,in answering your questions i will try to keep on point,0,Attack,B,0,1,,
869,People are not voting for UKIP because of immigration propaganda but because of their direct experience of immigration.,"UKIP's local election manifesto, concentrates on its flagship policy of ending open door immigration and putting pressure on the government not to lift restrictions on workers from Bulgaria and Romania on 1 January, which proved a successful formula in Eastleigh.",1,Support,B,0,1,,
2038, the evidence that supports evolution is not only significantly abundant but predominately irrefutable, who enters into a scientific debate about evolution asking only for opinions are you serious forget opinions,1,Support,B,0,1,,
2446,The voting age should be lowered to sixteen years,Sixteen year olds are mature enough to vote,1,Support,B,0,1,,
966,jumpstartwhen materialist impose the supernatural all they are doing is saying somethings are beyond being explained through nature and by science, pvm why would materialists impose the supernatural this just does not make sense,0,Attack,B,1,0,,
2228,so why is population control a good arguement for abortion why do not we kill old people too,i am with you here,1,Support,B,0,1,,
2123,creation scientists read the sedimentary record of the placement of strata as evidence of the great flood while evo scientists read the same evidence very differently as evidence of an old earth,and creationists who can not tell the difference between cats and nuclear reactors do not understand fluid mechanics,0,Attack,B,1,0,,
1164,and minimize the ad hominems and iders will listen,i believe arguments from the opposing camps that say it looks like it was designed so it must have been designed and natural selection could have produced it so we believe natural selection did produce it are not going to lead to resolution of this issue,1,Support,B,0,1,,
779,It is more likely that Tory voters would vote tactically for UKIP to keep Labour out and that means Labour are at a real disadvantage. ,"Labour has declined to say how it expects to do, but experts have said it will be looking to retake control of councils such as Derbyshire and make inroads across the south of England at the very least.",0,Attack,B,1,0,,
1038,i appreciate your contributions as they provide an independent view into why so many have come to accept the scientific vacuity of id,i am curious about one thing  luskin statesid investigations thus begin with observations about how intelligent agents operate and then proceed to convert those observations into positive predictions of what scientists should find in nature if intelligent design was involved in the origin of a given natural object,1,Support,B,0,1,,
2527,US intervention in Libya lacking congressional approval was illegal,The United States engaged in hostilities under War Powers,1,Support,B,1,0,,
489,"UKIP are a two trick pony, Europe and immigration that's it.",UKIP has evolved over the two decades since it was created from an anti-EU pressure group into a fully fledged party which has now proved that it can succeed beyond European elections.,0,Attack,B,1,0,,
36,"I don't necessarily think Nigel Farage is worthy of PM, I think they need a new leader.","Mr Campbell-Bannerman, who wrote the party's 2010 election manifesto, came third behind Mr Farage, who is widely supported, in 2006.",0,Attack,B,1,0,,
2520,We should negotiate with terrorists,Negotiation is the only way to solve the underlying problem,1,Support,B,0,1,,
621,UKIP doesn't need to win power to force the changes people want.,"David Cameron should consider a pact with UKIP, his elections adviser has said.",1,Support,B,0,1,,
567,UKIP and the Greens are the only parties to date that haven't screwed us all over.,"The Tory leadership is running scared of its backbenchers by offering to renegotiate the UK's relationship with Brussels, he said in the Observer.",1,Support,B,0,1,,
209,The only reason we are even having a sensible debate about Europe are UKIP.,"Isolating Britain and damaging Britain's reputation is not the right history to write, he said.",0,Attack,B,1,0,,
1881,why couldnt god have created everything through evolution,intelligent design is the conclusion of deductive reasoning,1,Support,B,1,0,,
532,"UKIP is certainly NOT racist or xenophobic - if you, as I'm you have done, read our policies on the website there is no suggestion of this at all, it is more a rumour and conspiracy of the lefties. ","Of course it is racist, the language, the rhetoric, the membership, who doubts it?",0,Attack,B,1,0,,
92,UKIP are blatantly disregarding the possibility of man made climate change.,And he dismissed wind power and other renewables as playground technology.,1,Support,B,0,1,,
1125,so are we asking if a telic force exists or are we trying to psychoanalyze the intentions behind itwhy are these two questions always independent  i would think that any theory of id that made no attempt to identify and analyze the designer was an incomplete theory,why are these two questions always independentbecause   science   as we know it today can only answer one of them,0,Attack,B,0,1,,
1599,so god is not omniscient,is god all powerful no because he gave that up when he gave mankind free will,1,Support,B,0,1,,
1244,funny how being completely wrong about the earth revolving around the sun can make the catholic church a bit gun shy about claiming that   science   is incorrect without evidence to back it up,in the th century fundamentalist supported the idea that new species appear abruptly catastrophism,0,Attack,B,1,0,,
1580,k ,why do we even ask this question  people evolution is a fact   science   measures facts,0,Attack,B,1,0,,
335,Big business will not support UKIP given the devastation that withdrawal from the EU would cause.,"We simply cannot go to the British people and say to them support the European Union, we are going to reform it in the future.",0,Attack,B,1,0,,
697,If there are enough Ukip votes it should frighten all the parties sufficiently to make them realise they can't just ignore the electorate.,"But Mr Farage said Mr Barroso was very very frightened of UKIP and the UKIP argument in the UK, and similar movements in other EU nations.",1,Support,B,0,1,,
1393,and seeing that pvm doesnt care about the truth why is he a scientiston the contrary i have been asking you several times now how does id explains the bacterial flagella,joe gi never said anything about einsteins religious convictions,1,Support,B,1,0,,
1530,your friend pvm gave out in this discussion  httpwww,um this thread is months old and no one is reading it,0,Attack,B,1,0,,
2402,We should ban religious symbols in public buildings,If you ban one thing you have to ban lots of things,0,Attack,B,1,0,,
1219,the argument always had intuitive plausibility,you gave  claims of intelligent design intelligent agents sometimes leave traces of their activity behind like fingerprints on evidence,0,Attack,B,0,1,,
2185,to travel along the logic of the singularity expanding it is obvious that the singularity is what we have today,yes in a way we are in the same thing that existed way back then it has just expanded since then so its much bigger now,1,Support,B,0,1,,
1472,i appreciate he way you have taken time to methodically object,but most of it seems to be in the responsesuch as  because the ncse thinks science should be a voting contestthats just plain silly its the dissent from darwinism which attempts to create a controversy where there is none,0,Attack,B,0,1,,
294,People are not voting for UKIP because of immigration propaganda but because of their direct experience of immigration.,"And with the UKIP riding high in national opinion polls, Mr Farage has predicted it will win seats in each of the 34 councils where elections are being held.",1,Support,B,0,1,,
2233,the age of  is an arbitrary designation,that is the premise of my question,1,Support,B,0,1,,
788,The hate campaign against Eastern Europeans that was and is run by UKIP legitimises anything said against them.,"The Conservatives, the Lib Dems and Labour have all been reconsidering their policies in light of this change and widespread criticism of the last government's failure to anticipate the large number of migrants from eastern Europe who came to the UK after EU enlargement in 2004.",0,Attack,B,0,1,,
1788,correction its an ancestor of both chimpanzees and humans,oh boy here we go again,1,Support,B,1,0,,
1766,in a literal translation genesis  and  state that god created the heavens and the earth in six days,as has already been covered,0,Attack,B,1,0,,
1255,just when you think you have seen and heard it all the landons  eonic effect pops up again,may as well get to work on it,1,Support,B,1,0,,
1373,here is irons response to the so called rebuttalreply to rebuttalby peter ironsthe pages of a respected law review are rarely filled with such pejorative terms as smear and innuendo poisoning the well and personal attacks,you lost the case  get over it,0,Attack,B,1,0,,
241,"I agree with UKIP on the EU, but the rest of their policies are dangerous right wing bile.",Some have also suggested that UKIP may appeal to disaffected BNP voters.,1,Support,B,0,1,,
468,UKIP actually wants to repeal the Human Rights act which is in place to guarantee basic human rights and would be disastrous if they ever were successful with this.,"I believe that what UKIP is doing is vital for this country, and of course the party's financial management is crucial.",0,Attack,B,1,0,,
1528,so luskin is accusing ncse of being both antireligion and proreligion,after all he is just trying to compete with your legacy nick,1,Support,B,1,0,,
1814,no thats incorrect,no that is also incorrect,0,Attack,B,0,1,,
1070,but i think you dont realize the importance of your concession that the di is correct to point out that a lack of merit of id should not be confused with its religious implications,intelligent design if true would indeed have amazing implications,1,Support,B,1,0,,
1036,when held to the standards of proof required for all other scientific theories id fails,i grant your point sir,1,Support,B,0,1,,
2350,suits is good but certainly not the best characters are pretty cool but plot and dialogue can be a bit cheesy sometimes unless dwight is a senior partner,and also bad acting,1,Support,B,0,1,,
1346,after some diversions to point out that augustine himself held some inconsistent positions tj finally comes to the quote i providedtji understand what he is saying but for this to be valid the unbeliever has to accurate in what he believes,so tj you seem to have made quite a few foolish arguments how familiar are you with augustinetj  well i know that he believed the earth was created instantaneously not progressively and was according to scripture less than  years old,0,Attack,B,1,0,,
1958, did you really just say that no scientist can support evolution  the theory of evolution came about from scientific discovery so your statement makes hardly any sense, evolution is the real deal,1,Support,B,0,1,,
2405,I prefer trade to aid,Trade provides developing countries with an important basis for their own improvement,1,Support,B,0,1,,
923,i understand why id proponents would like to embrace newton and others as relevant to id,archfilejockey quoted kent hovind as saying asking an atheist why he cant find god is like asking a thief why he cant find a police officer,1,Support,B,0,1,,
2054,what is a repeatable experiment is made meaningless,what does this have to do with what you started out with can you not at least pick a topic and stick with it,0,Attack,B,1,0,,
1503,in pandas we read creation means that the various forms of life began abruptly through the agency of an intelligent creator with their distinctive features already intact,   httpwww,0,Attack,B,1,0,,
1925, no we were put here by aliens as an alternative food source, i do not believe that we evolved from monkeys or any other animal i believe that god created us in his own image,1,Support,B,1,0,,
1740,you said tentacles could become legs,because you cant imagine a reason why both chimps and humans have a chunk of dna that has the same viral code doesnt mean its   evolution  ,1,Support,B,0,1,,
1288,because i hate to break it to you but   christians   believe that the world is round so does that mean you disagreebut is a round earth inherently a christian positionalso pagans believe that the earth is round as well,i recommend this bookgod in the foxhole by charles sasser not that youll read it but hey its worth a try,0,Attack,B,1,0,,
1184,the actual limitations that creationists try to bring to light are nonsense,from a review of explore evolutioncounterclaims follow that seek to undermine the earlier conclusions including the circular reasoning of the molecular clock the potential fabrications of haeckels ontogeny recapitulates phylogeny how differing family trees are created via anatomical and molecular patterns of relationships and the meaning of gaps in fossil evidence,0,Attack,B,1,0,,
2623,although the production was executed competently this dark fantasy did not suit my taste at all it felt as if a lot of effort was put into telling a story that wasnt worth telling,it a very good horror story to me i like the fantasy story more than the fascist story telling but fusing the two allows us to remember history,0,Attack,B,1,0,,
1884,evolution has actually never been observed,your definition of faith is atheistic it actually denotes the essence of the term foolish,1,Support,B,1,0,,
389,"Despite their best efforts at pretending otherwise, UKIP are still widely disliked and untrusted by the majority of the population.","Opinion polls come and go, but while any by election is just a tiny slice of the electorate in one of 650 seats across the UK, it does involve real votes in real ballot boxes, and UKIP have performed marvellously.",0,Attack,B,1,0,,
1560,creationist want god to be both all powerful and outside the physical forces he supposedly created,genesis is very clear that the evening and the morning were the first day,0,Attack,B,1,0,,
459,"Arguably, UKIP & co. aspire to destroy the culture created in Europe after WWII, which has been based on openness, free travel, migration and cross-geographic access to goods and labour markets.",You all think euroscepticism is a right-wing view - it is not.,0,Attack,B,1,0,,
2460,All nations have a right to nuclear weapons,Humanitarian intervention becomes impossible in states that possess nuclear weapons,0,Attack,B,1,0,,
22,Cameron had it right and UKIP could tip the balance towards Labour in the crucial marginal seats in the GE where the battle will take place .,"But the Conservative leader's strategy has angered senior EU officials including Mr Barroso, who accused Conservative leader in the European Parliament, Martin Callanan, of not being a genuine Eurosceptic.",0,Attack,B,1,0,,
2340,lots and lots of things to see i loved the kitchens at the royal palace the egyptian museum and the museum of cinema such a variety of things to see,sounds lovely,1,Support,B,0,1,,
1896, god does exist he created evolution, what i feel in this context is creationism is nothing but a wrong assumption,1,Support,B,1,0,,
762,"I don't necessarily think Nigel Farage is worthy of PM, I think they need a new leader.",One stall is fronted by Marta Andreasen - a sitting UKIP MEP - who has called for the leader Nigel Farage to resign.,1,Support,B,0,1,,
2082,however the bible does say i create you before i placed you in the womb this would imply that god created you before you are even conceived,so god also says he made you out of dirt and then supernaturally lifting the dirt from the ground into the womans uterus oh well i suppose it is all beliefs no matter how silly it sounds,0,Attack,B,1,0,,
1209,quite well i am sure,islandcontrary to modern and variant interpretations the anthropic principle was originally formalized by carter as an ideological statement against the dogmatic nonscientific prejudices that scientists commonly harbor that cause them to consciously deny anthropic relevance in the physics so they instead tend to be willfully ignorant of just enough pertinent facts to maintain an irrational cosmological bias that leads to absurd copernicanlike projections of mediocrity that contradict what is actually observed,1,Support,B,1,0,,
2512,I believe that opinion polls harm the democratic process,Opinion polls are a forum for public expression and should be protected,0,Attack,B,1,0,,
554,"Whatever you think of UKIP, you've got to admit that Farage is a superb speaker.","He's very outspoken - even the people who don't share his message think that he's a great speaker and fun to listen to, says Soini.",1,Support,B,0,1,,
2345,no joined is the date a user registered to the website and visited is the date of his or her last visit do you think the names are not clear,yes they are for some reason they used to be the same for a few days it is ok now,1,Support,B,0,1,,
736,It is because of UKIP that we are finally discussing the European question and about immigration and thank goodness for that.,Sir Menzies Campbell suggested the government was worried about a political backlash amid public concerns about immigration levels in general.,1,Support,B,1,0,,
2000, there are documented cases of specific species adapting over time, i think  the case against evolution is wrong and misinformed,1,Support,B,0,1,,
1573,today july nd  the best solar eclipse of the century took place from india to japan,this is open your interpretation of the bible,0,Attack,B,1,0,,
95,Hopefully we will see our first UKIP MP before the general elections next year.,UKIP leader Nigel Farage said the party had made had made ''good steady progress''.,1,Support,B,0,1,,
1258,the eonic website claims erroneouslythe one thing darwinists dont want to find is such a nonrandom pattern anywhere,secrets of the genome january   by john c,1,Support,B,1,0,,
1784,i agree totally with what you said cerin,the theory behind evolution is not that an organism evolves during its lifetime but that the species evolves over thousands if not millions of years or generations,0,Attack,B,0,1,,
2398,We should ban religious symbols in public buildings,A ban would be simple to enforce,1,Support,B,0,1,,
1712,i am a strong believer in the authority and inspiration of the word of god,the fact that we do not know i believe only gives more power to godyes  our ignorance proves that there is a god  or maybe not,0,Attack,B,0,1,,
1666,why does any one think god is limited to time,does the bible state that the world was created in six days,0,Attack,B,1,0,,
1443,creationism has more solid evidence than   evolution   does, we can observe it occuring  the fossil record shows changes in lifeforms separated by time  genetic analysis shows similarities at the dna level between similar lifeforms,0,Attack,B,1,0,,
424,"UKIP's position is not reasonable, but racists and proto-fascist, considering they have nothing to say about the finance capital bombing of the economy, but to put all the blame for Europe's woes onto immigration.","He debated with journalist and historian Sir Max Hastings who said Britain can't stay in Europe on any terms, but said leaving could mean the UK could find a very tough time out there.",1,Support,B,1,0,,
289,The success Ukip had in the european elections will be sufficient to galvanise one or preferably all the other parties to rid us of the EU's political influence.,"But UKIP has a mountain to climb compared with its larger rivals and still lacks the strength on the ground that the Lib Dems, Conservatives and Labour can command.",0,Attack,B,1,0,,
1787,i have never seen an ape evolve into a human and although i have never seen god that makes more sense than evolution,correction its an ancestor of both chimpanzees and humans,1,Support,B,1,0,,
559,"ukip's policies on health, education, taxation and all the things that affect peoples lives are non-existent.","Here is how I see it - immigration, welfare and education are totally linked.",0,Attack,B,1,0,,
1205,science of course has tested the principle even though for a long time it stood as an assumption,this rather poorly phrased term suggests that there may be an enigma but lets look at the apparent correlation between habitability and our existence as observers,1,Support,B,1,0,,
208,"The momentum is definitely with UKIP at the moment, hopefully that will continue with the up and coming by-elections.","Talking of the EU, Godfrey Bloom said UKIP was the only game in town, the only party that is going to get us out.",1,Support,B,0,1,,
1659,intelligent design might be a seasoned exercise in rationalization but the claim that it is a science cannot be supported,the author seems to thing there is no extrabiblical evidence of a young earth,0,Attack,B,0,1,,
323,UKIP are in no way a single issue party and if Labour or the Conservatives were to give us a referendum UKIP would still have a full manifesto that would attract many voters.,"UKIP enjoyed its best-ever results in May's English council elections, gaining more than 140 seats.",1,Support,B,0,1,,
961,while that is an interesting question it is hardly a scientific one,the the myths and stories of the bible were never meant to be taken as history in our sense of the word and certainly not   science  ,1,Support,B,0,1,,
1449,jim,jim,1,Support,B,0,1,,
368,"The UKIP mainstay vote is in normal working people because they never voted for 4 million immigrants, they never voted for Multiculturalism.",UKIP leader Nigel Farage said the UK had no real control over either the number or the type of migrants that were settling from elsewhere in the EU.,1,Support,B,0,1,,
43,The current smear strategy against UKIP is not pulling people back but pushing them towards UKIP and if this carries on then things are going to be a lot tighter by the time the general election comes.,"Many opinion polls suggest UKIP opinions are mainstream, at just the same time that UKIP's big beef, the EU, and it's take on it, getting out, has arguably never been more prominent or more fashionable.",1,Support,B,0,1,,
2052,i do not hate america i hate stupid people that occupy american territory,but you protest and get all hysterical when someone suggests restricting terrorists from buying guns,0,Attack,B,1,0,,
868,"The sooner we are out of the EU, the sooner we can start making this country great again.",UKIP leader Nigel Farage said the UK had no real control over either the number or the type of migrants that were settling from elsewhere in the EU.,1,Support,B,0,1,,
2248,jogging is just as good as walking but it is done at a faster pace which results in higher impact on your knees hips and other joints,walking can be a wonderfully leisurely pastime but the burn is not as significant as running for the same period of time,0,Attack,B,0,1,,
1409,agreed that religious belief should not necessarily compel the rejection of wellestablished results from welldeveloped scientific fields,tjopen debate is all we are asking for,0,Attack,B,0,1,,
987,that one is from isaiah ,yes god is by his nature  supernatural,0,Attack,B,0,1,,
2100,i also think it is noteworthy that the pro life movement is really making a difference if anything to hit the polls in elections and send the message that we are tired of a cheap view of life in this nation,funny did not hear them complaining about the iraqis dying in the street also they did not seem to mind that the abortion rate which was declining under clinton has been rising under bush,0,Attack,B,1,0,,
181,A vote for UKIP is a vote to leave the EU and recover power over our national life.,UKIP averaged 25% of the vote and won more than 140 seats in the polls.,1,Support,B,0,1,,
1063,i was going to post a long reply discussing each quote in detail but i decided this was so much simpler,in fact the history of life shows a pattern of explosions where new fossil forms come into existence without any clear evolutionary precursors concurring with design theory that predicts that species might appear abruptly,1,Support,B,0,1,,
1961, we have similar dna to a cabbage is that just because god was having a good joke with his angel mates, evolution is true im a christian but im not in denial adam and eve is a load of sh   its probably meant to be symbolic and easy to understand for the people of the day remember that was over  years ago,1,Support,B,0,1,,
1629,now the trick is to prove that all of the authors were free of stray thoughts and theological spin,my answers to your questions are ,1,Support,B,0,1,,
139,The only reason we are even having a sensible debate about Europe are UKIP.,The UKIP MEP reckoned a number of Conservatives who want a referendum on the EU in the current Parliament need to grow a backbone and do something about it.,1,Support,B,0,1,,
1936, you cant make nothing out of nothing, i believe evolution did occur but god created it,1,Support,B,0,1,,
1917, all animals share the same dna so we must be related if you look at the evidence something religious people dont do you will see that there is more evidence for it than against it, you dont have to believe anything,1,Support,B,1,0,,
950,as i said earlier experience demonstrates that it matters a great deal to an investigation whether or not that which is being investigated occurred via agency involvement or by nature operating freely,we dont know but we do know a designer wasnt involved,0,Attack,B,1,0,,
1315,the ayn rand center and i agree for once about the fact that id is nothing more than bait and switch and that id at best is a religiously motivated attack on science as the di seems to admit in their own wedge document,if id is bait and switch then so is   evolution   considering that its proponents tend to sell it off starting with the least extreme definition and just move on up from there  httpintelligentdesign,0,Attack,B,0,1,,
1364,ids designer wink wink is just an evolved concept just like creationist became cdesign proponentist to design proponent,judge jonesalthough we have found that defendants conduct conveys a strong message of endorsement of the board members par ticular religious view pursuant to the endorsement test the better practice in this circuit is for this court to also evaluate the challenged conduct separately under the lemon test,0,Attack,B,1,0,,
946,joewe look at the options,joewe look at the options,0,Attack,B,0,1,,
2353,among the best for sure,yes i agree on that,1,Support,B,0,1,,
994,saying there are experts on intelligent design is like saying there are experts on astrology,what always gets me with the intelligent design crowd is that in their aim of inserting an external designer into the mix of biological science they seem to miss or deliberately avoid one glaring fact  once life exists with varying degrees of success life designs itself according to the rules established by its environment and its own specific nature,1,Support,B,0,1,,
1371,instead this appears to be an abuse of copyright without an argument on crowthers part,the u,1,Support,B,0,1,,
1610,this is so because it has been proven,at their very foundation theorems are based on a set of assumptions known as axioms,1,Support,B,1,0,,
1394,joe gi never said anything about einsteins religious convictions,but they do,0,Attack,B,1,0,,
2175,i apologise if i have offended you jason furthermore i must admit that i do not actually own a camel,apology accepted i kind of figured you did not,1,Support,B,0,1,,
484,"UKIP's position is not reasonable, but racists and proto-fascist, considering they have nothing to say about the finance capital bombing of the economy, but to put all the blame for Europe's woes onto immigration.",UKIP say their message is cutting through regularly.,0,Attack,B,1,0,,
1045,all human design and resulting construction starts with what exists a designer and things entities,theories are not supported by finding confirming evidence only,0,Attack,B,1,0,,
1570,yes im fully aware what a solar eclipse is,yes im fully aware what a solar eclipse is,0,Attack,B,0,1,,
1828,evolution has never been proven and will never be proven because it never happened,although i firmly believe in evolution it is only a theory and even though theories have evidence and are backed up with facts they are not  true and can probably never really be proven like the big bang theory,1,Support,B,0,1,,
1860,and i guess those differences bring us right back to the atheist vs,aristotle socrates and plato,1,Support,B,0,1,,
2588,movies should be fun entertaining this movie is not waste of my time ,a candle shines brightest in the darkness corny but its true all the horrible events and surroundings only highlight the beauty of hope love humankind etc i find this film so inspirational only film to ever make me cry from happiness,0,Attack,B,1,0,,
2053,i can appreciate this slant however i think that a true feminist approach would be to support women who want their pregnancies by finding solutions to the reasons they feel an abortion would be their best choice,that is not something you can really blame on the pro life movement in fact a lot of effort in the pro life movement does go into helping single mothers,0,Attack,B,1,0,,
919,you are missing the point the ad hominem is not that i did not understand your argument i can see why given your limited exposure to id you may have come to that conclusion,i wrote a good philosophical question and i think you and i would agree that this adaptation could have been guided by some higher agency of course by using a fully natural mechanism such questions remain scientifically vacuous,1,Support,B,1,0,,
712,Young people have the most to lose by the UK leaving the EU yet UKIP have the nerve to believe that their view should prevail.,"Mr Farage had an upbeat message for activists at his local elections campaign launch on Wednesday, saying UKIP was attracting more young members - the party says more than 100 of its candidates are under 25.",0,Attack,B,1,0,,
1519,it is entirely misleading to imply that academic freedom is gives license to present nonscience like idthese academic freedom bills which typically work in conjunction with the science standards are written to strictly prohibit the teaching of religion creationism creation science creation facts and id,islandno as i said they are typically by law strictly prohibitive of id creationism which is a huge difference that you dont want to willingly acknowledge,1,Support,B,0,1,,
1609,the argument youre making would make sense if we could all just go up to god and ask hey is this true and god could give his answer directly to anyone who asked,this is so because it has been proven,1,Support,B,1,0,,
1321,this objection highlights one of the problems with public education the government should not be in the position of deciding what people ought to believe about science anymore than they should decide what people ought to believe about religion,your half right ,0,Attack,B,0,1,,
295,I suspect when people do start to focus and the election is close UKIPs incoherent policies will be exposed.,"UKIP appears to have struck a chord with many voters on the issue of immigration, campaigning against the relaxation of working restrictions on Bulgarians and Romanians due to come into force in January.",0,Attack,B,1,0,,
1498,nothing in the early drafts state that the creator was specifically god or anything supernatural something the di is already emphasizing on this site,the term creation and creationists have very clear and religious meanings,0,Attack,B,1,0,,
632,UKIP is a vessel through which a protest is being delivered. ,He argued that his party was on a journey from a party of protest to a party of government.,0,Attack,B,0,1,,
2431,European Parliament elections should involve only one voting district all of Europe and not separate country seats,This avoids the real questions about the European Parliament,0,Attack,B,1,0,,
2046, how com everyone here is bickering try the flood, two darwinists spent hours standing at a flag pole trying to find the height of it,1,Support,B,0,1,,
771,"UKIP is a party stronger for its diverse opinions and sometimes anarchic views; much better than the automatons in the Establishment parties, who just say what they think the public wants to hear, except when the mask slips.",And they also seemed very thankful to have the colourful Nigel Farage back as party leader.,1,Support,B,0,1,,
2468,We should promote democratisation,Developing countries are generally not altruistic enough to fully support countries and as a result they achieve a useless halfway state,0,Attack,B,1,0,,
1943, i feel the need to distinguish between microevolution and macroevolution, yes i believe the theory of evolution is wrong as there are no scientific facts about that,1,Support,B,1,0,,
1000,i read the entire article,first and foremost  how does an animal without an immune system survive to acquire one,0,Attack,B,0,1,,
381,"If you want an insight into just how mad and bad UKIP are, go and read what their members, candidates and supporters write on the Telegraph.","The UK Independent Party says it is the only party which will pull the UK out of the European Union, a vital process according to them.",0,Attack,B,1,0,,
1348,i will address the post by americans united for separation of church and state here and then address the question of constitutionality in another post,in my previous post i discussed by the auscss arguments were flawedboth factually and logically,1,Support,B,0,1,,
1638,i dont see what is so hard about it,your stating what you believe not what can be demonstrated scientifically,0,Attack,B,1,0,,
220,"Any of the ""working class"" who believe UKIP will represent them have not read a UKIP manifesto!",UKIP says it is campaigning on a pro democracy message - aiming to rejuvenate local politics.,0,Attack,B,1,0,,
933,naming two well known id proponents does not a citation make to support pvms twisted version of id arguments,seems highlander was somewhat quick in his response as i am more than willing to support my claims,0,Attack,B,0,1,,
2504,The International Criminal Court should be recognised,It may be in the best interests of victims and their state for war criminals not to be brought to trial,0,Attack,B,1,0,,
449,"The sooner we are out of the EU, the sooner we can start making this country great again.","He said the UK should quit the EU, with the referendum being moved forward.",1,Support,B,0,1,,
1029,satan is sure behind all of these things,thats classy,1,Support,B,1,0,,
1754,you skewed whatever argument you were wishing to present by quoting from the cathoic catechism,any sincere new testament bible studdent knows that there is only one one reliable and true book the bible,0,Attack,B,1,0,,
841,"If we leave the EU we will save billions of pounds which can then be invested in our ailing national infrastructure, notably the NHS.","Over three million jobs in this country, directly or indirectly, depend on us being in the EU, so that is a big choice.",0,Attack,B,1,0,,
570,UKIP is not at all taking into account the financial effects of leaving the EU: Europe is the main market for the UK. ,UKIP has evolved over the two decades since it was created from an anti-EU pressure group into a fully fledged party which has now proved that it can succeed beyond European elections.,0,Attack,B,0,1,,
1817,actually im not sure its been proven,prove it my good fellowdont proven itby the way,1,Support,B,1,0,,
1008,that reply was to allogic,and i was just the reverse,1,Support,B,1,0,,
2073,with all the debt obama has generated for our nation he deserves to be filibustered into the ground ,which planet in your parallel uni haverse did this happen on you should stick to topics on which you know something,0,Attack,B,1,0,,
2620,so im warning all of you guys whos expecting an epic tale beautiful cinematography and lots of action this was one of the most boring films ever made and nothing like other war movies,people who do not like a particular film but never refer to the actual themes expressed in it and instead just say that its boring basically says that they are idiots,0,Attack,B,1,0,,
56,"If UKIP want to retain these voters and attract more in a general election then they need to come up with policies other than ""leave the EU"" and ""its all the immigrants fault"".",Mr Farage - who was re-elected leader last year - has made improving the party's performance in local elections and broadening their policies a priority.,0,Attack,B,0,1,,
1178,but we are not arguing that it is wrong,the theory of   intelligent design   holds that certain features of the universe and of living things are best explained by an intelligent causefine,0,Attack,B,0,1,,
1739,  science   always wants to separate that messy first cell from   evolution   theory,you said tentacles could become legs,0,Attack,B,1,0,,
2085,read what i actually wrote for a change,this is what socially inept losers do when they know their argument is deny they ever made one,0,Attack,B,1,0,,
1908, creationism is not out of the picture, i do believe in creationism,1,Support,B,0,1,,
325,"The momentum is with UKIP; Labour, Conservative and Liberal areas are all now vulnerable to them. ",I want to campaign for Britain to break free from the EU and UKIP are the party to do it.,1,Support,B,0,1,,
857,"Despite you best efforts at pretending otherwise, UKIP are still widely disliked and untrusted by the majority of the population.","Mr Cameron once described UKIP as a party of fruitcakes, loonies and closet racists.",1,Support,B,0,1,,
1120,every time i hear a single word mentioned about the ttss and that it somehow gives flagellar   evolution   some credibility i lose a few months off my life span,i am debating it mainly to create a faq sheet for ithilarious,0,Attack,B,1,0,,
2188,japan and the former soviet union had very high rates of abortion because of the lack of birth control neither country made such a decision because of religion,that was the past i am speaking of now,1,Support,B,0,1,,
2452,The voting age should be lowered to sixteen years,Young people would be more likely to misuse their vote,0,Attack,B,1,0,,
1024,the response to my comment id contradicts itself is a series of peculiarly unclear assertions,the response to my comment id contradicts itself is a series of peculiarly unclear assertions,0,Attack,B,0,1,,
1708,i am not disputing god and i hardly think the difference between a day and a billion years or so is splitting hairs,mike my apologies to you but i am surprised at the numbers of people here who appear to be somewhat hostile towards the existence of a supreme being namely god yahweh yahwah yhwh the i am that i am and so forth,0,Attack,B,0,1,,
2080,all organisms tend to produce more offspring than can possibly survive,false and that does not invalidate evolution given how it is a misrepresentation of one of the statements in the theory ,0,Attack,B,1,0,,
968,jumpstarti reckon well have to take your word on your christianity,if youre tired of debating pandas fine,0,Attack,B,1,0,,
854,"Ukip has British values, wants to get British industry kick started back to the fore front again, become more self-sufficient.","That said, Lord Davies told peers the bill was an excellent idea, because he was quite confident that any such inquiry would decide that the benefits of EU membership outweigh the costs.",0,Attack,B,1,0,,
218,A vote for UKIP would be a vote for a Tory-UKIP alliance that would be more right-wing than a Tory government.,"The Conservative leadership was more committed to membership of the EU and more committed to denying us a referendum than ever before, Farage said.",0,Attack,B,1,0,,
413,For what its worth I think UKIP is a one trick pony and is unelectable in a general election.,"UKIP meets just days after one of its ex-deputy leaders quit the party, frustrated by its totalitarian leadership and narrow policies.",1,Support,B,0,1,,
556,UKIP is leveraging on the frustration of a certain stratum of society (white working class and male) in order to gain power.,"It is not just about UKIP it's that the British people are as interested and concerned about Europe, as they are about the economy, as they are about immigration.",0,Attack,B,1,0,,
2184,it is helpful if one understands evolution before one attempts to debunk it,i know what you mean you should see some of the other books he has at his site as well,1,Support,B,0,1,,
505,If there are enough Ukip votes it should frighten all the parties sufficiently to make them realise they can't just ignore the electorate.,He said the level of interest showed rivals and the media were scared witless of UKIP's recent successes.,1,Support,B,0,1,,
1815,contra the evolutionary theory which is the selection of the fittestis the antievolutionary theory which is the antiselection of the unfittest,charles darwin wrote about the theory of biological evolution not antievolution just because the word anti is in front of something it does not make it correct mate,0,Attack,B,1,0,,
2508,I believe that opinion polls harm the democratic process,Opinion polls are harmful to the democratic process because they stifle debate,1,Support,B,0,1,,
2648,i really liked this movie a lot loved the performances of all the actors and even the story but was not quite convinced with the ending,i agree as i wanted to see him get his also charlie should have killed stanley and not his brother they could have gone their separate ways but that would have been too predictable i suppose,1,Support,B,0,1,,
708,UKIP getting a large chunk of the vote in the EU elections sends a message to Europe that they cannot take the UK membership for granted.,"It is a simple, understandable message, which has led to the party gaining bigger shares of the votes in European elections.",1,Support,B,0,1,,
1963, evolution is completely true darwin hit the nail right on the head when he defined the theory of evolution and the survival of the fittest understanding, evolution is simply the genetic change in populations of organisms over successive generations,1,Support,B,0,1,,
1489,you still have yet to provide any passages within pandas which state that god is directly implicated saying that the fte is religious therefore so is pandas,you still have yet to provide any passages within pandas which state that god is directly implicated saying that the fte is religious therefore so is pandas,0,Attack,B,0,1,,
2622,although the production was executed competently this dark fantasy did not suit my taste at all it felt as if a lot of effort was put into telling a story that wasnt worth telling ,yeah it is a dark story but i do think the story is worth telling i was fascinated how the fantasy was told in backdrop of a fight against fascism,0,Attack,B,1,0,,
353,"I don't necessarily think Nigel Farage is worthy of PM, I think they need a new leader.",Mention Farage and the facial expression you're met with is one of crumpled disgust.,1,Support,B,0,1,,
2352,not london for sure,yes it is vienna,1,Support,B,1,0,,
2275,too thin it will not be very durable,but the used material is strong so two centimeter seems to be a good choice,0,Attack,B,1,0,,
1797,this isnt the debate about which makes more sense over a seven day creation or evolution it is one of belief in evolution,that is your opinion,1,Support,B,1,0,,
2304,no what makes economics tick is unfairness of trade you do not need to fix something that is still not broken,on the other hand prices in usa are much lower for example for electronic devices that could be a way to reduce prices in europe,0,Attack,B,1,0,,
1149,icdesignwhat is a intelligent design and why is your example an intelligent design simple straight forward question,if something can arise spontaneously then a designer certainly isnt provenwhat is proven is that a designer is unnecessary,1,Support,B,1,0,,
834,A strong UKIP vote suggests there's a lot of the British public who aren't on board with the current set-up.,"Over three million jobs in this country, directly or indirectly, depend on us being in the EU, so that is a big choice.",0,Attack,B,1,0,,
268,"My observation is that UKIP often are reluctant to directly answer any questions of substance, which can be accounted for by the fact that they really have no policies.","UKIP have pledged to do more to help with the cost of living, more to turn the economy round, more to get immigration down, to sort out the welfare system.",0,Attack,B,1,0,,
512,"UKIP doesn't understand that young people are, by and large, progressive.","The UKIP leader also stated that the priority for Britain should be to have more united communities and better job prospects for young people, rather than the economic benefits that some believe immigration can bring.",0,Attack,B,1,0,,
1968, can we get one thing straight, the simplest way to prove it is this,1,Support,B,0,1,,
2315,great i loved him a fantastic actor,indeed he was amazing,1,Support,B,0,1,,
228,"If UKIP don't like being smeared, then they need to stop smearing, stigmatising, and fear mongering about others.","But UKIP, whose conference takes place at Eastbourne's Congress Theatre and Winter Gardens, is keen to be seen as more than a single-issue party and other issues on the agenda include defence, education and housing.",0,Attack,B,1,0,,
1267,if intelligent design says nothing about the supposed designer then of what value is it if the designer created life millions or billions of years ago what was his purpose in doing so what iswas the designer like did the designer give specific instructions to his creations as most religions teach the id promoters delibrately leave such questions unanswered in their official pronouncements about id,discovery institute writes ,1,Support,B,0,1,,
393,The only reason we are even having a sensible debate about Europe are UKIP.,"The whole political scene is changing; it's changing because of the strength of UKIP, and I'm pleased about that.",1,Support,B,0,1,,
1147,icdesig,we absolutely exclude natural selection as a designerthe real trick is convincing the public that macroevolution is a scientific fact when it has never been observed which is a requirement for sciencei dont know where you get your information but i dont know any id people who include nonid as part of their belief systemlets do this sir lets bring it home to where we live if the human body is not an intelligent design then you tell me what is the definition for an intelligent designwhat is a intelligent design and why is your example an intelligent design   simple straight forward questionwhat is your simple straight forward answer                   bet you cant do it,0,Attack,B,1,0,,
1074,i dont agree with the very first statement that id limits its claims to what can be scientifically inferred from the empirical domain,sharky has pointed out the problem with id namely the flawed concept that ordinary and rarefied design can be detected reliably based on the same approach,1,Support,B,0,1,,
1743,yes i understand we didnt evolve from chimps from the position of   evolution   theory  and im sorry for saying it that way considering i truly dont want to encourage the misinformation and typical uninformed view,it is only the closest science can come to explaining the origin of human existence and how things developed over timeyes,0,Attack,B,0,1,,
988,yes god is by his nature  supernatural,first of all the bible is not a   science   book,1,Support,B,1,0,,
775,"The sooner we are out of the EU, the sooner we can start making this country great again.","In a separate interview with BBC Radio 5 live, he warned of the possible consequences of an in-out referendum on the UK's relationship with the EU.",0,Attack,B,1,0,,
1713,the fact that we do not know i believe only gives more power to godyes  our ignorance proves that there is a god  or maybe not,imagine you found a grain of rice and you wanted to measure its length,1,Support,B,1,0,,
971,i recently read that after careful study the backwards wiring is essential,if you are going to comment on something in   science   you need to back it up with actual data,0,Attack,B,1,0,,
2498,I support the truth and reconciliation commission,Reconciliation can be used to conceal political corruption and patrimony,0,Attack,B,1,0,,
2640,this film is easily one of the best movies ive ever seen yes it is pretty easy to guess the ending but it still wasnt ruined by that fact it is a work of art it is rewatchable,i wholeheartedly agree ive just seen it tonight and was blown away by it i will be thinking of this movie for a long time,1,Support,B,0,1,,
2133,do you understand something like sociobiology counts as good science if it consists of a body of work produced by people applying scientific methods rigorously,and if id consists of a body of work that you and an established special interest do not like then its not good science,0,Attack,B,1,0,,
827,UKIP is the only party that has understood the damage immigration does to the UK and its policies aim at repairing this.,"His comments come as a poll suggests that 56% of people want major curbs on immigration,",1,Support,B,0,1,,
2022, people like you should be banned from this website, there is positive evidence against macroevolution,0,Attack,B,1,0,,
2657,the only good thing in this movie was dr schultz after that it was a yawn fest,it won  oscars and got great reviews so a lot of people disagree with you it was a really entertaining movie with a great cast definitely not one of the worst movies,0,Attack,B,1,0,,
2660,after all the attention and awards etc and an imdb rating of  i was so shocked to finally see this film and have it be so bad,i loved the film and its your opinion if you didnt like it i respect your opinion and no you are not the only person that didnt like this film some other people did too,0,Attack,B,1,0,,
1658,science is based on what can be observed  tested,intelligent design might be a seasoned exercise in rationalization but the claim that it is a science cannot be supported,0,Attack,B,1,0,,
1670,one day we all will know the truth,but who could it be  is it you or me  or maybe the buddhists,0,Attack,B,1,0,,
906,schools should not teach theories that are completely at odds with each other,because students are impressionable if you teach them the literal truth of genesis as science they may well believe you,1,Support,B,0,1,,
915,ken ham,richard dawkins,0,Attack,B,0,1,,
830,It is because of UKIP that we are finally discussing the European question and about immigration and thank goodness for that.,UKIP has evolved over the two decades since it was created from an anti-EU pressure group into a fully fledged party which has now proved that it can succeed beyond European elections.,1,Support,B,0,1,,
1792,therefore evolution has not been scientifically proven,i agreed with you up until reasonable doubt,0,Attack,B,0,1,,
1831,its all a theory,if man evolved from apes then why is there still apes to evolve is to change and the ape didnt,1,Support,B,1,0,,
2562,Governments should be allowed to disrupt Internet service on grounds of national security,The right to internet access as a fundamental right,0,Attack,B,1,0,,
1153,icdesigni think behe has made the case for obvious design within the cell and i dont think you will findanyone who could put it any more clear,hi pvm they finally got things straightened out,0,Attack,B,0,1,,
1148,we absolutely exclude natural selection as a designerthe real trick is convincing the public that macroevolution is a scientific fact when it has never been observed which is a requirement for sciencei dont know where you get your information but i dont know any id people who include nonid as part of their belief systemlets do this sir lets bring it home to where we live if the human body is not an intelligent design then you tell me what is the definition for an intelligent designwhat is a intelligent design and why is your example an intelligent design   simple straight forward questionwhat is your simple straight forward answer                   bet you cant do it,icdesignwhat is a intelligent design and why is your example an intelligent design simple straight forward question,0,Attack,B,0,1,,
2050, i take issue only with the word no in this title though without it there wouldnt be much debate so fair play, devils advocate creationism is true because creation the world exists and the bible exists in it and the bible confirms creationism,1,Support,B,1,0,,
42,Cameron had it right and UKIP could tip the balance towards Labour in the crucial marginal seats in the GE where the battle will take place .,"But it caused tensions in the Tory ranks, with Mr Cameron accused of being out of touch with his grassroots.",0,Attack,B,1,0,,
2336,or cycle,what about a swim,1,Support,B,1,0,,
653,UKIP doesn't need to win power to force the changes people want.,Their debate followed a Daily Politics flim looking at a possible pact between UKIP and the Tories.,1,Support,B,1,0,,
1500,you argue based on the ftes claims that the term creation and creationism had nothing to do with religion,you argue based on the ftes claims that the term creation and creationism had nothing to do with religion,0,Attack,B,0,1,,
2556,Transparency is necessary for security,In security too much transparency endangers lives,0,Attack,B,1,0,,
1810,evolution is basically common sense once you put down your bible and get out of the church,evolution really is true but as we all know the main reason of how we evolve is because of god our lord,1,Support,B,1,0,,
2618,did anybody else find the twist a bit silly i did it was shocking and unexpected alright but also so random ,i heard great things about old boy but when i finally finished watching it the ending just seemed like a forced plot twist to make the movie dark and edgy,1,Support,B,0,1,,
1403,good arguments are worth far more than vehement objections,liberals will loose this battle,0,Attack,B,0,1,,
2594,i read the book which is subtle philosophical and nuanced at the beginning of the year and last night i watched the dvd of this film what utter rubbish the film is a boring sweary standard thriller,sadly yes it just became a standard thriller,1,Support,B,0,1,,
1450,jim,jimfinally i just want to say that it appears to me that statements made against id and their proponents  made by others not you  regarding id has been so emotionally charged it makes me feel their judgment is affected,1,Support,B,1,0,,
1608,you cant use the bible to prove the bible thus that is an invalid argument,the argument youre making would make sense if we could all just go up to god and ask hey is this true and god could give his answer directly to anyone who asked,1,Support,B,0,1,,
1604,i dont care how many times you say it,you cant prove anything using that same thing you have to use evidences outside of that,0,Attack,B,0,1,,
1109,the following is a quote from your points quote the more parts that appear to be arranged for a purpose and the more precisely they fit each other to achieve that purpose the more and more confident we can be in our conclusion of design,behe says intelligent agents can plan ahead and act on their plans,0,Attack,B,1,0,,
1866,evolution has basically been proven there is no evidence for the biblical story common claims made by evolutionists,ok,0,Attack,B,1,0,,
1974, theres really no way yet to prove it but the precedence of the evolution of all other species including our own has led to a conclusion that we most likely came from something else, as far as evolution god and the creation of man is concerned maybe evolution is an explanation of how and not why,1,Support,B,0,1,,
191,I think it's far too simplistic to argue all UKIP supporters are racist - there is a real groundswell against the political establishment which over the past 20 years or so has started to converge in terms of image and policies.,"The UKIP candidate Richard Elvin came second with 5,988 votes, marking an impressive result for the party.",1,Support,B,1,0,,
2296,you can get any other tablet for much less that has the same features ,one may argue that there are enough apple only apps justify the apple price,0,Attack,B,1,0,,
1133,i apologize for using misleading wording,prototypic should read phenotypic,1,Support,B,0,1,,
1522,perhaps what is needed is to distinguish between academic freedom and peer review,the debate here is false because both id and darwiniannatural selection theory are inadequate,1,Support,B,1,0,,
458,A strong UKIP vote suggests there's a lot of the British public who aren't on board with the current set-up.,"The voters have understood that EU membership is making us poorer and less democratic and less free, he said.",1,Support,B,0,1,,
1922, the one that suits its current environment surveys and grow up to breed, evolution is an embarrassment to science,0,Attack,B,1,0,,
416,The reason why UKIP has gained so many votes is because the main parties refuse to deal with immigration and the EU.,"Farage's outspoken speeches in Brussels against what he perceives as euro-nonsense are legendary, both for their wit and passion.",1,Support,B,0,1,,
1650,aig argues that pretexts brought by the reader are to blame for difficulties accepting the bible as literal truth,the bible is true because the bible says so is incredibly juvenile logic,1,Support,B,1,0,,
930,okay lets start with how id tries to infer design namely by using the design inference,pvm i am sure that highlander is familiar with the  foundational works of behe and dembski  both rely on the absence of science being  able to explain a particular feature to infer design,0,Attack,B,0,1,,
562,UKIP are in no way a single issue party and if Labour or the Conservatives were to give us a referendum UKIP would still have a full manifesto that would attract many voters.,UKIP has evolved over the two decades since it was created from an anti-EU pressure group into a fully fledged party which has now proved that it can succeed beyond European elections.,1,Support,B,0,1,,
764,"The sooner we are out of the EU, the sooner we can start making this country great again.","Mr Cameron also said he did not think it would be right for Britain - or in the national interest - to leave the EU entirely, pointing out that some 50% of nation's trade was with the EU.",0,Attack,B,1,0,,
1991, i really do not know where to start with this one at the time of writing this response apparently evolution is incorrect, has anyone got a more rational explanation,1,Support,B,1,0,,
101,"I voted Tory for 30 years and started supporting UKIP because I want a sovereign, democratic , well governed Britain with Britain put first and its getting clearer by the day that the old Liblabcon parties will not do that.",A shrinking economy in the final three months of 2012 meant that the Conservatives faced the prospect of a triple dip recession at the start of the year.,1,Support,B,0,1,,
1280,the random comes in when particles of rna that came out of the primordial ooze aligned by chance in such a way to produce a singlecelled organism,intelligent design is in fact religiously basedso  ,0,Attack,B,1,0,,
1836,evolution has not ceased in any animal,again we hit walls of diction but its a great debate and im on your side evolutionists,1,Support,B,0,1,,
578,Labour won't have anything to do with UKIP as they are more right-wing than the Tories. ,He said UKIP was clearly taking a very right wing position which pandered to an obvious anti-Europeanism.,1,Support,B,0,1,,
811,Plenty of survey's have shown UKIP to be the most hated of the main parties.,"Explaining his decision to swap sides, Mr Campbell Bannerman - MEP for the East of England - said UKIP had become obsessed with single issue politics, internal fighting and shouting from the sidelines.",1,Support,B,0,1,,
1171,meaningless nonsense of course,its funny because i already named some provided resources to find them and yet you seemed to dodge the argument altogetherfollowed by the usual nonsense,0,Attack,B,0,1,,
645,UKIP are a joke outfit full of small-minded Neanderthals who think the 1950s are the future.,"I believe that what UKIP is doing is vital for this country, and of course the party's financial management is crucial.",0,Attack,B,1,0,,
2495,I support the truth and reconciliation commission,The reconciliation process provides access to justice in post conflict states,1,Support,B,0,1,,
656,UKIP are the only party willing to have a sensible open debate on the key issues affecting the country. ,"I believe that what UKIP is doing is vital for this country, and of course the party's financial management is crucial.",1,Support,B,0,1,,
200,UKIP are not rabid racist and not another incarnation of the BNP.,"He also suggested that his party might get its first seats in the UK Parliament at the general election in 2015, and argued it was not just taking votes from the right wing of British politics.",1,Support,B,0,1,,
1376,just what if there is a creator  isnt science after truth  has science proven that there is no creator why is recognizing the possibility that there was intelligence behind the emergence of life a nonscientific idea  basically what you are saying is that if there was a creator or intelligence behind the emergence of life science will never be able to come up with the right answer rightso your whole premise for id being nonscientific is the unproven worldview of naturalismyou start off right from the get go with the assumption that there is no creator or any intelligence involved in the emergence of life and go and try and prove your idea with science,they simply want to show that there is good scientific evidence for considering the role of intelligence in the emergence of life,0,Attack,B,1,0,,
1637,one of the major problems that we all have in fact its the same problem adam and eve had in the garden of eden is that we tend to start from outside gods word and then go to what god has written in the bible orin adams casewhat god forbade him to do to try to interpret it on the basis of our own preset ideas,i dont see what is so hard about it,0,Attack,B,1,0,,
842,UKIP want to get us out of the EU to make the British people much worse off then they already are.,"In their leaflets, UKIP says that 29 million Bulgarian and Romanians will have the right to live, work and draw benefits in the UK and while many will be fine, hard-working people, suggests the country may struggle to cope with another influx of people needing jobs, housing schools, hospitals and benefits.",0,Attack,B,0,1,,
422,"I sense that Farage is a total megalomaniac, a charlatan, someone who is in it for the attention and the glory and that in a strange way, that many UKIP voters know this but don't seem to mind.","UKIP's call for withdrawal from the EU remains popular at European elections, and Farage's party has a known political brand.",0,Attack,B,1,0,,
546,"The ratio of nutters in UKIP is far higher than in other parties, especially so since they seem determined to take all the Tories' fruitcakes off them.",Farage admitted the party had not had time to properly vet all of its new recruits and he was forced to suspend a handful of them following newspaper reports of alleged racist comments.,1,Support,B,0,1,,
932,highlanderpvm seems unaware randomness and design are mutually exclusive concepts,naming two well known id proponents does not a citation make to support pvms twisted version of id arguments,0,Attack,B,1,0,,
180,If there are enough Ukip votes it should frighten all the parties sufficiently to make them realise they can't just ignore the electorate.,UK Independence Party leader Nigel Farage has urged MPs to vote in favour of further debate on Europe.,1,Support,B,0,1,,
2125,the medical establishment has convinced people that we are what we are because what our genes say we are,which is why the medical establishment endorses smoking drinking heavily and a fatty diet with no excercise because they believe we are predestined by our genes right why do you persist with these blatant lies,0,Attack,B,0,1,,
1847,contrary to some belief evolution doesnt conflict with creationismyou just have to read the first story of the bible adam and eve in a less literal sense,evolution has been basically proven,1,Support,B,0,1,,
2092,okay well i think that you are just finding reasons to go against him i think that you had some bad experiences when you were younger or a while ago that made you turn on god,here come the christians thinking they can know everything by guessing and commiting the genetic fallacy left and right,0,Attack,B,1,0,,
875,UKIP are not a single issue party anymore; UK Sovereignty is the crux of their party political platform but they've certainly expanded from that singular issue in recent years.,Mr Farage has successfully broadened UKIP's appeal away from Europe.,1,Support,B,0,1,,
492,UKIP seems overwhelmingly to be staffed by racists who want to keep people not born in this country outside this country.,Conservative MEP Daniel Hannan said the Tories and UKIP should start having conversations and stop calling each other names.,0,Attack,B,0,1,,
2277,limited range,that will change over time once there are more charging stations,0,Attack,B,0,1,,
1771,no but the point remains the same,so how is that not stupid if you can see the evidence for something and you continue to believe something else based on no evidence that is stupid,0,Attack,B,1,0,,
382,"In fact, all UKIP seems to talk about now is withdrawl from the EU without any genuine policy around UK's domestic economy.",He said many people were beginning to prefer what UKIP was offering - which he called the politics of the common ground.,0,Attack,B,1,0,,
2150,do you believe that you will hear an understanding of god that you have not heard before or are you of the belief you are openminded on the subject and might well have an epiphany,what possible concern is any of that to you some actually search for knowledge through debate this is a debate forum if you recall do not play if you are not so inclined but to post warnings not to fall in this trap come on,0,Attack,B,1,0,,
513,Labour won't have anything to do with UKIP as they are more right-wing than the Tories. ,UKIP leader Nigel Farage said any members proven to have extreme right wing views would be expelled.,0,Attack,B,0,1,,
10,If anyone seriously thinks that UKIP will offer some kind of answer to our current problems then I think that they are going to be sadly disappointed.,"In an interview with the Guardian, Mr Farage defended UKIP as a party where we've got some eccentrics, but we are addressing the people's real worries.",0,Attack,B,1,0,,
350,"In UKIP, we have a new political force which looks likely to poll very well in a national election.",He also insisted his party was not a pressure group anymore andhas a fully fledged manifesto.,1,Support,B,0,1,,
175,Hopefully we will see our first UKIP MP before the general elections next year.,He said UKIP was the real party of law and order and he vowed to continue campaigning for them.,1,Support,B,0,1,,
2608,this movie absolutely fell flat after the discovery at the crash site was made,one million voters disagree with you what do you think they saw in this movie that you did not,0,Attack,B,1,0,,
1319,there is nothing wrong with asking someone to disprove a negative that is with asking someone to provide evidence contrary to a claim,casey luskinfirst the ayn rand institutes arguments offend the first amendments protections on religious freedom scientists have freedom of religion and their scientific views should not be disqualified due to their alleged religious motives or beliefs,0,Attack,B,0,1,,
2531,US intervention in Libya lacking congressional approval was illegal,Congress was appropriately and openly consulted,0,Attack,B,1,0,,
1411,some places do seem more open to honest debate over evolution rather than just trying to brainwash kids,you are confusing mn with is a methodology with a worldview again,0,Attack,B,1,0,,
2486,The US should ban cluster bombs,Cluster Bombs Are Inconsistent With International Law,1,Support,B,0,1,,
1126,why are these two questions always independentbecause   science   as we know it today can only answer one of them,because   science   as we know it today can only answer one of them,0,Attack,B,0,1,,
2410,I prefer trade to aid,Free trade is dangerous,0,Attack,B,1,0,,
214,"I and many others will be voting UKIP not because of a handful of people that have said stupid things, it will be because I identify and agree with their overarching principles.",Shadow minister Diane Abbott does not see UKIP as a real threat at the next election.,0,Attack,B,1,0,,
985,im hardly the authority for all the great questions in life,im hardly the authority for all the great questions in life,0,Attack,B,0,1,,
1252,it should readtruth is probably the best factor in determining intelligence and one cannot have it without gd,i think that is what is called a freudian slip,0,Attack,B,1,0,,
941,pvm is confused,joethe design inference reached based on our knowledge of what nature operating freely can  cannot do coupled with our knowledge of what designing agencies can do,0,Attack,B,1,0,,
675,"If UKIP took all their anti-establishment guff and turned it on the banks and financial institutions then they would have more legitimacy, but instead they turn on Polish and Roma fruit pickers who do unskilled work for minimum wage.","On Friday the Advertising Standards Authority (ASA) announced that it was investigating, following 60 complaints, a scheme which saw vans drive through London calling on illegal immigrants to go home or face arrest.",1,Support,B,0,1,,
1954, hahaha theres always one that slips through the net, i remember bumping into a jehovahs witness and he was blabbing on about some bullshit that the earth is in a stage called its last days,1,Support,B,0,1,,
590,"UKIP is a not a real party, with a clear global ideology and vision addressing all aspects of society: it is focusing on a handful of issues (all centered around membership in the EU and migrants), mostly ignoring global financial issues, health, education, security etc.","UKIP are certainly trying to professionalise, to move away from its more amateurish origins, but they seem to fail to do so.",1,Support,B,0,1,,
1032,how does science explain information in life versus intelligent design proponents and why do id proponents misrepresent science when describing for instance neodarwinismcasey luskin writesproponents of neodarwinism contend that the information in life arose via purposeless blind and unguided processes,taxiboundi must say that pvm has a way with words,1,Support,B,0,1,,
1027,just look around,intelligent design is a dishonest way for   creationism   to try to appear scientific,0,Attack,B,0,1,,
219,"My observation is that UKIP often are reluctant to directly answer any questions of substance, which can be accounted for by the fact that they really have no policies.","Mr Farage has abjectly failed to develop coherent policies and is not leading the party on the course to victory, she said.",1,Support,B,0,1,,
2459,All nations have a right to nuclear weapons,The threat of nuclear weapons falling into the hands of rogue states and terrorists increases as more countries possess them,0,Attack,B,1,0,,
90,Beyond leaving the EU and migration what ukip have no policies!,"UKIP made no net gains despite Mr Farage suggesting beforehand that it could double its 19 councillors, and some have dismissed it as a single issue party.",1,Support,B,0,1,,
936,highlanderi am sure that highlander is familiar with the  foundational works of behe and dembskiboth rely on the absence of science being  able to explain a particular feature to infer design,your cites are worthless as defenses of your claims behe  dembski define id as an absence of science  what pages  what wordsdo you really think thats a clever proof of anything  you are not being very honest here pvm,0,Attack,B,0,1,,
172,A strong UKIP vote suggests there's a lot of the British public who aren't on board with the current set-up.,Shadow minister Diane Abbott acknowledged Labour had been squeezed by UKIP but said she did not see the party as a real threat at the next election.,0,Attack,B,1,0,,
68,"On voting day, this week the vast majority of the British public will not vote for UKIP.","Mr Wheeler, who has criticised David Cameron's attitude to the EU, said UKIP's success was vital.",0,Attack,B,1,0,,
211,"I and many others will be voting UKIP not because of a handful of people that have said stupid things, it will be because I identify and agree with their overarching principles.","UKIP used to be a protest vote, he explained, but now we are now talking about how Britain should be governed just to say that we are a protest vote simply isn't right.",1,Support,B,1,0,,
2652,i turned this movie off halfway through because i was bored out of my skull then i come here and its got a high rating granted its got a good storyline good acting nice cinematography but somehow still managed to bore me to tears,im with you on this one brian both my husband and i sat there tempted to turn it off though there was nothing better on at the time so we sat it out,1,Support,B,0,1,,
1130,the only thing i take issue with in this argument is the comments about lenskis work with e,mr,1,Support,B,0,1,,
2231,i do not know if it will be found unconstitutional but there is an effort to simply get it repealed same effect in the end,well it is being challenged in the courts so the only way to overturn it would be to deem it no longer constitutional,1,Support,B,1,0,,
445,"UKIP doesn't understand that young people are, by and large, progressive.","Mr Farage had an upbeat message for activists at his local elections campaign launch on Wednesday, saying UKIP was attracting more young members - the party says more than 100 of its candidates are under 25.",0,Attack,B,1,0,,
2036, i think youll find there is, anyone who thinks there is no evidence for evolution is either blind stupid or both,1,Support,B,0,1,,
1830,why is it more reasonable to conclude common descent rather than common design from the similarity we see among species,its all a theory,1,Support,B,1,0,,
2041, if your trying to find evidence in the bible your right, god is just an imaginary friend for adults,1,Support,B,1,0,,
1215,whats there left to do,you mean ones like wmap shows that we are at the center of the universe or the quote of carterwell i realize that one does remain the goldilocks enigma is a falsifiable observation that makes testable predictionsas i already explained though observations are seldomly falsified as they are based on observed data,1,Support,B,0,1,,
152,"I and many others will be voting UKIP not because of a handful of people that have said stupid things, it will be because I identify and agree with their overarching principles.",Nigel Farage and UKIP are the last best hope for Britain.,1,Support,B,0,1,,
1104,yes when one sees a flower garden or mount rushmore for the first time one assumes the object was created by an intelligent being,mjhowever people do not do such things as design eyes or flagelli,1,Support,B,1,0,,
522,It is more likely that Tory voters would vote tactically for UKIP to keep Labour out and that means Labour are at a real disadvantage. ,"Labour leader Ed Miliband said the victory of the party's candidate Dan Jarvis, a 38-year-old former soldier who served in Afghanistan and Iraq, was fantastic and accused the Lib Dem leader of complacency.",0,Attack,B,0,1,,
261,"Arguably, UKIP & co. aspire to destroy the culture created in Europe after WWII, which has been based on openness, free travel, migration and cross-geographic access to goods and labour markets.","But judging from recent opinion polls UKIP's wider policies - grammar schools, curbing immigration and opposing gay marriage - seem to have struck a chord with disenchanted voters from the big three.",0,Attack,B,1,0,,
1425,some kind of entity capable of guiding ends to means and preplanning events or features before they happen or come into   existence   ,a non living entity possibly though it depends on you definition,0,Attack,B,1,0,,
2522,We should negotiate with terrorists,Negotiations cannot take place while innocents are being threatened,0,Attack,B,1,0,,
460,"The sooner we are out of the EU, the sooner we can start making this country great again.","The voters have understood that EU membership is making us poorer and less democratic and less free, he said.",1,Support,B,0,1,,
972,if you are going to comment on something in   science   you need to back it up with actual data,first i believe that religion is manmade as are christ buddha mohammed et al,0,Attack,B,0,1,,
296,"I think Farage makes a much better leader than any of the other parties, he's full of enthusiasm and is not a PR man like the current leaders of the 3 main parties.","Farage went on to say that the people who voted UKIP had to be listened to, adding that we get it.",1,Support,B,0,1,,
511,"The problem with popularism but no substance, like UKIP represent, is that it just results in things getting worse and worse.",The group suggest that within five years UKIP will have more members than the Tories at the current rate of attrition.,0,Attack,B,0,1,,
647,UKIP seems overwhelmingly to be staffed by racists who want to keep people not born in this country outside this country.,"Meanwhile, the Bulgarian President Rosen Plevneliev has warned that Britain's immigration policy could harm its image as a great global power that pioneered integration.",1,Support,B,0,1,,
560,"UKIP will lead the UK to independence from the oppressive EU, which is the only chance Britain has at restoring its former glory.",UKIP says it is campaigning on a pro democracy message - aiming to rejuvenate local politics.,1,Support,B,0,1,,
1075,the di agrees that methodological naturalism simply requires that in trying to explain any particular observation or experimental result an investigator may not resort to miracles,when i grew up science was a useful tool for discovering things about the world around us,0,Attack,B,0,1,,
304,I think a lot of UKIP supporters would be outraged if one of the consequences of leaving the EU was to price them out of buying virtually any of today's niceties.,Mr Farage said his party was making huge progress towards achieving that goal going in one year from 4.5% in the polls to a high of 16%.,0,Attack,B,0,1,,
572,"If UKIP don't like being smeared, then they need to stop smearing, stigmatising, and fear mongering about others.","In their leaflets, UKIP says that 29 million Bulgarian and Romanians will have the right to live, work and draw benefits in the UK and while many will be fine, hard-working people, suggests the country may struggle to cope with another influx of people needing jobs, housing schools, hospitals and benefits.",1,Support,B,0,1,,
1413,who the designer is has nothing to do with it and everyone knows that,tjwho the designer is has nothing to do with id theory and everyone knows that,0,Attack,B,0,1,,
2453,The voting age should be lowered to sixteen years,There needs to be a cut off,0,Attack,B,1,0,,
1059,in fact the history of life shows a pattern of explosions where new fossil forms come into existence without any clear evolutionary precursors concurring with design theory that predicts that species might appear abruptly, jay intelligent design id has scientific merit in paleontology because in many instances it can be applied to the fossil record to detect where design has occurred in the history of life by finding the rapid introduction of large amounts of complex and specified information csi,1,Support,B,0,1,,
1711,abraham isaac and jacob belonged to different tribes and were not related but the stories grew together into a collection and the persons were tied together as members of the same family,i am a strong believer in the authority and inspiration of the word of god,0,Attack,B,1,0,,
940,these two moves ruling out regularity and then ruling out chance  constitute the design inference,pvm is confused,0,Attack,B,1,0,,
2619,did anybody else find the twist a bit silly i did it was shocking and unexpected alright but also so random ,you are right on all points a very moronic idea for revenge added to this there was no for sure that the guy would even sleep with his kid,1,Support,B,0,1,,
682,"I think Farage makes a much better leader than any of the other parties, he's full of enthusiasm and is not a PR man like the current leaders of the 3 main parties.",But the peer said the choice for British voters at a general election was between David Cameron and Ed Miliband as prime minister.,0,Attack,B,1,0,,
2456,All nations have a right to nuclear weapons,Nuclear weapons serve to defuse international conflicts and force compromise,1,Support,B,0,1,,
2406,I prefer trade to aid,Trade is a longterm basis for international cooperation,1,Support,B,0,1,,
1730,i do believe the world was created in  days,are we really arrogant enough to think that a day to us equals a day to god the thing is the bible never says how long a day is,0,Attack,B,1,0,,
1357, we focus only on the constitutional aspects to this issue,lets just cut to the chase id does not perform any empirical and statistical verifications at best they could perform statistical falsifications of a particular scientific hypothesis but even the simplest hypotheses are not easily captured in statistics and thus id has found that most examples of supposedly designed systems cannot really be tested using id methodology,0,Attack,B,1,0,,
2045, youre right there isnt a shred of positive evidence for creationism and creationists dont even try, how com everyone here is bickering try the flood,0,Attack,B,1,0,,
1115,and one still wonders why id is considered to be scientifically vacuous by so many people including many christians,behe claims that that is not the sort of process one needs to build complex molecular systems,0,Attack,B,0,1,,
1009,and i was just the reverse,i find much more animosity spouted by the atheist,0,Attack,B,1,0,,
517,UKIP are not a single issue party anymore; UK Sovereignty is the crux of their party political platform but they've certainly expanded from that singular issue in recent years.,UKIP has evolved over the two decades since it was created from an anti-EU pressure group into a fully fledged party which has now proved that it can succeed beyond European elections.,1,Support,B,0,1,,
1287,could it be that you are biased against   religion   because i hate to break it to you but   christians   believe that the world is round so does that mean you disagree your foundation should be on whether or not your point of view is provable and truthful,because i hate to break it to you but   christians   believe that the world is round so does that mean you disagreebut is a round earth inherently a christian positionalso pagans believe that the earth is round as well,0,Attack,B,1,0,,
566,UKIP are not a single issue party anymore; UK Sovereignty is the crux of their party political platform but they've certainly expanded from that singular issue in recent years.,"But it is also one which means people often dismiss it as a single issue party, unlikely to become a force in Westminster politics.",0,Attack,B,1,0,,
87,For what its worth I think UKIP is a one trick pony and is unelectable in a general election.,"Alongside that central desire to get out of the European Union, the party is now pushing a broader range of ideas, from being anti-gay marriage to pro-grammar school.",0,Attack,B,1,0,,
251,I'm no fan of UKIP but well done to them for initiating a much needed shake up of British politics.,"Mr Wheeler previously made a donation to UKIP - which wants the UK to leave the European Union - in the run-up to the 2009 European elections, saying that they are driving needed change.",1,Support,B,0,1,,
1566,people tend to focus on the trees,i agree he didnt want to confuse us,0,Attack,B,0,1,,
658,"I think Farage makes a much better leader than any of the other parties, he's full of enthusiasm and is not a PR man like the current leaders of the 3 main parties.","They will each have plenty of opportunities to publicly debate the party's performance, and to make the case against the return of Nigel Farage.",0,Attack,B,1,0,,
1634,obviously you havent done much reading on the aig website,first of all you are sriritualy diserned from understanding until god moves upon your heart mind  core being,0,Attack,B,1,0,,
759,"UKIP will lead the UK to independence from the oppressive EU, which is the only chance Britain has at restoring its former glory.","UKIP defied the odds again at last year's European elections, beating Labour into third place, much to the dismay of those, on the left and right, who had written the party off as a busted flush.",1,Support,B,0,1,,
16,A forensic examination of UKIP's policies would nail once and for all the Establishment lie that they're a bunch of swivel-eyed racists.,They have a remarkably bad track record of keeping their word.,0,Attack,B,1,0,,
2163,sounds great it is this aspect of our lives that the conservatives will not see but anyway more power to you and i hope that you and your partner have many long and happy years together,thank you i think we will,1,Support,B,0,1,,
2074,because there is evidence against kerry,yet there is evidence against bush and you have a double standard on applying your attacks on kerry to bush even when the same circumstances apply,0,Attack,B,1,0,,
197,I'm no fan of UKIP but well done to them for initiating a much needed shake up of British politics.,Some earlier polls have had UKIP snapping at the heels of the Liberal Democrats - and leader Nigel Farage has said its aim must be to overtake Nick Clegg's Liberal Democrats to become the third force in British politics.,1,Support,B,0,1,,
1033,taxiboundi must say that pvm has a way with words,from mr,1,Support,B,0,1,,
293,"If UKIP do hold the balance of power and get into government, their only condition will be an in/out EU referendum.",Chancellor George Osborne has pledged to fight UKIP's unacceptable proposal on an EU referndum.,0,Attack,B,1,0,,
1241,if the catholic church says it it has just gotta be true,the fact that the   evolution   lobby is trying to cite statements by ucc ministers to bolster support against id shows just how out of touch they really are,1,Support,B,1,0,,
194,"If UKIP don't like being smeared, then they need to stop smearing, stigmatising, and fear mongering about others.","In Barnsley Central last month, UKIP came an impressive second to Labour - on the back of a locally focused campaign, which argued that money going to Europe should be spent on the town instead.",0,Attack,B,1,0,,
1021,my other comment focused more on my atheist background but i wanted to respond to your scientific misconceptions,the name intelligent design is itself a hoax,1,Support,B,0,1,,
2222,the most practical triumph of science over religion is not the acceptance of the fact of evolution by the pope or of the acknowledgement of a heliocentric solar system it was in the seventeenth century when churches began to put up lightning conductors,i was reminded of this also,1,Support,B,0,1,,
73,"In fact, all UKIP seems to talk about now is withdrawl from the EU without any genuine policy around UK's domestic economy.","UKIP has reached unprecedented heights in the opinion polls under Mr Farage, prospering in May's local elections.",0,Attack,B,1,0,,
1611,on the origin of species is out of date,which do you believe they are after all both based on books written by men,1,Support,B,1,0,,
601,"UKIP doesn't understand that young people are, by and large, progressive.",But UKIP claims to be winning support among younger voters and students.,0,Attack,B,1,0,,
332,"It's true that UKIP dont have ideas to suit everyone, but at the moment they are heads above the pillocks at No 10 today.","He was speaking at UKIP's spring conference in Scarborough, buoyed by the party's strong showing in the Barnsley Central by-election this week.",1,Support,B,0,1,,
1684,i am not an atheist and have no reason to debate with anyone concerning an eternal being who is greater than any of us,aig doesnt believe the geological data,0,Attack,B,1,0,,
883,the theory of evolution is not falsifiable, teaching creationism is dangerous to science and reason  if a theory that does not follow the scientific method is taught in schools as science science and reasoning will be undermined,0,Attack,B,1,0,,
372,"The UKIP mainstay vote is in normal working people because they never voted for 4 million immigrants, they never voted for Multiculturalism.","They support us working class folks, so I was delighted to cast my vote for [UKIP leader] Nigel Farage's team in Sussex, where I live, said Lynam.",1,Support,B,0,1,,
2194,i do not care much either way as long as he never walks around loose again but life in prison is going to cost the taxpayers hundreds of thousands of dollars that money could be better spent in the war on terror,that is why i say kill the bastard,1,Support,B,1,0,,
1385,as you have been told already what phil says is irrelevant to id,i guess this means that what id proponents say about id is irrelevant even though said proponents are the ones who started idfascinating indeed,0,Attack,B,1,0,,
914,the dangers of creationism in education,ken ham,0,Attack,B,1,0,,
1437,common descent neither supports nor refutes id,because of course id really does not mean anything significant,0,Attack,B,0,1,,
124,Cameron had it right and UKIP could tip the balance towards Labour in the crucial marginal seats in the GE where the battle will take place .,"In the end, I think it will strengthen our role in Europe and our continued membership and the opportunities it gives Britain as a country.",1,Support,B,1,0,,
2314,i believe he overused the hero type of comic movies,i totally agree but do you not think that this is a characteristic that distinguishes all of tarantinos characters the exaggerated behavior,1,Support,B,0,1,,
2367,the nexus  has everything fast processor big screen and the latest version of android,indeed i think is the better one and cheaper as well ,1,Support,B,0,1,,
263,Many racists and especially xenophobes find the UKIP message appealing.,"He was a UKIP supporter, he said, because he wanted the UK to withdraw from the European Union, which is by no means a xeniphobic sentiment.",0,Attack,B,1,0,,
2485,The US should ban cluster bombs,Cluster Bombs Cause Unacceptable Harm to Civilians,1,Support,B,0,1,,
1392,i never said anything about einsteins religious convictions,and seeing that pvm doesnt care about the truth why is he a scientiston the contrary i have been asking you several times now how does id explains the bacterial flagella,0,Attack,B,1,0,,
1494,i take it your also a closet fan of hugh ross am i right dnot really he tries hard but fails,while i did feel for some time that id had merit i also must admit that i believed for some time that it was religious due to those early pandas drafts,0,Attack,B,0,1,,
2069,the story of the literal genesis is only rejected by those who are not looking to the absolute truth found in god almighty,a literal reading of genesis is rejected by every major sect of christianity what kind of a looks at a bat and then claims that it is a bird because it says so in the holy bible,0,Attack,B,1,0,,
2109,it is up to you argue with me or argue with the person you want me to be,it is up to you stop bringing up red herrings or arguing by personal attack or do not expect me to treat your posts with any less contempt than i have for most of what has been posted to this board,0,Attack,B,1,0,,
574,UKIP getting a large chunk of the vote in the EU elections sends a message to Europe that they cannot take the UK membership for granted.,"More people were considering voting for UKIP at a general election than ever before, he suggested, and this current poll surge was different from previous spikes in support which were linked to European elections.",1,Support,B,1,0,,
1663,kent hovind is where he belongs  both of his ministries creation science evangelism and his dinosaur theme park were forprofit organizations,as a prisoner,1,Support,B,0,1,,
1179,the theory of   intelligent design   holds that certain features of the universe and of living things are best explained by an intelligent causefine,fine,0,Attack,B,0,1,,
871,"If UKIP took all their anti-establishment guff and turned it on the banks and financial institutions then they would have more legitimacy, but instead they turn on Polish and Roma fruit pickers who do unskilled work for minimum wage.","Speaking on Wednesday, the deputy prime minister said he was very surprised to see vans driving aimlessly around north London telling illegal immigrants to go home, and that they were not a very clever way of tackling the issue.",1,Support,B,0,1,,
1230,joe gbtw christianity does not maintain that god created everything as it is today,that figures,0,Attack,B,0,1,,
1823,no but i do call into question the nature of your uncertainty,if what you say is true then nothing at all is scientific fact,0,Attack,B,0,1,,
2026, there is absolutely no proof for evolution, i didnt see it so it cant be true,1,Support,B,0,1,,
322,The momentum is with UKIP; Conservative areas are all now vulnerable to them. ,"Peter Kellner, president of survey organisation YouGov, said he expects UKIP to worry the Tories by potentially wrecking their chances of winning an overall majority.",1,Support,B,0,1,,
2023, there is positive evidence against macroevolution, there is eye witness reproducable evidence for micro evolution or change within a species which is irrefutable,1,Support,B,1,0,,
279,"Any of the ""working class"" who believe UKIP will represent them have not read a UKIP manifesto!",The party's leader Nigel Farage has promised to cause a political earthquake at next year's polls after a strong showing in local elections.,0,Attack,B,1,0,,
595,"UKIP will lead the UK to independence from the oppressive EU, which is the only chance Britain has at restoring its former glory.",UKIP says it is campaigning on a pro democracy message - aiming to rejuvenate local politics.,1,Support,B,1,0,,
561,UKIP are the only party willing to have a sensible open debate on the key issues affecting the country. ,The group suggest that within five years UKIP will have more members than the Tories at the current rate of attrition.,1,Support,B,0,1,,
2152,she is just starting to grow and mature and its not healthy natural or right to have a pregnancy at that age she could cause alot of damage being that young,at this point i would assume other members to say good she deserves to have that damage done to her white i agree with you  percent it would be dangerous to her and the baby either way ,1,Support,B,0,1,,
2360,go by bike,great idea,1,Support,B,0,1,,
732,"In UKIP, we have a new political force which looks likely to poll very well in a national election on thursday.","The Green Party, so often the fourth contender in local election races, now faces a very serious rival for that spot in UKIP.",1,Support,B,1,0,,
704,"UKIP specifically targets and stigmatises people from specific nations, mostly eastern Europeans, arguing these comments are ‚Äúfine‚Äù because they only represent national not racial stereotypes. They are being extremely racist with their political approach in a way that may be borderline legal, but definitely not okay.","Mr Dimitrov said UKIP leader Nigel Farage was usually very feeble in presenting solid arguments, suggesting he preferred to engage in propaganda which deviates markedly from the essence of the debate.",1,Support,B,0,1,,
2328,i think that evolution now should be considered as a fact rather than a belief we have a large amount of evidence that proves the evolution of the species,well said,1,Support,B,0,1,,
110,"UKIP are a fairly right wing group as I'm sure will become clear when they actually produce some policies other than the ""its all the eu's"" fault.","With UKIP keen to be seen as more than a party which just campaigns on leaving the EU, the conference will also discuss defence, education and housing.",0,Attack,B,1,0,,
629,A strong UKIP vote suggests there's a lot of the British public who aren't on board with the current set-up.,UKIP leader Nigel Farage said the UK had no real control over either the number or the type of migrants that were settling from elsewhere in the EU.,1,Support,B,0,1,,
2351,game of thrones is one of the best,i like it a lot,1,Support,B,0,1,,
2625,the themes and the dark tragedy to life wrapped around a child is so realistic to how kids are raised now it is truly amazing and a feat to behold to see,i would never have thought pans labyrinth would be my sort of film but i was overwhelmed by it and i cant stop thinking about it it brought a tear to my eye on several occasions i agree one of my new favourite films of all time,1,Support,B,0,1,,
913,proof why creationism should be taught in schools,the dangers of creationism in education,0,Attack,B,1,0,,
1401,the  commandments are not the sole source of morality,what i am saying is if we teach laws,0,Attack,B,0,1,,
1515,that luskin accuses the ncse of rewriting history and law when both clearly established the evolution of creationists via cdesign proponentsists to design proponents,whats a darwinist can someone who says that the other side is mishandling terms really afford to label someone as darwinist i neither worship darwin nor accept his writings as absolute truth,1,Support,B,1,0,,
2370,perhaps the most quality consistent series with a stellar character development,no dropoff in quality as the show progresses unlike shows such as dexter californication etc,1,Support,B,0,1,,
691,UKIP will continue to grow as will the arrogance of the other parties.,The group suggest that within five years UKIP will have more members than the Tories at the current rate of attrition.,1,Support,B,0,1,,
376,Hopefully we will see our first UKIP MP before the general elections next year.,"But Mr Cameron described UKIP's members as fruitcakes, loonies and closet racists, mostly.",0,Attack,B,1,0,,
167,I think a lot of UKIP supporters would be outraged if one of the consequences of leaving the EU was to price them out of buying virtually any of today's niceties.,"If you want to have a managed migration policy, you cannot remain a member of the European Union.",0,Attack,B,0,1,,
549,"The People's Army is on the march and UKIP will get Britain back from the Liblabcon, Establishment and MSM political abusers of our country.",UKIP has won 42 seats so far and is averaging 26 per cent of the vote in the wards where it is standing.,1,Support,B,0,1,,
2506,The International Criminal Court should be recognised,The novel crime of aggression leads to the prosecution of those seeking to protect human rights,0,Attack,B,0,1,,
1266,science is testable,if intelligent design says nothing about the supposed designer then of what value is it if the designer created life millions or billions of years ago what was his purpose in doing so what iswas the designer like did the designer give specific instructions to his creations as most religions teach the id promoters delibrately leave such questions unanswered in their official pronouncements about id,1,Support,B,0,1,,
2079,science has managed to show that life and non life are not distinct and are indeed simply a continuium of molecular complexity and function,you have got to be kidding me this has got to be one of the absolute dumbest things i have heard you are truly one confused individual if you can not tell there is a distinct difference between a living thing and a non living thing that nonliving things are missing something that living things have,0,Attack,B,1,0,,
9,A vote for UKIP would be a vote for a Tory-UKIP alliance that would be more right-wing than a Tory government.,"UKIP also backed a flat rate tax, favouring the well off, although they admitted that the party was having an internal debate about whether this should have two-tiers.",1,Support,B,0,1,,
2014, i agree that it is slowly falling apart, you know a debate like this can be put up to get intelligent information exchange,1,Support,B,1,0,,
1702,evolutionary theories the big bang hypothesis for instancethe big bang theory is not an evolutionary theory,i think you hit the nail on the head here,0,Attack,B,0,1,,
290,People are not voting for UKIP because of immigration propaganda but because of their direct experience of immigration.,I am very confident UKIP is going to get a bigger percentage share of the vote than anybody can yet quite believe here in the Westminster village.,1,Support,B,0,1,,
2018, this sounds like religious faith speaking, evolution is one of the most strongly supported theories in all of science,1,Support,B,1,0,,
2324,i think he can take a flight but his parents have to check him in and hand him over to the flying company just by himself no,and also have somebody pick him up when he or she lands,1,Support,B,0,1,,
2183,see here you have seperated mind spirit soul the bible did not do this unless zechariah is being misinterpreted it basically said in your interpretation that the spirit and the soul are the same thing,yes it is very hard even for theologians to explain,1,Support,B,0,1,,
399,"I sense that Farage is a total megalomaniac, a charlatan, someone who is in it for the attention and the glory and that in a strange way, that many UKIP voters know this but don't seem to mind.",There is only one party in this country that can guarantee the people in this country will get a referendum on the EU and that is UKIP.,0,Attack,B,1,0,,
1239,as a final blow to the discovery institutes attempts to get intelligent design into the catholic door the church announced an evolution congress which failed to invited creationists and intelligent design   httpwww,for years now the intelligent design proponents and the discovery institute have been working the catholic angle getting some of its cardinals into trouble,1,Support,B,0,1,,
2245,any state of the art pc with a game pad,i think that the best consoles by far are either the xbox or the ps,0,Attack,B,1,0,,
